id	category	canonical	意味	ae	pr	dr	cc	freq	entries(menu:shortcut:panel:pref)	quality	scope	verdict	理由
1	ai_feature	Auto reframe	画角自動追従で別比率に再構成	0	0	0	1	1	1:0:0:0	公式			
2	ai_feature	Image to video	画像から動画生成(AI)	0	0	0	1	1	1:0:0:0	公式			
3	audio	Apply Batch Fades	バッチフェード適用	0	0	1	0	1	1:0:0:0	公式(BMDマニュアルPDF)	out-of-domain?		製品固有の深部機能(Fusion/Fairlight/Dolby Vision/HDR規格/プロ入出力設定等)のため out-of-domain? フラグ。判定は後段。
4	audio	Audio	オーディオプレビュー	1	0	0	0	1	1:0:0:0	二次(非公式技術抽出/2015時点)			
5	audio	Audio	オーディオ切替	1	0	0	0	1	1:0:0:0	二次(非公式技術抽出/2015時点)			
6	audio	Audio	音声関連サブメニュー	0	0	1	0	1	1:0:0:0	公式(BMDマニュアルPDF)			
7	audio	Audio Channels	音声チャンネル設定	0	1	0	0	1	1:0:0:0	二次(premiere全体注記)			
8	audio	Audio Channels	音声チャンネル	0	1	0	0	1	0:1:0:0	二次(premiere全体注記)			
9	audio	Audio Channels	音声チャンネル	0	1	0	0	1	0:1:0:0	二次(premiere全体注記)			
10	audio	Audio Enhancer	音声補正(AI)	0	0	0	1	1	1:0:0:0	公式			
11	audio	Audio Gain / Volume	音声ゲイン・音量を調整	0	1	0	0	1	1:2:0:0	二次(premiere全体注記)			統合(alias): premiere:menu:Clip>Audio Gain | premiere:shortcut:Clip Menu>Audio Gain | premiere:shortcut:Clipboard Shortcuts>Audio Gain
12	audio	Audio Hardware…	オーディオデバイス設定	1	0	0	0	1	1:0:0:0	二次(非公式技術抽出/2015時点)			
13	audio	Audio Output Mapping…	オーディオ出力チャンネル割当	1	0	0	0	1	1:0:0:0	二次(非公式技術抽出/2015時点)			
14	audio	Audio Preview (Here Forward)	現在時刻以降のオーディオプレビュー	1	0	0	0	1	1:0:0:0	二次(非公式技術抽出/2015時点)			
15	audio	Audio Preview (Work Area)	ワークエリアのオーディオプレビュー	1	0	0	0	1	1:0:0:0	二次(非公式技術抽出/2015時点)			
16	audio	Audio Scrubbing	音声スクラビング	0	0	1	0	1	1:0:0:0	公式(BMDマニュアルPDF)			
17	audio	Audio Scrubbing	Shift+S	0	0	1	0	1	0:1:0:0	公式(BMD, v11時点)			
18	audio	Audio Track Destination A1-A8(grouped, pattern)	Option+Command+1..Option+Command+8	0	0	1	0	1	0:1:0:0	公式(BMD, v11時点)			
19	audio	Auto Select/Deselect All Audio	Option+Command+F9	0	0	1	0	1	0:1:0:0	公式(BMD, v11時点)			
20	audio	Auto Select/Deselect Audio A1-A8(grouped, pattern)	Option+Command+F1..Option+Command+F8	0	0	1	0	1	0:1:0:0	公式(BMD, v11時点)			
21	audio	Automation	オートメーション	0	0	1	0	1	1:0:0:0	公式(BMDマニュアルPDF)	out-of-domain?		製品固有の深部機能(Fusion/Fairlight/Dolby Vision/HDR規格/プロ入出力設定等)のため out-of-domain? フラグ。判定は後段。
22	audio	B-Chain Control	Bチェーンコントロール	0	0	1	0	1	1:0:0:0	公式(BMDマニュアルPDF)	out-of-domain?		製品固有の深部機能(Fusion/Fairlight/Dolby Vision/HDR規格/プロ入出力設定等)のため out-of-domain? フラグ。判定は後段。
23	audio	Batch Fade Settings	バッチフェード設定	0	0	1	0	1	1:0:0:0	公式(BMDマニュアルPDF)	out-of-domain?		製品固有の深部機能(Fusion/Fairlight/Dolby Vision/HDR規格/プロ入出力設定等)のため out-of-domain? フラグ。判定は後段。
24	audio	Bus Assign	バスアサイン	0	0	1	0	1	1:0:0:0	公式(BMDマニュアルPDF)	out-of-domain?		製品固有の深部機能(Fusion/Fairlight/Dolby Vision/HDR規格/プロ入出力設定等)のため out-of-domain? フラグ。判定は後段。
25	audio	Bus Format	バスフォーマット	0	0	1	0	1	1:0:0:0	公式(BMDマニュアルPDF)	out-of-domain?		製品固有の深部機能(Fusion/Fairlight/Dolby Vision/HDR規格/プロ入出力設定等)のため out-of-domain? フラグ。判定は後段。
26	audio	Clear Audio In and Out	音声イン/アウト解除	0	0	1	0	1	1:0:0:0	公式(BMDマニュアルPDF)			
27	audio	Clip Volume Down	クリップ音量ダウン	0	1	0	0	1	0:1:0:0	二次(premiere全体注記)			
28	audio	Clip Volume Up	クリップ音量アップ	0	1	0	0	1	0:1:0:0	二次(premiere全体注記)			
29	audio	Decrease Audio Track Height	オーディオトラック高を縮小	0	1	0	0	1	0:1:0:0	二次(premiere全体注記)			
30	audio	Decrease Audio Tracks Height	音声トラック高縮小	0	1	0	0	1	0:1:0:0	二次(premiere全体注記)			
31	audio	Export Master	マスターをエクスポート	0	0	1	0	1	1:0:0:0	公式(BMDマニュアルPDF)	out-of-domain?		製品固有の深部機能(Fusion/Fairlight/Dolby Vision/HDR規格/プロ入出力設定等)のため out-of-domain? フラグ。判定は後段。
32	audio	Fairlight Viewer	Fairlightビューア	0	0	1	0	1	1:0:0:0	公式(BMDマニュアルPDF)	out-of-domain?		製品固有の深部機能(Fusion/Fairlight/Dolby Vision/HDR規格/プロ入出力設定等)のため out-of-domain? フラグ。判定は後段。
33	audio	Flatten Audio Track Layers	音声トラックレイヤーを統合	0	0	1	0	1	1:0:0:0	公式(BMDマニュアルPDF)			
34	audio	Import Master	マスターをインポート	0	0	1	0	1	1:0:0:0	公式(BMDマニュアルPDF)	out-of-domain?		製品固有の深部機能(Fusion/Fairlight/Dolby Vision/HDR規格/プロ入出力設定等)のため out-of-domain? フラグ。判定は後段。
35	audio	Increase Audio Track Height	オーディオトラック高を拡大	0	1	0	0	1	0:1:0:0	二次(premiere全体注記)			
36	audio	Increase Audio Tracks Height	音声トラック高拡大	0	1	0	0	1	0:1:0:0	二次(premiere全体注記)			
37	audio	Input Monitor Style	入力モニタースタイル	0	0	1	0	1	1:0:0:0	公式(BMDマニュアルPDF)	out-of-domain?		製品固有の深部機能(Fusion/Fairlight/Dolby Vision/HDR規格/プロ入出力設定等)のため out-of-domain? フラグ。判定は後段。
38	audio	Layered Audio Editing	レイヤー音声編集	0	0	1	0	1	1:0:0:0	公式(BMDマニュアルPDF)			
39	audio	Link Group	リンクグループ	0	0	1	0	1	1:0:0:0	公式(BMDマニュアルPDF)	out-of-domain?		製品固有の深部機能(Fusion/Fairlight/Dolby Vision/HDR規格/プロ入出力設定等)のため out-of-domain? フラグ。判定は後段。
40	audio	Lock/Unlock All Audio Tracks	Option+Shift+F9	0	0	1	0	1	0:1:0:0	公式(BMD, v11時点)			
41	audio	Lock/Unlock Audio Track A1-A8(grouped, pattern)	Option+Shift+F1..Option+Shift+F8	0	0	1	0	1	0:1:0:0	公式(BMD, v11時点)			
42	audio	Loudness normalisation	音量正規化	0	0	0	1	1	1:0:0:0	公式			
43	audio	Manually preview audio	オーディオを手動プレビュー	1	0	0	0	1	0:1:0:0	公式(Adobe)			
44	audio	Mark Audio In	音声イン点設定	0	0	1	0	1	1:0:0:0	公式(BMDマニュアルPDF)			
45	audio	Mark Audio Out	音声アウト点設定	0	0	1	0	1	1:0:0:0	公式(BMDマニュアルPDF)			
46	audio	Monitoring	モニタリング	0	0	1	0	1	1:0:0:0	公式(BMDマニュアルPDF)	out-of-domain?		製品固有の深部機能(Fusion/Fairlight/Dolby Vision/HDR規格/プロ入出力設定等)のため out-of-domain? フラグ。判定は後段。
47	audio	Music	音楽ライブラリから追加	0	0	0	1	1	1:0:0:0	公式			
48	audio	Open or close Audio panel	Audioパネル開閉	1	0	0	0	1	0:1:0:0	公式(Adobe)			
49	audio	Overlay Synced Audio File Names	同期音声ファイル名オーバーレイ	0	0	1	0	1	1:0:0:0	公式(BMDマニュアルPDF)			
50	audio	Patch Input/Output	入出力パッチ	0	0	1	0	1	1:0:0:0	公式(BMDマニュアルPDF)	out-of-domain?		製品固有の深部機能(Fusion/Fairlight/Dolby Vision/HDR規格/プロ入出力設定等)のため out-of-domain? フラグ。判定は後段。
51	audio	Play Again	再度再生	0	0	1	0	1	1:0:0:0	公式(BMDマニュアルPDF)			
52	audio	Presets Library	プリセットライブラリ	0	0	1	0	1	1:0:0:0	公式(BMDマニュアルPDF)	out-of-domain?		製品固有の深部機能(Fusion/Fairlight/Dolby Vision/HDR規格/プロ入出力設定等)のため out-of-domain? フラグ。判定は後段。
53	audio	Preview only audio from current time	現在時刻からオーディオのみプレビュー	1	0	0	0	1	0:1:0:0	公式(Adobe)			
54	audio	Preview only audio in work area	ワークエリアのオーディオのみプレビュー	1	0	0	0	1	0:1:0:0	公式(Adobe)			
55	audio	Remote Control Settings	リモートコントロール設定	0	0	1	0	1	1:0:0:0	公式(BMDマニュアルPDF)	out-of-domain?		製品固有の深部機能(Fusion/Fairlight/Dolby Vision/HDR規格/プロ入出力設定等)のため out-of-domain? フラグ。判定は後段。
56	audio	Renderer Settings	レンダラー設定	0	0	1	0	1	1:0:0:0	公式(BMDマニュアルPDF)	out-of-domain?		製品固有の深部機能(Fusion/Fairlight/Dolby Vision/HDR規格/プロ入出力設定等)のため out-of-domain? フラグ。判定は後段。
57	audio	Select Nearest Audio Edit Point	最寄り音声編集点を選択	0	0	1	0	1	1:0:0:0	公式(BMDマニュアルPDF)			
58	audio	Show Audio Track Layers	音声トラックレイヤー表示	0	0	1	0	1	1:0:0:0	公式(BMDマニュアルPDF)			
59	audio	Show Clip Gain Line	クリップゲインライン表示	0	0	1	0	1	1:0:0:0	公式(BMDマニュアルPDF)	out-of-domain?		製品固有の深部機能(Fusion/Fairlight/Dolby Vision/HDR規格/プロ入出力設定等)のため out-of-domain? フラグ。判定は後段。
60	audio	Slip Audio	音声スリップ	0	0	1	0	1	1:0:0:0	公式(BMDマニュアルPDF)			
61	audio	Slip Audio One Frame Forward	Option+.	0	0	1	0	1	0:1:0:0	公式(BMD, v11時点)			
62	audio	Slip Audio One Frame Reverse	Option+,	0	0	1	0	1	0:1:0:0	公式(BMD, v11時点)			
63	audio	Sound effects	効果音追加	0	0	0	1	1	1:0:0:0	公式			
64	audio	Space View Scope	空間ビュースコープ	0	0	1	0	1	1:0:0:0	公式(BMDマニュアルPDF)	out-of-domain?		製品固有の深部機能(Fusion/Fairlight/Dolby Vision/HDR規格/プロ入出力設定等)のため out-of-domain? フラグ。判定は後段。
65	audio	Synchronize > Audio Channels	音声チャンネルで同期	0	1	0	0	1	1:0:0:0	二次(premiere全体注記)			
66	audio	Test Tones Settings	テストトーン設定	0	0	1	0	1	1:0:0:0	公式(BMDマニュアルPDF)	out-of-domain?		製品固有の深部機能(Fusion/Fairlight/Dolby Vision/HDR規格/プロ入出力設定等)のため out-of-domain? フラグ。判定は後段。
67	audio	Trim Audio Edits to Frame Boundaries	音声編集点をフレーム境界にトリム	0	0	1	0	1	1:0:0:0	公式(BMDマニュアルPDF)			
68	audio	VCA Assign	VCAアサイン	0	0	1	0	1	1:0:0:0	公式(BMDマニュアルPDF)	out-of-domain?		製品固有の深部機能(Fusion/Fairlight/Dolby Vision/HDR規格/プロ入出力設定等)のため out-of-domain? フラグ。判定は後段。
69	audio	View Clip Info Display	クリップ情報表示	0	0	1	0	1	1:0:0:0	公式(BMDマニュアルPDF)	out-of-domain?		製品固有の深部機能(Fusion/Fairlight/Dolby Vision/HDR規格/プロ入出力設定等)のため out-of-domain? フラグ。判定は後段。
70	audio	Vocal isolation	ボーカル分離	0	0	0	1	1	1:0:0:0	公式			
71	audio	Voice Cloning	音声クローン(AI)	0	0	0	1	1	1:0:0:0	公式			
72	audio	Voice filters	ボイスフィルター適用	0	0	0	1	1	1:0:0:0	公式			
73	audio	Voiceover	ナレーション録音	0	0	0	1	1	1:0:0:0	公式			
74	audio	Zoom Audio Waveform	音声波形ズーム	0	0	1	0	1	1:0:0:0	公式(BMDマニュアルPDF)			
75	blend_mode	Add	加算	1	0	0	0	1	1:0:0:0	二次(非公式技術抽出/2015時点)			
76	blend_mode	Alpha Add	アルファ加算	1	0	0	0	1	1:0:0:0	二次(非公式技術抽出/2015時点)			
77	blend_mode	Classic Difference	差(クラシック)	1	0	0	0	1	1:0:0:0	二次(非公式技術抽出/2015時点)			
78	blend_mode	Cycle through blending modes	ブレンドモードを巡回	1	0	0	0	1	0:1:0:0	公式(Adobe)			
79	blend_mode	Dancing Dissolve	ダンシングディゾルブ	1	0	0	0	1	1:0:0:0	二次(非公式技術抽出/2015時点)			
80	blend_mode	Darken	比較(暗)	1	0	0	0	1	1:0:0:0	二次(非公式技術抽出/2015時点)			
81	blend_mode	Difference	差	1	0	0	0	1	1:0:0:0	二次(非公式技術抽出/2015時点)			
82	blend_mode	Dissolve	ディゾルブ	1	0	0	0	1	1:0:0:0	二次(非公式技術抽出/2015時点)			
83	blend_mode	Divide	除算	1	0	0	0	1	1:0:0:0	二次(非公式技術抽出/2015時点)			
84	blend_mode	Exclusion	除外	1	0	0	0	1	1:0:0:0	二次(非公式技術抽出/2015時点)			
85	blend_mode	Hard Light	ハードライト	1	0	0	0	1	1:0:0:0	二次(非公式技術抽出/2015時点)			
86	blend_mode	Hard Mix	ハードミックス	1	0	0	0	1	1:0:0:0	二次(非公式技術抽出/2015時点)			
87	blend_mode	Hue	色相	1	0	0	0	1	1:0:0:0	二次(非公式技術抽出/2015時点)			
88	blend_mode	Lighten	比較(明)	1	0	0	0	1	1:0:0:0	二次(非公式技術抽出/2015時点)			
89	blend_mode	Linear Burn	焼き込み(リニア)	1	0	0	0	1	1:0:0:0	二次(非公式技術抽出/2015時点)			
90	blend_mode	Linear Dodge	覆い焼き(リニア)	1	0	0	0	1	1:0:0:0	二次(非公式技術抽出/2015時点)			
91	blend_mode	Linear Light	リニアライト	1	0	0	0	1	1:0:0:0	二次(非公式技術抽出/2015時点)			
92	blend_mode	Luminescent Premul	光有りプリマル	1	0	0	0	1	1:0:0:0	二次(非公式技術抽出/2015時点)			
93	blend_mode	Luminosity	輝度	1	0	0	0	1	1:0:0:0	二次(非公式技術抽出/2015時点)			
94	blend_mode	Multiply	乗算	1	0	0	0	1	1:0:0:0	二次(非公式技術抽出/2015時点)			
95	blend_mode	Next Blending Mode	次のブレンドモードへ	1	0	0	0	1	1:0:0:0	二次(非公式技術抽出/2015時点)			
96	blend_mode	Normal	通常	1	0	0	0	1	1:0:0:0	二次(非公式技術抽出/2015時点)			
97	blend_mode	Overlay	オーバーレイ	1	0	0	0	1	1:0:0:0	二次(非公式技術抽出/2015時点)			
98	blend_mode	Pin Light	ピンライト	1	0	0	0	1	1:0:0:0	二次(非公式技術抽出/2015時点)			
99	blend_mode	Saturation	彩度	1	0	0	0	1	1:0:0:0	二次(非公式技術抽出/2015時点)			
100	blend_mode	Screen	スクリーン	1	0	0	0	1	1:0:0:0	二次(非公式技術抽出/2015時点)			
101	blend_mode	Silhouette Alpha	シルエットアルファ	1	0	0	0	1	1:0:0:0	二次(非公式技術抽出/2015時点)			
102	blend_mode	Silhouette Luma	シルエット輝度	1	0	0	0	1	1:0:0:0	二次(非公式技術抽出/2015時点)			
103	blend_mode	Soft Light	ソフトライト	1	0	0	0	1	1:0:0:0	二次(非公式技術抽出/2015時点)			
104	blend_mode	Stencil Alpha	ステンシルアルファ	1	0	0	0	1	1:0:0:0	二次(非公式技術抽出/2015時点)			
105	blend_mode	Stencil Luma	ステンシル輝度	1	0	0	0	1	1:0:0:0	二次(非公式技術抽出/2015時点)			
106	blend_mode	Subtract	減算	1	0	0	0	1	1:0:0:0	二次(非公式技術抽出/2015時点)			
107	blend_mode	Vivid Light	ビビッドライト	1	0	0	0	1	1:0:0:0	二次(非公式技術抽出/2015時点)			
108	camera_3d	3D Layer	3Dレイヤー化	1	0	0	0	1	1:0:0:0	二次(非公式技術抽出/2015時点)			
109	camera_3d	Activate and cycle Camera tools	カメラツールを巡回	1	0	0	0	1	0:1:0:0	公式(Adobe)			
110	camera_3d	Active Camera	アクティブカメラ視点	1	0	0	0	1	1:0:0:0	二次(非公式技術抽出/2015時点)			
111	camera_3d	Back	背面視点	1	0	0	0	1	1:0:0:0	二次(非公式技術抽出/2015時点)			
112	camera_3d	Bottom	下視点	1	0	0	0	1	1:0:0:0	二次(非公式技術抽出/2015時点)			
113	camera_3d	Camera…	新規カメラレイヤー	1	0	0	0	1	1:0:0:0	二次(非公式技術抽出/2015時点)			
114	camera_3d	Create Orbit Null	オービットヌル作成	1	0	0	0	1	1:0:0:0	二次(非公式技術抽出/2015時点)	out-of-domain?		製品固有の深部機能(Fusion/Fairlight/Dolby Vision/HDR規格/プロ入出力設定等)のため out-of-domain? フラグ。判定は後段。
115	camera_3d	Create Stereo 3D Rig	ステレオ3Dリグ作成	1	0	0	0	1	1:0:0:0	二次(非公式技術抽出/2015時点)	out-of-domain?		製品固有の深部機能(Fusion/Fairlight/Dolby Vision/HDR規格/プロ入出力設定等)のため out-of-domain? フラグ。判定は後段。
116	camera_3d	Custom View 1	カスタム視点1	1	0	0	0	1	1:0:0:0	二次(非公式技術抽出/2015時点)			
117	camera_3d	Custom View 2	カスタム視点2	1	0	0	0	1	1:0:0:0	二次(非公式技術抽出/2015時点)			
118	camera_3d	Custom View 3	カスタム視点3	1	0	0	0	1	1:0:0:0	二次(非公式技術抽出/2015時点)			
119	camera_3d	Front	正面視点	1	0	0	0	1	1:0:0:0	二次(非公式技術抽出/2015時点)			
120	camera_3d	Left	左視点	1	0	0	0	1	1:0:0:0	二次(非公式技術抽出/2015時点)			
121	camera_3d	Link Focus Distance to Layer	レイヤーにフォーカス距離をリンク	1	0	0	0	1	1:0:0:0	二次(非公式技術抽出/2015時点)	out-of-domain?		製品固有の深部機能(Fusion/Fairlight/Dolby Vision/HDR規格/プロ入出力設定等)のため out-of-domain? フラグ。判定は後段。
122	camera_3d	Link Focus Distance to Point of Interest	注視点にフォーカス距離をリンク	1	0	0	0	1	1:0:0:0	二次(非公式技術抽出/2015時点)	out-of-domain?		製品固有の深部機能(Fusion/Fairlight/Dolby Vision/HDR規格/プロ入出力設定等)のため out-of-domain? フラグ。判定は後段。
123	camera_3d	Maximize/Restore Frame	フレームの最大化/復帰	0	1	0	0	1	0:1:0:0	二次(premiere全体注記)			
124	camera_3d	Move camera to look at selected 3D layers	選択3Dレイヤーを見るようカメラ移動	1	0	0	0	1	0:1:0:0	公式(Adobe)			
125	camera_3d	New camera	新規カメラ	1	0	0	0	1	0:1:0:0	公式(Adobe)			
126	camera_3d	New light	新規ライト	1	0	0	0	1	0:1:0:0	公式(Adobe)			
127	camera_3d	Record Multi-Camera	マルチカメラ収録(ライブ切替)	0	1	0	0	1	0:1:0:0	二次(premiere全体注記)			
128	camera_3d	Reset 3D View	3Dビューをリセット	1	0	0	0	1	1:0:0:0	二次(非公式技術抽出/2015時点)			
129	camera_3d	Return to previous view	直前のビューへ戻る	1	0	0	0	1	0:1:0:0	公式(Adobe)			
130	camera_3d	Right	右視点	1	0	0	0	1	1:0:0:0	二次(非公式技術抽出/2015時点)			
131	camera_3d	Set Focus Distance to Layer	レイヤーへフォーカス距離を設定	1	0	0	0	1	1:0:0:0	二次(非公式技術抽出/2015時点)	out-of-domain?		製品固有の深部機能(Fusion/Fairlight/Dolby Vision/HDR規格/プロ入出力設定等)のため out-of-domain? フラグ。判定は後段。
132	camera_3d	Switch to 3D view 1 (Front)	3Dビュー1(正面)へ	1	0	0	0	1	0:1:0:0	公式(Adobe)			
133	camera_3d	Switch to 3D view 2 (Custom View 1)	3Dビュー2(カスタム1)へ	1	0	0	0	1	0:1:0:0	公式(Adobe)			
134	camera_3d	Switch to 3D view 3 (Active Camera)	3Dビュー3(アクティブカメラ)へ	1	0	0	0	1	0:1:0:0	公式(Adobe)			
135	camera_3d	Switch to Camera 1-9	マルチカメラの各カメラへ切替	0	1	0	0	1	0:1:0:0	二次(premiere全体注記)			
136	camera_3d	Switch to Camera Originals	カメラオリジナルへ切替	0	0	1	0	1	1:0:0:0	公式(BMDマニュアルPDF)			
137	camera_3d	Switch to Dolly camera control	ドリーカメラ操作へ	1	0	0	0	1	0:1:0:0	公式(Adobe)			
138	camera_3d	Switch to Last 3D View	直前の3Dビューへ	1	0	0	0	1	1:0:0:0	二次(非公式技術抽出/2015時点)			
139	camera_3d	Switch to Orbit camera control	オービットカメラ操作へ	1	0	0	0	1	0:1:0:0	公式(Adobe)			
140	camera_3d	Switch to Pan camera control	パンカメラ操作へ	1	0	0	0	1	0:1:0:0	公式(Adobe)			
141	camera_3d	Switch to Position gizmo	位置ギズモへ	1	0	0	0	1	0:1:0:0	公式(Adobe)			
142	camera_3d	Switch to Rotation gizmo	回転ギズモへ	1	0	0	0	1	0:1:0:0	公式(Adobe)			
143	camera_3d	Switch to Scale gizmo	スケールギズモへ	1	0	0	0	1	0:1:0:0	公式(Adobe)			
144	camera_3d	Switch to Universal gizmo	ユニバーサルギズモへ	1	0	0	0	1	0:1:0:0	公式(Adobe)			
145	camera_3d	Top	上視点	1	0	0	0	1	1:0:0:0	二次(非公式技術抽出/2015時点)			
146	camera_3d	Track Camera	カメラトラッキング	1	0	0	0	1	1:0:0:0	二次(非公式技術抽出/2015時点)			
147	camera_3d	Turn Casts Shadows on or off	影を落とす切替	1	0	0	0	1	0:1:0:0	公式(Adobe)			
148	camera_3d	With camera tool, move to all 3D layers	カメラツールで全3Dレイヤーへ移動	1	0	0	0	1	0:1:0:0	公式(Adobe)			
149	camera_3d	With camera tool, move to selected 3D layers	カメラツールで選択3Dレイヤーへ移動	1	0	0	0	1	0:1:0:0	公式(Adobe)			
150	caption	Add caption at playhead	プレイヘッド位置にキャプション追加	0	1	0	0	1	0:1:0:0	二次(premiere全体注記)			
151	caption	Add new caption track	キャプショントラック追加	0	1	0	0	1	0:1:0:0	二次(premiere全体注記)			
152	caption	Add new caption track (uncertain placement)	キャプショントラック追加(所属メニュー未確認、ショートカット表由来)	0	1	0	0	1	1:0:0:0	二次(premiere全体注記)			
153	caption	Auto Caption	自動字幕	0	0	0	1	1	1:0:0:0	公式			
154	caption	Auto captions	自動字幕生成	0	0	0	1	1	1:0:0:0	公式			
155	caption	Create Subtitles from Audio	音声から字幕生成	0	0	1	0	1	1:0:0:0	公式(BMDマニュアルPDF)			
156	caption	Go to next caption segment	次のキャプション区間へ	0	1	0	0	1	0:1:0:0	二次(premiere全体注記)			
157	caption	Go to next caption segment (uncertain placement)	次のキャプション区間へ(所属メニュー未確認)	0	1	0	0	1	1:0:0:0	二次(premiere全体注記)			
158	caption	Go to previous caption segment	前のキャプション区間へ	0	1	0	0	1	0:1:0:0	二次(premiere全体注記)			
159	caption	Keyword Highlight	字幕キーワード強調	0	0	0	1	1	1:0:0:0	公式			
160	caption	Show Subtitle Regions	字幕領域表示	0	0	1	0	1	1:0:0:0	公式(BMDマニュアルPDF)			
161	caption	Subtitles	字幕をインポート	0	0	1	0	1	1:0:0:0	公式(BMDマニュアルPDF)			
162	caption	Subtitles	字幕をエクスポート	0	0	1	0	1	1:0:0:0	公式(BMDマニュアルPDF)			
163	clip_edit	Split / Razor (clip at playhead)	プレイヘッド位置でクリップを分割	1	0	1	1	3	3:2:0:0	一致(2件);二次(非公式技術抽出/2015時点);公式(BMD, v11時点);公式(BMDマニュアルPDF)			統合(alias): ae:menu:Edit>Split Layer | capcut:shortcut:Edit>Split at playhead = Ctrl+B (Cmd+B) | resolve:menu:Timeline>Razor | resolve:menu:Timeline>Split Clip | resolve:shortcut:Edit>Split Clip
164	clip_edit	Apply Audio Transition (default, at edit point)	既定のオーディオトランジションを編集点に適用	0	1	1	0	2	2:2:0:0	二次(premiere全体注記);公式(BMDマニュアルPDF)			統合(alias): premiere:menu:Sequence>Apply Audio Transition | premiere:shortcut:Editing>Apply Audio Transition | premiere:shortcut:Navigation Shortcuts>Apply Audio Transition | resolve:menu:Timeline>Add Audio Only Transition
165	clip_edit	Apply Video Transition (default, at edit point)	既定のビデオトランジションを編集点に適用	0	1	1	0	2	2:2:0:0	二次(premiere全体注記);公式(BMDマニュアルPDF)			統合(alias): premiere:menu:Sequence>Apply Video Transition | premiere:shortcut:Editing>Apply Video Transition | premiere:shortcut:Navigation Shortcuts>Apply Video Transition | resolve:menu:Timeline>Add Video Only Transition
166	clip_edit	Make Subclip	サブクリップを作成	0	1	1	0	2	2:2:0:0	二次(premiere全体注記);公式(BMDマニュアルPDF)			統合(alias): premiere:menu:Clip>Make Subclip | premiere:shortcut:Clip Menu>Make Subclip | premiere:shortcut:Clipboard Shortcuts>Make Subclip | resolve:menu:Mark>Create SubClip
167	clip_edit	Replace (footage/clip)	素材・クリップを置換	0	1	1	0	2	2:1:0:0	二次(premiere全体注記);公式(BMD, v11時点);公式(BMDマニュアルPDF)			統合(alias): premiere:menu:Clip>Replace With Clip | resolve:menu:Edit>Replace | resolve:shortcut:Edit>Replace
168	clip_edit	Ripple Delete	リップル削除(詰めて削除)	0	1	1	0	2	1:2:0:0	二次(premiere全体注記);公式(BMDマニュアルPDF)			統合(alias): premiere:shortcut:Command Shortcuts>Ripple Delete / Ripple Edit Tool | premiere:shortcut:Editing>Ripple Delete | resolve:menu:Edit>Ripple Delete
169	clip_edit	Speed / Duration	クリップの速度・長さを変更	0	1	1	0	2	3:2:0:0	二次(premiere全体注記);公式(BMDマニュアルPDF)			統合(alias): premiere:menu:Clip>Speed/Duration | premiere:shortcut:Clip Menu>Speed/Duration | premiere:shortcut:Clipboard Shortcuts>Speed/Duration | resolve:menu:Clip>Change Clip Duration | resolve:menu:Clip>Change Clip Speed
170	clip_edit	Active Window: Media Clips	Command+5	0	0	1	0	1	0:1:0:0	公式(BMD, v11時点)			
171	clip_edit	Add Edit	再生ヘッド位置でカット追加(レーザー相当)	0	1	0	0	1	1:0:0:0	二次(premiere全体注記)			
172	clip_edit	Add Edit to All Tracks	全トラックにカット追加	0	1	0	0	1	1:0:0:0	二次(premiere全体注記)			
173	clip_edit	Add Tracks	トラック追加(映像/音声/サブミックス)	0	1	0	0	1	1:0:0:0	二次(premiere全体注記)			
174	clip_edit	Add Transition (generic, any track)	トラック種別を問わずトランジションを追加	0	0	1	0	1	1:1:0:0	公式(BMD, v11時点);公式(BMDマニュアルPDF)			統合(alias): resolve:menu:Timeline>Add Transition | resolve:shortcut:Edit>Add Transition
175	clip_edit	Adjustment Layer	新規調整レイヤー	1	0	0	0	1	1:0:0:0	二次(非公式技術抽出/2015時点)			
176	clip_edit	Adjustment Layer	調整レイヤー切替	1	0	0	0	1	1:0:0:0	二次(非公式技術抽出/2015時点)			
177	clip_edit	Apply Default Transitions to Selection (bulk)	選択範囲に既定トランジションを一括適用	0	1	0	0	1	1:1:0:0	二次(premiere全体注記)			統合(alias): premiere:menu:Sequence>Apply Default Transitions to Selection | premiere:shortcut:Navigation Shortcuts>Apply Default Transitions to Selection
178	clip_edit	Auto Align Clips	クリップ自動アライン	0	0	1	0	1	1:0:0:0	公式(BMDマニュアルPDF)			
179	clip_edit	Best	画質:最高	1	0	0	0	1	1:0:0:0	二次(非公式技術抽出/2015時点)			
180	clip_edit	Bicubic	サンプリング:バイキュービック	1	0	0	0	1	1:0:0:0	二次(非公式技術抽出/2015時点)			
181	clip_edit	Bilinear	サンプリング:バイリニア	1	0	0	0	1	1:0:0:0	二次(非公式技術抽出/2015時点)			
182	clip_edit	Blade Edit Mode	ブレード編集モード	0	0	1	0	1	1:0:0:0	公式(BMDマニュアルPDF)			
183	clip_edit	Blade tool	B	0	0	1	0	1	0:1:0:0	公式(BMD, v11時点)			
184	clip_edit	Bring Layer Forward	前面へ	1	0	0	0	1	1:0:0:0	二次(非公式技術抽出/2015時点)			
185	clip_edit	Bring Layer to Front	最前面へ	1	0	0	0	1	1:0:0:0	二次(非公式技術抽出/2015時点)			
186	clip_edit	Clip Enable	D	0	0	1	0	1	0:1:0:0	公式(BMD, v11時点)			
187	clip_edit	Clip Link	Option+Command+L	0	0	1	0	1	0:1:0:0	公式(BMD, v11時点)			
188	clip_edit	Conform Lock Enabled	コンフォームロック有効	0	0	1	0	1	1:0:0:0	公式(BMDマニュアルPDF)			
189	clip_edit	Conform Lock with Media Pool Clip	Media Poolクリップとロック	0	0	1	0	1	1:0:0:0	公式(BMDマニュアルPDF)			
190	clip_edit	Crossfade Selection	選択部にクロスフェード	0	0	1	0	1	1:0:0:0	公式(BMDマニュアルPDF)			
191	clip_edit	Decompose Compound Clips on Edit	編集時にコンパウンドクリップを展開	0	0	1	0	1	1:0:0:0	公式(BMDマニュアルPDF)			
192	clip_edit	Decompose in Place	その場で展開	0	0	1	0	1	1:0:0:0	公式(BMDマニュアルPDF)			
193	clip_edit	Decrease Video Tracks Height	映像トラック高縮小	0	1	0	0	1	0:1:0:0	二次(premiere全体注記)			
194	clip_edit	Delete Renders In to Out	レンダリングファイルを削除	0	1	0	0	1	1:0:0:0	二次(premiere全体注記)			
195	clip_edit	Delete Tracks	空トラックを削除	0	1	0	0	1	1:0:0:0	二次(premiere全体注記)			
196	clip_edit	Delete With Ripple	Shift+Delete	0	0	1	0	1	0:1:0:0	公式(BMD, v11時点)			
197	clip_edit	Draft	画質:下書き	1	0	0	0	1	1:0:0:0	二次(非公式技術抽出/2015時点)			
198	clip_edit	Dynamic Trim mode	ダイナミックトリムモード	0	0	1	0	1	1:0:0:0	公式(BMDマニュアルPDF)			
199	clip_edit	Edit Point Type	編集点タイプ切替	0	0	1	0	1	1:0:0:0	公式(BMDマニュアルPDF)			
200	clip_edit	Enable	クリップの有効/無効切替	0	1	0	0	1	1:0:0:0	二次(premiere全体注記)			
201	clip_edit	Enable	有効化	0	1	0	0	1	0:1:0:0	二次(premiere全体注記)			
202	clip_edit	Enable	有効化	0	1	0	0	1	0:1:0:0	二次(premiere全体注記)			
203	clip_edit	Enable Clip	クリップ有効化	0	0	1	0	1	1:0:0:0	公式(BMDマニュアルPDF)			
204	clip_edit	Extend Edit	編集点を延伸	0	0	1	0	1	1:0:0:0	公式(BMDマニュアルPDF)			
205	clip_edit	Extend Edit	E	0	0	1	0	1	0:1:0:0	公式(BMD, v11時点)			
206	clip_edit	Extend Edit Selection To	編集選択を延伸	0	0	1	0	1	1:0:0:0	公式(BMDマニュアルPDF)			
207	clip_edit	Extend Selected Edit to Playhead	選択エディットを再生ヘッドまで延長	0	1	0	0	1	1:0:0:0	二次(premiere全体注記)			
208	clip_edit	Extract	エクストラクト編集(詰めて抜く)	0	1	0	0	1	1:0:0:0	二次(premiere全体注記)			
209	clip_edit	Extract	エクストラクト	0	1	0	0	1	0:1:0:0	二次(premiere全体注記)			
210	clip_edit	Extract Work Area	ワークエリアを抽出	1	0	0	0	1	1:0:0:0	二次(非公式技術抽出/2015時点)			
211	clip_edit	Fade In to Playhead	プレイヘッドまでフェードイン	0	0	1	0	1	1:0:0:0	公式(BMDマニュアルPDF)			
212	clip_edit	Fade Out to Playhead	プレイヘッドからフェードアウト	0	0	1	0	1	1:0:0:0	公式(BMDマニュアルPDF)			
213	clip_edit	File…	素材をファイルで置換	1	0	0	0	1	1:0:0:0	二次(非公式技術抽出/2015時点)			
214	clip_edit	Finalize Take	テイク確定	0	0	1	0	1	1:0:0:0	公式(BMDマニュアルPDF)			
215	clip_edit	Find Clip in Media Pool	Media Poolでクリップを探す	0	0	1	0	1	1:0:0:0	公式(BMDマニュアルPDF)			
216	clip_edit	Freeze (Freeze frame)	フリーズフレーム挿入	0	0	0	1	1	1:0:0:0	単一(要一次確認、SEO記事の可能性)			
217	clip_edit	Freeze Frame	フレームを静止	1	0	0	0	1	1:0:0:0	二次(非公式技術抽出/2015時点)			
218	clip_edit	Freeze Frame	フリーズフレーム	0	0	1	0	1	1:0:0:0	公式(BMDマニュアルPDF)			
219	clip_edit	Hide Other Video	他のビデオを隠す	1	0	0	0	1	1:0:0:0	二次(非公式技術抽出/2015時点)			
220	clip_edit	Increase Video Tracks Height	映像トラック高拡大	0	1	0	0	1	0:1:0:0	二次(premiere全体注記)			
221	clip_edit	Insert	挿入編集	0	1	0	0	1	0:1:0:0	二次(premiere全体注記)			
222	clip_edit	Insert	挿入	0	1	0	0	1	0:1:0:0	二次(premiere全体注記)			
223	clip_edit	Insert	挿入編集	0	0	1	0	1	1:0:0:0	公式(BMDマニュアルPDF)			
224	clip_edit	Insert	F9	0	0	1	0	1	0:1:0:0	公式(BMD, v11時点)			
225	clip_edit	Join Clips	Option+\	0	0	1	0	1	0:1:0:0	公式(BMD, v11時点)			
226	clip_edit	Lift	リフト編集(ギャップを残して抜く)	0	1	0	0	1	1:0:0:0	二次(premiere全体注記)			
227	clip_edit	Lift	リフト	0	1	0	0	1	0:1:0:0	二次(premiere全体注記)			
228	clip_edit	Lift Work Area	ワークエリアをリフト	1	0	0	0	1	1:0:0:0	二次(非公式技術抽出/2015時点)			
229	clip_edit	Link / Unlink (clip A/V sync)	クリップの映像/音声リンクを切替	0	1	0	0	1	1:2:0:0	二次(premiere全体注記)			統合(alias): premiere:menu:Clip>Link/Unlink | premiere:shortcut:Clip Menu>Link/Unlink | premiere:shortcut:Clipboard Shortcuts>Link
230	clip_edit	Link Clips	クリップをリンク	0	0	1	0	1	1:0:0:0	公式(BMDマニュアルPDF)			
231	clip_edit	Make Subsequence	サブシーケンス作成	0	1	0	0	1	1:0:0:0	二次(premiere全体注記)			
232	clip_edit	Match Frame	ソースクリップをSource Monitorへ読み込み	0	1	0	0	1	1:0:0:0	二次(premiere全体注記)			
233	clip_edit	Match Frame	F	0	0	1	0	1	0:1:0:0	公式(BMD, v11時点)			
234	clip_edit	Match Frame to Source Clip	ソースクリップへマッチフレーム	0	0	1	0	1	1:0:0:0	公式(BMDマニュアルPDF)			
235	clip_edit	Move earlier or later by stroke duration	ストローク長単位で前後移動	1	0	0	0	1	0:1:0:0	公式(Adobe)			
236	clip_edit	Move Edit Selection To	編集選択を移動	0	0	1	0	1	1:0:0:0	公式(BMDマニュアルPDF)			
237	clip_edit	Move selected items down/up in stacking order	選択項目を重ね順で上下に移動	1	0	0	0	1	0:1:0:0	公式(Adobe)			
238	clip_edit	Move selected items to bottom/top of stacking order	選択項目を最上/最下へ移動	1	0	0	0	1	0:1:0:0	公式(Adobe)			
239	clip_edit	Multicam	マルチカム編集コントロールを開く	0	0	1	0	1	1:0:0:0	公式(BMDマニュアルPDF)			
240	clip_edit	Multicam Cut	マルチカムカット	0	0	1	0	1	1:0:0:0	公式(BMDマニュアルPDF)			
241	clip_edit	Multicam Switch	マルチカム切替	0	0	1	0	1	1:0:0:0	公式(BMDマニュアルPDF)			
242	clip_edit	Nest	選択クリップをネストシーケンス化	0	1	0	0	1	1:0:0:0	二次(premiere全体注記)			
243	clip_edit	New > Adjustment Layer	調整レイヤーを新規作成	0	1	0	0	1	1:0:0:0	二次(premiere全体注記)			
244	clip_edit	New adjustment layer	新規調整レイヤー	1	0	0	0	1	0:1:0:0	公式(Adobe)			
245	clip_edit	New Compound Clip	コンパウンドクリップ作成	0	0	1	0	1	1:0:0:0	公式(BMDマニュアルPDF)			
246	clip_edit	New VFX Connect Clip	VFX Connectクリップ作成	0	0	1	0	1	1:0:0:0	公式(BMDマニュアルPDF)			
247	clip_edit	Normal Edit Mode	通常編集モード	0	0	1	0	1	1:0:0:0	公式(BMDマニュアルPDF)			
248	clip_edit	Nudge	微調整移動	0	0	1	0	1	1:0:0:0	公式(BMDマニュアルPDF)			
249	clip_edit	Nudge Clip Left	クリップを左に微調整	0	1	0	0	1	0:1:0:0	二次(premiere全体注記)			
250	clip_edit	Nudge Clip Right	クリップを右に微調整	0	1	0	0	1	0:1:0:0	二次(premiere全体注記)			
251	clip_edit	Nudge Clip Selection Left/Right Five Frames	クリップ選択を5フレーム移動	0	1	0	0	1	0:1:0:0	二次(premiere全体注記)			
252	clip_edit	Nudge Clip Selection Left/Right One Frame	クリップ選択を1フレーム移動	0	1	0	0	1	0:1:0:0	二次(premiere全体注記)			
253	clip_edit	Nudge Edit One Frame Left	,(comma)	0	0	1	0	1	0:1:0:0	公式(BMD, v11時点)			
254	clip_edit	Nudge Edit One Frame Right	.(period)	0	0	1	0	1	0:1:0:0	公式(BMD, v11時点)			
255	clip_edit	Overwrite	上書き編集	0	1	0	0	1	0:1:0:0	二次(premiere全体注記)			
256	clip_edit	Overwrite	上書き	0	1	0	0	1	0:1:0:0	二次(premiere全体注記)			
257	clip_edit	Overwrite	上書き編集	0	0	1	0	1	1:0:0:0	公式(BMDマニュアルPDF)			
258	clip_edit	Overwrite	F10	0	0	1	0	1	0:1:0:0	公式(BMD, v11時点)			
259	clip_edit	Place on Top	上位トラックに配置	0	0	1	0	1	1:0:0:0	公式(BMDマニュアルPDF)			
260	clip_edit	Place On Top	F12	0	0	1	0	1	0:1:0:0	公式(BMD, v11時点)			
261	clip_edit	Placeholder…	プレースホルダーで置換	1	0	0	0	1	1:0:0:0	二次(非公式技術抽出/2015時点)			
262	clip_edit	Publish Changes for Selected Clips	Shift+Command+T	0	0	1	0	1	0:1:0:0	公式(BMD, v11時点)			
263	clip_edit	Q/W = Insert at playhead / Overwrite(矛盾する別記述)	プレイヘッドに挿入/上書き	0	0	0	1	1	0:1:0:0	単一(上記と直接矛盾。どちらが実機挙動か未確認)			
264	clip_edit	Q/W = プレイヘッド左右のripple削除	プレイヘッド前後を詰めて削除	0	0	0	1	1	0:1:0:0	一致(WebSearch要約+droidcrunch。ただしskillademia全文取得ではQ/W=挿入/上書きと矛盾記載あり→下段参照)			
265	clip_edit	Range Selection Mode	範囲選択モード	0	0	1	0	1	1:0:0:0	公式(BMDマニュアルPDF)			
266	clip_edit	Razor Tool	レーザーツール	0	1	0	0	1	0:1:0:0	二次(premiere全体注記)			
267	clip_edit	Razor(split)	Command+B	0	0	1	0	1	0:1:0:0	公式(BMD, v11時点)			
268	clip_edit	Render In to Out	In-Out間をレンダリング	0	1	0	0	1	1:0:0:0	二次(premiere全体注記)			
269	clip_edit	Reset Clip(speed)	Option+Command+R	0	0	1	0	1	0:1:0:0	公式(BMD, v11時点)			
270	clip_edit	Reset Retime	リタイムをリセット	0	0	1	0	1	1:0:0:0	公式(BMDマニュアルPDF)			
271	clip_edit	Resize	リサイズ	0	0	1	0	1	1:0:0:0	公式(BMDマニュアルPDF)			
272	clip_edit	Retime Clip	Command+R	0	0	1	0	1	0:1:0:0	公式(BMD, v11時点)			
273	clip_edit	Retime Controls	リタイムコントロール表示	0	0	1	0	1	1:0:0:0	公式(BMDマニュアルPDF)			
274	clip_edit	Reverse Match Frame	タイムライン側の一致フレームを探索	0	1	0	0	1	1:0:0:0	二次(premiere全体注記)			
275	clip_edit	Ripple	リップルトリム	0	0	1	0	1	1:0:0:0	公式(BMDマニュアルPDF)			
276	clip_edit	Ripple Cut	リップル切り取り	0	0	1	0	1	1:0:0:0	公式(BMDマニュアルPDF)			
277	clip_edit	Ripple Edit Tool	リップル編集ツール	0	1	0	0	1	0:1:0:0	二次(premiere全体注記)			
278	clip_edit	Ripple Overwrite	リップル上書き	0	0	1	0	1	1:0:0:0	公式(BMDマニュアルPDF)			
279	clip_edit	Roll	ロールトリム	0	0	1	0	1	1:0:0:0	公式(BMDマニュアルPDF)			
280	clip_edit	Rolling Edit Tool	ローリング編集ツール	0	1	0	0	1	0:1:0:0	二次(premiere全体注記)			
281	clip_edit	Select All Clips Under Playhead	プレイヘッド下の全クリップ選択	0	0	1	0	1	1:0:0:0	公式(BMDマニュアルPDF)			
282	clip_edit	Select Clips Forward On All Tracks	Option+Y	0	0	1	0	1	0:1:0:0	公式(BMD, v11時点)			
283	clip_edit	Select Clips Forward On This Track	Y	0	0	1	0	1	0:1:0:0	公式(BMD, v11時点)			
284	clip_edit	Select Nearest Clip To	最寄りクリップへの選択	0	0	1	0	1	1:0:0:0	公式(BMDマニュアルPDF)			
285	clip_edit	Select Nearest Clip/Gap	最寄りクリップ/ギャップを選択	0	0	1	0	1	1:0:0:0	公式(BMDマニュアルPDF)			
286	clip_edit	Select Nearest Clip/Gap	Shift+V	0	0	1	0	1	0:1:0:0	公式(BMD, v11時点)			
287	clip_edit	Select Nearest Edit Point	最寄り編集点を選択	0	0	1	0	1	1:0:0:0	公式(BMDマニュアルPDF)			
288	clip_edit	Select Nearest Edit To	最寄り編集点への選択	0	0	1	0	1	1:0:0:0	公式(BMDマニュアルPDF)			
289	clip_edit	Select Nearest Video Edit Point	最寄り映像編集点を選択	0	0	1	0	1	1:0:0:0	公式(BMDマニュアルPDF)			
290	clip_edit	Select next layer in stacking order	次のレイヤーを選択	1	0	0	0	1	0:1:0:0	公式(Adobe)			
291	clip_edit	Select previous layer in stacking order	前のレイヤーを選択	1	0	0	0	1	0:1:0:0	公式(Adobe)			
292	clip_edit	Send Layer Backward	背面へ	1	0	0	0	1	1:0:0:0	二次(非公式技術抽出/2015時点)			
293	clip_edit	Send Layer to Back	最背面へ	1	0	0	0	1	1:0:0:0	二次(非公式技術抽出/2015時点)			
294	clip_edit	Set sampling method to Best/Bicubic	サンプリング:最高/バイキュービック	1	0	0	0	1	0:1:0:0	公式(Adobe)			
295	clip_edit	Set sampling method to Best/Bilinear	サンプリング:最高/バイリニア	1	0	0	0	1	0:1:0:0	公式(Adobe)			
296	clip_edit	Set Work Area In	ワークエリアイン点設定	0	1	0	0	1	0:1:0:0	二次(premiere全体注記)			
297	clip_edit	Set Work Area Out	ワークエリアアウト点設定	0	1	0	0	1	0:1:0:0	二次(premiere全体注記)			
298	clip_edit	Show All Video	全ビデオを表示	1	0	0	0	1	1:0:0:0	二次(非公式技術抽出/2015時点)			
299	clip_edit	Show Current Clip With Handles	ハンドル付きで現在クリップ表示	0	0	1	0	1	1:0:0:0	公式(BMDマニュアルPDF)			
300	clip_edit	Show Curve Editor	カーブエディタ表示	0	0	1	0	1	1:0:0:0	公式(BMDマニュアルPDF)			
301	clip_edit	Show Next Screen	次画面表示	0	1	0	0	1	0:1:0:0	二次(premiere全体注記)			
302	clip_edit	Show or hide Layer Switches and Modes columns	スイッチ/モード列表示切替	1	0	0	0	1	0:1:0:0	公式(Adobe)			
303	clip_edit	Show Previous Screen	前画面表示	0	1	0	0	1	0:1:0:0	二次(premiere全体注記)			
304	clip_edit	Shy	シャイ切替	1	0	0	0	1	1:0:0:0	二次(非公式技術抽出/2015時点)			
305	clip_edit	Slide Clip	クリップをスライド	0	1	0	0	1	0:1:0:0	二次(premiere全体注記)			
306	clip_edit	Slide Tool	スライドツール	0	1	0	0	1	0:1:0:0	二次(premiere全体注記)			
307	clip_edit	Slip Clip	クリップをスリップ	0	1	0	0	1	0:1:0:0	二次(premiere全体注記)			
308	clip_edit	Slip Eye	立体視の目をスリップ	0	0	1	0	1	1:0:0:0	公式(BMDマニュアルPDF)			
309	clip_edit	Slip Opposite Eye Left	Option+Command+,	0	0	1	0	1	0:1:0:0	公式(BMD, v11時点)			
310	clip_edit	Slip Opposite Eye Right	Option+Command+.	0	0	1	0	1	0:1:0:0	公式(BMD, v11時点)			
311	clip_edit	Slip Playhead To	プレイヘッドへスリップ	0	0	1	0	1	1:0:0:0	公式(BMDマニュアルPDF)			
312	clip_edit	Slip Tool	スリップツール	0	1	0	0	1	0:1:0:0	二次(premiere全体注記)			
313	clip_edit	Solid…	単色で置換	1	0	0	0	1	1:0:0:0	二次(非公式技術抽出/2015時点)			
314	clip_edit	Solo	ソロ切替	1	0	0	0	1	1:0:0:0	二次(非公式技術抽出/2015時点)			
315	clip_edit	Source Clip/Source Tape	ソースクリップ/テープ切替	0	0	1	0	1	1:0:0:0	公式(BMDマニュアルPDF)			
316	clip_edit	Split Screen	Option+Command+W	0	0	1	0	1	0:1:0:0	公式(BMD, v11時点)			
317	clip_edit	Split selected layers	選択レイヤーを分割	1	0	0	0	1	0:1:0:0	公式(Adobe)			
318	clip_edit	Swap Clips Towards Left	左隣クリップと入れ替え	0	0	1	0	1	1:0:0:0	公式(BMDマニュアルPDF)			
319	clip_edit	Swap Clips Towards Right	右隣クリップと入れ替え	0	0	1	0	1	1:0:0:0	公式(BMDマニュアルPDF)			
320	clip_edit	Synchronize > Clip End	クリップ末尾で同期	0	1	0	0	1	1:0:0:0	二次(premiere全体注記)			
321	clip_edit	Synchronize > Clip Start	クリップ先頭で同期	0	1	0	0	1	1:0:0:0	二次(premiere全体注記)			
322	clip_edit	Synchronize > Timecode	タイムコードで同期	0	1	0	0	1	1:0:0:0	二次(premiere全体注記)			
323	clip_edit	Take Selector	テイクセレクタ	0	0	1	0	1	1:0:0:0	公式(BMDマニュアルPDF)			
324	clip_edit	Toggle Slip/Slide Mode	スリップ/スライド切替	0	0	1	0	1	1:0:0:0	公式(BMDマニュアルPDF)			
325	clip_edit	Toggle V+A/V/A	映像+音声/映像/音声切替	0	0	1	0	1	1:0:0:0	公式(BMDマニュアルPDF)			
326	clip_edit	Trim Edit	トリムモードに入る	0	1	0	0	1	1:0:0:0	二次(premiere全体注記)			
327	clip_edit	Trim Edit	トリムモード	0	1	0	0	1	0:1:0:0	二次(premiere全体注記)			
328	clip_edit	Trim End	終了点をトリム	0	0	1	0	1	1:0:0:0	公式(BMDマニュアルPDF)			
329	clip_edit	Trim End	Shift+]	0	0	1	0	1	0:1:0:0	公式(BMD, v11時点)			
330	clip_edit	Trim In or Out point to current time	現在時刻でIn/Outをトリム	1	0	0	0	1	0:1:0:0	公式(Adobe)			
331	clip_edit	Trim Mode	トリムモード	0	0	1	0	1	1:0:0:0	公式(BMDマニュアルPDF)			
332	clip_edit	Trim Start	開始点をトリム	0	0	1	0	1	1:0:0:0	公式(BMDマニュアルPDF)			
333	clip_edit	Trim Start	Shift+[	0	0	1	0	1	0:1:0:0	公式(BMD, v11時点)			
334	clip_edit	Trim to Selection	選択範囲にトリム	0	0	1	0	1	1:0:0:0	公式(BMDマニュアルPDF)			
335	clip_edit	Trim tool	T	0	0	1	0	1	0:1:0:0	公式(BMD, v11時点)			
336	clip_edit	Trim/Step Multiframe Left	Shift+,	0	0	1	0	1	0:1:0:0	公式(BMD, v11時点)			
337	clip_edit	Trim/Step Multiframe Right	Shift+.	0	0	1	0	1	0:1:0:0	公式(BMD, v11時点)			
338	clip_edit	Turn off all other solo switches	他の全ソロを解除	1	0	0	0	1	0:1:0:0	公式(Adobe)			
339	clip_edit	Update All Clips	Option+Shift+U	0	0	1	0	1	0:1:0:0	公式(BMD, v11時点)			
340	clip_edit	Update Selected Clips	Shift+Command+U	0	0	1	0	1	0:1:0:0	公式(BMD, v11時点)			
341	clip_edit	With Layered Comp	レイヤー化コンポで置換	1	0	0	0	1	1:0:0:0	二次(非公式技術抽出/2015時点)			
342	collab	Multiple User Collaboration	複数ワークステーション協調編集を有効化	0	0	1	0	1	1:0:0:0	公式(BMDマニュアルPDF)			
343	collab	Single User Project	コラボレーション機能を無効化	0	0	1	0	1	1:0:0:0	公式(BMDマニュアルPDF)			
344	color	Active Playhead	アクティブプレイヘッド	0	0	1	0	1	1:0:0:0	公式(BMDマニュアルPDF)			
345	color	Add Version	Command+Y	0	0	1	0	1	0:1:0:0	公式(BMD, v11時点)			
346	color	AI color correction	AI自動色調補正	0	0	0	1	1	1:0:0:0	公式			
347	color	Append Node Graph	ノードグラフを追加	0	0	1	0	1	1:0:0:0	公式(BMDマニュアルPDF)			
348	color	Append Node to Selected Clips	選択クリップへノード追加	0	0	1	0	1	1:0:0:0	公式(BMDマニュアルPDF)			
349	color	Apply Grade	グレード適用	0	0	1	0	1	1:0:0:0	公式(BMDマニュアルPDF)			
350	color	Apply Grade From One Clip Prior	1つ前のクリップからグレード適用	0	0	1	0	1	1:0:0:0	公式(BMDマニュアルPDF)			
351	color	Apply Grade From One Clip Prior	=(equals)	0	0	1	0	1	0:1:0:0	公式(BMD, v11時点)			
352	color	Apply Grade From Two Clip Prior	-(minus)	0	0	1	0	1	0:1:0:0	公式(BMD, v11時点)			
353	color	Apply Grade From Two Clips Prior	2つ前のクリップからグレード適用	0	0	1	0	1	1:0:0:0	公式(BMDマニュアルPDF)			
354	color	Auto Color	オートカラー	0	0	1	0	1	1:0:0:0	公式(BMDマニュアルPDF)			
355	color	Auto Color	Option+A	0	0	1	0	1	0:1:0:0	公式(BMD, v11時点)			
356	color	Bypass All Grades	Shift+D	0	0	1	0	1	0:1:0:0	公式(BMD, v11時点)			
357	color	Bypass Color and Fusion	Color/Fusionバイパス	0	0	1	0	1	1:0:0:0	公式(BMDマニュアルPDF)	out-of-domain?		製品固有の深部機能(Fusion/Fairlight/Dolby Vision/HDR規格/プロ入出力設定等)のため out-of-domain? フラグ。判定は後段。
358	color	Classic Color Burn	焼き込みカラー(クラシック)	1	0	0	0	1	1:0:0:0	二次(非公式技術抽出/2015時点)			
359	color	Classic Color Dodge	覆い焼きカラー(クラシック)	1	0	0	0	1	1:0:0:0	二次(非公式技術抽出/2015時点)			
360	color	Color	カラー	1	0	0	0	1	1:0:0:0	二次(非公式技術抽出/2015時点)			
361	color	Color Burn	焼き込みカラー	1	0	0	0	1	1:0:0:0	二次(非公式技術抽出/2015時点)			
362	color	Color Dodge	覆い焼きカラー	1	0	0	0	1	1:0:0:0	二次(非公式技術抽出/2015時点)			
363	color	Color Overlay	カラーオーバーレイ	1	0	0	0	1	1:0:0:0	二次(非公式技術抽出/2015時点)			
364	color	Darker Color	カラー比較(暗)	1	0	0	0	1	1:0:0:0	二次(非公式技術抽出/2015時点)			
365	color	Default Version	Command+U	0	0	1	0	1	0:1:0:0	公式(BMD, v11時点)			
366	color	Dolby Vision	Dolby Visionライセンス/設定ファイル読み込み	0	0	1	0	1	1:0:0:0	公式(BMDマニュアルPDF)	out-of-domain?		製品固有の深部機能(Fusion/Fairlight/Dolby Vision/HDR規格/プロ入出力設定等)のため out-of-domain? フラグ。判定は後段。
367	color	Dolby Vision	Dolby Visionトリムメタデータのコピー&ペースト	0	0	1	0	1	1:0:0:0	公式(BMDマニュアルPDF)	out-of-domain?		製品固有の深部機能(Fusion/Fairlight/Dolby Vision/HDR規格/プロ入出力設定等)のため out-of-domain? フラグ。判定は後段。
368	color	Dolby Vision	Dolby Visionグレーディング	0	0	1	0	1	1:0:0:0	公式(BMDマニュアルPDF)	out-of-domain?		製品固有の深部機能(Fusion/Fairlight/Dolby Vision/HDR規格/プロ入出力設定等)のため out-of-domain? フラグ。判定は後段。
369	color	Full Printer Light	フルプリンターライト	0	0	1	0	1	1:0:0:0	公式(BMDマニュアルPDF)	out-of-domain?		製品固有の深部機能(Fusion/Fairlight/Dolby Vision/HDR規格/プロ入出力設定等)のため out-of-domain? フラグ。判定は後段。
370	color	Grab Still	スティル取得	0	0	1	0	1	1:0:0:0	公式(BMDマニュアルPDF)			
371	color	Grade Version	グレードバージョン管理	0	0	1	0	1	1:0:0:0	公式(BMDマニュアルPDF)			
372	color	Half Printer Light	ハーフプリンターライト	0	0	1	0	1	1:0:0:0	公式(BMDマニュアルPDF)	out-of-domain?		製品固有の深部機能(Fusion/Fairlight/Dolby Vision/HDR規格/プロ入出力設定等)のため out-of-domain? フラグ。判定は後段。
373	color	HDR Vivid	HDR Vividグレーディング	0	0	1	0	1	1:0:0:0	公式(BMDマニュアルPDF)	out-of-domain?		製品固有の深部機能(Fusion/Fairlight/Dolby Vision/HDR規格/プロ入出力設定等)のため out-of-domain? フラグ。判定は後段。
374	color	HDR10+	HDR10+グレーディング	0	0	1	0	1	1:0:0:0	公式(BMDマニュアルPDF)	out-of-domain?		製品固有の深部機能(Fusion/Fairlight/Dolby Vision/HDR規格/プロ入出力設定等)のため out-of-domain? フラグ。判定は後段。
375	color	Lighter Color	カラー比較(明)	1	0	0	0	1	1:0:0:0	二次(非公式技術抽出/2015時点)			
376	color	Load Memory A-H(grouped, pattern)	Command+1..Command+8	0	0	1	0	1	0:1:0:0	公式(BMD, v11時点)			
377	color	Memories	メモリバンク	0	0	1	0	1	1:0:0:0	公式(BMDマニュアルPDF)			
378	color	Next Still	次のスティル	0	0	1	0	1	1:0:0:0	公式(BMDマニュアルPDF)			
379	color	Next Version	Command+N	0	0	1	0	1	0:1:0:0	公式(BMD, v11時点)			
380	color	Nodes	ノードサブメニュー	0	0	1	0	1	1:0:0:0	公式(BMDマニュアルPDF)			
381	color	Original Memory	オリジナルメモリ	0	0	1	0	1	1:0:0:0	公式(BMDマニュアルPDF)			
382	color	Original Memory	Option+Shift+O	0	0	1	0	1	0:1:0:0	公式(BMD, v11時点)			
383	color	Play Still	スティル再生	0	0	1	0	1	1:0:0:0	公式(BMDマニュアルPDF)			
384	color	Presets	グレードプリセット	0	0	1	0	1	1:0:0:0	公式(BMDマニュアルPDF)			
385	color	Preview Memory	プレビューメモリ	0	0	1	0	1	1:0:0:0	公式(BMDマニュアルPDF)			
386	color	Preview Memory	Option+Shift+P	0	0	1	0	1	0:1:0:0	公式(BMD, v11時点)			
387	color	Previous Still	前のスティル	0	0	1	0	1	1:0:0:0	公式(BMDマニュアルPDF)			
388	color	Previous Version	Command+B	0	0	1	0	1	0:1:0:0	公式(BMD, v11時点)			
389	color	Primaries/Log Color Wheels	Option+Z	0	0	1	0	1	0:1:0:0	公式(BMD, v11時点)			
390	color	Printer Light Hotkeys	プリンターライトホットキー	0	0	1	0	1	1:0:0:0	公式(BMDマニュアルPDF)	out-of-domain?		製品固有の深部機能(Fusion/Fairlight/Dolby Vision/HDR規格/プロ入出力設定等)のため out-of-domain? フラグ。判定は後段。
391	color	Printer Light Hotkeys	Option+Command+`	0	0	1	0	1	0:1:0:0	公式(BMD, v11時点)	out-of-domain?		製品固有の深部機能(Fusion/Fairlight/Dolby Vision/HDR規格/プロ入出力設定等)のため out-of-domain? フラグ。判定は後段。
392	color	Quarter Printer Light	クォータープリンターライト	0	0	1	0	1	1:0:0:0	公式(BMDマニュアルPDF)	out-of-domain?		製品固有の深部機能(Fusion/Fairlight/Dolby Vision/HDR規格/プロ入出力設定等)のため out-of-domain? フラグ。判定は後段。
393	color	Render Cache Color Output	Color出力をレンダーキャッシュ	0	0	1	0	1	1:0:0:0	公式(BMDマニュアルPDF)			
394	color	Reset	グレードリセット	0	0	1	0	1	1:0:0:0	公式(BMDマニュアルPDF)			
395	color	Reset All Grades and Nodes	Command+Home	0	0	1	0	1	0:1:0:0	公式(BMD, v11時点)			
396	color	Reset Grades and Keep Nodes	Shift+Command+Home	0	0	1	0	1	0:1:0:0	公式(BMD, v11時点)			
397	color	Reset Selected Node Grade	Shift+Home	0	0	1	0	1	0:1:0:0	公式(BMD, v11時点)			
398	color	Resolve Live	Resolve Live連携	0	0	1	0	1	1:0:0:0	公式(BMDマニュアルPDF)	out-of-domain?		製品固有の深部機能(Fusion/Fairlight/Dolby Vision/HDR規格/プロ入出力設定等)のため out-of-domain? フラグ。判定は後段。
399	color	Resolve Live Freeze	Shift+Command+R	0	0	1	0	1	0:1:0:0	公式(BMD, v11時点)	out-of-domain?		製品固有の深部機能(Fusion/Fairlight/Dolby Vision/HDR規格/プロ入出力設定等)のため out-of-domain? フラグ。判定は後段。
400	color	Resolve Live On/Off	Command+R	0	0	1	0	1	0:1:0:0	公式(BMD, v11時点)	out-of-domain?		製品固有の深部機能(Fusion/Fairlight/Dolby Vision/HDR規格/プロ入出力設定等)のため out-of-domain? フラグ。判定は後段。
401	color	Resolve Live Snapshot	Option+Command+R	0	0	1	0	1	0:1:0:0	公式(BMD, v11時点)	out-of-domain?		製品固有の深部機能(Fusion/Fairlight/Dolby Vision/HDR規格/プロ入出力設定等)のため out-of-domain? フラグ。判定は後段。
402	color	Ripple Node Changes to Current Group	ノード変更を現在グループへリップル	0	0	1	0	1	1:0:0:0	公式(BMDマニュアルPDF)			
403	color	Ripple Node Changes to Selected Clips	ノード変更を選択クリップへリップル	0	0	1	0	1	1:0:0:0	公式(BMDマニュアルPDF)			
404	color	Save Memory A-H(grouped, pattern)	Option+1..Option+8	0	0	1	0	1	0:1:0:0	公式(BMD, v11時点)			
405	color	Select Clips With Clip Color	クリップ色でクリップ選択	0	0	1	0	1	1:0:0:0	公式(BMDマニュアルPDF)			
406	color	Select Clips With Flag Color	フラグ色でクリップ選択	0	0	1	0	1	1:0:0:0	公式(BMDマニュアルPDF)			
407	color	Select Clips With Marker Color	マーカー色でクリップ選択	0	0	1	0	1	1:0:0:0	公式(BMDマニュアルPDF)			
408	color	Set Clip Color	クリップ色設定	0	0	1	0	1	1:0:0:0	公式(BMDマニュアルPDF)			
409	color	Set foreground to average color under pointer	ポインタ周辺の平均色を前景色に	1	0	0	0	1	0:1:0:0	公式(Adobe)			
410	color	Set foreground to color under pointer	ポインタ下の色を前景色に	1	0	0	0	1	0:1:0:0	公式(Adobe)			
411	color	Show alpha boundary in Layer panel	Layerパネルでアルファ境界表示	1	0	0	0	1	0:1:0:0	公式(Adobe)			
412	color	Show alpha overlay in Layer panel	Layerパネルでアルファオーバーレイ表示	1	0	0	0	1	0:1:0:0	公式(Adobe)			
413	color	Show colorized red, green, or blue channel	各チャンネルを色付き表示	1	0	0	0	1	0:1:0:0	公式(Adobe)			
414	color	Show red, green, blue, or alpha channel as grayscale	各チャンネルをグレースケール表示	1	0	0	0	1	0:1:0:0	公式(Adobe)			
415	color	Show Refine Edge X-ray	エッジ調整X線表示	1	0	0	0	1	0:1:0:0	公式(Adobe)			
416	color	Step Timeline Wipe	タイムラインワイプを段階送り	0	0	1	0	1	1:0:0:0	公式(BMDマニュアルPDF)			
417	color	Stop Tracking	Option+Command+T	0	0	1	0	1	0:1:0:0	公式(BMD, v11時点)			
418	color	Swap paint background and foreground colors	背景色と前景色を入替	1	0	0	0	1	0:1:0:0	公式(Adobe)			
419	color	Toggle showing straight RGB color	ストレートRGB表示切替	1	0	0	0	1	0:1:0:0	公式(Adobe)			
420	color	Track Forward	Command+T	0	0	1	0	1	0:1:0:0	公式(BMD, v11時点)			
421	color	Track One Frame Forward	Option+Right Arrow	0	0	1	0	1	0:1:0:0	公式(BMD, v11時点)			
422	color	Track One Frame Reverse	Option+Left Arrow	0	0	1	0	1	0:1:0:0	公式(BMD, v11時点)			
423	color	Track Reverse	Option+T	0	0	1	0	1	0:1:0:0	公式(BMD, v11時点)			
424	color	Tracker	トラッカーパレット	0	0	1	0	1	1:0:0:0	公式(BMDマニュアルPDF)			
425	color	Turn display color management on or off	ディスプレイカラーマネジメント切替	1	0	0	0	1	0:1:0:0	公式(Adobe)			
426	color	Use Display Color Management	ディスプレイカラーマネジメントを使用	1	0	0	0	1	1:0:0:0	二次(非公式技術抽出/2015時点)			
427	color	Video Scopes	ビデオスコープ表示	0	0	1	0	1	1:0:0:0	公式(BMDマニュアルPDF)			
428	color	Video Scopes	Shift+Command+W	0	0	1	0	1	0:1:0:0	公式(BMD, v11時点)			
429	edit_basic	Copy	コピー	1	1	1	1	4	4:2:0:0	二次(premiere全体注記);二次(非公式技術抽出/2015時点);公式(BMD, v11時点);公式(BMDマニュアルPDF);単一(WebSearch要約経由・要一次確認)			統合(alias): ae:menu:Edit>Copy | capcut:menu:Right-click (clip)>Copy | premiere:menu:Edit>Copy | premiere:shortcut:Command Shortcuts>Copy | resolve:menu:Edit>Copy | resolve:shortcut:Edit>Copy
430	edit_basic	Paste	貼り付け	1	1	1	1	4	4:2:0:0	二次(premiere全体注記);二次(非公式技術抽出/2015時点);公式(BMD, v11時点);公式(BMDマニュアルPDF);単一(同上)			統合(alias): ae:menu:Edit>Paste | capcut:menu:Right-click (clip)>Paste | premiere:menu:Edit>Paste | premiere:shortcut:Command Shortcuts>Paste | resolve:menu:Edit>Paste | resolve:shortcut:Edit>Paste
431	edit_basic	Clear / Delete	選択項目を削除	1	1	1	0	3	3:2:0:0	二次(premiere全体注記);二次(非公式技術抽出/2015時点);公式(BMD, v11時点);公式(BMDマニュアルPDF)			統合(alias): ae:menu:Edit>Clear | premiere:menu:Edit>Clear | premiere:shortcut:Command Shortcuts>Clear | resolve:menu:Edit>Delete Selected | resolve:shortcut:Edit>Delete Selected
432	edit_basic	Cut	切り取り	1	1	1	0	3	3:2:0:0	二次(premiere全体注記);二次(非公式技術抽出/2015時点);公式(BMD, v11時点);公式(BMDマニュアルPDF)			統合(alias): ae:menu:Edit>Cut | premiere:menu:Edit>Cut | premiere:shortcut:Command Shortcuts>Cut | resolve:menu:Edit>Cut | resolve:shortcut:Edit>Cut
433	edit_basic	Deselect All	選択解除	1	1	1	0	3	3:3:0:0	二次(premiere全体注記);二次(非公式技術抽出/2015時点);公式(Adobe);公式(BMD, v11時点);公式(BMDマニュアルPDF)			統合(alias): ae:menu:Edit>Deselect All | ae:shortcut:General>Deselect all | premiere:menu:Edit>Deselect All | premiere:shortcut:Command Shortcuts>Deselect All | resolve:menu:Edit>Deselect All | resolve:shortcut:Edit>Deselect All
434	edit_basic	Duplicate	複製	1	1	0	1	3	3:1:0:0	二次(premiere全体注記);二次(非公式技術抽出/2015時点);単一(同上・信頼度低)			統合(alias): ae:menu:Edit>Duplicate | capcut:menu:Right-click (clip)>Duplicate | premiere:menu:Edit>Duplicate | premiere:shortcut:Command Shortcuts>Duplicate
435	edit_basic	Redo	やり直す	1	1	1	0	3	3:3:0:0	二次(premiere全体注記);二次(非公式技術抽出/2015時点);公式(Adobe);公式(BMD, v11時点);公式(BMDマニュアルPDF)			統合(alias): ae:menu:Edit>Redo | ae:shortcut:General>Redo | premiere:menu:Edit>Redo | premiere:shortcut:Command Shortcuts>Redo | resolve:menu:Edit>Redo | resolve:shortcut:Edit>Redo
436	edit_basic	Select All	すべて選択	1	1	1	0	3	3:3:0:0	二次(premiere全体注記);二次(非公式技術抽出/2015時点);公式(Adobe);公式(BMD, v11時点);公式(BMDマニュアルPDF)			統合(alias): ae:menu:Edit>Select All | ae:shortcut:General>Select all | premiere:menu:Edit>Select All | premiere:shortcut:Command Shortcuts>Select All | resolve:menu:Edit>Select All | resolve:shortcut:Edit>Select All
437	edit_basic	Undo	元に戻す	1	1	1	0	3	3:3:0:0	二次(premiere全体注記);二次(非公式技術抽出/2015時点);公式(Adobe);公式(BMD, v11時点);公式(BMDマニュアルPDF)			統合(alias): ae:menu:Edit>Undo | ae:shortcut:General>Undo | premiere:menu:Edit>Undo | premiere:shortcut:Command Shortcuts>Undo | resolve:menu:Edit>Undo | resolve:shortcut:Edit>Undo
438	edit_basic	Edit Original	元アプリで編集	1	1	0	0	2	2:1:0:0	二次(premiere全体注記);二次(非公式技術抽出/2015時点)			統合(alias): ae:menu:Edit>Edit Original… | premiere:menu:Edit>Edit Original | premiere:shortcut:Command Shortcuts>Edit Original
439	edit_basic	Find	検索	1	1	0	0	2	2:1:0:0	二次(premiere全体注記);二次(非公式技術抽出/2015時点)			統合(alias): ae:menu:File>Find… | premiere:menu:Edit>Find | premiere:shortcut:Command Shortcuts>Find
440	edit_basic	Paste Attributes	属性・プロパティを貼り付け	0	1	1	0	2	2:2:0:0	二次(premiere全体注記);公式(BMD, v11時点);公式(BMDマニュアルPDF)			統合(alias): premiere:menu:Edit>Paste Attributes | premiere:shortcut:Command Shortcuts>Paste Attribute | resolve:menu:Edit>Paste Attributes | resolve:shortcut:Edit>Paste Attributes
441	edit_basic	Paste Insert	挿入貼り付け	0	1	1	0	2	2:1:0:0	二次(premiere全体注記);公式(BMDマニュアルPDF)			統合(alias): premiere:menu:Edit>Paste Insert | premiere:shortcut:Command Shortcuts>Paste Insert | resolve:menu:Edit>Paste Insert
442	edit_basic	Auto Select/Deselect All Video	Option+F9	0	0	1	0	1	0:1:0:0	公式(BMD, v11時点)			
443	edit_basic	Auto Select/Deselect Video V1-V8(grouped, pattern)	Option+F1..Option+F8	0	0	1	0	1	0:1:0:0	公式(BMD, v11時点)			
444	edit_basic	Clear Selection	選択消去	0	1	0	0	1	0:1:0:0	二次(premiere全体注記)			
445	edit_basic	Clear Video In and Out	映像イン/アウト解除	0	0	1	0	1	1:0:0:0	公式(BMDマニュアルPDF)			
446	edit_basic	Copy Head	先頭側コピー	0	0	1	0	1	1:0:0:0	公式(BMDマニュアルPDF)			
447	edit_basic	Copy Tail	末尾側コピー	0	0	1	0	1	1:0:0:0	公式(BMDマニュアルPDF)			
448	edit_basic	Copy with Property Links	プロパティリンク付きコピー	1	0	0	0	1	1:0:0:0	二次(非公式技術抽出/2015時点)			
449	edit_basic	Copy/Cut/Paste = Ctrl+C/X/V	コピー/切り取り/貼り付け	0	0	0	1	1	0:1:0:0	一致(2件)			
450	edit_basic	Cut Head	プレイヘッド前をカット(Fairlight)	0	0	1	0	1	1:0:0:0	公式(BMDマニュアルPDF)			
451	edit_basic	Cut Tail	プレイヘッド後をカット(Fairlight)	0	0	1	0	1	1:0:0:0	公式(BMDマニュアルPDF)			
452	edit_basic	Deselect all layers	全レイヤー選択解除	1	0	0	0	1	0:1:0:0	公式(Adobe)			
453	edit_basic	Duplicate selected items	選択項目を複製	1	0	0	0	1	0:1:0:0	公式(Adobe)			
454	edit_basic	Duplicate Selection	選択クリップを複製(Fairlight)	0	0	1	0	1	1:0:0:0	公式(BMDマニュアルPDF)			
455	edit_basic	Group	グループ化	0	1	0	0	1	1:2:0:0	二次(premiere全体注記)			統合(alias): premiere:menu:Clip>Group | premiere:shortcut:Clip Menu>Group | premiere:shortcut:Clipboard Shortcuts>Group
456	edit_basic	Group selected shapes	選択シェイプをグループ化	1	0	0	0	1	0:1:0:0	公式(Adobe)			
457	edit_basic	Group Shapes	シェイプをグループ化	1	0	0	0	1	1:0:0:0	二次(非公式技術抽出/2015時点)			
458	edit_basic	History	操作履歴	1	0	0	0	1	1:0:0:0	二次(非公式技術抽出/2015時点)			
459	edit_basic	History	アンドゥ履歴サブメニュー	0	0	1	0	1	1:0:0:0	公式(BMDマニュアルPDF)			
460	edit_basic	Paste layers at current time	現在時刻にレイヤーを貼り付け	1	0	0	0	1	0:1:0:0	公式(Adobe)			
461	edit_basic	Paste Value	パラメータ値の貼り付け(Color)	0	0	1	0	1	1:0:0:0	公式(BMDマニュアルPDF)			
462	edit_basic	Reveal in Finder	Finderで表示	1	0	0	0	1	1:0:0:0	二次(非公式技術抽出/2015時点)			
463	edit_basic	Reveal in Finder	Finderで表示	1	0	0	0	1	1:0:0:0	二次(非公式技術抽出/2015時点)			
464	edit_basic	Revival Undo	Option+Command+Z	0	0	1	0	1	0:1:0:0	公式(BMD, v11時点)			
465	edit_basic	Show Duplicate Frames	重複フレーム表示	0	0	1	0	1	1:0:0:0	公式(BMDマニュアルPDF)			
466	edit_basic	Undo	アンドゥ履歴を消去	1	0	0	0	1	1:0:0:0	二次(非公式技術抽出/2015時点)			
467	edit_basic	Undo = Ctrl+Z / Redo = Ctrl+Shift+Z	取り消し/やり直し	0	0	0	1	1	0:1:0:0	一致(2件)			
468	edit_basic	Ungroup	グループ解除	0	1	0	0	1	1:2:0:0	二次(premiere全体注記)			統合(alias): premiere:menu:Clip>Ungroup | premiere:shortcut:Clip Menu>Ungroup | premiere:shortcut:Clipboard Shortcuts>Ungroup
469	edit_basic	Ungroup selected shapes	選択シェイプのグループ解除	1	0	0	0	1	0:1:0:0	公式(Adobe)			
470	edit_basic	Ungroup Shapes	シェイプのグループ解除	1	0	0	0	1	1:0:0:0	二次(非公式技術抽出/2015時点)			
471	effects_animation	Add Expression	エクスプレッションを追加	1	0	0	0	1	1:0:0:0	二次(非公式技術抽出/2015時点)			
472	effects_animation	Add Keyframe	キーフレームを追加	1	0	0	0	1	1:0:0:0	二次(非公式技術抽出/2015時点)			
473	effects_animation	Add Keyframe	キーフレーム追加	0	0	1	0	1	1:0:0:0	公式(BMDマニュアルPDF)			
474	effects_animation	Add Keyframe	Command+[	0	0	1	0	1	0:1:0:0	公式(BMD, v11時点)			
475	effects_animation	Add or remove expression for property	プロパティにエクスプレッションを追加/削除	1	0	0	0	1	0:1:0:0	公式(Adobe)			
476	effects_animation	Add or remove keyframe at current time	現在時刻でキーフレームを追加/削除	1	0	0	0	1	0:1:0:0	公式(Adobe)			
477	effects_animation	Add Static Keyframe	静的キーフレーム追加	0	0	1	0	1	1:0:0:0	公式(BMDマニュアルPDF)			
478	effects_animation	Add Static Keyframe	Command+]	0	0	1	0	1	0:1:0:0	公式(BMD, v11時点)			
479	effects_animation	Convert Audio to Keyframes	オーディオをキーフレームに変換	1	0	0	0	1	1:0:0:0	二次(非公式技術抽出/2015時点)			
480	effects_animation	Convert Expression to Keyframes	エクスプレッションをキーフレームに変換	1	0	0	0	1	1:0:0:0	二次(非公式技術抽出/2015時点)			
481	effects_animation	Delete All Keyframes	全キーフレーム削除	0	0	1	0	1	1:0:0:0	公式(BMDマニュアルPDF)			
482	effects_animation	Delete Keyframe	キーフレーム削除	0	0	1	0	1	1:0:0:0	公式(BMDマニュアルPDF)			
483	effects_animation	Delete Keyframe	Option+]	0	0	1	0	1	0:1:0:0	公式(BMD, v11時点)			
484	effects_animation	Deselect all keyframes, properties, and groups	全キーフレーム・プロパティ・グループの選択解除	1	0	0	0	1	0:1:0:0	公式(Adobe)			
485	effects_animation	Easy Ease	イージーイーズ	1	0	0	0	1	1:0:0:0	二次(非公式技術抽出/2015時点)			
486	effects_animation	Easy Ease In	イージーイーズイン	1	0	0	0	1	1:0:0:0	二次(非公式技術抽出/2015時点)			
487	effects_animation	Easy Ease Out	イージーイーズアウト	1	0	0	0	1	1:0:0:0	二次(非公式技術抽出/2015時点)			
488	effects_animation	Easy ease selected keyframes	選択キーフレームにイージーイーズ	1	0	0	0	1	0:1:0:0	公式(Adobe)			
489	effects_animation	Easy ease selected keyframes in	イージーイーズイン	1	0	0	0	1	0:1:0:0	公式(Adobe)			
490	effects_animation	Easy ease selected keyframes out	イージーイーズアウト	1	0	0	0	1	0:1:0:0	公式(Adobe)			
491	effects_animation	Exponential Scale	指数スケール	1	0	0	0	1	1:0:0:0	二次(非公式技術抽出/2015時点)			
492	effects_animation	Expression	エクスプレッションセレクタ	1	0	0	0	1	1:0:0:0	二次(非公式技術抽出/2015時点)			
493	effects_animation	Expression Reference…	エクスプレッションリファレンス	1	0	0	0	1	1:0:0:0	二次(非公式技術抽出/2015時点)			
494	effects_animation	Keyframe Animation and Motion Tracking	キーフレームアニメ/モーショントラッキング	0	0	0	1	1	1:0:0:0	公式			
495	effects_animation	Keyframe Interpolation…	キーフレーム補間法	1	0	0	0	1	1:0:0:0	二次(非公式技術抽出/2015時点)			
496	effects_animation	Keyframe Timeline Mode	キーフレームタイムラインモード	0	0	1	0	1	1:0:0:0	公式(BMDマニュアルPDF)			
497	effects_animation	Keyframe Velocity…	キーフレーム速度	1	0	0	0	1	1:0:0:0	二次(非公式技術抽出/2015時点)			
498	effects_animation	Move keyframe 1 frame later or earlier	キーフレームを1フレーム前後移動	1	0	0	0	1	0:1:0:0	公式(Adobe)			
499	effects_animation	Move keyframe 10 frames later or earlier	キーフレームを10フレーム前後移動	1	0	0	0	1	0:1:0:0	公式(Adobe)			
500	effects_animation	Move Selected Keyframes Down	選択キーフレームを下移動	0	0	1	0	1	1:0:0:0	公式(BMDマニュアルPDF)			
501	effects_animation	Move Selected Keyframes Left	選択キーフレームを左移動	0	0	1	0	1	1:0:0:0	公式(BMDマニュアルPDF)			
502	effects_animation	Move Selected Keyframes Right	選択キーフレームを右移動	0	0	1	0	1	1:0:0:0	公式(BMDマニュアルPDF)			
503	effects_animation	Move Selected Keyframes Up	選択キーフレームを上移動	0	0	1	0	1	1:0:0:0	公式(BMDマニュアルPDF)			
504	effects_animation	Next Keyframe	]	0	0	1	0	1	0:1:0:0	公式(BMD, v11時点)			
505	effects_animation	Previous Keyframe	[	0	0	1	0	1	0:1:0:0	公式(BMD, v11時点)			
506	effects_animation	Reveal Properties with Keyframes	キーフレーム付きプロパティを表示	1	0	0	0	1	1:0:0:0	二次(非公式技術抽出/2015時点)			
507	effects_animation	Reverse paste copied keyframes	コピーしたキーフレームを逆順貼り付け	1	0	0	0	1	0:1:0:0	公式(Adobe)			
508	effects_animation	RPF Camera Import	RPFカメラ読み込み	1	0	0	0	1	1:0:0:0	二次(非公式技術抽出/2015時点)			
509	effects_animation	Select all keyframes for property	プロパティの全キーフレームを選択	1	0	0	0	1	0:1:0:0	公式(Adobe)			
510	effects_animation	Select all visible keyframes and properties	表示中の全キーフレーム・プロパティを選択	1	0	0	0	1	0:1:0:0	公式(Adobe)			
511	effects_animation	Sequence Layers…	レイヤーをシーケンス化	1	0	0	0	1	1:0:0:0	二次(非公式技術抽出/2015時点)			
512	effects_animation	Set interpolation for keyframes	キーフレーム補間法を設定	1	0	0	0	1	0:1:0:0	公式(Adobe)			
513	effects_animation	Set interpolation to linear or Auto Bezier	補間をリニア/自動ベジェに設定	1	0	0	0	1	0:1:0:0	公式(Adobe)			
514	effects_animation	Set interpolation to linear or hold	補間をリニア/ホールドに設定	1	0	0	0	1	0:1:0:0	公式(Adobe)			
515	effects_animation	Set keyframe interpolation to hold or Auto Bezier	補間をホールド/自動ベジェに設定	1	0	0	0	1	0:1:0:0	公式(Adobe)			
516	effects_animation	Set velocity for selected keyframes	選択キーフレームの速度を設定	1	0	0	0	1	0:1:0:0	公式(Adobe)			
517	effects_animation	Show Keyframe Editor	キーフレームエディタ表示	0	0	1	0	1	1:0:0:0	公式(BMDマニュアルPDF)			
518	effects_animation	Time-Reverse Keyframes	キーフレームを時間反転	1	0	0	0	1	1:0:0:0	二次(非公式技術抽出/2015時点)			
519	effects_animation	Toggle between Graph Editor and layer bar modes	グラフエディタ/レイヤーバー切替	1	0	0	0	1	0:1:0:0	公式(Adobe)			
520	effects_animation	Toggle Hold Keyframe	ホールドキーフレーム切替	1	0	0	0	1	1:0:0:0	二次(非公式技術抽出/2015時点)			
521	export_render	Add to Adobe Media Encoder Queue…	AMEキューに追加	1	0	0	0	1	1:0:0:0	二次(非公式技術抽出/2015時点)			
522	export_render	Add to Render Queue	レンダーキューに追加	1	0	0	0	1	1:0:0:0	二次(非公式技術抽出/2015時点)			
523	export_render	Adobe Flash Player (SWF)…	SWF書き出し	1	0	0	0	1	1:0:0:0	二次(非公式技術抽出/2015時点)			
524	export_render	Adobe Premiere Pro Project…	Premiereプロジェクトへ書き出し	1	0	0	0	1	1:0:0:0	二次(非公式技術抽出/2015時点)			
525	export_render	Bin	ビンをエクスポート	0	0	1	0	1	1:0:0:0	公式(BMDマニュアルPDF)			
526	export_render	Collect Files…	依存ファイルを収集	1	0	0	0	1	1:0:0:0	二次(非公式技術抽出/2015時点)			
527	export_render	Consolidate All Footage	重複素材を統合	1	0	0	0	1	1:0:0:0	二次(非公式技術抽出/2015時点)			
528	export_render	Copyright Check	著作権チェック	0	0	0	1	1	1:0:0:0	公式			
529	export_render	Ctrl+E = Export(droidcrunch)またはOpen effects(skillademia)	書き出し、またはエフェクトパネルを開く(出典間で矛盾)	0	0	0	1	1	0:1:0:0	単一×2(相互矛盾・未解決)			
530	export_render	Current Frame as Still	現在フレームを静止画で書き出す	0	0	1	0	1	1:0:0:0	公式(BMDマニュアルPDF)			
531	export_render	Export AAF, XML	Shift+Command+O	0	0	1	0	1	0:1:0:0	公式(BMD, v11時点)			
532	export_render	Export Metadata From	メタデータをCSVへ書き出す	0	0	1	0	1	1:0:0:0	公式(BMDマニュアルPDF)			
533	export_render	Export Project	プロジェクトファイル(.drp)を書き出す	0	0	1	0	1	1:0:0:0	公式(BMDマニュアルPDF)			
534	export_render	Export Project	Command+E	0	0	1	0	1	0:1:0:0	公式(BMD, v11時点)			
535	export_render	Extend selection to next item in Project/Render Queue/Effect Controls panel	次項目まで選択範囲を拡張	1	0	0	0	1	0:1:0:0	公式(Adobe)			
536	export_render	MAXON CINEMA 4D Exporter…	C4D形式で書き出し	1	0	0	0	1	1:0:0:0	二次(非公式技術抽出/2015時点)			
537	export_render	Media Management	メディアマネジメントウィンドウを開く	0	0	1	0	1	1:0:0:0	公式(BMDマニュアルPDF)			
538	export_render	Quick Export	クイックエクスポートウィンドウを開く	0	0	1	0	1	1:0:0:0	公式(BMDマニュアルPDF)			
539	export_render	Reduce Project	プロジェクトを選択コンポのみに縮小	1	0	0	0	1	1:0:0:0	二次(非公式技術抽出/2015時点)			
540	export_render	Send to Media Encoder	Media Encoderへキューを送信	0	1	0	0	1	1:0:0:0	二次(premiere全体注記)			
541	fusion_vfx	Add Layer Node	Option+L	0	0	1	0	1	0:1:0:0	公式(BMD, v11時点)			
542	fusion_vfx	Add Outside Node	Option+O	0	0	1	0	1	0:1:0:0	公式(BMD, v11時点)			
543	fusion_vfx	Add Parallel Node	Option+P	0	0	1	0	1	0:1:0:0	公式(BMD, v11時点)			
544	fusion_vfx	Add Serial Before Current	Shift+S	0	0	1	0	1	0:1:0:0	公式(BMD, v11時点)			
545	fusion_vfx	Add Serial Node	Option+S	0	0	1	0	1	0:1:0:0	公式(BMD, v11時点)			
546	fusion_vfx	Add Serial Node + CPW	Option+C	0	0	1	0	1	0:1:0:0	公式(BMD, v11時点)			
547	fusion_vfx	Add Serial Node + LPW	Option+Q	0	0	1	0	1	0:1:0:0	公式(BMD, v11時点)			
548	fusion_vfx	Add Serial Node + PCW	Option+B	0	0	1	0	1	0:1:0:0	公式(BMD, v11時点)			
549	fusion_vfx	Add Serial Node + PPW	Option+G	0	0	1	0	1	0:1:0:0	公式(BMD, v11時点)			
550	fusion_vfx	Add Splitter Combiner Node	Option+Y	0	0	1	0	1	0:1:0:0	公式(BMD, v11時点)			
551	fusion_vfx	Alembic Scene	Alembicシーンをインポート	0	0	1	0	1	1:0:0:0	公式(BMDマニュアルPDF)	out-of-domain?		製品固有の深部機能(Fusion/Fairlight/Dolby Vision/HDR規格/プロ入出力設定等)のため out-of-domain? フラグ。判定は後段。
552	fusion_vfx	Append a Node	Option+K	0	0	1	0	1	0:1:0:0	公式(BMD, v11時点)			
553	fusion_vfx	Enable/Disable All Nodes	Option+D	0	0	1	0	1	0:1:0:0	公式(BMD, v11時点)			
554	fusion_vfx	Enable/Disable Current Node	Command+D	0	0	1	0	1	0:1:0:0	公式(BMD, v11時点)			
555	fusion_vfx	FBX Scene	FBXシーンをインポート	0	0	1	0	1	1:0:0:0	公式(BMDマニュアルPDF)	out-of-domain?		製品固有の深部機能(Fusion/Fairlight/Dolby Vision/HDR規格/プロ入出力設定等)のため out-of-domain? フラグ。判定は後段。
556	fusion_vfx	Fusion Composition	Fusionコンポジションをインポート	0	0	1	0	1	1:0:0:0	公式(BMDマニュアルPDF)	out-of-domain?		製品固有の深部機能(Fusion/Fairlight/Dolby Vision/HDR規格/プロ入出力設定等)のため out-of-domain? フラグ。判定は後段。
557	fusion_vfx	Fusion Composition	Fusionコンポジションをエクスポート	0	0	1	0	1	1:0:0:0	公式(BMDマニュアルPDF)	out-of-domain?		製品固有の深部機能(Fusion/Fairlight/Dolby Vision/HDR規格/プロ入出力設定等)のため out-of-domain? フラグ。判定は後段。
558	fusion_vfx	Fusion Memory Cache	Fusionメモリキャッシュ	0	0	1	0	1	1:0:0:0	公式(BMDマニュアルPDF)	out-of-domain?		製品固有の深部機能(Fusion/Fairlight/Dolby Vision/HDR規格/プロ入出力設定等)のため out-of-domain? フラグ。判定は後段。
559	fusion_vfx	Fusion Settings	Fusion設定を開く	0	0	1	0	1	1:0:0:0	公式(BMDマニュアルPDF)	out-of-domain?		製品固有の深部機能(Fusion/Fairlight/Dolby Vision/HDR規格/プロ入出力設定等)のため out-of-domain? フラグ。判定は後段。
560	fusion_vfx	Macro Editor	マクロエディタを開く	0	0	1	0	1	1:0:0:0	公式(BMDマニュアルPDF)	out-of-domain?		製品固有の深部機能(Fusion/Fairlight/Dolby Vision/HDR規格/プロ入出力設定等)のため out-of-domain? フラグ。判定は後段。
561	fusion_vfx	New Fusion Clip	Fusionクリップ作成	0	0	1	0	1	1:0:0:0	公式(BMDマニュアルPDF)	out-of-domain?		製品固有の深部機能(Fusion/Fairlight/Dolby Vision/HDR規格/プロ入出力設定等)のため out-of-domain? フラグ。判定は後段。
562	fusion_vfx	PSD	PSDをインポート	0	0	1	0	1	1:0:0:0	公式(BMDマニュアルPDF)	out-of-domain?		製品固有の深部機能(Fusion/Fairlight/Dolby Vision/HDR規格/プロ入出力設定等)のため out-of-domain? フラグ。判定は後段。
563	fusion_vfx	Render All Savers	全Saverをレンダー	0	0	1	0	1	1:0:0:0	公式(BMDマニュアルPDF)	out-of-domain?		製品固有の深部機能(Fusion/Fairlight/Dolby Vision/HDR規格/プロ入出力設定等)のため out-of-domain? フラグ。判定は後段。
564	fusion_vfx	Render Cache Fusion Output	Fusion出力をレンダーキャッシュ	0	0	1	0	1	1:0:0:0	公式(BMDマニュアルPDF)	out-of-domain?		製品固有の深部機能(Fusion/Fairlight/Dolby Vision/HDR規格/プロ入出力設定等)のため out-of-domain? フラグ。判定は後段。
565	fusion_vfx	Reset Composition	コンポジションをリセット	0	0	1	0	1	1:0:0:0	公式(BMDマニュアルPDF)	out-of-domain?		製品固有の深部機能(Fusion/Fairlight/Dolby Vision/HDR規格/プロ入出力設定等)のため out-of-domain? フラグ。判定は後段。
566	fusion_vfx	Shapes	シェイプをインポート	0	0	1	0	1	1:0:0:0	公式(BMDマニュアルPDF)	out-of-domain?		製品固有の深部機能(Fusion/Fairlight/Dolby Vision/HDR規格/プロ入出力設定等)のため out-of-domain? フラグ。判定は後段。
567	fusion_vfx	Show Toolbar	ツールバー表示	0	0	1	0	1	1:0:0:0	公式(BMDマニュアルPDF)	out-of-domain?		製品固有の深部機能(Fusion/Fairlight/Dolby Vision/HDR規格/プロ入出力設定等)のため out-of-domain? フラグ。判定は後段。
568	fusion_vfx	SVG	SVGをインポート	0	0	1	0	1	1:0:0:0	公式(BMDマニュアルPDF)	out-of-domain?		製品固有の深部機能(Fusion/Fairlight/Dolby Vision/HDR規格/プロ入出力設定等)のため out-of-domain? フラグ。判定は後段。
569	fusion_vfx	Tracks	トラッキングデータをインポート	0	0	1	0	1	1:0:0:0	公式(BMDマニュアルPDF)	out-of-domain?		製品固有の深部機能(Fusion/Fairlight/Dolby Vision/HDR規格/プロ入出力設定等)のため out-of-domain? フラグ。判定は後段。
570	help	Adobe Crash Reporter…	クラッシュレポーター	1	0	0	0	1	1:0:0:0	二次(非公式技術抽出/2015時点)			
571	help	Adobe Product Improvement Program…	製品改善プログラム	1	0	0	0	1	1:0:0:0	二次(非公式技術抽出/2015時点)			
572	help	After Effects Help…	ヘルプを開く	1	0	0	0	1	1:0:0:0	二次(非公式技術抽出/2015時点)			
573	help	After Effects Support Center…	サポートセンター	1	0	0	0	1	1:0:0:0	二次(非公式技術抽出/2015時点)			
574	help	Animation Presets…	アニメーションプリセットヘルプ	1	0	0	0	1	1:0:0:0	二次(非公式技術抽出/2015時点)			
575	help	Check for Updates	新バージョンの有無を確認	0	0	1	0	1	1:0:0:0	公式(BMDマニュアルPDF)			
576	help	Complete/Update Adobe ID Profile…	Adobe IDプロフィール更新	1	0	0	0	1	1:0:0:0	二次(非公式技術抽出/2015時点)			
577	help	Create Diagnostics Log on Desktop	診断ログをデスクトップに作成	0	0	1	0	1	1:0:0:0	公式(BMDマニュアルPDF)			
578	help	DaVinci Control Panels Setup	コントロールパネルセットアップ	0	0	1	0	1	1:0:0:0	公式(BMDマニュアルPDF)			
579	help	DaVinci Resolve Reference Manual	リファレンスマニュアルを開く	0	0	1	0	1	1:0:0:0	公式(BMDマニュアルPDF)			
580	help	DaVinci Resolve Training	トレーニング情報を開く	0	0	1	0	1	1:0:0:0	公式(BMDマニュアルPDF)			
581	help	Deactivate License	ライセンス解除	0	0	1	0	1	1:0:0:0	公式(BMDマニュアルPDF)			
582	help	Documentation	ドキュメントを開く	0	0	1	0	1	1:0:0:0	公式(BMDマニュアルPDF)			
583	help	Effect Reference…	エフェクトリファレンス	1	0	0	0	1	1:0:0:0	二次(非公式技術抽出/2015時点)			
584	help	Enable Logging	ログ記録を有効化	1	0	0	0	1	1:0:0:0	二次(非公式技術抽出/2015時点)			
585	help	Online Users Forums…	オンラインフォーラム	1	0	0	0	1	1:0:0:0	二次(非公式技術抽出/2015時点)			
586	help	Reveal Logging File	ログファイルを表示	1	0	0	0	1	1:0:0:0	二次(非公式技術抽出/2015時点)			
587	help	Scripting Help…	スクリプトヘルプ	1	0	0	0	1	1:0:0:0	二次(非公式技術抽出/2015時点)			
588	help	Send Feedback…	フィードバック送信	1	0	0	0	1	1:0:0:0	二次(非公式技術抽出/2015時点)			
589	help	Updates…	アップデート確認	1	0	0	0	1	1:0:0:0	二次(非公式技術抽出/2015時点)			
590	help	Welcome Screen…	ようこそ画面	1	0	0	0	1	1:0:0:0	二次(非公式技術抽出/2015時点)			
591	help	Welcome to DaVinci Resolve	ようこそ画面を開く	0	0	1	0	1	1:0:0:0	公式(BMDマニュアルPDF)			
592	import_export	Import (media/file)	メディア/ファイルを読み込む	1	1	1	1	4	4:1:0:0	一致(2件);二次(premiere全体注記);二次(非公式技術抽出/2015時点);公式;公式(BMDマニュアルPDF)			統合(alias): ae:menu:File > Import>File… | capcut:menu:Toolbar>Import | capcut:shortcut:Project>Import media = Ctrl+I | premiere:menu:File>Import | resolve:menu:File > Import>Media
593	import_export	Export (media)	メディアを書き出す	0	1	1	1	3	3:0:0:0	二次(premiere全体注記);公式;公式(BMDマニュアルPDF)			統合(alias): capcut:menu:Toolbar>Export | premiere:menu:File>Export Media | resolve:menu:File > Export>Timeline
594	import_export	Adobe Premiere Pro Project…	Premiereプロジェクトを読み込む	1	0	0	0	1	1:0:0:0	二次(非公式技術抽出/2015時点)			
595	import_export	Batch List From EDL	EDLからバッチリストをインポート	0	0	1	0	1	1:0:0:0	公式(BMDマニュアルPDF)			
596	import_export	Bin	ビンをインポート	0	0	1	0	1	1:0:0:0	公式(BMDマニュアルPDF)			
597	import_export	Delete footage item without warning	警告なしで素材を削除	1	0	0	0	1	0:1:0:0	公式(Adobe)			
598	import_export	Edit selected footage in associated application	関連アプリで素材を編集	1	0	0	0	1	0:1:0:0	公式(Adobe)			
599	import_export	Import AAF, EDL, XML	Shift+Command+I	0	0	1	0	1	0:1:0:0	公式(BMD, v11時点)			
600	import_export	Import from Media Browser	Media Browserから読み込み	0	1	0	0	1	1:0:0:0	二次(premiere全体注記)			
601	import_export	Import Metadata To	CSVからメタデータをインポート	0	0	1	0	1	1:0:0:0	公式(BMDマニュアルPDF)			
602	import_export	Import multiple files or image sequences	複数ファイル読み込み	1	0	0	0	1	0:1:0:0	公式(Adobe)			
603	import_export	Import one file or image sequence	1ファイル/連番読み込み	1	0	0	0	1	0:1:0:0	公式(Adobe)			
604	import_export	Import Project	プロジェクトファイル(.drp)をインポート	0	0	1	0	1	1:0:0:0	公式(BMDマニュアルPDF)			
605	import_export	Import Project	Command+I	0	0	1	0	1	0:1:0:0	公式(BMD, v11時点)			
606	import_export	Import…	読み込み時の既定動作設定	1	0	0	0	1	1:0:0:0	二次(非公式技術抽出/2015時点)			
607	import_export	Media from XML	XMLからメディアをインポート	0	0	1	0	1	1:0:0:0	公式(BMDマニュアルPDF)			
608	import_export	Multiple Files…	複数ファイルを読み込む	1	0	0	0	1	1:0:0:0	二次(非公式技術抽出/2015時点)			
609	import_export	Open Interpret Footage dialog	素材の解釈ダイアログを開く	1	0	0	0	1	0:1:0:0	公式(Adobe)			
610	import_export	Open movie in After Effects Footage panel	Footageパネルで動画を開く	1	0	0	0	1	0:1:0:0	公式(Adobe)			
611	import_export	Placeholder…	プレースホルダーを読み込む	1	0	0	0	1	1:0:0:0	二次(非公式技術抽出/2015時点)			
612	import_export	Pre-conformed EDL	コンフォーム済みEDLをインポート	0	0	1	0	1	1:0:0:0	公式(BMDマニュアルPDF)			
613	import_export	Pro Import After Effects…	Premiere用インポータ	1	0	0	0	1	1:0:0:0	二次(非公式技術抽出/2015時点)			
614	import_export	Reload selected footage items	選択素材を再読み込み	1	0	0	0	1	0:1:0:0	公式(Adobe)			
615	import_export	Remember footage interpretation	素材の解釈を記憶	1	0	0	0	1	0:1:0:0	公式(Adobe)			
616	import_export	Replace selected footage item	選択素材を置換	1	0	0	0	1	0:1:0:0	公式(Adobe)			
617	import_export	Replace selected source footage for selected layers	選択レイヤーのソースを置換	1	0	0	0	1	0:1:0:0	公式(Adobe)			
618	import_export	Replace source for selected layer	選択レイヤーのソースを置換(ドラッグ)	1	0	0	0	1	0:1:0:0	公式(Adobe)			
619	import_export	Set proxy for selected footage item	選択素材にプロキシを設定	1	0	0	0	1	0:1:0:0	公式(Adobe)			
620	import_export	Solid…	単色を読み込む	1	0	0	0	1	1:0:0:0	二次(非公式技術抽出/2015時点)			
621	import_export	Timeline	タイムラインをインポート	0	0	1	0	1	1:0:0:0	公式(BMDマニュアルPDF)			
622	import_export	Vanishing Point (.vpe)…	Vanishing Pointデータ読み込み	1	0	0	0	1	1:0:0:0	二次(非公式技術抽出/2015時点)	out-of-domain?		製品固有の深部機能(Fusion/Fairlight/Dolby Vision/HDR規格/プロ入出力設定等)のため out-of-domain? フラグ。判定は後段。
623	import_export	Watch Folder…	監視フォルダを設定	1	0	0	0	1	1:0:0:0	二次(非公式技術抽出/2015時点)			
624	label_color	Aqua	水色ラベル	1	0	0	0	1	1:0:0:0	二次(非公式技術抽出/2015時点)			
625	label_color	Blue	青ラベル	1	0	0	0	1	1:0:0:0	二次(非公式技術抽出/2015時点)			
626	label_color	Brown	茶ラベル	1	0	0	0	1	1:0:0:0	二次(非公式技術抽出/2015時点)			
627	label_color	Cyan	シアンラベル	1	0	0	0	1	1:0:0:0	二次(非公式技術抽出/2015時点)			
628	label_color	Dark Green	ダークグリーンラベル	1	0	0	0	1	1:0:0:0	二次(非公式技術抽出/2015時点)			
629	label_color	Fuchsia	フクシアラベル	1	0	0	0	1	1:0:0:0	二次(非公式技術抽出/2015時点)			
630	label_color	Green	緑ラベル	1	0	0	0	1	1:0:0:0	二次(非公式技術抽出/2015時点)			
631	label_color	Labels…	ラベル色の設定	1	0	0	0	1	1:0:0:0	二次(非公式技術抽出/2015時点)			
632	label_color	Lavender	ラベンダーラベル	1	0	0	0	1	1:0:0:0	二次(非公式技術抽出/2015時点)			
633	label_color	None	ラベルなし	1	0	0	0	1	1:0:0:0	二次(非公式技術抽出/2015時点)			
634	label_color	Orange	オレンジラベル	1	0	0	0	1	1:0:0:0	二次(非公式技術抽出/2015時点)			
635	label_color	Peach	ピーチラベル	1	0	0	0	1	1:0:0:0	二次(非公式技術抽出/2015時点)			
636	label_color	Pink	ピンクラベル	1	0	0	0	1	1:0:0:0	二次(非公式技術抽出/2015時点)			
637	label_color	Purple	紫ラベル	1	0	0	0	1	1:0:0:0	二次(非公式技術抽出/2015時点)			
638	label_color	Red	赤ラベル	1	0	0	0	1	1:0:0:0	二次(非公式技術抽出/2015時点)			
639	label_color	Sandstone	サンドストーンラベル	1	0	0	0	1	1:0:0:0	二次(非公式技術抽出/2015時点)			
640	label_color	Sea Foam	シーフォームラベル	1	0	0	0	1	1:0:0:0	二次(非公式技術抽出/2015時点)			
641	label_color	Select Label Group	同ラベルをまとめて選択	1	0	0	0	1	1:0:0:0	二次(非公式技術抽出/2015時点)			
642	label_color	Yellow	黄ラベル	1	0	0	0	1	1:0:0:0	二次(非公式技術抽出/2015時点)			
643	layer_transform	Activate Rotation tool	回転ツール	1	0	0	0	1	0:1:0:0	公式(Adobe)			
644	layer_transform	Add Output Module	出力モジュールを追加	1	0	0	0	1	1:0:0:0	二次(非公式技術抽出/2015時点)			
645	layer_transform	Add selected items to most recently activated composition	直近コンポへ選択項目を追加	1	0	0	0	1	0:1:0:0	公式(Adobe)			
646	layer_transform	Add to Adobe Media Encoder Queue…	AMEキューに追加	1	0	0	0	1	1:0:0:0	二次(非公式技術抽出/2015時点)			
647	layer_transform	Add to Render Queue	レンダーキューに追加	1	0	0	0	1	1:0:0:0	二次(非公式技術抽出/2015時点)			
648	layer_transform	Anchor Point…	アンカーポイント	1	0	0	0	1	1:0:0:0	二次(非公式技術抽出/2015時点)			
649	layer_transform	Auto-Orient…	自動方向	1	0	0	0	1	1:0:0:0	二次(非公式技術抽出/2015時点)			
650	layer_transform	Cache Work Area in Background	バックグラウンドでワークエリアをキャッシュ	1	0	0	0	1	1:0:0:0	二次(非公式技術抽出/2015時点)			
651	layer_transform	Cancel Caching Work Area in Background	バックグラウンドキャッシュを中止	1	0	0	0	1	1:0:0:0	二次(非公式技術抽出/2015時点)			
652	layer_transform	Center Anchor Point in Layer Content	アンカーポイントをコンテンツ中央へ	1	0	0	0	1	1:0:0:0	二次(非公式技術抽出/2015時点)			
653	layer_transform	Center anchor point in visible content	アンカーポイントを表示内容の中央に	1	0	0	0	1	0:1:0:0	公式(Adobe)			
654	layer_transform	Center composition in panel	パネル内でコンポを中央に	1	0	0	0	1	0:1:0:0	公式(Adobe)			
655	layer_transform	Center in View	ビュー中央に配置	1	0	0	0	1	1:0:0:0	二次(非公式技術抽出/2015時点)			
656	layer_transform	Composition Flowchart	コンポジションのフローチャート表示	1	0	0	0	1	1:0:0:0	二次(非公式技術抽出/2015時点)			
657	layer_transform	Composition Mini-Flowchart	ミニフローチャート表示	1	0	0	0	1	1:0:0:0	二次(非公式技術抽出/2015時点)			
658	layer_transform	Composition Settings…	コンポジション設定	1	0	0	0	1	1:0:0:0	二次(非公式技術抽出/2015時点)			
659	layer_transform	Crop Comp to Region of Interest	関心領域にコンポをクロップ	1	0	0	0	1	1:0:0:0	二次(非公式技術抽出/2015時点)			
660	layer_transform	Decrease Scale by 1%	スケールを1%減少	1	0	0	0	1	0:1:0:0	公式(Adobe)			
661	layer_transform	Decrease Scale by 10%	スケールを10%減少	1	0	0	0	1	0:1:0:0	公式(Adobe)			
662	layer_transform	Enter free-transform path editing mode	自由変形パス編集モードへ	1	0	0	0	1	0:1:0:0	公式(Adobe)			
663	layer_transform	File…	フレームをファイル保存	1	0	0	0	1	1:0:0:0	二次(非公式技術抽出/2015時点)			
664	layer_transform	Fit to Comp	コンポにフィット	1	0	0	0	1	1:0:0:0	二次(非公式技術抽出/2015時点)			
665	layer_transform	Fit to Comp Height	コンポ高さにフィット	1	0	0	0	1	1:0:0:0	二次(非公式技術抽出/2015時点)			
666	layer_transform	Fit to Comp Width	コンポ幅にフィット	1	0	0	0	1	1:0:0:0	二次(非公式技術抽出/2015時点)			
667	layer_transform	Flip Horizontal	水平反転	1	0	0	0	1	1:0:0:0	二次(非公式技術抽出/2015時点)			
668	layer_transform	Flip Vertical	垂直反転	1	0	0	0	1	1:0:0:0	二次(非公式技術抽出/2015時点)			
669	layer_transform	Full screen toggle = Ctrl+Shift+F(droidcrunch)またはFlip horizontal(skillademia)	全画面プレビュー、または水平反転(矛盾)	0	0	0	1	1	0:1:0:0	単一×2(相互矛盾・未解決)			
670	layer_transform	Go backward 10 frames	10フレーム戻る	1	0	0	0	1	0:1:0:0	公式(Adobe)			
671	layer_transform	Go forward 10 frames	10フレーム進む	1	0	0	0	1	0:1:0:0	公式(Adobe)			
672	layer_transform	Import After Effects Composition	既存AEコンポジションをDynamic Linkで読み込み	0	1	0	0	1	1:0:0:0	二次(premiere全体注記)			
673	layer_transform	Increase or decrease Opacity by 1%	不透明度を1%増減	1	0	0	0	1	0:1:0:0	公式(Adobe)			
674	layer_transform	Increase or decrease Opacity by 10%	不透明度を10%増減	1	0	0	0	1	0:1:0:0	公式(Adobe)			
675	layer_transform	Increase or decrease Rotation by 10°	回転を10度増減	1	0	0	0	1	0:1:0:0	公式(Adobe)			
676	layer_transform	Increase or decrease Rotation by 1°	回転を1度増減	1	0	0	0	1	0:1:0:0	公式(Adobe)			
677	layer_transform	Increase Scale by 1%	スケールを1%増加	1	0	0	0	1	0:1:0:0	公式(Adobe)			
678	layer_transform	Increase Scale by 10%	スケールを10%増加	1	0	0	0	1	0:1:0:0	公式(Adobe)			
679	layer_transform	Modify Rotation in 15° increments	回転を15度刻みで変更	1	0	0	0	1	0:1:0:0	公式(Adobe)			
680	layer_transform	Modify Scale constrained to aspect ratio	縦横比を保ってスケール変更	1	0	0	0	1	0:1:0:0	公式(Adobe)			
681	layer_transform	Move layers so In point at composition beginning	In点をコンポ先頭に	1	0	0	0	1	0:1:0:0	公式(Adobe)			
682	layer_transform	Move layers so Out point at composition end	Out点をコンポ末尾に	1	0	0	0	1	0:1:0:0	公式(Adobe)			
683	layer_transform	New > After Effects Composition	AEコンポジションを新規作成しDynamic Linkで接続	0	1	0	0	1	1:0:0:0	二次(premiere全体注記)			
684	layer_transform	New Composition…	新規コンポジション	1	0	0	0	1	1:0:0:0	二次(非公式技術抽出/2015時点)			
685	layer_transform	Opacity…	不透明度	1	0	0	0	1	1:0:0:0	二次(非公式技術抽出/2015時点)			
686	layer_transform	Open Opacity dialog	不透明度ダイアログを開く	1	0	0	0	1	0:1:0:0	公式(Adobe)			
687	layer_transform	Open Position dialog	位置ダイアログを開く	1	0	0	0	1	0:1:0:0	公式(Adobe)			
688	layer_transform	Open Rotation dialog	回転ダイアログを開く	1	0	0	0	1	0:1:0:0	公式(Adobe)			
689	layer_transform	Open selected layer, composition, or footage item	選択項目を開く	1	0	0	0	1	0:1:0:0	公式(Adobe)			
690	layer_transform	Orientation…	方向	1	0	0	0	1	1:0:0:0	二次(非公式技術抽出/2015時点)			
691	layer_transform	Photoshop Layers…	フレームをPSDレイヤーとして保存	1	0	0	0	1	1:0:0:0	二次(非公式技術抽出/2015時点)			
692	layer_transform	Position Objects to Bottom Title Safe Margin	下タイトルセーフに配置	0	1	0	0	1	0:1:0:0	二次(premiere全体注記)			
693	layer_transform	Position Objects to Left Title Safe Margin	左タイトルセーフに配置	0	1	0	0	1	0:1:0:0	二次(premiere全体注記)			
694	layer_transform	Position Objects to Top Title Safe Margin	上タイトルセーフに配置	0	1	0	0	1	0:1:0:0	二次(premiere全体注記)			
695	layer_transform	Position…	位置	1	0	0	0	1	1:0:0:0	二次(非公式技術抽出/2015時点)			
696	layer_transform	Pre-render…	プリレンダー	1	0	0	0	1	1:0:0:0	二次(非公式技術抽出/2015時点)			
697	layer_transform	RAM Preview	RAMプレビュー	1	0	0	0	1	1:0:0:0	二次(非公式技術抽出/2015時点)			
698	layer_transform	Reference Reposition	Option+Shift+R	0	0	1	0	1	0:1:0:0	公式(BMD, v11時点)			
699	layer_transform	Reposition shape during creation	作成中にシェイプを再配置	1	0	0	0	1	0:1:0:0	公式(Adobe)			
700	layer_transform	Reset	トランスフォームをリセット	1	0	0	0	1	1:0:0:0	二次(非公式技術抽出/2015時点)			
701	layer_transform	Reset Rotation to 0°	回転を0度にリセット	1	0	0	0	1	0:1:0:0	公式(Adobe)			
702	layer_transform	Reset Scale to 100%	スケールを100%にリセット	1	0	0	0	1	0:1:0:0	公式(Adobe)			
703	layer_transform	Rotation Tool	回転ツール	0	1	0	0	1	0:1:0:0	二次(premiere全体注記)			
704	layer_transform	Rotation…	回転	1	0	0	0	1	1:0:0:0	二次(非公式技術抽出/2015時点)			
705	layer_transform	Save RAM Preview…	RAMプレビューを保存	1	0	0	0	1	1:0:0:0	二次(非公式技術抽出/2015時点)			
706	layer_transform	Scale and reposition layers to fit composition	コンポにフィットさせスケール・再配置	1	0	0	0	1	0:1:0:0	公式(Adobe)			
707	layer_transform	Scale and reposition to fit composition height	コンポ高さにフィット	1	0	0	0	1	0:1:0:0	公式(Adobe)			
708	layer_transform	Scale and reposition to fit composition width	コンポ幅にフィット	1	0	0	0	1	0:1:0:0	公式(Adobe)			
709	layer_transform	Scale…	スケール	1	0	0	0	1	1:0:0:0	二次(非公式技術抽出/2015時点)			
710	layer_transform	Scroll to current time in Timeline panel	現在時刻までスクロール	1	0	0	0	1	0:1:0:0	公式(Adobe)			
711	layer_transform	Set opacity for paint tool	ペイントツールの不透明度を設定	1	0	0	0	1	0:1:0:0	公式(Adobe)			
712	layer_transform	Set opacity to 100%	不透明度を100%に	1	0	0	0	1	0:1:0:0	公式(Adobe)			
713	layer_transform	Set Poster Time	ポスターフレーム時刻を設定	1	0	0	0	1	1:0:0:0	二次(非公式技術抽出/2015時点)			
714	layer_transform	Take Snapshot	該当なし(参考: PDFにはComposition関連のSnapshotは明記なし、Edit>Purge>Snapshotのみ確認)	1	0	0	0	1	1:0:0:0	二次(非公式技術抽出/2015時点)			
715	layer_transform	Trim Comp to Work Area	ワークエリアにコンポをトリム	1	0	0	0	1	1:0:0:0	二次(非公式技術抽出/2015時点)			
716	layer_transform	Upscale	AI高解像度化	0	0	0	1	1	1:0:0:0	公式			
717	marker	Add Marker	マーカーを追加	1	1	1	0	3	3:2:0:0	二次(premiere全体注記);二次(非公式技術抽出/2015時点);公式(BMD, v11時点);公式(BMDマニュアルPDF)			統合(alias): ae:menu:Layer>Add Marker | premiere:menu:Markers>Add Marker | premiere:shortcut:Marking and Markers>Add Marker | resolve:menu:Mark>Add Marker | resolve:shortcut:Mark>Add Marker
718	marker	Clear / Delete Marker(s)	マーカーを削除	0	1	1	0	2	4:3:0:0	二次(premiere全体注記);公式(BMD, v11時点);公式(BMDマニュアルPDF)			統合(alias): premiere:menu:Markers>Clear All Markers | premiere:menu:Markers>Clear Selected Marker | premiere:shortcut:Marking and Markers>Clear All Markers | premiere:shortcut:Marking and Markers>Clear Selected Marker | resolve:menu:Mark>Delete All Markers | resolve:menu:Mark>Delete Marker | resolve:shortcut:Mark>Delete Marker
719	marker	Clear In	イン点を解除	0	1	1	0	2	1:2:0:0	二次(premiere全体注記);公式(BMD, v11時点)			統合(alias): premiere:menu:Markers>Clear In | premiere:shortcut:Marking and Markers>Clear In | resolve:shortcut:Mark>Clear In
720	marker	Clear In and Out	イン/アウト点を両方解除	0	1	1	0	2	2:2:0:0	二次(premiere全体注記);公式(BMD, v11時点);公式(BMDマニュアルPDF)			統合(alias): premiere:menu:Markers>Clear In and Out | premiere:shortcut:Marking and Markers>Clear In and Out | resolve:menu:Mark>Clear In and Out | resolve:shortcut:Mark>Clear In and Out
721	marker	Clear Out	アウト点を解除	0	1	1	0	2	1:2:0:0	二次(premiere全体注記);公式(BMD, v11時点)			統合(alias): premiere:menu:Markers>Clear Out | premiere:shortcut:Marking and Markers>Clear Out | resolve:shortcut:Mark>Clear Out
722	marker	Go to Next Marker	次のマーカーへ移動	0	1	1	0	2	1:2:0:0	二次(premiere全体注記);公式(BMD, v11時点)			統合(alias): premiere:menu:Markers>Go to Next Marker | premiere:shortcut:Marking and Markers>Go to Next Marker | resolve:shortcut:Playback>Next Marker
723	marker	Go to Previous Marker	前のマーカーへ移動	0	1	1	0	2	1:2:0:0	二次(premiere全体注記);公式(BMD, v11時点)			統合(alias): premiere:menu:Markers>Go to Previous Marker | premiere:shortcut:Marking and Markers>Go to Previous Marker | resolve:shortcut:Playback>Previous Marker
724	marker	Mark Clip	クリップ全体をマーク	0	1	1	0	2	2:2:0:0	二次(premiere全体注記);公式(BMD, v11時点);公式(BMDマニュアルPDF)			統合(alias): premiere:menu:Markers>Mark Clip | premiere:shortcut:Marking and Markers>Mark Clip | resolve:menu:Mark>Mark Clip | resolve:shortcut:Mark>Mark Clip
725	marker	Mark In	イン点を設定	0	1	1	0	2	2:2:0:0	二次(premiere全体注記);公式(BMD, v11時点);公式(BMDマニュアルPDF)			統合(alias): premiere:menu:Markers>Mark In | premiere:shortcut:Marking and Markers>Mark In | resolve:menu:Mark>Mark In | resolve:shortcut:Mark>Mark In
726	marker	Mark Out	アウト点を設定	0	1	1	0	2	2:2:0:0	二次(premiere全体注記);公式(BMD, v11時点);公式(BMDマニュアルPDF)			統合(alias): premiere:menu:Markers>Mark Out | premiere:shortcut:Marking and Markers>Mark Out | resolve:menu:Mark>Mark Out | resolve:shortcut:Mark>Mark Out
727	marker	Mark Selection	選択範囲をマーク	0	1	1	0	2	2:2:0:0	二次(premiere全体注記);公式(BMD, v11時点);公式(BMDマニュアルPDF)			統合(alias): premiere:menu:Markers>Mark Selection | premiere:shortcut:Marking and Markers>Mark Selection | resolve:menu:Mark>Mark Selection | resolve:shortcut:Mark>Mark Selection
728	marker	Add and Modify Marker	マーカー追加/編集	0	0	1	0	1	1:0:0:0	公式(BMDマニュアルPDF)			
729	marker	Add Flag	フラグ追加	0	0	1	0	1	1:0:0:0	公式(BMDマニュアルPDF)			
730	marker	Add Flag	G	0	0	1	0	1	0:1:0:0	公式(BMD, v11時点)			
731	marker	Clear Flags	フラグ解除	0	0	1	0	1	1:0:0:0	公式(BMDマニュアルPDF)			
732	marker	Convert In and Out to Duration Marker	イン/アウトを尺マーカーへ変換	0	0	1	0	1	1:0:0:0	公式(BMDマニュアルPDF)			
733	marker	Delete All Flags	全フラグ削除	0	0	1	0	1	1:0:0:0	公式(BMDマニュアルPDF)			
734	marker	Go to In	イン点へ移動	0	1	0	0	1	1:0:0:0	二次(premiere全体注記)			
735	marker	Go to In	イン点へ	0	1	0	0	1	0:1:0:0	二次(premiere全体注記)			
736	marker	Go to Out	アウト点へ移動	0	1	0	0	1	1:0:0:0	二次(premiere全体注記)			
737	marker	Go to Out	アウト点へ	0	1	0	0	1	0:1:0:0	二次(premiere全体注記)			
738	marker	Modify Marker	マーカー編集	0	0	1	0	1	1:0:0:0	公式(BMDマニュアルPDF)			
739	marker	Modify Marker	Shift+M	0	0	1	0	1	0:1:0:0	公式(BMD, v11時点)			
740	marker	Ripple Timeline Markers	タイムラインマーカーをリップル	0	0	1	0	1	1:0:0:0	公式(BMDマニュアルPDF)			
741	marker	Set In and Out from Duration Marker	尺マーカーからイン/アウト設定	0	0	1	0	1	1:0:0:0	公式(BMDマニュアルPDF)			
742	marker	Show Flags	フラグ表示	0	0	1	0	1	1:0:0:0	公式(BMDマニュアルPDF)			
743	marker	Show Markers	マーカー表示	0	0	1	0	1	1:0:0:0	公式(BMDマニュアルPDF)			
744	marker	Synchronize > Clip Markers	クリップマーカーで同期	0	1	0	0	1	1:0:0:0	二次(premiere全体注記)			
745	mask	Activate and cycle mask and shape tools	マスク/シェイプツールを巡回	1	0	0	0	1	0:1:0:0	公式(Adobe)			
746	mask	Activate and cycle Pen and Mask Feather tools	ペン/マスクフェザーツールを巡回	1	0	0	0	1	0:1:0:0	公式(Adobe)			
747	mask	Activate Roto Brush tool	ロトブラシツール	1	0	0	0	1	0:1:0:0	公式(Adobe)			
748	mask	Add	マスクモード:加算	1	0	0	0	1	1:0:0:0	二次(非公式技術抽出/2015時点)			
749	mask	Add mode	マスクモード:加算	1	0	0	0	1	0:1:0:0	公式(Adobe)			
750	mask	Closed	パスを閉じる	1	0	0	0	1	1:0:0:0	二次(非公式技術抽出/2015時点)			
751	mask	Create Masks from Text	テキストからマスク作成	1	0	0	0	1	1:0:0:0	二次(非公式技術抽出/2015時点)			
752	mask	Darken	マスクモード:比較(暗)	1	0	0	0	1	1:0:0:0	二次(非公式技術抽出/2015時点)			
753	mask	Darken mode	マスクモード:比較(暗)	1	0	0	0	1	0:1:0:0	公式(Adobe)			
754	mask	Difference	マスクモード:差	1	0	0	0	1	1:0:0:0	二次(非公式技術抽出/2015時点)			
755	mask	Difference mode	マスクモード:差	1	0	0	0	1	0:1:0:0	公式(Adobe)			
756	mask	Enter free-transform mask editing mode	自由変形マスク編集モードへ	1	0	0	0	1	0:1:0:0	公式(Adobe)			
757	mask	Free Transform Points	ポイントを自由変形	1	0	0	0	1	1:0:0:0	二次(非公式技術抽出/2015時点)			
758	mask	Hide Locked Masks	ロック済マスクを隠す	1	0	0	0	1	1:0:0:0	二次(非公式技術抽出/2015時点)			
759	mask	Intersect	マスクモード:交差	1	0	0	0	1	1:0:0:0	二次(非公式技術抽出/2015時点)			
760	mask	Intersect mode	マスクモード:交差	1	0	0	0	1	0:1:0:0	公式(Adobe)			
761	mask	Invert selected mask	選択マスクを反転	1	0	0	0	1	0:1:0:0	公式(Adobe)			
762	mask	Inverted	マスクを反転	1	0	0	0	1	1:0:0:0	二次(非公式技術抽出/2015時点)			
763	mask	Lighten	マスクモード:比較(明)	1	0	0	0	1	1:0:0:0	二次(非公式技術抽出/2015時点)			
764	mask	Linear	フェザー減衰:線形	1	0	0	0	1	1:0:0:0	二次(非公式技術抽出/2015時点)			
765	mask	Lock Other Masks	他マスクをロック	1	0	0	0	1	1:0:0:0	二次(非公式技術抽出/2015時点)			
766	mask	Locked	マスクをロック	1	0	0	0	1	1:0:0:0	二次(非公式技術抽出/2015時点)			
767	mask	Mask Expansion…	マスク拡張	1	0	0	0	1	1:0:0:0	二次(非公式技術抽出/2015時点)			
768	mask	Mask Feather…	マスクフェザー	1	0	0	0	1	1:0:0:0	二次(非公式技術抽出/2015時点)			
769	mask	Mask Opacity…	マスク不透明度	1	0	0	0	1	1:0:0:0	二次(非公式技術抽出/2015時点)			
770	mask	Mask Shape…	マスク形状	1	0	0	0	1	1:0:0:0	二次(非公式技術抽出/2015時点)			
771	mask	Move selected path points 1 pixel	選択パスポイントを1px移動	1	0	0	0	1	0:1:0:0	公式(Adobe)			
772	mask	Move selected path points 10 pixels	選択パスポイントを10px移動	1	0	0	0	1	0:1:0:0	公式(Adobe)			
773	mask	New Mask	新規マスク	1	0	0	0	1	1:0:0:0	二次(非公式技術抽出/2015時点)			
774	mask	New mask	新規マスク	1	0	0	0	1	0:1:0:0	公式(Adobe)			
775	mask	None	マスクモード:なし	1	0	0	0	1	1:0:0:0	二次(非公式技術抽出/2015時点)			
776	mask	None	マスクモード:なし	1	0	0	0	1	0:1:0:0	公式(Adobe)			
777	mask	Off	モーションブラーOFF	1	0	0	0	1	1:0:0:0	二次(非公式技術抽出/2015時点)			
778	mask	On	モーションブラーON	1	0	0	0	1	1:0:0:0	二次(非公式技術抽出/2015時点)			
779	mask	Open Mask Feather dialog	マスクフェザーダイアログを開く	1	0	0	0	1	0:1:0:0	公式(Adobe)			
780	mask	Open Mask Shape dialog	マスク形状ダイアログを開く	1	0	0	0	1	0:1:0:0	公式(Adobe)			
781	mask	Paste mocha mask	mochaマスクを貼り付け	1	0	0	0	1	1:0:0:0	二次(非公式技術抽出/2015時点)	out-of-domain?		製品固有の深部機能(Fusion/Fairlight/Dolby Vision/HDR規格/プロ入出力設定等)のため out-of-domain? フラグ。判定は後段。
782	mask	Redraw Bezier handles	ベジェハンドルを再描画	1	0	0	0	1	0:1:0:0	公式(Adobe)			
783	mask	Remove All Masks	全マスクを削除	1	0	0	0	1	1:0:0:0	二次(非公式技術抽出/2015時点)			
784	mask	Remove Mask	マスクを削除	1	0	0	0	1	1:0:0:0	二次(非公式技術抽出/2015時点)			
785	mask	Rename selected layer, composition, folder, effect, group, or mask	選択項目の名前変更	1	0	0	0	1	0:1:0:0	公式(Adobe)			
786	mask	Reset Mask	マスクをリセット	1	0	0	0	1	1:0:0:0	二次(非公式技術抽出/2015時点)			
787	mask	RotoBezier	ロトベジエ	1	0	0	0	1	1:0:0:0	二次(非公式技術抽出/2015時点)			
788	mask	Same As Layer	レイヤーに準拠	1	0	0	0	1	1:0:0:0	二次(非公式技術抽出/2015時点)			
789	mask	Scale around center point in Free Transform	中心点基準で拡大縮小	1	0	0	0	1	0:1:0:0	公式(Adobe)			
790	mask	Select all points in mask	マスクの全ポイントを選択	1	0	0	0	1	0:1:0:0	公式(Adobe)			
791	mask	Select next or previous mask	次/前のマスクを選択	1	0	0	0	1	0:1:0:0	公式(Adobe)			
792	mask	Set First Vertex	開始頂点を設定	1	0	0	0	1	1:0:0:0	二次(非公式技術抽出/2015時点)			
793	mask	Smooth	フェザー減衰:滑らか	1	0	0	0	1	1:0:0:0	二次(非公式技術抽出/2015時点)			
794	mask	Subtract	マスクモード:減算	1	0	0	0	1	1:0:0:0	二次(非公式技術抽出/2015時点)			
795	mask	Subtract mode	マスクモード:減算	1	0	0	0	1	0:1:0:0	公式(Adobe)			
796	mask	Toggle between smooth and corner points	スムーズ/コーナーポイント切替	1	0	0	0	1	0:1:0:0	公式(Adobe)			
797	mask	Track Mask	マスクトラッキング	1	0	0	0	1	1:0:0:0	二次(非公式技術抽出/2015時点)			
798	mask	Unlock All Masks	全マスクのロック解除	1	0	0	0	1	1:0:0:0	二次(非公式技術抽出/2015時点)			
799	misc	Active Window: Edit Index	Command+7	0	0	1	0	1	0:1:0:0	公式(BMD, v11時点)			
800	misc	Active Window: Effects	Command+6	0	0	1	0	1	0:1:0:0	公式(BMD, v11時点)			
801	misc	Active Window: Inspector	Command+9	0	0	1	0	1	0:1:0:0	公式(BMD, v11時点)			
802	misc	Active Window: Media Folders	Command+4	0	0	1	0	1	0:1:0:0	公式(BMD, v11時点)			
803	misc	Add Edit	編集点追加	0	1	0	0	1	0:1:0:0	二次(premiere全体注記)			
804	misc	Add Edit to All Tracks	全トラックに編集点追加	0	1	0	0	1	0:1:0:0	二次(premiere全体注記)			
805	misc	Add effect to selected layers	選択レイヤーにエフェクトを追加	1	0	0	0	1	0:1:0:0	公式(Adobe)			
806	misc	Add Footage to Comp	素材をコンポへ追加	1	0	0	0	1	1:0:0:0	二次(非公式技術抽出/2015時点)			
807	misc	Adobe Photoshop File…	新規Photoshopファイル作成	1	0	0	0	1	1:0:0:0	二次(非公式技術抽出/2015時点)			
808	misc	Adobe Photoshop File…	新規Photoshopレイヤー	1	0	0	0	1	1:0:0:0	二次(非公式技術抽出/2015時点)			
809	misc	Apply Animation Preset…	アニメーションプリセット適用	1	0	0	0	1	1:0:0:0	二次(非公式技術抽出/2015時点)			
810	misc	Apply Default Transition	既定トランジション適用	0	1	0	0	1	0:1:0:0	二次(premiere全体注記)			
811	misc	Apply Interpretation	記憶した解釈設定を適用	1	0	0	0	1	1:0:0:0	二次(非公式技術抽出/2015時点)			
812	misc	Auto-trace…	オートトレース	1	0	0	0	1	1:0:0:0	二次(非公式技術抽出/2015時点)			
813	misc	Bevel and Emboss	ベベルとエンボス	1	0	0	0	1	1:0:0:0	二次(非公式技術抽出/2015時点)			
814	misc	Browse in Bridge…	Bridgeで参照	1	0	0	0	1	1:0:0:0	二次(非公式技術抽出/2015時点)			
815	misc	Browse Presets…	プリセットを参照(Bridge)	1	0	0	0	1	1:0:0:0	二次(非公式技術抽出/2015時点)			
816	misc	Center selected layers in view	選択レイヤーをビュー中央に	1	0	0	0	1	0:1:0:0	公式(Adobe)			
817	misc	Change outer radius of star	星の外側半径を変更	1	0	0	0	1	0:1:0:0	公式(Adobe)			
818	misc	Clean In	クリーンイン	0	0	1	0	1	1:0:0:0	公式(BMDマニュアルPDF)			
819	misc	Clean Out	クリーンアウト	0	0	1	0	1	1:0:0:0	公式(BMDマニュアルPDF)			
820	misc	Close	現在のビューを閉じる	1	0	0	0	1	1:0:0:0	二次(非公式技術抽出/2015時点)			
821	misc	Close	現在のドキュメントを閉じる	0	1	0	0	1	1:0:0:0	二次(premiere全体注記)			
822	misc	Collapse	コラップス切替	1	0	0	0	1	1:0:0:0	二次(非公式技術抽出/2015時点)			
823	misc	Constrain shapes proportionally	シェイプを縦横比固定で作成	1	0	0	0	1	0:1:0:0	公式(Adobe)			
824	misc	Create Shapes from Vector Layer	ベクターレイヤーからシェイプ作成	1	0	0	0	1	1:0:0:0	二次(非公式技術抽出/2015時点)			
825	misc	Custom…	カスタムでシミュレート	1	0	0	0	1	1:0:0:0	二次(非公式技術抽出/2015時点)			
826	misc	Decrease points for star/polygon; decrease roundness for rounded rectangle	星/多角形の頂点数、角丸長方形の丸みを減少	1	0	0	0	1	0:1:0:0	公式(Adobe)			
827	misc	Decrease star inner roundness	星の内側の丸みを減少	1	0	0	0	1	0:1:0:0	公式(Adobe)			
828	misc	Delete Gaps	ギャップを削除	0	0	1	0	1	1:0:0:0	公式(BMDマニュアルPDF)			
829	misc	Drop Shadow	ドロップシャドウ	1	0	0	0	1	1:0:0:0	二次(非公式技術抽出/2015時点)			
830	misc	easyDCP	easyDCPツールセットを開く	0	0	1	0	1	1:0:0:0	公式(BMDマニュアルPDF)	out-of-domain?		製品固有の深部機能(Fusion/Fairlight/Dolby Vision/HDR規格/プロ入出力設定等)のため out-of-domain? フラグ。判定は後段。
831	misc	Edit in Adobe Audition	Auditionで編集	1	0	0	0	1	1:0:0:0	二次(非公式技術抽出/2015時点)			
832	misc	Edit Point Type	U	0	0	1	0	1	0:1:0:0	公式(BMD, v11時点)			
833	misc	Effect	エフェクト有効切替	1	0	0	0	1	1:0:0:0	二次(非公式技術抽出/2015時点)			
834	misc	Effects Controls	エフェクトコントロールを表示	1	0	0	0	1	1:0:0:0	二次(非公式技術抽出/2015時点)			
835	misc	Elements	字幕テンプレ等の素材集	0	0	0	1	1	1:0:0:0	公式			
836	misc	Enable Multiview Edit Preview	マルチビュー編集プレビュー有効化	0	0	1	0	1	1:0:0:0	公式(BMDマニュアルPDF)			
837	misc	Enable Time Remapping	タイムリマップを有効化	1	0	0	0	1	1:0:0:0	二次(非公式技術抽出/2015時点)			
838	misc	Enable time remapping	タイムリマップを有効化	1	0	0	0	1	0:1:0:0	公式(Adobe)			
839	misc	Environment Layer	環境レイヤー化	1	0	0	0	1	1:0:0:0	二次(非公式技術抽出/2015時点)			
840	misc	Extend Selected Edit to Playhead	選択編集点をプレイヘッドまで延長	0	1	0	0	1	0:1:0:0	二次(premiere全体注記)			
841	misc	Extend selection to next layer	次レイヤーまで選択拡張	1	0	0	0	1	0:1:0:0	公式(Adobe)			
842	misc	Extend selection to previous item	前項目まで選択範囲を拡張	1	0	0	0	1	0:1:0:0	公式(Adobe)			
843	misc	Extend selection to previous layer	前レイヤーまで選択拡張	1	0	0	0	1	0:1:0:0	公式(Adobe)			
844	misc	Fast Previews > Draft	高速プレビュー:ドラフト	1	0	0	0	1	0:1:0:0	公式(Adobe)			
845	misc	Fast Previews > Fast Draft	高速プレビュー:ファストドラフト	1	0	0	0	1	0:1:0:0	公式(Adobe)			
846	misc	Fast Previews > Off	高速プレビュー:オフ	1	0	0	0	1	0:1:0:0	公式(Adobe)			
847	misc	File…	プロキシファイルを指定	1	0	0	0	1	1:0:0:0	二次(非公式技術抽出/2015時点)			
848	misc	Filters	フィルター適用	0	0	0	1	1	1:0:0:0	公式			
849	misc	Fit to Fill	尺に合わせて挿入	0	0	1	0	1	1:0:0:0	公式(BMDマニュアルPDF)			
850	misc	Fit To Fill	Shift+F11	0	0	1	0	1	0:1:0:0	公式(BMD, v11時点)			
851	misc	Frame Mix	フレームミックス	1	0	0	0	1	1:0:0:0	二次(非公式技術抽出/2015時点)			
852	misc	Grab Still	Option+Command+G	0	0	1	0	1	0:1:0:0	公式(BMD, v11時点)			
853	misc	HDTV (Rec. 709)	HDTV Rec.709でシミュレート	1	0	0	0	1	1:0:0:0	二次(非公式技術抽出/2015時点)			
854	misc	Hide After Effects	アプリを隠す(macOS)	1	0	0	0	1	1:0:0:0	二次(非公式技術抽出/2015時点)			
855	misc	Hide DaVinci Resolve	Command+H	0	0	1	0	1	0:1:0:0	公式(BMD, v11時点)			
856	misc	Hide Others	他アプリを隠す(macOS)	1	0	0	0	1	1:0:0:0	二次(非公式技術抽出/2015時点)			
857	misc	Hide Others	Option+Command+H	0	0	1	0	1	0:1:0:0	公式(BMD, v11時点)			
858	misc	Highlight	Shift+H	0	0	1	0	1	0:1:0:0	公式(BMD, v11時点)			
859	misc	Highlight B&W	Shift+Option+H	0	0	1	0	1	0:1:0:0	公式(BMD, v11時点)			
860	misc	Highlight Difference	Shift+Command+H	0	0	1	0	1	0:1:0:0	公式(BMD, v11時点)			
861	misc	Increase points for star/polygon; increase roundness for rounded rectangle	星/多角形の頂点数、角丸長方形の丸みを増加	1	0	0	0	1	0:1:0:0	公式(Adobe)			
862	misc	Increase star inner roundness	星の内側の丸みを増加	1	0	0	0	1	0:1:0:0	公式(Adobe)			
863	misc	Increment and Save	バージョン番号を上げて保存	1	0	0	0	1	1:0:0:0	二次(非公式技術抽出/2015時点)			
864	misc	Inner Glow	光彩(内側)	1	0	0	0	1	1:0:0:0	二次(非公式技術抽出/2015時点)			
865	misc	Inner Shadow	シャドウ(内側)	1	0	0	0	1	1:0:0:0	二次(非公式技術抽出/2015時点)			
866	misc	Internet Standard RGB (sRGB)	sRGBでシミュレート	1	0	0	0	1	1:0:0:0	二次(非公式技術抽出/2015時点)			
867	misc	Interrupt running script	実行中スクリプトを中断	1	0	0	0	1	0:1:0:0	公式(Adobe)			
868	misc	Join current stroke to previous	現在のストロークを前と結合	1	0	0	0	1	0:1:0:0	公式(Adobe)			
869	misc	Last Effect	直前のエフェクトを再適用	1	0	0	0	1	1:0:0:0	二次(非公式技術抽出/2015時点)			
870	misc	Layer Settings…	レイヤー設定	1	0	0	0	1	1:0:0:0	二次(非公式技術抽出/2015時点)			
871	misc	Legacy Macintosh RGB (Gamma 1.8)	旧Mac RGBでシミュレート	1	0	0	0	1	1:0:0:0	二次(非公式技術抽出/2015時点)			
872	misc	Light…	新規ライトレイヤー	1	0	0	0	1	1:0:0:0	二次(非公式技術抽出/2015時点)			
873	misc	Lock	ロック切替	1	0	0	0	1	1:0:0:0	二次(非公式技術抽出/2015時点)			
874	misc	Lock selected layers	選択レイヤーをロック	1	0	0	0	1	0:1:0:0	公式(Adobe)			
875	misc	Lock/Unlock All Video Tracks	Option+Shift+9	0	0	1	0	1	0:1:0:0	公式(BMD, v11時点)			
876	misc	Look at All Layers	全レイヤーを見る	1	0	0	0	1	1:0:0:0	二次(非公式技術抽出/2015時点)			
877	misc	Look at Selected Layers	選択レイヤーを見る	1	0	0	0	1	1:0:0:0	二次(非公式技術抽出/2015時点)			
878	misc	Main…	メイン解釈設定を開く	1	0	0	0	1	1:0:0:0	二次(非公式技術抽出/2015時点)			
879	misc	Manually preview video	ビデオを手動プレビュー	1	0	0	0	1	0:1:0:0	公式(Adobe)			
880	misc	Mark Video In	映像イン点設定	0	0	1	0	1	1:0:0:0	公式(BMDマニュアルPDF)			
881	misc	Mark Video Out	映像アウト点設定	0	0	1	0	1	1:0:0:0	公式(BMDマニュアルPDF)			
882	misc	MAXON CINEMA 4D File…	新規C4Dファイル作成	1	0	0	0	1	1:0:0:0	二次(非公式技術抽出/2015時点)			
883	misc	MAXON CINEMA 4D File…	新規C4Dレイヤー	1	0	0	0	1	1:0:0:0	二次(非公式技術抽出/2015時点)			
884	misc	Modify property value by 1/10 increments	1/10の増減幅でプロパティ変更	1	0	0	0	1	0:1:0:0	公式(Adobe)			
885	misc	Modify property value by 10x increments	10倍の増減幅でプロパティ変更	1	0	0	0	1	0:1:0:0	公式(Adobe)			
886	misc	Modify property value by default increments	既定の増減幅でプロパティ変更	1	0	0	0	1	0:1:0:0	公式(Adobe)			
887	misc	Motion Blur	モーションブラー切替	1	0	0	0	1	1:0:0:0	二次(非公式技術抽出/2015時点)			
888	misc	Move selected layers 1 frame earlier or later	選択レイヤーを1フレーム前後移動	1	0	0	0	1	0:1:0:0	公式(Adobe)			
889	misc	Move selected layers 1 pixel	選択レイヤーを1px移動	1	0	0	0	1	0:1:0:0	公式(Adobe)			
890	misc	Move selected layers 10 frames earlier or later	選択レイヤーを10フレーム前後移動	1	0	0	0	1	0:1:0:0	公式(Adobe)			
891	misc	Move selected layers 10 pixels	選択レイヤーを10px移動	1	0	0	0	1	0:1:0:0	公式(Adobe)			
892	misc	Move selected layers so In/Out point is at current time	In/Out点を現在時刻へ移動	1	0	0	0	1	0:1:0:0	公式(Adobe)			
893	misc	Movie…	動画プロキシを作成	1	0	0	0	1	1:0:0:0	二次(非公式技術抽出/2015時点)			
894	misc	New Bin	新規ビン作成	0	0	1	0	1	1:0:0:0	公式(BMDマニュアルPDF)			
895	misc	New Bin	Shift+Command+N	0	0	1	0	1	0:1:0:0	公式(BMD, v11時点)			
896	misc	New Comp from Selection…	選択素材から新規コンポ作成	1	0	0	0	1	1:0:0:0	二次(非公式技術抽出/2015時点)			
897	misc	New Folder	新規フォルダ	1	0	0	0	1	1:0:0:0	二次(非公式技術抽出/2015時点)			
898	misc	New null layer	新規ヌルレイヤー	1	0	0	0	1	0:1:0:0	公式(Adobe)			
899	misc	New Smart Bin	新規スマートビン作成	0	0	1	0	1	1:0:0:0	公式(BMDマニュアルPDF)			
900	misc	New solid layer	新規単色レイヤー	1	0	0	0	1	0:1:0:0	公式(Adobe)			
901	misc	Next Still	Option+Command+N	0	0	1	0	1	0:1:0:0	公式(BMD, v11時点)			
902	misc	No Output Simulation	出力シミュレーションなし	1	0	0	0	1	1:0:0:0	二次(非公式技術抽出/2015時点)			
903	misc	Null Object	新規ヌルオブジェクト	1	0	0	0	1	1:0:0:0	二次(非公式技術抽出/2015時点)			
904	misc	Off	フレームブレンドOFF	1	0	0	0	1	1:0:0:0	二次(非公式技術抽出/2015時点)			
905	misc	Optical Flow	オプティカルフローによる滑らかなスロー	0	0	0	1	1	1:0:0:0	公式			
906	misc	Outer Glow	光彩(外側)	1	0	0	0	1	1:0:0:0	二次(非公式技術抽出/2015時点)			
907	misc	Output Module…	出力モジュールテンプレート	1	0	0	0	1	1:0:0:0	二次(非公式技術抽出/2015時点)			
908	misc	Pixel Motion	ピクセルモーション	1	0	0	0	1	1:0:0:0	二次(非公式技術抽出/2015時点)			
909	misc	Pre-compose…	プリコンポーズ	1	0	0	0	1	1:0:0:0	二次(非公式技術抽出/2015時点)			
910	misc	Precompose selected layers	選択レイヤーをプリコンポーズ	1	0	0	0	1	0:1:0:0	公式(Adobe)			
911	misc	Preserve Transparency	透明度を保持	1	0	0	0	1	1:0:0:0	二次(非公式技術抽出/2015時点)			
912	misc	Preview specified number of frames	指定フレーム数をプレビュー	1	0	0	0	1	0:1:0:0	公式(Adobe)			
913	misc	Previous Still	Option+Command+P	0	0	1	0	1	0:1:0:0	公式(BMD, v11時点)			
914	misc	Project Notes	プロジェクトノートエディタを開く	0	0	1	0	1	1:0:0:0	公式(BMDマニュアルPDF)			
915	misc	Proxy on the Fly	Command+P	0	0	1	0	1	0:1:0:0	公式(BMD, v11時点)			
916	misc	Proxy…	プロキシ解釈設定を開く	1	0	0	0	1	1:0:0:0	二次(非公式技術抽出/2015時点)			
917	misc	Publish All Changes	Option+Shift+T	0	0	1	0	1	0:1:0:0	公式(BMD, v11時点)			
918	misc	Recent Animation Presets	最近使ったプリセット	1	0	0	0	1	1:0:0:0	二次(非公式技術抽出/2015時点)			
919	misc	Reconform from Bins	ビン内メディアでタイムラインを再コンフォーム	0	0	1	0	1	1:0:0:0	公式(BMDマニュアルPDF)			
920	misc	Reconform from Media Storage	フォルダでタイムラインを再コンフォーム	0	0	1	0	1	1:0:0:0	公式(BMDマニュアルPDF)			
921	misc	Record(A mode)	Command+Page Down	0	0	1	0	1	0:1:0:0	公式(BMD, v11時点)			
922	misc	Reload Footage	素材を再読み込み	1	0	0	0	1	1:0:0:0	二次(非公式技術抽出/2015時点)			
923	misc	Remember Interpretation	解釈設定を記憶	1	0	0	0	1	1:0:0:0	二次(非公式技術抽出/2015時点)			
924	misc	Remote Grading	Command+G	0	0	1	0	1	0:1:0:0	公式(BMD, v11時点)			
925	misc	Remove All	全レイヤースタイルを削除	1	0	0	0	1	1:0:0:0	二次(非公式技術抽出/2015時点)			
926	misc	Remove All	全エフェクトを削除	1	0	0	0	1	1:0:0:0	二次(非公式技術抽出/2015時点)			
927	misc	Remove Attributes	属性の削除	0	0	1	0	1	1:0:0:0	公式(BMDマニュアルPDF)			
928	misc	Remove Unused	未使用アセットをプロジェクトから削除	0	1	0	0	1	1:0:0:0	二次(premiere全体注記)			
929	misc	Render Effects In to Out	In-Out間エフェクトレンダリング	0	1	0	0	1	0:1:0:0	二次(premiere全体注記)			
930	misc	Render Settings…	レンダー設定テンプレート	1	0	0	0	1	1:0:0:0	二次(非公式技術抽出/2015時点)			
931	misc	Reset preview settings	プレビュー設定をリセット	1	0	0	0	1	0:1:0:0	公式(Adobe)			
932	misc	Reveal All Modified Properties	変更済み全プロパティを表示	1	0	0	0	1	1:0:0:0	二次(非公式技術抽出/2015時点)			
933	misc	Reveal in Bridge	Bridgeで表示	1	0	0	0	1	1:0:0:0	二次(非公式技術抽出/2015時点)			
934	misc	Reveal Properties with Animation	アニメーション付きプロパティを表示	1	0	0	0	1	1:0:0:0	二次(非公式技術抽出/2015時点)			
935	misc	Reverse selected layers in time	選択レイヤーを時間反転	1	0	0	0	1	0:1:0:0	公式(Adobe)			
936	misc	Run Script File…	スクリプトファイルを実行	1	0	0	0	1	1:0:0:0	二次(非公式技術抽出/2015時点)			
937	misc	Satin	サテン	1	0	0	0	1	1:0:0:0	二次(非公式技術抽出/2015時点)			
938	misc	Save Animation Preset…	アニメーションプリセット保存	1	0	0	0	1	1:0:0:0	二次(非公式技術抽出/2015時点)			
939	misc	Scenes / Media	素材/メディア選択タブ	0	0	0	1	1	1:0:0:0	公式			
940	misc	SDTV NTSC	SDTV NTSCでシミュレート	1	0	0	0	1	1:0:0:0	二次(非公式技術抽出/2015時点)			
941	misc	SDTV PAL	SDTV PALでシミュレート	1	0	0	0	1	1:0:0:0	二次(非公式技術抽出/2015時点)			
942	misc	Select	隣接クリップ選択サブメニュー	0	0	1	0	1	1:0:0:0	公式(BMDマニュアルPDF)			
943	misc	Select Aspect Ratio	アスペクト比選択	0	0	1	0	1	1:0:0:0	公式(BMDマニュアルPDF)			
944	misc	Select Edit Point	V	0	0	1	0	1	0:1:0:0	公式(BMD, v11時点)			
945	misc	Select layer by number (1-999)	番号でレイヤー選択	1	0	0	0	1	0:1:0:0	公式(Adobe)			
946	misc	Separate Dimensions	次元を分割	1	0	0	0	1	1:0:0:0	二次(非公式技術抽出/2015時点)			
947	misc	Set flow to 100%	フローを100%に	1	0	0	0	1	0:1:0:0	公式(Adobe)			
948	misc	Set foreground to black, background to white	前景を黒、背景を白に	1	0	0	0	1	0:1:0:0	公式(Adobe)			
949	misc	Set In or Out point by time-stretching	タイムストレッチでIn/Outを設定	1	0	0	0	1	0:1:0:0	公式(Adobe)			
950	misc	Set rounded rectangle to maximum; increase outer roundness	角丸長方形を最大丸みに/外側の丸みを増加	1	0	0	0	1	0:1:0:0	公式(Adobe)			
951	misc	Set rounded rectangle to sharp; decrease outer roundness	角丸長方形をシャープに/外側の丸みを減少	1	0	0	0	1	0:1:0:0	公式(Adobe)			
952	misc	Shape Layer	新規シェイプレイヤー	1	0	0	0	1	1:0:0:0	二次(非公式技術抽出/2015時点)			
953	misc	Show All	全アプリ表示(macOS)	1	0	0	0	1	1:0:0:0	二次(非公式技術抽出/2015時点)			
954	misc	Show All	全レイヤースタイルを表示	1	0	0	0	1	1:0:0:0	二次(非公式技術抽出/2015時点)			
955	misc	Show File Names	ファイル名表示	0	0	1	0	1	1:0:0:0	公式(BMDマニュアルPDF)			
956	misc	Show Layer Controls	レイヤーコントロールを表示	1	0	0	0	1	1:0:0:0	二次(非公式技術抽出/2015時点)			
957	misc	Show or hide Parent column	Parent列表示切替	1	0	0	0	1	0:1:0:0	公式(Adobe)			
958	misc	Show Preview Marks	プレビューマーク表示	0	0	1	0	1	1:0:0:0	公式(BMDマニュアルPDF)			
959	misc	Solid…	新規単色レイヤー	1	0	0	0	1	1:0:0:0	二次(非公式技術抽出/2015時点)			
960	misc	Start or stop preview	プレビュー開始/停止	1	0	0	0	1	0:1:0:0	公式(Adobe)			
961	misc	Still…	静止画プロキシを作成	1	0	0	0	1	1:0:0:0	二次(非公式技術抽出/2015時点)			
962	misc	Stroke	境界線	1	0	0	0	1	1:0:0:0	二次(非公式技術抽出/2015時点)			
963	misc	Time Stretch…	タイムストレッチ	1	0	0	0	1	1:0:0:0	二次(非公式技術抽出/2015時点)			
964	misc	Time-Reverse Layer	レイヤーを逆再生	1	0	0	0	1	1:0:0:0	二次(非公式技術抽出/2015時点)			
965	misc	Toggle Mercury Transmit video preview	Mercury Transmitプレビュー切替	1	0	0	0	1	0:1:0:0	公式(Adobe)			
966	misc	Toggle selection of layer by number (1-999)	番号でレイヤー選択切替	1	0	0	0	1	0:1:0:0	公式(Adobe)			
967	misc	Toggle V+A/V/A	Option+U	0	0	1	0	1	0:1:0:0	公式(BMD, v11時点)			
968	misc	Transition	トランジション挿入	0	0	0	1	1	1:0:0:0	公式			
969	misc	Turn Video (eyeball) switch on or off	ビデオ表示切替	1	0	0	0	1	0:1:0:0	公式(Adobe)			
970	misc	Unlock All Layers	全レイヤーのロック解除	1	0	0	0	1	1:0:0:0	二次(非公式技術抽出/2015時点)			
971	misc	Unlock all layers	全レイヤーのロック解除	1	0	0	0	1	0:1:0:0	公式(Adobe)			
972	misc	Video	ビデオ表示切替	1	0	0	0	1	1:0:0:0	二次(非公式技術抽出/2015時点)			
973	misc	Video effects	映像エフェクト追加	0	0	0	1	1	1:0:0:0	公式			
974	misc	Warp Stabilizer VFX	ワープスタビライザーVFX	1	0	0	0	1	1:0:0:0	二次(非公式技術抽出/2015時点)			
975	misc	Zoom	ズームサブメニュー	0	0	1	0	1	1:0:0:0	公式(BMDマニュアルPDF)			
976	misc	Zoom Around Mouse Pointer	マウス位置中心ズーム	0	0	1	0	1	1:0:0:0	公式(BMDマニュアルPDF)			
977	misc	Zoom up to 100% to fit	100%上限でフィット表示	1	0	0	0	1	0:1:0:0	公式(Adobe)			
978	panel_window	Effect Controls / Inspector (per-clip properties)	選択クリップ/レイヤーのプロパティ編集パネル	1	1	1	1	4	0:0:4:0	一致(2件、「Right panel: Properties inspector」と明記);二次(premiere全体注記);二次(非公式技術抽出/2015時点);公式(BMDマニュアルPDF)			統合(alias): ae:panel:Window>Effect Controls | capcut:panel:Right>Properties / Inspector panel | premiere:panel:Window>Effect Controls | resolve:panel:Edit page>Inspector
979	panel_window	Timeline panel	編集タイムラインパネル	1	1	1	1	4	0:0:4:0	二次(premiere全体注記);二次(非公式技術抽出/2015時点);公式(BMDマニュアルPDF);公式(「multi-track timeline」と明記)			統合(alias): ae:panel:Window>Timeline | capcut:panel:Bottom>Multi-track Timeline | premiere:panel:Window>Timeline | resolve:panel:Edit page>Timeline
980	panel_window	Project / Media Pool panel	素材・プロジェクトを管理するパネル	1	1	1	0	3	0:0:3:0	二次(premiere全体注記);二次(非公式技術抽出/2015時点);公式(BMDマニュアルPDF)			統合(alias): ae:panel:Window>Project | premiere:panel:Window>Project | resolve:panel:Edit page>Media Pool
981	panel_window	Tools / Toolbar panel	編集ツール格納パネル	1	1	1	0	3	0:0:3:0	二次(premiere全体注記);二次(非公式技術抽出/2015時点);公式(BMDマニュアルPDF)			統合(alias): ae:panel:Window>Tools | premiere:panel:Window>Tools | resolve:panel:Edit page>Toolbar
982	panel_window	Effects / Effects & Presets panel	エフェクト一覧パネル	1	1	0	0	2	0:0:2:0	二次(premiere全体注記);二次(非公式技術抽出/2015時点)			統合(alias): ae:panel:Window>Effects & Presets | premiere:panel:Window>Effects
983	panel_window	Info panel	選択項目の情報パネル	1	1	0	0	2	0:0:2:0	二次(premiere全体注記);二次(非公式技術抽出/2015時点)			統合(alias): ae:panel:Window>Info | premiere:panel:Window>Info
984	panel_window	Align	整列パネル	1	0	0	0	1	0:0:1:0	二次(非公式技術抽出/2015時点)			
985	panel_window	Audio	オーディオレベル操作パネル	1	0	0	0	1	0:0:1:0	二次(非公式技術抽出/2015時点)			
986	panel_window	Audio Clip Mixer	クリップ単位の音声ミキサーパネル	0	1	0	0	1	0:0:1:0	二次(premiere全体注記)			
987	panel_window	Audio Meters	音量VUメーターパネル	0	1	0	0	1	0:0:1:0	二次(premiere全体注記)			
988	panel_window	Audio Track Mixer	トラック単位の音声ミキサーパネル	0	1	0	0	1	0:0:1:0	二次(premiere全体注記)			
989	panel_window	Brushes	ブラシ設定パネル	1	0	0	0	1	0:0:1:0	二次(非公式技術抽出/2015時点)			
990	panel_window	Character	文字設定パネル	1	0	0	0	1	0:0:1:0	二次(非公式技術抽出/2015時点)			
991	panel_window	Color Page	ノードベースのカラーグレーディングを行うページ	0	0	1	0	1	0:0:1:0	公式(BMDマニュアルPDF)			
992	panel_window	Composition	コンポジションのプレビュー・編集パネル	1	0	0	0	1	0:0:1:0	二次(非公式技術抽出/2015時点)			
993	panel_window	Content-Aware Fill	オブジェクト除去用パネル(2020年AE 17.5で追加)	1	0	0	0	1	0:0:1:0	公式(Adobe, 個別URL)			
994	panel_window	Cut Page	簡略ツールで高速に編集するページ(Edit簡易版)	0	0	1	0	1	0:0:1:0	公式(BMDマニュアルPDF)			
995	panel_window	Deliver Page	最終書き出し/レンダーキュー管理を行うページ	0	0	1	0	1	0:0:1:0	公式(BMDマニュアルPDF)			
996	panel_window	Edit Index	EDL形式の編集イベント一覧	0	0	1	0	1	0:0:1:0	公式(BMDマニュアルPDF)			
997	panel_window	Effects Library	トランジション/タイトル/ジェネレータ/フィルタ収録	0	0	1	0	1	0:0:1:0	公式(BMDマニュアルPDF)			
998	panel_window	Essential Graphics	Motion Graphicsテンプレート作成パネル(近年追加)	1	0	0	0	1	0:0:1:0	公式(Adobe, 個別URL)			
999	panel_window	Essential Graphics	モーショングラフィックステンプレート編集パネル	0	1	0	0	1	0:0:1:0	二次(premiere全体注記)			
1000	panel_window	Essential Sound	音声カテゴリ別ワンクリック調整パネル	0	1	0	0	1	0:0:1:0	二次(premiere全体注記)			
1001	panel_window	Fairlight Page	音声のミキシング/編集/マスタリングを行うページ	0	0	1	0	1	0:0:1:0	公式(BMDマニュアルPDF)	out-of-domain?		製品固有の深部機能(Fusion/Fairlight/Dolby Vision/HDR規格/プロ入出力設定等)のため out-of-domain? フラグ。判定は後段。
1002	panel_window	Floating Timecode Window	タイムコードのフローティング表示	0	0	1	0	1	0:0:1:0	公式(BMDマニュアルPDF)			
1003	panel_window	Flowchart	コンポ・レイヤー依存関係の図示パネル	1	0	0	0	1	0:0:1:0	二次(非公式技術抽出/2015時点)			
1004	panel_window	Footage	素材のプレビューパネル	1	0	0	0	1	0:0:1:0	二次(非公式技術抽出/2015時点)			
1005	panel_window	Fusion Page	ノードベースの合成/VFX/モーショングラフィックスを行うページ	0	0	1	0	1	0:0:1:0	公式(BMDマニュアルPDF)	out-of-domain?		製品固有の深部機能(Fusion/Fairlight/Dolby Vision/HDR規格/プロ入出力設定等)のため out-of-domain? フラグ。判定は後段。
1006	panel_window	History / Undo History panel	操作履歴パネル	0	1	0	0	1	0:0:1:0	二次(premiere全体注記)			統合(alias): premiere:panel:Window>History
1007	panel_window	Layer	個別レイヤーのプレビューパネル	1	0	0	0	1	0:0:1:0	二次(非公式技術抽出/2015時点)			
1008	panel_window	Libraries	Creative Cloud Librariesパネル(近年追加)	1	0	0	0	1	0:0:1:0	公式(Adobe)			
1009	panel_window	Libraries	Creative Cloudライブラリアセットパネル	0	1	0	0	1	0:0:1:0	二次(premiere全体注記)			
1010	panel_window	Lumetri Color	カラーグレーディングパネル(近年追加)	1	0	0	0	1	0:0:1:0	公式(Adobe, 個別URL)			
1011	panel_window	Lumetri Color	カラーグレーディングパネル	0	1	0	0	1	0:0:1:0	二次(premiere全体注記)			
1012	panel_window	Lumetri Scopes	波形・ベクトルスコープパネル(近年追加)	1	0	0	0	1	0:0:1:0	公式(Adobe, 個別URL)			
1013	panel_window	Lumetri Scopes	波形・ベクトルスコープ等の映像スコープパネル	0	1	0	0	1	0:0:1:0	二次(premiere全体注記)			
1014	panel_window	Markers panel	マーカー一覧パネル	0	1	0	0	1	0:0:1:0	二次(premiere全体注記)			統合(alias): premiere:panel:Window>Markers
1015	panel_window	Mask Interpolation	マスク補間設定パネル	1	0	0	0	1	0:0:1:0	二次(非公式技術抽出/2015時点)			
1016	panel_window	Media & Assets panel	メディア/素材パネル(インポート・テキスト・ステッカー・フィルター・トランジションへのアクセス)	0	0	0	1	1	0:0:1:0	一致(2件、位置表現は「左上/左」で共通)			
1017	panel_window	Media Browser	外部メディアブラウズパネル	1	0	0	0	1	0:0:1:0	二次(非公式技術抽出/2015時点)			
1018	panel_window	Media Browser	外部メディア検索・読み込みパネル	0	1	0	0	1	0:0:1:0	二次(premiere全体注記)			
1019	panel_window	Media Page	メディアの取り込み・整理・メタデータ付与を行うページ	0	0	1	0	1	0:0:1:0	公式(BMDマニュアルPDF)			
1020	panel_window	Metadata	メタデータ表示パネル	1	0	0	0	1	0:0:1:0	二次(非公式技術抽出/2015時点)			
1021	panel_window	Metadata	クリップ/シーケンスのメタデータパネル	0	1	0	0	1	0:0:1:0	二次(premiere全体注記)			
1022	panel_window	Motion Sketch	モーションスケッチ記録パネル	1	0	0	0	1	0:0:1:0	二次(非公式技術抽出/2015時点)	out-of-domain?		製品固有の深部機能(Fusion/Fairlight/Dolby Vision/HDR規格/プロ入出力設定等)のため out-of-domain? フラグ。判定は後段。
1023	panel_window	Paint	ペイントツールパネル	1	0	0	0	1	0:0:1:0	二次(非公式技術抽出/2015時点)			
1024	panel_window	Paragraph	段落設定パネル	1	0	0	0	1	0:0:1:0	二次(非公式技術抽出/2015時点)			
1025	panel_window	Preview	プレビュー再生制御パネル	1	0	0	0	1	0:0:1:0	二次(非公式技術抽出/2015時点)			
1026	panel_window	Preview / Player window	プレビュー(再生モニター)	0	0	0	1	1	0:0:1:0	一致(2件)			
1027	panel_window	Program Monitor	シーケンス出力プレビューパネル	0	1	0	0	1	0:0:1:0	二次(premiere全体注記)			
1028	panel_window	Progress	処理進捗表示パネル	1	0	0	0	1	0:0:1:0	二次(非公式技術抽出/2015時点)			
1029	panel_window	Properties	主要プロパティを集約したパネル(2022年AE 22.3で追加)	1	0	0	0	1	0:0:1:0	公式(Adobe)			
1030	panel_window	Reference Monitor	精密モニタリング用参照モニターパネル	0	1	0	0	1	0:0:1:0	二次(premiere全体注記)			
1031	panel_window	Render Queue	レンダーキュー管理パネル	1	0	0	0	1	0:0:1:0	二次(非公式技術抽出/2015時点)			
1032	panel_window	Smoother	キーフレームスムージングパネル	1	0	0	0	1	0:0:1:0	二次(非公式技術抽出/2015時点)			
1033	panel_window	Source Monitor	素材クリッププレビューパネル	0	1	0	0	1	0:0:1:0	二次(premiere全体注記)			
1034	panel_window	Source Viewer	ソースクリップのプレビュー	0	0	1	0	1	0:0:1:0	公式(BMDマニュアルPDF)			
1035	panel_window	Text	Speech-to-Textによる文字起こし・キャプション編集パネル	0	1	0	0	1	0:0:1:0	二次(premiere全体注記)			
1036	panel_window	Timeline Viewer	タイムラインのプレビュー	0	0	1	0	1	0:0:1:0	公式(BMDマニュアルPDF)			
1037	panel_window	Track types: Video / Text-title / Voiceover / Music-SFX	トラック種別(映像/字幕/ナレーション/音楽SE)	0	0	0	1	1	0:0:1:0	単一			
1038	panel_window	Tracker	モーション/カメラトラッカーパネル	1	0	0	0	1	0:0:1:0	二次(非公式技術抽出/2015時点)			
1039	panel_window	Wiggler	キーフレームランダム化パネル	1	0	0	0	1	0:0:1:0	二次(非公式技術抽出/2015時点)	out-of-domain?		製品固有の深部機能(Fusion/Fairlight/Dolby Vision/HDR規格/プロ入出力設定等)のため out-of-domain? フラグ。判定は後段。
1040	panel_window	Workspaces (submenu)	ワークスペース切替サブメニュー(パネル本体ではない)	0	1	0	0	1	0:0:1:0	二次(premiere全体注記)			
1041	playback	Play / Pause	再生・一時停止	0	1	1	1	3	1:3:0:0	一致(2件);二次(premiere全体注記);公式(BMD, v11時点);公式(BMDマニュアルPDF)			統合(alias): capcut:shortcut:Playback>Play/Pause = Space | premiere:shortcut:Playback and Navigation>Play/Stop | resolve:menu:Playback>Pause/Start Playback | resolve:shortcut:Playback>Pause/start playback
1042	playback	Step Back 1 Frame	1フレーム戻る	1	1	1	0	3	0:3:0:0	二次(premiere全体注記);公式(Adobe);公式(BMD, v11時点)			統合(alias): ae:shortcut:Compositions and Work Area>Go backward 1 frame | premiere:shortcut:Playback and Navigation>Step Back One Frame | resolve:shortcut:Playback>Step One Frame Reverse
1043	playback	Step Forward 1 Frame	1フレーム進む	1	1	1	0	3	0:3:0:0	二次(premiere全体注記);公式(Adobe);公式(BMD, v11時点)			統合(alias): ae:shortcut:Compositions and Work Area>Go forward 1 frame | premiere:shortcut:Playback and Navigation>Step Forward One Frame | resolve:shortcut:Playback>Step One Frame Forward
1044	playback	Go to End / Timeline End	末尾へ移動	0	1	1	0	2	0:2:0:0	二次(premiere全体注記);公式(BMD, v11時点)			統合(alias): premiere:shortcut:Playback and Navigation>Go to End | resolve:shortcut:Playback>Timeline End
1045	playback	Go to Start / Timeline Start	先頭へ移動	0	1	1	0	2	0:2:0:0	二次(premiere全体注記);公式(BMD, v11時点)			統合(alias): premiere:shortcut:Playback and Navigation>Go to Start | resolve:shortcut:Playback>Timeline Start
1046	playback	Add Edit	編集点追加	0	1	0	0	1	0:1:0:0	二次(premiere全体注記)			
1047	playback	Add Edit to All Tracks	全トラック編集点追加	0	1	0	0	1	0:1:0:0	二次(premiere全体注記)			
1048	playback	Cintel Scanner	Cintelスキャナー制御	0	0	1	0	1	1:0:0:0	公式(BMDマニュアルPDF)	out-of-domain?		製品固有の深部機能(Fusion/Fairlight/Dolby Vision/HDR規格/プロ入出力設定等)のため out-of-domain? フラグ。判定は後段。
1049	playback	Delete Render Cache	レンダーキャッシュ削除	0	0	1	0	1	1:0:0:0	公式(BMDマニュアルPDF)			
1050	playback	Display Broadcast Safe Exceptions	放送安全例外表示	0	0	1	0	1	1:0:0:0	公式(BMDマニュアルPDF)			
1051	playback	Display filename in Info panel	Infoパネルにファイル名を表示	1	0	0	0	1	0:1:0:0	公式(Adobe)			
1052	playback	Display snapshot in active viewer	スナップショットを表示	1	0	0	0	1	0:1:0:0	公式(Adobe)			
1053	playback	Extend Selected Edit to Playhead	選択編集点を延長	0	1	0	0	1	0:1:0:0	二次(premiere全体注記)			
1054	playback	Extract	エクストラクト	0	1	0	0	1	0:1:0:0	二次(premiere全体注記)			
1055	playback	Fast Forward	早送り	0	0	1	0	1	1:0:0:0	公式(BMDマニュアルPDF)			
1056	playback	Fast Forward	Shift+L	0	0	1	0	1	0:1:0:0	公式(BMD, v11時点)			
1057	playback	Fast Reverse	早戻し	0	0	1	0	1	1:0:0:0	公式(BMDマニュアルPDF)			
1058	playback	Fast Reverse	Shift+J	0	0	1	0	1	0:1:0:0	公式(BMD, v11時点)			
1059	playback	Fast Review	高速レビュー	0	0	1	0	1	1:0:0:0	公式(BMDマニュアルPDF)			
1060	playback	First Frame	;(semicolon)	0	0	1	0	1	0:1:0:0	公式(BMD, v11時点)			
1061	playback	Frame Step (arrow keys)	矢印キーで1フレーム移動	0	0	0	1	1	0:1:0:0	一致(2件)			統合(alias): capcut:shortcut:Navigation>Frame step = Left/Right arrow
1062	playback	Go To	指定位置へ移動	0	0	1	0	1	1:0:0:0	公式(BMDマニュアルPDF)			
1063	playback	Go to beginning of composition, layer, or footage	コンポ/レイヤー/素材の先頭へ	1	0	0	0	1	0:1:0:0	公式(Adobe)			
1064	playback	Go to beginning or end of work area	ワークエリアの先頭/末尾へ	1	0	0	0	1	0:1:0:0	公式(Adobe)			
1065	playback	Go to end of composition, layer, or footage	コンポ/レイヤー/素材の末尾へ	1	0	0	0	1	0:1:0:0	公式(Adobe)			
1066	playback	Go to In	Shift+I	0	0	1	0	1	0:1:0:0	公式(BMD, v11時点)			
1067	playback	Go to layer In point	レイヤーIn点へ	1	0	0	0	1	0:1:0:0	公式(Adobe)			
1068	playback	Go to layer Out point	レイヤーOut点へ	1	0	0	0	1	0:1:0:0	公式(Adobe)			
1069	playback	Go to next In or Out point	次のIn/Out点へ	1	0	0	0	1	0:1:0:0	公式(Adobe)			
1070	playback	Go to Out	Shift+O	0	0	1	0	1	0:1:0:0	公式(BMD, v11時点)			
1071	playback	Go to previous In or Out point	前のIn/Out点へ	1	0	0	0	1	0:1:0:0	公式(Adobe)			
1072	playback	Go to previous or next visible item in time ruler	タイムルーラーの前後の項目へ	1	0	0	0	1	0:1:0:0	公式(Adobe)			
1073	playback	Go to specific time	指定時刻へ移動	1	0	0	0	1	0:1:0:0	公式(Adobe)			
1074	playback	Go to Time…	指定時刻へ移動	1	0	0	0	1	1:0:0:0	二次(非公式技術抽出/2015時点)			
1075	playback	Go to Time…	該当なし(Viewメニューと重複確認用)	1	0	0	0	1	1:0:0:0	二次(非公式技術抽出/2015時点)			
1076	playback	Home/End = 先頭/末尾へ移動	タイムライン先頭/末尾	0	0	0	1	1	0:1:0:0	一致(2件、Macは代替キー有と両者記載)			
1077	playback	Jump Left	左へジャンプ	0	0	1	0	1	1:0:0:0	公式(BMDマニュアルPDF)			
1078	playback	Jump Right	右へジャンプ	0	0	1	0	1	1:0:0:0	公式(BMDマニュアルPDF)			
1079	playback	Last Frame	'(apostrophe)	0	0	1	0	1	0:1:0:0	公式(BMD, v11時点)			
1080	playback	Lift	リフト	0	1	0	0	1	0:1:0:0	二次(premiere全体注記)			
1081	playback	Lock or unlock guides	ガイドロック切替	1	0	0	0	1	0:1:0:0	公式(Adobe)			
1082	playback	Loop/Unloop	ループ切替	0	0	1	0	1	1:0:0:0	公式(BMDマニュアルPDF)			
1083	playback	Loop/Unloop	Command+/	0	0	1	0	1	0:1:0:0	公式(BMD, v11時点)			
1084	playback	Make Subsequence	サブシーケンス作成	0	1	0	0	1	0:1:0:0	二次(premiere全体注記)			
1085	playback	Match Frame	一致フレーム検索	0	1	0	0	1	0:1:0:0	二次(premiere全体注記)			
1086	playback	Match Frame	一致フレーム検索	0	1	0	0	1	0:1:0:0	二次(premiere全体注記)			
1087	playback	Next	次へ	0	0	1	0	1	1:0:0:0	公式(BMDマニュアルPDF)			
1088	playback	Next Clip/Edit	Down Arrow	0	0	1	0	1	0:1:0:0	公式(BMD, v11時点)			
1089	playback	Next Edit	次の編集点へ	0	1	0	0	1	0:1:0:0	二次(premiere全体注記)			
1090	playback	Next Gap	Option+Command+'	0	0	1	0	1	0:1:0:0	公式(BMD, v11時点)			
1091	playback	Next in Sequence	シーケンス内次へ	0	1	0	0	1	0:1:0:0	二次(premiere全体注記)			
1092	playback	Next Screen	次の画面へ	0	1	0	0	1	0:1:0:0	二次(premiere全体注記)			
1093	playback	Play Around Current Frame	/	0	0	1	0	1	0:1:0:0	公式(BMD, v11時点)			
1094	playback	Play Around In	Option+Space	0	0	1	0	1	0:1:0:0	公式(BMD, v11時点)			
1095	playback	Play Around Out	Shift+Space	0	0	1	0	1	0:1:0:0	公式(BMD, v11時点)			
1096	playback	Play Around/To	周辺/指定先まで再生	0	0	1	0	1	1:0:0:0	公式(BMDマニュアルPDF)			
1097	playback	Play Forward	順再生	0	0	1	0	1	1:0:0:0	公式(BMDマニュアルPDF)			
1098	playback	Play Forward	L	0	0	1	0	1	0:1:0:0	公式(BMD, v11時点)			
1099	playback	Play In To Out	Option+/	0	0	1	0	1	0:1:0:0	公式(BMD, v11時点)			
1100	playback	Play Reverse	逆再生	0	0	1	0	1	1:0:0:0	公式(BMDマニュアルPDF)			
1101	playback	Play Reverse	J	0	0	1	0	1	0:1:0:0	公式(BMD, v11時点)			
1102	playback	Play Slow	スロー再生	0	0	1	0	1	1:0:0:0	公式(BMDマニュアルPDF)			
1103	playback	Play Still	Option+Command+F	0	0	1	0	1	0:1:0:0	公式(BMD, v11時点)			
1104	playback	Play To Out	Option+Command+/	0	0	1	0	1	0:1:0:0	公式(BMD, v11時点)			
1105	playback	Playback Post-Roll	再生ポストロール	0	0	1	0	1	1:0:0:0	公式(BMDマニュアルPDF)			
1106	playback	Prevent rendering for previews	プレビュー用レンダリングを抑止	1	0	0	0	1	0:1:0:0	公式(Adobe)			
1107	playback	Previous	前へ	0	0	1	0	1	1:0:0:0	公式(BMDマニュアルPDF)			
1108	playback	Previous Clip/Edit	Up Arrow	0	0	1	0	1	0:1:0:0	公式(BMD, v11時点)			
1109	playback	Previous Edit	前の編集点へ	0	1	0	0	1	0:1:0:0	二次(premiere全体注記)			
1110	playback	Previous Gap	Option+Command+;	0	0	1	0	1	0:1:0:0	公式(BMD, v11時点)			
1111	playback	Previous in Sequence	シーケンス内前へ	0	1	0	0	1	0:1:0:0	二次(premiere全体注記)			
1112	playback	Previous Screen	前の画面へ	0	1	0	0	1	0:1:0:0	二次(premiere全体注記)			
1113	playback	Proxy Handling	プロキシ処理設定	0	0	1	0	1	1:0:0:0	公式(BMDマニュアルPDF)			
1114	playback	Record	録画	0	0	1	0	1	1:0:0:0	公式(BMDマニュアルPDF)			
1115	playback	Render Cache	レンダーキャッシュ設定	0	0	1	0	1	1:0:0:0	公式(BMDマニュアルPDF)			
1116	playback	Render Effects in Work Area	ワークエリア内エフェクトレンダリング	0	1	0	0	1	0:1:0:0	二次(premiere全体注記)			
1117	playback	Reverse Match Frame	逆方向一致フレーム検索	0	1	0	0	1	0:1:0:0	二次(premiere全体注記)			
1118	playback	Reverse Match Frame	逆一致フレーム検索	0	1	0	0	1	0:1:0:0	二次(premiere全体注記)			
1119	playback	Show or hide grid	グリッド表示切替	1	0	0	0	1	0:1:0:0	公式(Adobe)			
1120	playback	Show or hide guides	ガイド表示切替	1	0	0	0	1	0:1:0:0	公式(Adobe)			
1121	playback	Show or hide layer controls	レイヤーコントロール表示切替	1	0	0	0	1	0:1:0:0	公式(Adobe)			
1122	playback	Show or hide proportional grid	比例グリッド表示切替	1	0	0	0	1	0:1:0:0	公式(Adobe)			
1123	playback	Show or hide rulers	定規表示切替	1	0	0	0	1	0:1:0:0	公式(Adobe)			
1124	playback	Show or hide safe zones	セーフゾーン表示切替	1	0	0	0	1	0:1:0:0	公式(Adobe)			
1125	playback	Shuttle Left	シャトル逆再生	0	1	0	0	1	0:1:0:0	二次(premiere全体注記)			
1126	playback	Shuttle Right	シャトル順再生	0	1	0	0	1	0:1:0:0	二次(premiere全体注記)			
1127	playback	Shuttle Stop	シャトル停止	0	1	0	0	1	0:1:0:0	二次(premiere全体注記)			
1128	playback	Slow Left	低速逆再生	0	1	0	0	1	0:1:0:0	二次(premiere全体注記)			
1129	playback	Slow Right	低速順再生	0	1	0	0	1	0:1:0:0	二次(premiere全体注記)			
1130	playback	Step Back Five Frames	5フレーム戻る	0	1	0	0	1	0:1:0:0	二次(premiere全体注記)			
1131	playback	Step Forward Five Frames	5フレーム進む	0	1	0	0	1	0:1:0:0	二次(premiere全体注記)			
1132	playback	Step One	1コマ送り	0	0	1	0	1	1:0:0:0	公式(BMDマニュアルPDF)			
1133	playback	Step One Second Forward	Shift+Right Arrow	0	0	1	0	1	0:1:0:0	公式(BMD, v11時点)			
1134	playback	Step One Second Reverse	Shift+Left Arrow	0	0	1	0	1	0:1:0:0	公式(BMD, v11時点)			
1135	playback	Stop	停止	0	0	1	0	1	1:0:0:0	公式(BMDマニュアルPDF)			
1136	playback	Stop	K	0	0	1	0	1	0:1:0:0	公式(BMD, v11時点)			
1137	playback	Stop and Go to Last Position	停止して直前位置へ	0	0	1	0	1	1:0:0:0	公式(BMDマニュアルPDF)			
1138	playback	Timecode	タイムコード入力	0	0	1	0	1	1:0:0:0	公式(BMDマニュアルPDF)			
1139	playback	Timeline Proxy Resolution	タイムラインプロキシ解像度	0	0	1	0	1	1:0:0:0	公式(BMDマニュアルPDF)			
1140	playback	Trim Edit	トリムモード	0	1	0	0	1	0:1:0:0	二次(premiere全体注記)			
1141	playback	Turn snapping to grid on or off	グリッドスナップ切替	1	0	0	0	1	0:1:0:0	公式(Adobe)			
1142	playback	Turn snapping to guides on or off	ガイドスナップ切替	1	0	0	0	1	0:1:0:0	公式(Adobe)			
1143	playback	Use Optimized Media if Available	最適化メディア使用	0	0	1	0	1	1:0:0:0	公式(BMDマニュアルPDF)			
1144	preferences	Preferences / Settings (entry point)	環境設定を開く入口	0	1	1	1	3	2:1:0:1	二次(premiere全体注記);公式(BMD, v11時点);公式(BMDマニュアルPDF);公式(原文: "Click Settings in the upper-right corner of the screen")			統合(alias): capcut:pref:Settings>Settings entry point (top-right corner) | premiere:menu:Edit>Preferences (Win) / Settings (Mac) | resolve:menu:DaVinci Resolve>Preferences | resolve:shortcut:DaVinci Resolve>Preferences
1145	preferences	Keyboard Shortcuts (editor)	キーボードショートカットのカスタマイズ画面	1	1	0	0	2	2:2:0:0	二次(premiere全体注記);二次(非公式技術抽出/2015時点);公式(Adobe)			統合(alias): ae:menu:Help>Keyboard Shortcuts… | ae:shortcut:Keyboard Shortcut Editor>Open Visual Keyboard Shortcut Editor | premiere:menu:Edit>Keyboard Shortcuts | premiere:shortcut:Command Shortcuts>Keyboard Shortcuts
1146	preferences	Advanced	特殊構成向け詳細設定	0	0	1	0	1	0:0:0:1	公式(BMDマニュアルPDF)			
1147	preferences	All Memory	全メモリを消去	1	0	0	0	1	1:0:0:0	二次(非公式技術抽出/2015時点)			
1148	preferences	All Memory & Disk Cache…	メモリとディスクキャッシュを全消去	1	0	0	0	1	1:0:0:0	二次(非公式技術抽出/2015時点)			
1149	preferences	Allow Scripts to Write Files and Access Network	スクリプトによるファイル書込・ネットワークアクセスを許可	1	0	0	0	1	0:0:0:1	公式(Adobe)			
1150	preferences	Appearance	UI外観・ラベル/マスクのハイライト色設定	1	0	0	0	1	0:0:0:1	公式(Adobe)			
1151	preferences	Appearance	UIの明るさ・コントラストなど外観設定	0	1	0	0	1	0:0:0:1	二次(premiere全体注記)			
1152	preferences	Audio	書き出し時の音声レンダリング設定	0	1	0	0	1	0:0:0:1	二次(premiere全体注記)			
1153	preferences	Audio Hardware	サウンドデバイス・ドライバ・サンプルレートの選択	1	0	0	0	1	0:0:0:1	公式(Adobe)			
1154	preferences	Audio Hardware	外部オーディオ機器・サンプルレート設定	0	1	0	0	1	0:0:0:1	二次(premiere全体注記)			
1155	preferences	Audio Output Mapping	Left/Right Channel割当、Audio Block Duration	1	0	0	0	1	0:0:0:1	公式(Adobe)			
1156	preferences	Audio Plugins	VSTエフェクト/外部音声処理設定	0	0	1	0	1	0:0:0:1	公式(BMDマニュアルPDF)			
1157	preferences	Auto Save	自動保存の間隔設定	0	1	0	0	1	0:0:0:1	二次(premiere全体注記)			
1158	preferences	Auto-Save	自動保存の間隔と保持世代数	1	0	0	0	1	0:0:0:1	公式(Adobe)			
1159	preferences	Cache size / clear cache	キャッシュ容量表示・削除(プロジェクト/メディア自体は消えない)	0	0	0	1	1	0:0:0:1	単一(個別ページ未直接取得。WebSearch要約経由のため信頼度中)			
1160	preferences	Camera Raw	カメラメーカー別RAWデコード設定	0	0	1	0	1	0:0:0:1	公式(BMDマニュアルPDF)	out-of-domain?		製品固有の深部機能(Fusion/Fairlight/Dolby Vision/HDR規格/プロ入出力設定等)のため out-of-domain? フラグ。判定は後段。
1161	preferences	Capture and Playback	デッキ設定/キャプチャ/プレイアウト	0	0	1	0	1	0:0:0:1	公式(BMDマニュアルPDF)			
1162	preferences	Collaboration	共同編集関連設定	0	1	0	0	1	0:0:0:1	二次(premiere全体注記)			
1163	preferences	Color	カラーピッカー/リップルモード等のカラー設定	0	0	1	0	1	0:0:0:1	公式(BMDマニュアルPDF)			
1164	preferences	Color Management	カラースペース変換/Dolby Vision/HDR10+/HDR Vivid/LUT/放送安全	0	0	1	0	1	0:0:0:1	公式(BMDマニュアルPDF)			
1165	preferences	Control Panels	カラーグレーディングパネル/MIDI接続設定	0	0	1	0	1	0:0:0:1	公式(BMDマニュアルPDF)			
1166	preferences	Control Panels	パネル感度/表示輝度等の設定	0	0	1	0	1	0:0:0:1	公式(BMDマニュアルPDF)			
1167	preferences	Control Surface	外部コントロールサーフィス機器の登録	0	1	0	0	1	0:0:0:1	二次(premiere全体注記)			
1168	preferences	Decode Options	RAW/H.264等のデコード方式設定	0	0	1	0	1	0:0:0:1	公式(BMDマニュアルPDF)			
1169	preferences	Display	モーションパス表示、Projectパネルサムネイル、Infoパネルのレンダリング表示等	1	0	0	0	1	0:0:0:1	公式(Adobe)			
1170	preferences	Editing	新規タイムライン既定/スマートビン等の編集設定	0	0	1	0	1	0:0:0:1	公式(BMDマニュアルPDF)			
1171	preferences	Enable JavaScript Debugger	ExtendScriptデバッガを有効化	1	0	0	0	1	0:0:0:1	公式(Adobe)			
1172	preferences	Enable Proxy (+解像度選択)	プロキシ編集の有効化と解像度選択	0	0	0	1	1	0:0:0:1	単一(同上、要一次確認)			
1173	preferences	Expression Pick Whip Writes Compact English	ピックウィップが簡潔な英語表記のエクスプレッションを生成	1	0	0	0	1	0:0:0:1	公式(Adobe)			
1174	preferences	Fairlight	ビデオI/Oオフセット/ループジョグ等の音声設定	0	0	1	0	1	0:0:0:1	公式(BMDマニュアルPDF)	out-of-domain?		製品固有の深部機能(Fusion/Fairlight/Dolby Vision/HDR規格/プロ入出力設定等)のため out-of-domain? フラグ。判定は後段。
1175	preferences	Fairlight	タイムラインサンプルレート/バス/メータリング	0	0	1	0	1	0:0:0:1	公式(BMDマニュアルPDF)	out-of-domain?		製品固有の深部機能(Fusion/Fairlight/Dolby Vision/HDR規格/プロ入出力設定等)のため out-of-domain? フラグ。判定は後段。
1176	preferences	General	その他一般設定(アンドゥ回数、ツールチップ表示、OS標準ショートカット使用等)	1	0	0	0	1	0:0:0:1	公式(Adobe)			
1177	preferences	General	起動時のプロジェクト挙動などの全般設定	0	1	0	0	1	0:0:0:1	二次(premiere全体注記)			
1178	preferences	General	外部スクリプト/自動更新等の全般設定	0	0	1	0	1	0:0:0:1	公式(BMDマニュアルPDF)			
1179	preferences	General Options	コンフォームオプション/バージョン管理等の全般設定	0	0	1	0	1	0:0:0:1	公式(BMDマニュアルPDF)			
1180	preferences	Graphics	グラフィック関連の初期設定	0	1	0	0	1	0:0:0:1	二次(premiere全体注記)			
1181	preferences	Grid & Guides	グリッド色・サイズ、ガイド色、セーフマージン(Action Safe / Title Safe / Center-Cut)	1	0	0	0	1	0:0:0:1	公式(Adobe)			
1182	preferences	Hardware decoding / encoding toggle	ハードウェアデコード/エンコード高速化	0	0	0	1	1	0:0:0:1	単一(同上)			
1183	preferences	Image Cache Memory	画像キャッシュメモリを消去	1	0	0	0	1	1:0:0:0	二次(非公式技術抽出/2015時点)			
1184	preferences	Image Scaling	入力/出力の画像スケーリング方式	0	0	1	0	1	0:0:0:1	公式(BMDマニュアルPDF)			
1185	preferences	Import	静止画の既定表示時間、埋め込みアルファの扱い、ドラッグ&ドロップ読み込みの挙動	1	0	0	0	1	0:0:0:1	公式(Adobe)			
1186	preferences	Internet Accounts	クラウド/動画共有サービスのログイン連携	0	0	1	0	1	0:0:0:1	公式(BMDマニュアルPDF)			
1187	preferences	Keyboard Customization	キーボードカスタマイズウィンドウを開く	0	0	1	0	1	1:0:0:0	公式(BMDマニュアルPDF)			
1188	preferences	Keyboard Customization	ショートカットプリセット選択とカスタムマッピング	0	0	1	0	1	0:0:0:1	公式(BMDマニュアルPDF)			
1189	preferences	Labels	ラベル色とその割当の設定	1	0	0	0	1	0:0:0:1	公式(Adobe)			
1190	preferences	Labels	ラベル色・既定ラベルの設定	0	1	0	0	1	0:0:0:1	二次(premiere全体注記)			
1191	preferences	Language	UI表示言語切替	0	0	0	1	1	0:0:0:1	公式(原文: "Go to the General > Language tab")			
1192	preferences	Master Settings	タイムライン形式/ビデオモニタリング/最適化メディア/作業フォルダ	0	0	1	0	1	0:0:0:1	公式(BMDマニュアルPDF)			
1193	preferences	Media	静止画スケーリング・プロキシ設定	0	1	0	0	1	0:0:0:1	二次(premiere全体注記)			
1194	preferences	Media & Disk Cache	キャッシュ・メディアフォルダの場所、Enable Disk Cache、Maximum Disk Cache Size、Enable Compressed Frames等	1	0	0	0	1	0:0:0:1	公式(Adobe)			
1195	preferences	Media Cache	メディアキャッシュファイルの自動削除設定	0	1	0	0	1	0:0:0:1	二次(premiere全体注記)			
1196	preferences	Media Storage	メディアストレージの登録フォルダ管理	0	0	1	0	1	0:0:0:1	公式(BMDマニュアルPDF)			
1197	preferences	Memory	Premiere Proへ割り当てるRAM量の設定	0	1	0	0	1	0:0:0:1	二次(premiere全体注記)			
1198	preferences	Memory & Multiprocessing	メモリ割当・マルチフレームレンダリング・他アプリ用CPU予約	1	0	0	0	1	0:0:0:1	公式(Adobe)			
1199	preferences	Memory and GPU	システムメモリ上限/GPU処理モード/GPU選択	0	0	1	0	1	0:0:0:1	公式(BMDマニュアルPDF)			
1200	preferences	Metadata	メタデータプリセットのカスタム項目	0	0	1	0	1	0:0:0:1	公式(BMDマニュアルPDF)			
1201	preferences	Output	出力時のファイル分割、既定ファイル名/フォルダの使用可否	1	0	0	0	1	0:0:0:1	公式(Adobe)			
1202	preferences	Path Mapping	パスマッピング/プロジェクトメディア所在地	0	0	1	0	1	0:0:0:1	公式(BMDマニュアルPDF)			
1203	preferences	Playback	Mercury Transmitやプレビュー設定	0	1	0	0	1	0:0:0:1	二次(premiere全体注記)			
1204	preferences	Playback Settings	UIオーバーレイ非表示/パフォーマンスモード	0	0	1	0	1	0:0:0:1	公式(BMDマニュアルPDF)			
1205	preferences	Previews	プレビュー全般の設定(オーディオプレビュー長、適応解像度品質、ハードウェアアクセラレーション等)	1	0	0	0	1	0:0:0:1	公式(Adobe)			
1206	preferences	Project Save and Load	自動保存/ライブセーブ/バックアップ設定	0	0	1	0	1	0:0:0:1	公式(BMDマニュアルPDF)			
1207	preferences	Purge All Memory	全メモリをパージ	1	0	0	0	1	0:1:0:0	公式(Adobe)			
1208	preferences	Show Scripting Progress Dialog	スクリプト実行中の進捗ダイアログを表示	1	0	0	0	1	0:0:0:1	公式(Adobe)			
1209	preferences	Show Warning Banner When Project Contains Expression Errors	エクスプレッションエラー時に警告バナー表示	1	0	0	0	1	0:0:0:1	公式(Adobe)			
1210	preferences	Subtitles and Transcription	字幕プリセット/文字起こし言語	0	0	1	0	1	0:0:0:1	公式(BMDマニュアルPDF)			
1211	preferences	Sync Settings	Creative Cloud経由でショートカット・設定を同期(Audio Hardware/Output Mapping/一部Media & Disk Cache設定は同期対象外)	1	0	0	0	1	0:0:0:1	公式(Adobe)			
1212	preferences	Sync Settings	Creative Cloud経由の設定同期	0	1	0	0	1	0:0:0:1	二次(premiere全体注記)			
1213	preferences	Timeline	既定トランジション長など タイムライン挙動設定	0	1	0	0	1	0:0:0:1	二次(premiere全体注記)			
1214	preferences	Trim	選択ツールの挙動・トリムオフセット設定	0	1	0	0	1	0:0:0:1	二次(premiere全体注記)			
1215	preferences	UI Settings	言語/最終プロジェクト再読込等のUI設定	0	0	1	0	1	0:0:0:1	公式(BMDマニュアルPDF)			
1216	preferences	Version / Check for updates	バージョン確認・更新チェック	0	0	0	1	1	0:0:0:1	単一			
1217	preferences	Video and Audio I/O	キャプチャ/モニター用デバイスI/O設定	0	0	1	0	1	0:0:0:1	公式(BMDマニュアルPDF)			
1218	preferences	Video Plugins	OpenFXプラグイン有効/無効一覧	0	0	1	0	1	0:0:0:1	公式(BMDマニュアルPDF)			
1219	preferences	Video Preview	外部プレビュー出力デバイス(FireWire等)の設定	1	0	0	0	1	0:0:0:1	公式(Adobe)			
1220	preferences	Warn User When Executing Files	スクリプトファイル実行時に警告	1	0	0	0	1	0:0:0:1	公式(Adobe)			
1221	project	New Project	新規プロジェクト作成	1	1	1	1	4	4:0:0:0	二次(premiere全体注記);二次(非公式技術抽出/2015時点);公式;公式(BMDマニュアルPDF)			統合(alias): ae:menu:File > New>New Project | capcut:menu:Project>Create project | premiere:menu:File>New Project | resolve:menu:File>New Project
1222	project	Project Settings	プロジェクト設定	1	1	1	0	3	5:0:0:0	二次(premiere全体注記);二次(非公式技術抽出/2015時点);公式(BMDマニュアルPDF)			統合(alias): ae:menu:File>Project Settings… | premiere:menu:File>Project Settings > General | premiere:menu:File>Project Settings > Ingest Settings | premiere:menu:File>Project Settings > Scratch Disks | resolve:menu:File>Project Settings
1223	project	Quit / Exit	アプリケーションを終了	1	1	1	0	3	3:3:0:0	二次(premiere全体注記);二次(非公式技術抽出/2015時点);公式(Adobe);公式(BMD, v11時点);公式(BMDマニュアルPDF)			統合(alias): ae:menu:After Effects>Quit After Effects | ae:shortcut:General>Quit | ae:shortcut:Masks>Exit free-transform mask editing mode | premiere:menu:File>Exit/Quit | resolve:menu:DaVinci Resolve>Quit DaVinci Resolve | resolve:shortcut:DaVinci Resolve>Quit DaVinci Resolve
1224	project	Save (Project)	プロジェクトを保存	1	1	1	0	3	3:1:0:0	二次(premiere全体注記);二次(非公式技術抽出/2015時点);公式(BMD, v11時点);公式(BMDマニュアルPDF)			統合(alias): ae:menu:File>Save | premiere:menu:File>Save | resolve:menu:File>Save Project | resolve:shortcut:File>Save Project
1225	project	Save As	名前を付けて保存	1	1	1	0	3	3:1:0:0	二次(premiere全体注記);二次(非公式技術抽出/2015時点);公式(BMD, v11時点);公式(BMDマニュアルPDF)			統合(alias): ae:menu:File > Save As>Save As… | premiere:menu:File>Save As | resolve:menu:File>Save Project As | resolve:shortcut:File>Save Project As
1226	project	Open Project	プロジェクトを開く	1	1	0	0	2	2:0:0:0	二次(premiere全体注記);二次(非公式技術抽出/2015時点)			統合(alias): ae:menu:File>Open Project… | premiere:menu:File>Open Project
1227	project	Save a Copy	コピーを保存	1	1	0	0	2	2:0:0:0	二次(premiere全体注記);二次(非公式技術抽出/2015時点)			統合(alias): ae:menu:File > Save As>Save a Copy… | premiere:menu:File>Save a Copy
1228	project	About After Effects…	バージョン情報	1	0	0	0	1	1:0:0:0	二次(非公式技術抽出/2015時点)			
1229	project	About DaVinci Resolve	バージョン情報スプラッシュを開く	0	0	1	0	1	1:0:0:0	公式(BMDマニュアルPDF)			
1230	project	Appearance…	UI外観・ハイライト色設定	1	0	0	0	1	1:0:0:0	二次(非公式技術抽出/2015時点)			
1231	project	Auto-Save…	自動保存の間隔・世代数設定	1	0	0	0	1	1:0:0:0	二次(非公式技術抽出/2015時点)			
1232	project	Close Project	プロジェクトを閉じる	1	0	0	0	1	1:0:0:0	二次(非公式技術抽出/2015時点)			
1233	project	Close Project	プロジェクトを閉じる	0	1	0	0	1	1:0:0:0	二次(premiere全体注記)			
1234	project	Display…	モーションパス等の表示設定	1	0	0	0	1	1:0:0:0	二次(非公式技術抽出/2015時点)			
1235	project	General…	その他一般設定	1	0	0	0	1	1:0:0:0	二次(非公式技術抽出/2015時点)			
1236	project	Media & Disk Cache…	メディア・ディスクキャッシュ設定	1	0	0	0	1	1:0:0:0	二次(非公式技術抽出/2015時点)			
1237	project	Memory & Multiprocessing…	メモリ・マルチプロセス設定	1	0	0	0	1	1:0:0:0	二次(非公式技術抽出/2015時点)			
1238	project	New project = Ctrl+N	新規プロジェクト	0	0	0	1	1	0:1:0:0	一致(2件)			
1239	project	Output…	出力時の既定動作設定	1	0	0	0	1	1:0:0:0	二次(非公式技術抽出/2015時点)			
1240	project	Previews…	プレビュー動作設定	1	0	0	0	1	1:0:0:0	二次(非公式技術抽出/2015時点)			
1241	project	Project Manager	プロジェクトの整理・書き出し管理	0	1	0	0	1	1:0:0:0	二次(premiere全体注記)			
1242	project	Project Manager	プロジェクトマネージャーを開く	0	0	1	0	1	1:0:0:0	公式(BMDマニュアルPDF)			
1243	project	Revert	直前保存状態に戻す	1	0	0	0	1	1:0:0:0	二次(非公式技術抽出/2015時点)			
1244	project	Revert to Last Save Version	直前の保存版に戻す	0	0	1	0	1	1:0:0:0	公式(BMDマニュアルPDF)			
1245	project	Save a Copy As CS6…	CS6形式でコピー保存	1	0	0	0	1	1:0:0:0	二次(非公式技術抽出/2015時点)			
1246	project	Save a Copy As XML…	XML形式でコピー保存	1	0	0	0	1	1:0:0:0	二次(非公式技術抽出/2015時点)			
1247	project	Sync Settings…	Creative Cloud経由の設定同期	1	0	0	0	1	1:0:0:0	二次(非公式技術抽出/2015時点)			
1248	project	Video Preview…	外部ビデオプレビュー出力設定	1	0	0	0	1	1:0:0:0	二次(非公式技術抽出/2015時点)			
1249	text	Add Text (layer)	テキストレイヤーを追加	1	0	0	1	2	2:0:0:0	二次(非公式技術抽出/2015時点);公式			統合(alias): ae:menu:Layer > New>Text | capcut:menu:Text > Add text>Add text
1250	text	Align horizontal text left, center, or right	水平テキストの左/中央/右揃え	1	0	0	0	1	0:1:0:0	公式(Adobe)			
1251	text	Align vertical text top, center, or bottom	垂直テキストの上/中央/下揃え	1	0	0	0	1	0:1:0:0	公式(Adobe)			
1252	text	All Transform Properties	全トランスフォームプロパティ	1	0	0	0	1	1:0:0:0	二次(非公式技術抽出/2015時点)			
1253	text	Anchor Point	アンカーポイント	1	0	0	0	1	1:0:0:0	二次(非公式技術抽出/2015時点)			
1254	text	Auto leading for selected text	選択テキストを自動行送りに	1	0	0	0	1	0:1:0:0	公式(Adobe)			
1255	text	Blur	ぼかし	1	0	0	0	1	1:0:0:0	二次(非公式技術抽出/2015時点)			
1256	text	Character Offset	文字オフセット	1	0	0	0	1	1:0:0:0	二次(非公式技術抽出/2015時点)			
1257	text	Character Value	文字値	1	0	0	0	1	1:0:0:0	二次(非公式技術抽出/2015時点)			
1258	text	Convert to Editable Text	編集可能なテキストに変換	1	0	0	0	1	1:0:0:0	二次(非公式技術抽出/2015時点)			
1259	text	Create Shapes from Text	テキストからシェイプ作成	1	0	0	0	1	1:0:0:0	二次(非公式技術抽出/2015時点)			
1260	text	Decrease or increase baseline shift by 10 units	ベースラインシフトを10単位増減	1	0	0	0	1	0:1:0:0	公式(Adobe)			
1261	text	Decrease or increase baseline shift by 2 units	ベースラインシフトを2単位増減	1	0	0	0	1	0:1:0:0	公式(Adobe)			
1262	text	Decrease or increase font size by 10 units	フォントサイズを10単位増減	1	0	0	0	1	0:1:0:0	公式(Adobe)			
1263	text	Decrease or increase font size by 2 units	フォントサイズを2単位増減	1	0	0	0	1	0:1:0:0	公式(Adobe)			
1264	text	Decrease or increase kerning/tracking 100 units	カーニング/トラッキングを100単位増減	1	0	0	0	1	0:1:0:0	公式(Adobe)			
1265	text	Decrease or increase kerning/tracking 20 units	カーニング/トラッキングを20単位増減	1	0	0	0	1	0:1:0:0	公式(Adobe)			
1266	text	Enable Per-character 3D	文字ごとの3Dを有効化	1	0	0	0	1	1:0:0:0	二次(非公式技術抽出/2015時点)			
1267	text	Extend or reduce selection by one character in horizontal text	1文字ずつ選択範囲を拡大縮小(横書き)	1	0	0	0	1	0:1:0:0	公式(Adobe)			
1268	text	Extend or reduce selection by one character in vertical text	1文字ずつ選択範囲を拡大縮小(縦書き)	1	0	0	0	1	0:1:0:0	公式(Adobe)			
1269	text	Extend or reduce selection by one line in horizontal text	1行ずつ選択範囲を拡大縮小(横書き)	1	0	0	0	1	0:1:0:0	公式(Adobe)			
1270	text	Extend or reduce selection by one word in horizontal text	1単語ずつ選択範囲を拡大縮小(横書き)	1	0	0	0	1	0:1:0:0	公式(Adobe)			
1271	text	Extend or reduce selection one word in vertical text	1単語ずつ選択範囲を拡大縮小(縦書き)	1	0	0	0	1	0:1:0:0	公式(Adobe)			
1272	text	Fill Color	塗り色	1	0	0	0	1	1:0:0:0	二次(非公式技術抽出/2015時点)			
1273	text	Find Missing Fonts	見つからないフォントを検索	1	0	0	0	1	1:0:0:0	二次(非公式技術抽出/2015時点)			
1274	text	Increase or decrease leading by 10 units	行送りを10単位増減	1	0	0	0	1	0:1:0:0	公式(Adobe)			
1275	text	Increase or decrease leading by 2 units	行送りを2単位増減	1	0	0	0	1	0:1:0:0	公式(Adobe)			
1276	text	Justify paragraph; force last line	強制両端揃え	1	0	0	0	1	0:1:0:0	公式(Adobe)			
1277	text	Justify paragraph; left align last line	両端揃え(最終行左)	1	0	0	0	1	0:1:0:0	公式(Adobe)			
1278	text	Justify paragraph; right align last line	両端揃え(最終行右)	1	0	0	0	1	0:1:0:0	公式(Adobe)			
1279	text	Line Anchor	行のアンカー	1	0	0	0	1	1:0:0:0	二次(非公式技術抽出/2015時点)			
1280	text	Line Spacing	行間	1	0	0	0	1	1:0:0:0	二次(非公式技術抽出/2015時点)			
1281	text	Move cursor in horizontal text	横書きテキスト内でカーソル移動	1	0	0	0	1	0:1:0:0	公式(Adobe)			
1282	text	Move cursor in vertical text	縦書きテキスト内でカーソル移動	1	0	0	0	1	0:1:0:0	公式(Adobe)			
1283	text	Move cursor to beginning or end of line	行頭/行末へカーソル移動	1	0	0	0	1	0:1:0:0	公式(Adobe)			
1284	text	New text layer	新規テキストレイヤー	1	0	0	0	1	0:1:0:0	公式(Adobe)			
1285	text	Opacity	不透明度	1	0	0	0	1	1:0:0:0	二次(非公式技術抽出/2015時点)			
1286	text	Open or close Character panel	Characterパネル開閉	1	0	0	0	1	0:1:0:0	公式(Adobe)			
1287	text	Open or close Paragraph panel	Paragraphパネル開閉	1	0	0	0	1	0:1:0:0	公式(Adobe)			
1288	text	Position	位置	1	0	0	0	1	1:0:0:0	二次(非公式技術抽出/2015時点)			
1289	text	Range	範囲セレクタ	1	0	0	0	1	1:0:0:0	二次(非公式技術抽出/2015時点)			
1290	text	Remove All Text Animators	全テキストアニメーターを削除	1	0	0	0	1	1:0:0:0	二次(非公式技術抽出/2015時点)			
1291	text	Reset tracking to 0	トラッキングを0にリセット	1	0	0	0	1	0:1:0:0	公式(Adobe)			
1292	text	Rotation	回転	1	0	0	0	1	1:0:0:0	二次(非公式技術抽出/2015時点)			
1293	text	Scale	スケール	1	0	0	0	1	1:0:0:0	二次(非公式技術抽出/2015時点)			
1294	text	Select all text on layer	レイヤー内全テキストを選択	1	0	0	0	1	0:1:0:0	公式(Adobe)			
1295	text	Select text from cursor to click point	カーソルからクリック位置まで選択	1	0	0	0	1	0:1:0:0	公式(Adobe)			
1296	text	Select text to beginning or end of frame	フレーム先頭/末尾まで選択	1	0	0	0	1	0:1:0:0	公式(Adobe)			
1297	text	Select text to beginning or end of line	行頭/行末まで選択	1	0	0	0	1	0:1:0:0	公式(Adobe)			
1298	text	Select word, line, paragraph, or entire text frame	単語/行/段落/全体を選択	1	0	0	0	1	0:1:0:0	公式(Adobe)			
1299	text	Set horizontal scale to 100%	水平比率を100%に	1	0	0	0	1	0:1:0:0	公式(Adobe)			
1300	text	Set vertical scale to 100%	垂直比率を100%に	1	0	0	0	1	0:1:0:0	公式(Adobe)			
1301	text	Skew	スキュー	1	0	0	0	1	1:0:0:0	二次(非公式技術抽出/2015時点)			
1302	text	Stroke Color	線色	1	0	0	0	1	1:0:0:0	二次(非公式技術抽出/2015時点)			
1303	text	Stroke Width	線幅	1	0	0	0	1	1:0:0:0	二次(非公式技術抽出/2015時点)			
1304	text	Text	テキスト用ワークスペース	1	0	0	0	1	1:0:0:0	二次(非公式技術抽出/2015時点)			
1305	text	Text to video	テキストから動画生成(AI)	0	0	0	1	1	1:0:0:0	公式			
1306	text	Text-to-Speech	テキスト読み上げ	0	0	0	1	1	1:0:0:0	公式			
1307	text	Toggle paragraph composer	段落コンポーザ切替	1	0	0	0	1	0:1:0:0	公式(Adobe)			
1308	text	Tracking	トラッキング(字送り)	1	0	0	0	1	1:0:0:0	二次(非公式技術抽出/2015時点)			
1309	text	Turn All Caps on or off	すべて大文字切替	1	0	0	0	1	0:1:0:0	公式(Adobe)			
1310	text	Turn Small Caps on or off	スモールキャップ切替	1	0	0	0	1	0:1:0:0	公式(Adobe)			
1311	text	Turn Subscript on or off	下付き文字切替	1	0	0	0	1	0:1:0:0	公式(Adobe)			
1312	text	Turn Superscript on or off	上付き文字切替	1	0	0	0	1	0:1:0:0	公式(Adobe)			
1313	text	Wiggly	ウィグリーセレクタ	1	0	0	0	1	1:0:0:0	二次(非公式技術抽出/2015時点)			
1314	timeline	Snapping (toggle)	スナップの有効/無効切替	0	1	1	1	3	3:2:0:0	二次(premiere全体注記);公式;公式(BMD, v11時点);公式(BMDマニュアルPDF)			統合(alias): capcut:menu:Timeline toggle>Auto Snapping | premiere:menu:Sequence>Snap in Timeline | premiere:shortcut:Navigation Shortcuts>Snap in Timeline | resolve:menu:Timeline>Snapping | resolve:shortcut:Edit>Snapping
1315	timeline	New Sequence / Timeline / Composition	新規シーケンス・タイムライン・コンポジションを作成	0	1	1	0	2	2:1:0:0	二次(premiere全体注記);公式(BMD, v11時点);公式(BMDマニュアルPDF)			統合(alias): premiere:menu:File>New Sequence | resolve:menu:File>New Timeline | resolve:shortcut:File>New Timeline
1316	timeline	Active Window: Timeline	Command+3	0	0	1	0	1	0:1:0:0	公式(BMD, v11時点)			
1317	timeline	Active Window: Timeline Viewer	Command+2	0	0	1	0	1	0:1:0:0	公式(BMD, v11時点)			
1318	timeline	Alpha Inverted Matte	反転アルファマット	1	0	0	0	1	1:0:0:0	二次(非公式技術抽出/2015時点)			
1319	timeline	Alpha Matte	アルファマット	1	0	0	0	1	1:0:0:0	二次(非公式技術抽出/2015時点)			
1320	timeline	Append to End of Timeline	末尾に追加	0	0	1	0	1	1:0:0:0	公式(BMDマニュアルPDF)			
1321	timeline	Auto Track Selector	自動トラック選択	0	0	1	0	1	1:0:0:0	公式(BMDマニュアルPDF)			
1322	timeline	Bounce Mix to Track	ミックスをトラックへバウンス	0	0	1	0	1	1:0:0:0	公式(BMDマニュアルPDF)			
1323	timeline	Bounce Selected Tracks to New Layer	選択トラックを新レイヤへバウンス	0	0	1	0	1	1:0:0:0	公式(BMDマニュアルPDF)			
1324	timeline	Clean Up Video Tracks	映像トラック整理	0	0	1	0	1	1:0:0:0	公式(BMDマニュアルPDF)			
1325	timeline	Clear Mutes	ミュート解除	0	0	1	0	1	1:0:0:0	公式(BMDマニュアルPDF)			
1326	timeline	Clear Solo	ソロ解除	0	0	1	0	1	1:0:0:0	公式(BMDマニュアルPDF)			
1327	timeline	Close Current Timeline	現在のタイムラインを閉じる	0	0	1	0	1	1:0:0:0	公式(BMDマニュアルPDF)			
1328	timeline	Decrease Video Track Height	ビデオトラック高を縮小	0	1	0	0	1	0:1:0:0	二次(premiere全体注記)			
1329	timeline	Detect Scene Cuts	シーンカット自動検出	0	0	1	0	1	1:0:0:0	公式(BMDマニュアルPDF)			
1330	timeline	Duplicate Clip or Current Timeline	クリップ/現在タイムラインを複製	0	0	1	0	1	1:0:0:0	公式(BMDマニュアルPDF)			
1331	timeline	Enable/Disable Video Tracks	映像トラック有効/無効	0	0	1	0	1	1:0:0:0	公式(BMDマニュアルPDF)			
1332	timeline	Find Current Timeline in Media Pool	Media Poolで現在タイムラインを探す	0	0	1	0	1	1:0:0:0	公式(BMDマニュアルPDF)			
1333	timeline	Find in Timeline panel	Timelineパネル内検索	1	0	0	0	1	0:1:0:0	公式(Adobe)			
1334	timeline	Group clips = Ctrl+G(droidcrunch記載、他NLE用語との混同疑い)	クリップをグループ化	0	0	0	1	1	0:1:0:0	単一(要検証、FCP/Premiere用語"compound clip"混入の疑い)			
1335	timeline	Increase Video Track Height	ビデオトラック高を拡大	0	1	0	0	1	0:1:0:0	二次(premiere全体注記)			
1336	timeline	Join Clip	クリップ結合	0	0	1	0	1	1:0:0:0	公式(BMDマニュアルPDF)			
1337	timeline	Linked Move Across Tracks	トラック横断リンク移動	0	0	1	0	1	1:0:0:0	公式(BMDマニュアルPDF)			
1338	timeline	Linked Selection (toggle, global)	リンク済みクリップの連動選択を切替	0	0	1	0	1	1:1:0:0	公式(BMD, v11時点);公式(BMDマニュアルPDF)			統合(alias): resolve:menu:Timeline>Linked Selection | resolve:shortcut:Edit>Linked Selection
1339	timeline	Lock Tracks	トラックロック	0	0	1	0	1	1:0:0:0	公式(BMDマニュアルPDF)			
1340	timeline	Lock/Unlock Video Track V1-V8(grouped, pattern)	Option+Shift+1..Option+Shift+8	0	0	1	0	1	0:1:0:0	公式(BMD, v11時点)			
1341	timeline	Loop Jog	ジョグをループ	0	0	1	0	1	1:0:0:0	公式(BMDマニュアルPDF)			
1342	timeline	Luma Inverted Matte	反転輝度マット	1	0	0	0	1	1:0:0:0	二次(非公式技術抽出/2015時点)			
1343	timeline	Luma Matte	輝度マット	1	0	0	0	1	1:0:0:0	二次(非公式技術抽出/2015時点)			
1344	timeline	Match Frame	マッチフレーム	0	0	1	0	1	1:0:0:0	公式(BMDマニュアルPDF)			
1345	timeline	Mute Tracks	トラックをミュート	0	0	1	0	1	1:0:0:0	公式(BMDマニュアルPDF)			
1346	timeline	No Track Matte	トラックマットなし	1	0	0	0	1	1:0:0:0	二次(非公式技術抽出/2015時点)			
1347	timeline	Open in Timeline	タイムラインで開く	0	0	1	0	1	1:0:0:0	公式(BMDマニュアルPDF)			
1348	timeline	Output Blanking	出力ブランキング	0	0	1	0	1	1:0:0:0	公式(BMDマニュアルPDF)			
1349	timeline	Purge snapshot	スナップショットをパージ	1	0	0	0	1	0:1:0:0	公式(Adobe)			
1350	timeline	Scroll topmost selected layer to top of Timeline	選択最上位レイヤーを先頭へスクロール	1	0	0	0	1	0:1:0:0	公式(Adobe)			
1351	timeline	Select Clips Backward	後方クリップ選択	0	0	1	0	1	1:0:0:0	公式(BMDマニュアルPDF)			
1352	timeline	Select Clips Forward	前方クリップ選択	0	0	1	0	1	1:0:0:0	公式(BMDマニュアルPDF)			
1353	timeline	Selection Follows Playhead	選択がプレイヘッドに追従	0	0	1	0	1	1:0:0:0	公式(BMDマニュアルPDF)			
1354	timeline	Snapshot	スナップショットを消去	1	0	0	0	1	1:0:0:0	二次(非公式技術抽出/2015時点)			
1355	timeline	Solo Tracks	トラックをソロ	0	0	1	0	1	1:0:0:0	公式(BMDマニュアルPDF)			
1356	timeline	Source/Timeline Viewer	ソース/タイムラインビューア切替	0	0	1	0	1	1:0:0:0	公式(BMDマニュアルPDF)			
1357	timeline	Source/Timeline Viewer	Q	0	0	1	0	1	0:1:0:0	公式(BMD, v11時点)			
1358	timeline	Split	クリップをプレイヘッドで分割	0	0	0	1	1	1:0:0:0	公式			
1359	timeline	Swap Timeline and Source Viewer	タイムライン/ソースビューア入替	0	0	1	0	1	1:0:0:0	公式(BMDマニュアルPDF)			
1360	timeline	Switch to Timeline After Edit	編集後にタイムラインへ切替	0	0	1	0	1	1:0:0:0	公式(BMDマニュアルPDF)			
1361	timeline	Take snapshot	スナップショットを取得	1	0	0	0	1	0:1:0:0	公式(Adobe)			
1362	timeline	Timeline Scrolling	タイムラインスクロール方式	0	0	1	0	1	1:0:0:0	公式(BMDマニュアルPDF)			
1363	timeline	Timeline Thumbnail Info	タイムラインサムネイル情報	0	0	1	0	1	1:0:0:0	公式(BMDマニュアルPDF)			
1364	timeline	Timeline Thumbnail Mode	タイムラインサムネイルモード	0	0	1	0	1	1:0:0:0	公式(BMDマニュアルPDF)			
1365	timeline	Timeline Thumbnail Size	タイムラインサムネイルサイズ	0	0	1	0	1	1:0:0:0	公式(BMDマニュアルPDF)			
1366	timeline	Track Destination Selection	トラック送り先選択	0	0	1	0	1	1:0:0:0	公式(BMDマニュアルPDF)			
1367	timeline	Track in mocha AE	mocha AEでトラッキング	1	0	0	0	1	1:0:0:0	二次(非公式技術抽出/2015時点)	out-of-domain?		製品固有の深部機能(Fusion/Fairlight/Dolby Vision/HDR規格/プロ入出力設定等)のため out-of-domain? フラグ。判定は後段。
1368	timeline	Track Magnet	トラック吸着(整列補助)	0	0	0	1	1	1:0:0:0	公式			
1369	timeline	Track Motion	モーショントラッキング	1	0	0	0	1	1:0:0:0	二次(非公式技術抽出/2015時点)			
1370	timeline	Track Select Forward Tool	トラック順方向選択ツール	0	1	0	0	1	0:1:0:0	二次(premiere全体注記)			
1371	timeline	Track this Property	このプロパティをトラック	1	0	0	0	1	1:0:0:0	二次(非公式技術抽出/2015時点)			
1372	timeline	Video Track Destination V1-V8(grouped, pattern)	Option+1..Option+8	0	0	1	0	1	0:1:0:0	公式(BMD, v11時点)			
1373	timeline	Zoom Timeline to single-frame units	1フレーム単位までズーム	1	0	0	0	1	0:1:0:0	公式(Adobe)			
1374	tool	Activate and cycle Brush, Clone Stamp, and Eraser tools	ブラシ/コピースタンプ/消しゴムを巡回	1	0	0	0	1	0:1:0:0	公式(Adobe)			
1375	tool	Activate and cycle Puppet tools	パペットツールを巡回	1	0	0	0	1	0:1:0:0	公式(Adobe)			
1376	tool	Activate and cycle Type tools	文字ツールを巡回	1	0	0	0	1	0:1:0:0	公式(Adobe)			
1377	tool	Activate Hand tool	手のひらツール	1	0	0	0	1	0:1:0:0	公式(Adobe)			
1378	tool	Activate Pan Behind tool	アンカーポイントツール	1	0	0	0	1	0:1:0:0	公式(Adobe)			
1379	tool	Activate Refine Edge tool	エッジ調整ツール	1	0	0	0	1	0:1:0:0	公式(Adobe)			
1380	tool	Activate Selection tool	選択ツール	1	0	0	0	1	0:1:0:0	公式(Adobe)			
1381	tool	Activate specific Clone Stamp preset	コピースタンプのプリセットを呼び出す	1	0	0	0	1	0:1:0:0	公式(Adobe)			
1382	tool	AI design	AIデザイン生成	0	0	0	1	1	1:0:0:0	公式			
1383	tool	AI writer	AI文章生成	0	0	0	1	1	1:0:0:0	公式			
1384	tool	Append At End	Shift+F12	0	0	1	0	1	0:1:0:0	公式(BMD, v11時点)			
1385	tool	Arc Tool	弧ツール(タイトル/グラフィック)	0	1	0	0	1	0:1:0:0	二次(premiere全体注記)			
1386	tool	Auto Removal	自動背景除去	0	0	0	1	1	1:0:0:0	公式			
1387	tool	Bold	太字	0	1	0	0	1	0:1:0:0	二次(premiere全体注記)			
1388	tool	Chroma Key	クロマキー合成	0	0	0	1	1	1:0:0:0	公式			
1389	tool	Cycle through tools	ツールを巡回	1	0	0	0	1	0:1:0:0	公式(Adobe)			
1390	tool	Duplicate Clone Stamp preset	コピースタンププリセットを複製	1	0	0	0	1	0:1:0:0	公式(Adobe)			
1391	tool	Ellipse Tool	楕円ツール	0	1	0	0	1	0:1:0:0	二次(premiere全体注記)			
1392	tool	Find Missing Effects	見つからないエフェクトを検索	1	0	0	0	1	1:0:0:0	二次(非公式技術抽出/2015時点)			
1393	tool	Find Missing Footage	見つからない素材を検索	1	0	0	0	1	1:0:0:0	二次(非公式技術抽出/2015時点)			
1394	tool	Hand Tool	ハンドツール	0	1	0	0	1	0:1:0:0	二次(premiere全体注記)			
1395	tool	Insert Copyright Symbol	著作権記号挿入	0	1	0	0	1	0:1:0:0	二次(premiere全体注記)			
1396	tool	Insert Registered Symbol	登録商標記号挿入	0	1	0	0	1	0:1:0:0	二次(premiere全体注記)			
1397	tool	Italic	斜体	0	1	0	0	1	0:1:0:0	二次(premiere全体注記)			
1398	tool	Line Tool	直線ツール	0	1	0	0	1	0:1:0:0	二次(premiere全体注記)			
1399	tool	Momentarily activate Eraser with Last Stroke Only	直前ストロークのみ消しゴム化	1	0	0	0	1	0:1:0:0	公式(Adobe)			
1400	tool	Nudge Selected Object Down by Five Pixels	選択オブジェクトを下へ5px	0	1	0	0	1	0:1:0:0	二次(premiere全体注記)			
1401	tool	Nudge Selected Object Down by One Pixel	選択オブジェクトを下へ1px	0	1	0	0	1	0:1:0:0	二次(premiere全体注記)			
1402	tool	Nudge Selected Object Left by Five Pixels	選択オブジェクトを左へ5px	0	1	0	0	1	0:1:0:0	二次(premiere全体注記)			
1403	tool	Nudge Selected Object Left by One Pixel	選択オブジェクトを左へ1px	0	1	0	0	1	0:1:0:0	二次(premiere全体注記)			
1404	tool	Nudge Selected Object Right by Five Pixels	選択オブジェクトを右へ5px	0	1	0	0	1	0:1:0:0	二次(premiere全体注記)			
1405	tool	Nudge Selected Object Right by One Pixel	選択オブジェクトを右へ1px	0	1	0	0	1	0:1:0:0	二次(premiere全体注記)			
1406	tool	Nudge Selected Object Up by Five Pixels	選択オブジェクトを上へ5px	0	1	0	0	1	0:1:0:0	二次(premiere全体注記)			
1407	tool	Nudge Selected Object Up by One Pixel	選択オブジェクトを上へ1px	0	1	0	0	1	0:1:0:0	二次(premiere全体注記)			
1408	tool	Open Auto-Orientation dialog	自動方向ダイアログを開く	1	0	0	0	1	0:1:0:0	公式(Adobe)			
1409	tool	Open Effect Controls panel	Effect Controlsパネルを開く	1	0	0	0	1	0:1:0:0	公式(Adobe)			
1410	tool	Open Layer	レイヤーパネルを開く	1	0	0	0	1	1:0:0:0	二次(非公式技術抽出/2015時点)			
1411	tool	Open layer in Layer panel	Layerパネルでレイヤーを開く	1	0	0	0	1	0:1:0:0	公式(Adobe)			
1412	tool	Open Layer Source	ソースを開く	1	0	0	0	1	1:0:0:0	二次(非公式技術抽出/2015時点)			
1413	tool	Open Script Editor	スクリプトエディタを開く	1	0	0	0	1	1:0:0:0	二次(非公式技術抽出/2015時点)			
1414	tool	Open settings dialog for selected layer	選択レイヤーの設定ダイアログを開く	1	0	0	0	1	0:1:0:0	公式(Adobe)			
1415	tool	Open source in Footage panel	Footageパネルでソースを開く	1	0	0	0	1	0:1:0:0	公式(Adobe)			
1416	tool	Pen Tool	ペンツール	0	1	0	0	1	0:1:0:0	二次(premiere全体注記)			
1417	tool	Pen Tool	ペンツール	0	1	0	0	1	0:1:0:0	二次(premiere全体注記)			
1418	tool	Pointer(select tool)	A	0	0	1	0	1	0:1:0:0	公式(BMD, v11時点)			
1419	tool	Proxy Mode	プロキシ編集モード	0	0	0	1	1	1:0:0:0	公式			
1420	tool	Rate Stretch Tool	レートストレッチツール	0	1	0	0	1	0:1:0:0	二次(premiere全体注記)			
1421	tool	Rectangle Tool	矩形ツール	0	1	0	0	1	0:1:0:0	二次(premiere全体注記)			
1422	tool	Remove background	AI背景除去	0	0	0	1	1	1:0:0:0	公式			
1423	tool	Remove Unused Footage	未使用素材を削除	1	0	0	0	1	1:0:0:0	二次(非公式技術抽出/2015時点)			
1424	tool	Script to Video	台本から動画生成(AI)	0	0	0	1	1	1:0:0:0	公式			
1425	tool	Select Tool	選択ツール	0	1	0	0	1	0:1:0:0	二次(premiere全体注記)			
1426	tool	Selection Tool	選択ツール	0	1	0	0	1	0:1:0:0	二次(premiere全体注記)			
1427	tool	Set brush hardness	ブラシ硬さを設定	1	0	0	0	1	0:1:0:0	公式(Adobe)			
1428	tool	Set brush size	ブラシサイズを設定	1	0	0	0	1	0:1:0:0	公式(Adobe)			
1429	tool	Set Clone Stamp starting sample point	コピースタンプの開始点を設定	1	0	0	0	1	0:1:0:0	公式(Adobe)			
1430	tool	Set flow for paint tool	ペイントツールのフローを設定	1	0	0	0	1	0:1:0:0	公式(Adobe)			
1431	tool	Temporarily activate Hand tool	一時的に手のひらツール	1	0	0	0	1	0:1:0:0	公式(Adobe)			
1432	tool	Temporarily activate Pen tool with Selection selected	選択ツール中に一時的にペンツール	1	0	0	0	1	0:1:0:0	公式(Adobe)			
1433	tool	Temporarily activate Selection tool with pen selected	ペン選択中に一時的に選択ツール	1	0	0	0	1	0:1:0:0	公式(Adobe)			
1434	tool	Temporarily convert Selection to Direct Selection tool	一時的にダイレクト選択ツールへ	1	0	0	0	1	0:1:0:0	公式(Adobe)			
1435	tool	Temporarily convert Selection to Shape Duplication tool	一時的にシェイプ複製ツールへ	1	0	0	0	1	0:1:0:0	公式(Adobe)			
1436	tool	Type Tool	テキストツール	0	1	0	0	1	0:1:0:0	二次(premiere全体注記)			
1437	tool	Type Tool	テキストツール	0	1	0	0	1	0:1:0:0	二次(premiere全体注記)			
1438	tool	Underline	下線	0	1	0	0	1	0:1:0:0	二次(premiere全体注記)			
1439	tool	Vertical Type Tool	縦書きテキストツール	0	1	0	0	1	0:1:0:0	二次(premiere全体注記)			
1440	tool	Wedge Tool	くさびツール	0	1	0	0	1	0:1:0:0	二次(premiere全体注記)			
1441	view_display	Zoom In	ズームイン	1	1	1	0	3	2:2:0:0	二次(premiere全体注記);二次(非公式技術抽出/2015時点);公式(BMD, v11時点)			統合(alias): ae:menu:View>Zoom In | premiere:menu:Sequence>Zoom In | premiere:shortcut:Navigation Shortcuts>Zoom In | resolve:shortcut:View>Zoom In
1442	view_display	Zoom Out	ズームアウト	1	1	1	0	3	2:2:0:0	二次(premiere全体注記);二次(非公式技術抽出/2015時点);公式(BMD, v11時点)			統合(alias): ae:menu:View>Zoom Out | premiere:menu:Sequence>Zoom Out | premiere:shortcut:Navigation Shortcuts>Zoom Out | resolve:shortcut:View>Zoom Out
1443	view_display	Activate Zoom In tool	ズームインツール	1	0	0	0	1	0:1:0:0	公式(Adobe)			
1444	view_display	Activate Zoom Out tool	ズームアウトツール	1	0	0	0	1	0:1:0:0	公式(Adobe)			
1445	view_display	Active Window: Source Viewer	Command+1	0	0	1	0	1	0:1:0:0	公式(BMD, v11時点)			
1446	view_display	Cinema Viewer	Command+F	0	0	1	0	1	0:1:0:0	公式(BMD, v11時点)			
1447	view_display	Clear Guides	ガイドを消去	1	0	0	0	1	1:0:0:0	二次(非公式技術抽出/2015時点)			
1448	view_display	Custom…	解像度:カスタム	1	0	0	0	1	1:0:0:0	二次(非公式技術抽出/2015時点)			
1449	view_display	Enhanced Viewer	Option+F	0	0	1	0	1	0:1:0:0	公式(BMD, v11時点)			
1450	view_display	Fast Previews > Adaptive Resolution	高速プレビュー:適応解像度	1	0	0	0	1	0:1:0:0	公式(Adobe)			
1451	view_display	Fast Previews > Wireframe	高速プレビュー:ワイヤーフレーム	1	0	0	0	1	0:1:0:0	公式(Adobe)			
1452	view_display	Full	解像度:フル	1	0	0	0	1	1:0:0:0	二次(非公式技術抽出/2015時点)			
1453	view_display	Full Screen Viewer	Shift+F	0	0	1	0	1	0:1:0:0	公式(BMD, v11時点)			
1454	view_display	Gradient Overlay	グラデーションオーバーレイ	1	0	0	0	1	1:0:0:0	二次(非公式技術抽出/2015時点)			
1455	view_display	Grid & Guides…	グリッド・ガイド・セーフマージン設定	1	0	0	0	1	1:0:0:0	二次(非公式技術抽出/2015時点)			
1456	view_display	Guide Layer	ガイドレイヤー化	1	0	0	0	1	1:0:0:0	二次(非公式技術抽出/2015時点)			
1457	view_display	Half	解像度:1/2	1	0	0	0	1	1:0:0:0	二次(非公式技術抽出/2015時点)			
1458	view_display	Invert Wipe	Option+W	0	0	1	0	1	0:1:0:0	公式(BMD, v11時点)			
1459	view_display	Lightbox	Shift+Command+F	0	0	1	0	1	0:1:0:0	公式(BMD, v11時点)			
1460	view_display	Lock Guides	ガイドをロック	1	0	0	0	1	1:0:0:0	二次(非公式技術抽出/2015時点)			
1461	view_display	New Viewer	新規ビューアー	1	0	0	0	1	1:0:0:0	二次(非公式技術抽出/2015時点)			
1462	view_display	Open View Options dialog for active Composition panel	表示オプションダイアログを開く	1	0	0	0	1	0:1:0:0	公式(Adobe)			
1463	view_display	Quarter	解像度:1/4	1	0	0	0	1	1:0:0:0	二次(非公式技術抽出/2015時点)			
1464	view_display	Reference Wipe Mode	Option+Shift+W	0	0	1	0	1	0:1:0:0	公式(BMD, v11時点)			
1465	view_display	Safe Area	セーフエリア表示	0	0	1	0	1	1:0:0:0	公式(BMDマニュアルPDF)			
1466	view_display	Set Quality to Best, Draft, or Wireframe	画質を最高/下書き/ワイヤーフレームに設定	1	0	0	0	1	0:1:0:0	公式(Adobe)			
1467	view_display	Set resolution to Full, Half, or Custom	解像度をフル/半分/カスタムに設定	1	0	0	0	1	0:1:0:0	公式(Adobe)			
1468	view_display	Show and move Clone Stamp overlay	コピースタンプオーバーレイを表示・移動	1	0	0	0	1	0:1:0:0	公式(Adobe)			
1469	view_display	Show Grid	グリッドを表示	1	0	0	0	1	1:0:0:0	二次(非公式技術抽出/2015時点)			
1470	view_display	Show Guides	ガイドを表示	1	0	0	0	1	1:0:0:0	二次(非公式技術抽出/2015時点)			
1471	view_display	Show Reference Wipe	Command+W	0	0	1	0	1	0:1:0:0	公式(BMD, v11時点)			
1472	view_display	Show Rulers	定規を表示	1	0	0	0	1	1:0:0:0	二次(非公式技術抽出/2015時点)			
1473	view_display	Snap to Grid	グリッドにスナップ	1	0	0	0	1	1:0:0:0	二次(非公式技術抽出/2015時点)			
1474	view_display	Snap to Guides	ガイドにスナップ	1	0	0	0	1	1:0:0:0	二次(非公式技術抽出/2015時点)			
1475	view_display	Switch Eye To	立体視の目切替	0	0	1	0	1	1:0:0:0	公式(BMDマニュアルPDF)			
1476	view_display	Switch Eye To Left Eye	Shift+Command+,	0	0	1	0	1	0:1:0:0	公式(BMD, v11時点)			
1477	view_display	Switch Eye To Right Eye	Shift+Command+.	0	0	1	0	1	0:1:0:0	公式(BMD, v11時点)			
1478	view_display	Third	解像度:1/3	1	0	0	0	1	1:0:0:0	二次(非公式技術抽出/2015時点)			
1479	view_display	View Options…	表示オプション	1	0	0	0	1	1:0:0:0	二次(非公式技術抽出/2015時点)			
1480	view_display	Viewer Actual Size	Option+Shift+Z	0	0	1	0	1	0:1:0:0	公式(BMD, v11時点)			
1481	view_display	Viewer Overlay	ビューアオーバーレイ	0	0	1	0	1	1:0:0:0	公式(BMDマニュアルPDF)			
1482	view_display	Window Outline	Shift+Command+C	0	0	1	0	1	0:1:0:0	公式(BMD, v11時点)			
1483	view_display	Wipe Style	Shift+W	0	0	1	0	1	0:1:0:0	公式(BMD, v11時点)			
1484	view_display	Wireframe	画質:ワイヤーフレーム	1	0	0	0	1	1:0:0:0	二次(非公式技術抽出/2015時点)			
1485	view_display	Zoom in in Composition, Layer, or Footage panel	各パネルでズームイン	1	0	0	0	1	0:1:0:0	公式(Adobe)			
1486	view_display	Zoom in time	時間軸をズームイン	1	0	0	0	1	0:1:0:0	公式(Adobe)			
1487	view_display	Zoom out in Composition, Layer, or Footage panel	各パネルでズームアウト	1	0	0	0	1	0:1:0:0	公式(Adobe)			
1488	view_display	Zoom out time	時間軸をズームアウト	1	0	0	0	1	0:1:0:0	公式(Adobe)			
1489	view_display	Zoom out Timeline to show entire composition	コンポ全体表示までズームアウト	1	0	0	0	1	0:1:0:0	公式(Adobe)			
1490	view_display	Zoom to 100%	100%表示	1	0	0	0	1	0:1:0:0	公式(Adobe)			
1491	view_display	Zoom to fit	フィット表示	1	0	0	0	1	0:1:0:0	公式(Adobe)			
1492	view_display	Zoom to Fit	Shift+Z	0	0	1	0	1	0:1:0:0	公式(BMD, v11時点)			
1493	view_display	Zoom Tool	ズームツール	0	1	0	0	1	0:1:0:0	二次(premiere全体注記)			
1494	workspace	Activate view in multi-view layout	マルチビューでビューを有効化	1	0	0	0	1	0:1:0:0	公式(Adobe)			
1495	workspace	Active Panel Selection	アクティブパネル選択	0	0	1	0	1	1:0:0:0	公式(BMDマニュアルPDF)			
1496	workspace	All Panels	全パネル表示ワークスペース	1	0	0	0	1	1:0:0:0	二次(非公式技術抽出/2015時点)			
1497	workspace	Animation	アニメーション用ワークスペース	1	0	0	0	1	1:0:0:0	二次(非公式技術抽出/2015時点)			
1498	workspace	Background Activity	バックグラウンド処理表示	0	0	1	0	1	1:0:0:0	公式(BMDマニュアルPDF)			
1499	workspace	Close active panel or all viewers of type	同種の全ビューアを閉じる	1	0	0	0	1	0:1:0:0	公式(Adobe)			
1500	workspace	Close active viewer or panel	アクティブビューア/パネルを閉じる	1	0	0	0	1	0:1:0:0	公式(Adobe)			
1501	workspace	Console	コンソール表示	0	0	1	0	1	1:0:0:0	公式(BMDマニュアルPDF)			
1502	workspace	Cycle to previous or next item in active viewer	アクティブビューア内の前後項目を巡回	1	0	0	0	1	0:1:0:0	公式(Adobe)			
1503	workspace	Cycle to previous or next panel in active frame	アクティブフレーム内の前後パネルを巡回	1	0	0	0	1	0:1:0:0	公式(Adobe)			
1504	workspace	Data Burn-In	データバーンイン	0	0	1	0	1	1:0:0:0	公式(BMDマニュアルPDF)			
1505	workspace	Delete Workspace…	ワークスペースを削除	1	0	0	0	1	1:0:0:0	二次(非公式技術抽出/2015時点)			
1506	workspace	Dual Screen	デュアルスクリーン	0	0	1	0	1	1:0:0:0	公式(BMDマニュアルPDF)			
1507	workspace	Effects	エフェクト用ワークスペース	1	0	0	0	1	1:0:0:0	二次(非公式技術抽出/2015時点)			
1508	workspace	Gallery	ギャラリー表示	0	0	1	0	1	1:0:0:0	公式(BMDマニュアルPDF)			
1509	workspace	Keyword Dictionary	キーワード辞書表示	0	0	1	0	1	1:0:0:0	公式(BMDマニュアルPDF)			
1510	workspace	Layout Presets	レイアウトプリセット	0	0	1	0	1	1:0:0:0	公式(BMDマニュアルPDF)			
1511	workspace	Maximize or restore panel under pointer	ポインタ下パネルを最大化/復元	1	0	0	0	1	0:1:0:0	公式(Adobe)			
1512	workspace	Media Pool Windows	Media Poolウィンドウ	0	0	1	0	1	1:0:0:0	公式(BMDマニュアルPDF)			
1513	workspace	Minimal	最小構成ワークスペース	1	0	0	0	1	1:0:0:0	二次(非公式技術抽出/2015時点)			
1514	workspace	Monitor Calibration	モニターキャリブレーション	0	0	1	0	1	1:0:0:0	公式(BMDマニュアルPDF)	out-of-domain?		製品固有の深部機能(Fusion/Fairlight/Dolby Vision/HDR規格/プロ入出力設定等)のため out-of-domain? フラグ。判定は後段。
1515	workspace	Motion Tracking	モーショントラッキング用ワークスペース	1	0	0	0	1	1:0:0:0	二次(非公式技術抽出/2015時点)			
1516	workspace	Move application window to main monitor and resize	メインモニタへ移動しリサイズ	1	0	0	0	1	0:1:0:0	公式(Adobe)			
1517	workspace	New Workspace…	新規ワークスペース	1	0	0	0	1	1:0:0:0	二次(非公式技術抽出/2015時点)			
1518	workspace	Open Flowchart panel for project	Flowchartパネルを開く	1	0	0	0	1	0:1:0:0	公式(Adobe)			
1519	workspace	Open or close Brushes panel	Brushesパネル開閉	1	0	0	0	1	0:1:0:0	公式(Adobe)			
1520	workspace	Open or close Effect Controls panel for selected layer	Effect Controlsパネル開閉	1	0	0	0	1	0:1:0:0	公式(Adobe)			
1521	workspace	Open or close Effects & Presets panel	Effects & Presetsパネル開閉	1	0	0	0	1	0:1:0:0	公式(Adobe)			
1522	workspace	Open or close Info panel	Infoパネル開閉	1	0	0	0	1	0:1:0:0	公式(Adobe)			
1523	workspace	Open or close Paint panel	Paintパネル開閉	1	0	0	0	1	0:1:0:0	公式(Adobe)			
1524	workspace	Open or close Preview panel	Previewパネル開閉	1	0	0	0	1	0:1:0:0	公式(Adobe)			
1525	workspace	Open or close Project panel	Projectパネル開閉	1	0	0	0	1	0:1:0:0	公式(Adobe)			
1526	workspace	Open or close Render Queue panel	Render Queueパネル開閉	1	0	0	0	1	0:1:0:0	公式(Adobe)			
1527	workspace	Open or close Tools panel	Toolsパネル開閉	1	0	0	0	1	0:1:0:0	公式(Adobe)			
1528	workspace	Paint	ペイント用ワークスペース	1	0	0	0	1	1:0:0:0	二次(非公式技術抽出/2015時点)			
1529	workspace	People	人物ビン表示	0	0	1	0	1	1:0:0:0	公式(BMDマニュアルPDF)			
1530	workspace	Primary Display	プライマリディスプレイ	0	0	1	0	1	1:0:0:0	公式(BMDマニュアルPDF)			
1531	workspace	Remote Grading	リモートグレーディング	0	0	1	0	1	1:0:0:0	公式(BMDマニュアルPDF)			
1532	workspace	Remote Monitoring	リモートモニタリング	0	0	1	0	1	1:0:0:0	公式(BMDマニュアルPDF)			
1533	workspace	Remote Rendering	リモートレンダリング	0	0	1	0	1	1:0:0:0	公式(BMDマニュアルPDF)			
1534	workspace	Reset UI Layout	UIレイアウトをリセット	0	0	1	0	1	1:0:0:0	公式(BMDマニュアルPDF)			
1535	workspace	Resize application window to fit screen	アプリウィンドウを画面に合わせてリサイズ	1	0	0	0	1	0:1:0:0	公式(Adobe)			
1536	workspace	Scene Cut Detector	シーンカット検出表示	0	0	1	0	1	1:0:0:0	公式(BMDマニュアルPDF)			
1537	workspace	Scripts	スクリプト実行	0	0	1	0	1	1:0:0:0	公式(BMDマニュアルPDF)			
1538	workspace	Show Page	ページ表示	0	0	1	0	1	1:0:0:0	公式(BMDマニュアルPDF)			
1539	workspace	Show Page Navigation	ページナビゲーション表示	0	0	1	0	1	1:0:0:0	公式(BMDマニュアルPDF)			
1540	workspace	Show Panel in Workspace	ワークスペース内パネル表示	0	0	1	0	1	1:0:0:0	公式(BMDマニュアルPDF)			
1541	workspace	Single Viewer Mode	シングルビューアモード	0	0	1	0	1	1:0:0:0	公式(BMDマニュアルPDF)			
1542	workspace	Split frame and create viewer with opposite locked/unlocked state	フレーム分割し反対ロック状態のビューアを作成	1	0	0	0	1	0:1:0:0	公式(Adobe)			
1543	workspace	Standard	標準ワークスペース	1	0	0	0	1	1:0:0:0	二次(非公式技術抽出/2015時点)			
1544	workspace	Switch to Page	ページ切替	0	0	1	0	1	1:0:0:0	公式(BMDマニュアルPDF)			
1545	workspace	Switch to workspace	ワークスペース切替	1	0	0	0	1	0:1:0:0	公式(Adobe)			
1546	workspace	Timecode Window	タイムコードウィンドウ	0	0	1	0	1	1:0:0:0	公式(BMDマニュアルPDF)			
1547	workspace	Toggle between Composition and Timeline panels	Composition/Timelineパネル切替	1	0	0	0	1	0:1:0:0	公式(Adobe)			
1548	workspace	Undocked Panels	パネル切り離しワークスペース	1	0	0	0	1	1:0:0:0	二次(非公式技術抽出/2015時点)			
1549	workspace	Video Clean Feed	ビデオクリーンフィード	0	0	1	0	1	1:0:0:0	公式(BMDマニュアルPDF)			
1550	workspace	Viewer Mode	ビューアモード	0	0	1	0	1	1:0:0:0	公式(BMDマニュアルPDF)			
1551	workspace	Workflow Integrations	ワークフロー連携	0	0	1	0	1	1:0:0:0	公式(BMDマニュアルPDF)			
