v 1.27 0.0 0.0
v 1.268470229380569 0.06231594639582088 0.0
v 1.26388460287369 0.12448176821854197 0.0
v 1.2562541676552719 0.18634770255830943 0.0
v 1.2455973061121026 0.2477647089604829 0.0
v 1.2319396915570708 0.30858482847714513 0.0
v 1.2153142263799053 0.36866154011316715 0.0
v 1.1957609627824364 0.4278501138081195 0.0
v 1.1733270062893342 0.486007959103664 0.0
v 1.148066402266773 0.5429949686564582 0.0
v 1.120040005722411 0.598673855769017 0.0
v 1.0893153347003457 0.6529104851253915 0.0
v 1.0559664076242326 0.7055741959348948 0.0
v 1.0200735649804191 0.7565381167053904 0.0
v 0.981723275770676 0.8056794708878298 0.0
v 0.9410079292007982 0.8528798726557133 0.0
v 0.8980256121069154 0.8980256121069153 0.0
v 0.8528798726557133 0.9410079292007981 0.0
v 0.8056794708878298 0.981723275770676 0.0
v 0.7565381167053905 1.020073564980419 0.0
v 0.7055741959348949 1.0559664076242326 0.0
v 0.6529104851253915 1.0893153347003457 0.0
v 0.5986738557690172 1.1200400057224107 0.0
v 0.5429949686564584 1.148066402266773 0.0
v 0.4860079591036641 1.1733270062893342 0.0
v 0.4278501138081195 1.1957609627824364 0.0
v 0.36866154011316715 1.2153142263799053 0.0
v 0.30858482847714525 1.2319396915570708 0.0
v 0.24776470896048297 1.2455973061121026 0.0
v 0.18634770255830943 1.2562541676552719 0.0
v 0.12448176821854218 1.2638846028736899 0.0
v 0.06231594639582102 1.268470229380569 0.0
v 7.776507174585693e-17 1.27 0.0
v -0.06231594639582087 1.268470229380569 0.0
v -0.12448176821854202 1.26388460287369 0.0
v -0.1863477025583093 1.2562541676552719 0.0
v -0.2477647089604828 1.2455973061121026 0.0
v -0.30858482847714513 1.2319396915570708 0.0
v -0.36866154011316693 1.2153142263799053 0.0
v -0.4278501138081193 1.1957609627824364 0.0
v -0.48600795910366396 1.1733270062893342 0.0
v -0.542994968656458 1.1480664022667733 0.0
v -0.5986738557690171 1.120040005722411 0.0
v -0.6529104851253915 1.0893153347003457 0.0
v -0.7055741959348945 1.0559664076242326 0.0
v -0.7565381167053904 1.0200735649804191 0.0
v -0.8056794708878297 0.9817232757706761 0.0
v -0.8528798726557134 0.9410079292007981 0.0
v -0.8980256121069153 0.8980256121069154 0.0
v -0.9410079292007978 0.8528798726557135 0.0
v -0.981723275770676 0.8056794708878298 0.0
v -1.020073564980419 0.7565381167053905 0.0
v -1.0559664076242326 0.7055741959348948 0.0
v -1.0893153347003455 0.6529104851253916 0.0
v -1.1200400057224107 0.5986738557690173 0.0
v -1.148066402266773 0.5429949686564581 0.0
v -1.1733270062893342 0.4860079591036642 0.0
v -1.1957609627824364 0.4278501138081198 0.0
v -1.2153142263799053 0.36866154011316726 0.0
v -1.2319396915570708 0.30858482847714536 0.0
v -1.2455973061121026 0.24776470896048333 0.0
v -1.2562541676552719 0.18634770255830949 0.0
v -1.2638846028736899 0.12448176821854225 0.0
v -1.268470229380569 0.06231594639582082 0.0
v -1.27 1.5553014349171386e-16 0.0
v -1.268470229380569 -0.06231594639582051 0.0
v -1.26388460287369 -0.12448176821854195 0.0
v -1.2562541676552719 -0.1863477025583092 0.0
v -1.2455973061121026 -0.24776470896048303 0.0
v -1.2319396915570708 -0.308584828477145 0.0
v -1.2153142263799053 -0.3686615401131669 0.0
v -1.1957609627824364 -0.4278501138081195 0.0
v -1.1733270062893344 -0.4860079591036639 0.0
v -1.1480664022667733 -0.5429949686564579 0.0
v -1.120040005722411 -0.598673855769017 0.0
v -1.0893153347003457 -0.6529104851253914 0.0
v -1.0559664076242328 -0.7055741959348945 0.0
v -1.0200735649804191 -0.7565381167053903 0.0
v -0.9817232757706761 -0.8056794708878295 0.0
v -0.9410079292007981 -0.8528798726557134 0.0
v -0.8980256121069156 -0.8980256121069153 0.0
v -0.8528798726557137 -0.9410079292007978 0.0
v -0.8056794708878302 -0.9817232757706755 0.0
v -0.7565381167053901 -1.0200735649804191 0.0
v -0.7055741959348948 -1.0559664076242326 0.0
v -0.6529104851253916 -1.0893153347003455 0.0
v -0.5986738557690173 -1.1200400057224107 0.0
v -0.5429949686564588 -1.1480664022667728 0.0
v -0.48600795910366473 -1.173327006289334 0.0
v -0.4278501138081193 -1.1957609627824364 0.0
v -0.3686615401131673 -1.2153142263799053 0.0
v -0.3085848284771454 -1.2319396915570708 0.0
v -0.24776470896048342 -1.2455973061121026 0.0
v -0.18634770255831012 -1.2562541676552719 0.0
v -0.12448176821854177 -1.26388460287369 0.0
v -0.0623159463958209 -1.268470229380569 0.0
v -2.3329521523757077e-16 -1.27 0.0
v 0.06231594639582043 -1.268470229380569 0.0
v 0.12448176821854132 -1.26388460287369 0.0
v 0.18634770255830968 -1.2562541676552719 0.0
v 0.24776470896048294 -1.2455973061121026 0.0
v 0.30858482847714497 -1.2319396915570708 0.0
v 0.3686615401131668 -1.2153142263799053 0.0
v 0.4278501138081189 -1.1957609627824366 0.0
v 0.4860079591036643 -1.173327006289334 0.0
v 0.5429949686564584 -1.148066402266773 0.0
v 0.598673855769017 -1.120040005722411 0.0
v 0.6529104851253914 -1.0893153347003457 0.0
v 0.7055741959348943 -1.0559664076242328 0.0
v 0.7565381167053898 -1.0200735649804196 0.0
v 0.8056794708878299 -0.9817232757706759 0.0
v 0.8528798726557134 -0.9410079292007981 0.0
v 0.8980256121069151 -0.8980256121069156 0.0
v 0.9410079292007977 -0.8528798726557137 0.0
v 0.9817232757706755 -0.8056794708878303 0.0
v 1.0200735649804191 -0.7565381167053903 0.0
v 1.0559664076242326 -0.7055741959348948 0.0
v 1.0893153347003455 -0.6529104851253918 0.0
v 1.1200400057224107 -0.5986738557690174 0.0
v 1.1480664022667728 -0.5429949686564588 0.0
v 1.173327006289334 -0.4860079591036648 0.0
v 1.1957609627824364 -0.4278501138081194 0.0
v 1.2153142263799053 -0.3686615401131674 0.0
v 1.2319396915570708 -0.3085848284771455 0.0
v 1.2455973061121026 -0.24776470896048347 0.0
v 1.2562541676552719 -0.18634770255831024 0.0
v 1.26388460287369 -0.12448176821854184 0.0
v 1.268470229380569 -0.06231594639582098 0.0
v 1.27 -3.110602869834277e-16 0.0
v 1.266675851960687 0.0 0.04223730556086234
v 1.2651500854231499 0.06215283818241175 0.04223730556086234
v 1.2605764615157686 0.1241559447336964 0.04223730556086234
v 1.2529659984991381 0.18585994873934117 0.04223730556086234
v 1.2423370306452632 0.24711619984906405 0.04223730556086234
v 1.228715164068692 0.3077771263885278 0.04223730556086234
v 1.2121332150391415 0.3676965908724292 0.04223730556086234
v 1.1926311309242317 0.4267302420625013 0.04223730556086234
v 1.1702558939527754 0.4847358627222901 0.04223730556086234
v 1.1450614080304768 0.5415737122309338 0.04223730556086234
v 1.117108368880699 0.5971068632305584 0.04223730556086234
v 1.0864641178231507 0.6512015314962762 0.04223730556086234
v 1.0532024795427486 0.703727398234102 0.04223730556086234
v 1.0174035842394864 0.7545579240303418 0.04223730556086234
v 0.9791536745877618 0.8035706536961239 0.04223730556086234
v 0.9385448979702228 0.8506475112726756 0.04223730556086234
v 0.8956750844866493 0.8956750844866491 0.04223730556086234
v 0.8506475112726756 0.9385448979702227 0.04223730556086234
v 0.8035706536961239 0.9791536745877618 0.04223730556086234
v 0.7545579240303419 1.0174035842394862 0.04223730556086234
v 0.7037273982341022 1.0532024795427486 0.04223730556086234
v 0.6512015314962762 1.0864641178231507 0.04223730556086234
v 0.5971068632305586 1.1171083688806989 0.04223730556086234
v 0.5415737122309339 1.1450614080304768 0.04223730556086234
v 0.48473586272229013 1.1702558939527754 0.04223730556086234
v 0.4267302420625013 1.1926311309242317 0.04223730556086234
v 0.3676965908724292 1.2121332150391415 0.04223730556086234
v 0.30777712638852794 1.228715164068692 0.04223730556086234
v 0.24711619984906413 1.2423370306452632 0.04223730556086234
v 0.18585994873934117 1.2529659984991381 0.04223730556086234
v 0.12415594473369661 1.2605764615157684 0.04223730556086234
v 0.062152838182411886 1.2651500854231499 0.04223730556086234
v 7.756152638304511e-17 1.266675851960687 0.04223730556086234
v -0.06215283818241174 1.2651500854231499 0.04223730556086234
v -0.12415594473369646 1.2605764615157686 0.04223730556086234
v -0.18585994873934103 1.2529659984991381 0.04223730556086234
v -0.24711619984906397 1.2423370306452632 0.04223730556086234
v -0.3077771263885278 1.228715164068692 0.04223730556086234
v -0.36769659087242895 1.2121332150391417 0.04223730556086234
v -0.42673024206250115 1.1926311309242317 0.04223730556086234
v -0.48473586272229 1.1702558939527754 0.04223730556086234
v -0.5415737122309334 1.145061408030477 0.04223730556086234
v -0.5971068632305584 1.117108368880699 0.04223730556086234
v -0.6512015314962762 1.0864641178231507 0.04223730556086234
v -0.7037273982341018 1.0532024795427488 0.04223730556086234
v -0.7545579240303418 1.0174035842394864 0.04223730556086234
v -0.8035706536961238 0.979153674587762 0.04223730556086234
v -0.8506475112726757 0.9385448979702227 0.04223730556086234
v -0.8956750844866491 0.8956750844866493 0.04223730556086234
v -0.9385448979702224 0.8506475112726758 0.04223730556086234
v -0.9791536745877618 0.8035706536961239 0.04223730556086234
v -1.0174035842394862 0.7545579240303419 0.04223730556086234
v -1.0532024795427488 0.703727398234102 0.04223730556086234
v -1.0864641178231504 0.6512015314962764 0.04223730556086234
v -1.1171083688806989 0.5971068632305586 0.04223730556086234
v -1.1450614080304768 0.5415737122309336 0.04223730556086234
v -1.1702558939527754 0.48473586272229024 0.04223730556086234
v -1.1926311309242315 0.42673024206250165 0.04223730556086234
v -1.2121332150391415 0.36769659087242923 0.04223730556086234
v -1.228715164068692 0.30777712638852806 0.04223730556086234
v -1.2423370306452632 0.2471161998490645 0.04223730556086234
v -1.2529659984991381 0.18585994873934125 0.04223730556086234
v -1.2605764615157684 0.12415594473369668 0.04223730556086234
v -1.2651500854231499 0.062152838182411685 0.04223730556086234
v -1.266675851960687 1.5512305276609022e-16 0.04223730556086234
v -1.2651500854231499 -0.06215283818241138 0.04223730556086234
v -1.2605764615157686 -0.12415594473369639 0.04223730556086234
v -1.2529659984991381 -0.18585994873934097 0.04223730556086234
v -1.2423370306452632 -0.2471161998490642 0.04223730556086234
v -1.228715164068692 -0.3077771263885277 0.04223730556086234
v -1.2121332150391417 -0.3676965908724289 0.04223730556086234
v -1.1926311309242317 -0.4267302420625013 0.04223730556086234
v -1.1702558939527756 -0.48473586272228997 0.04223730556086234
v -1.145061408030477 -0.5415737122309334 0.04223730556086234
v -1.117108368880699 -0.5971068632305584 0.04223730556086234
v -1.0864641178231507 -0.6512015314962761 0.04223730556086234
v -1.053202479542749 -0.7037273982341018 0.04223730556086234
v -1.0174035842394864 -0.7545579240303416 0.04223730556086234
v -0.979153674587762 -0.8035706536961237 0.04223730556086234
v -0.9385448979702227 -0.8506475112726757 0.04223730556086234
v -0.8956750844866495 -0.8956750844866491 0.04223730556086234
v -0.850647511272676 -0.9385448979702224 0.04223730556086234
v -0.8035706536961243 -0.9791536745877615 0.04223730556086234
v -0.7545579240303415 -1.0174035842394864 0.04223730556086234
v -0.703727398234102 -1.0532024795427486 0.04223730556086234
v -0.6512015314962764 -1.0864641178231504 0.04223730556086234
v -0.5971068632305587 -1.1171083688806989 0.04223730556086234
v -0.5415737122309342 -1.1450614080304766 0.04223730556086234
v -0.4847358627222908 -1.1702558939527752 0.04223730556086234
v -0.42673024206250115 -1.1926311309242317 0.04223730556086234
v -0.3676965908724293 -1.2121332150391415 0.04223730556086234
v -0.3077771263885281 -1.228715164068692 0.04223730556086234
v -0.24711619984906458 -1.2423370306452632 0.04223730556086234
v -0.1858599487393419 -1.252965998499138 0.04223730556086234
v -0.1241559447336962 -1.2605764615157686 0.04223730556086234
v -0.06215283818241177 -1.2651500854231499 0.04223730556086234
v -2.326845791491353e-16 -1.266675851960687 0.04223730556086234
v 0.0621528381824113 -1.2651500854231499 0.04223730556086234
v 0.12415594473369575 -1.2605764615157686 0.04223730556086234
v 0.18585994873934142 -1.252965998499138 0.04223730556086234
v 0.2471161998490641 -1.2423370306452632 0.04223730556086234
v 0.30777712638852767 -1.228715164068692 0.04223730556086234
v 0.3676965908724288 -1.2121332150391417 0.04223730556086234
v 0.42673024206250076 -1.1926311309242317 0.04223730556086234
v 0.48473586272229036 -1.1702558939527754 0.04223730556086234
v 0.5415737122309338 -1.1450614080304768 0.04223730556086234
v 0.5971068632305583 -1.117108368880699 0.04223730556086234
v 0.6512015314962761 -1.0864641178231507 0.04223730556086234
v 0.7037273982341016 -1.053202479542749 0.04223730556086234
v 0.7545579240303413 -1.0174035842394868 0.04223730556086234
v 0.803570653696124 -0.9791536745877617 0.04223730556086234
v 0.8506475112726757 -0.9385448979702227 0.04223730556086234
v 0.895675084486649 -0.8956750844866495 0.04223730556086234
v 0.9385448979702222 -0.850647511272676 0.04223730556086234
v 0.9791536745877615 -0.8035706536961245 0.04223730556086234
v 1.0174035842394864 -0.7545579240303416 0.04223730556086234
v 1.0532024795427486 -0.703727398234102 0.04223730556086234
v 1.0864641178231504 -0.6512015314962765 0.04223730556086234
v 1.1171083688806986 -0.5971068632305588 0.04223730556086234
v 1.1450614080304766 -0.5415737122309343 0.04223730556086234
v 1.1702558939527752 -0.48473586272229086 0.04223730556086234
v 1.1926311309242317 -0.42673024206250126 0.04223730556086234
v 1.2121332150391415 -0.3676965908724294 0.04223730556086234
v 1.228715164068692 -0.30777712638852817 0.04223730556086234
v 1.2423370306452632 -0.24711619984906463 0.04223730556086234
v 1.252965998499138 -0.18585994873934197 0.04223730556086234
v 1.2605764615157686 -0.12415594473369627 0.04223730556086234
v 1.2651500854231499 -0.062152838182411844 0.04223730556086234
v 1.266675851960687 -3.1024610553218043e-16 0.04223730556086234
v 1.2567852593996915 0.0 0.0834345884812358
v 1.255271406514051 0.06166752980772364 0.0834345884812358
v 1.2507334948613282 0.1231864971347028 0.0834345884812358
v 1.2431824566681688 0.18440869740022162 0.0834345884812358
v 1.2326364830469732 0.2451866409614091 0.0834345884812358
v 1.2191209801719127 0.3053739084287072 0.0834345884812358
v 1.202668508073232 0.3648255034030052 0.0834345884812358
v 1.1833187021972829 0.4233982017846653 0.0834345884812358
v 1.1611181779212634 0.4809508968129237 0.0834345884812358
v 1.1361204182526905 0.5373449390044365 0.0834345884812358
v 1.1083856449841514 0.5924444701720296 0.0834345884812358
v 1.077980673613729 0.6461167507189713 0.0834345884812358
v 1.0449787523806153 0.6982324794202878 0.0834345884812358
v 1.0094593858036882 0.7486661049207387 0.0834345884812358
v 0.9715081431481606 0.7972961281990294 0.0834345884812358
v 0.9312164522817258 0.8440053952695957 0.0834345884812358
v 0.8886813794168161 0.888681379416816 0.0834345884812358
v 0.8440053952695957 0.9312164522817257 0.0834345884812358
v 0.7972961281990294 0.9715081431481606 0.0834345884812358
v 0.7486661049207388 1.0094593858036882 0.0834345884812358
v 0.698232479420288 1.0449787523806153 0.0834345884812358
v 0.6461167507189713 1.077980673613729 0.0834345884812358
v 0.5924444701720298 1.1083856449841512 0.0834345884812358
v 0.5373449390044366 1.1361204182526905 0.0834345884812358
v 0.48095089681292374 1.1611181779212634 0.0834345884812358
v 0.4233982017846653 1.1833187021972829 0.0834345884812358
v 0.3648255034030052 1.202668508073232 0.0834345884812358
v 0.3053739084287073 1.2191209801719127 0.0834345884812358
v 0.24518664096140919 1.2326364830469732 0.0834345884812358
v 0.18440869740022162 1.2431824566681688 0.0834345884812358
v 0.123186497134703 1.250733494861328 0.0834345884812358
v 0.061667529807723775 1.255271406514051 0.0834345884812358
v 7.695590225697041e-17 1.2567852593996915 0.0834345884812358
v -0.06166752980772363 1.255271406514051 0.0834345884812358
v -0.12318649713470284 1.2507334948613282 0.0834345884812358
v -0.18440869740022148 1.2431824566681688 0.0834345884812358
v -0.24518664096140902 1.2326364830469732 0.0834345884812358
v -0.3053739084287072 1.2191209801719127 0.0834345884812358
v -0.36482550340300496 1.2026685080732322 0.0834345884812358
v -0.4233982017846652 1.1833187021972829 0.0834345884812358
v -0.48095089681292363 1.1611181779212634 0.0834345884812358
v -0.5373449390044361 1.1361204182526907 0.0834345884812358
v -0.5924444701720296 1.1083856449841514 0.0834345884812358
v -0.6461167507189713 1.077980673613729 0.0834345884812358
v -0.6982324794202875 1.0449787523806153 0.0834345884812358
v -0.7486661049207387 1.0094593858036882 0.0834345884812358
v -0.7972961281990293 0.9715081431481607 0.0834345884812358
v -0.8440053952695958 0.9312164522817257 0.0834345884812358
v -0.888681379416816 0.8886813794168161 0.0834345884812358
v -0.9312164522817253 0.844005395269596 0.0834345884812358
v -0.9715081431481606 0.7972961281990294 0.0834345884812358
v -1.0094593858036882 0.7486661049207388 0.0834345884812358
v -1.0449787523806153 0.6982324794202878 0.0834345884812358
v -1.0779806736137287 0.6461167507189715 0.0834345884812358
v -1.1083856449841512 0.5924444701720298 0.0834345884812358
v -1.1361204182526905 0.5373449390044364 0.0834345884812358
v -1.1611181779212634 0.4809508968129238 0.0834345884812358
v -1.1833187021972829 0.4233982017846657 0.0834345884812358
v -1.202668508073232 0.36482550340300524 0.0834345884812358
v -1.2191209801719127 0.30537390842870743 0.0834345884812358
v -1.2326364830469732 0.24518664096140955 0.0834345884812358
v -1.2431824566681688 0.1844086974002217 0.0834345884812358
v -1.250733494861328 0.12318649713470307 0.0834345884812358
v -1.255271406514051 0.061667529807723574 0.0834345884812358
v -1.2567852593996915 1.5391180451394083e-16 0.0834345884812358
v -1.255271406514051 -0.06166752980772327 0.0834345884812358
v -1.2507334948613282 -0.12318649713470277 0.0834345884812358
v -1.2431824566681688 -0.18440869740022142 0.0834345884812358
v -1.2326364830469732 -0.24518664096140924 0.0834345884812358
v -1.2191209801719127 -0.30537390842870715 0.0834345884812358
v -1.2026685080732322 -0.3648255034030049 0.0834345884812358
v -1.1833187021972829 -0.4233982017846653 0.0834345884812358
v -1.1611181779212634 -0.4809508968129235 0.0834345884812358
v -1.1361204182526907 -0.537344939004436 0.0834345884812358
v -1.1083856449841514 -0.5924444701720296 0.0834345884812358
v -1.077980673613729 -0.6461167507189712 0.0834345884812358
v -1.0449787523806155 -0.6982324794202875 0.0834345884812358
v -1.0094593858036882 -0.7486661049207386 0.0834345884812358
v -0.9715081431481607 -0.7972961281990292 0.0834345884812358
v -0.9312164522817257 -0.8440053952695958 0.0834345884812358
v -0.8886813794168162 -0.888681379416816 0.0834345884812358
v -0.8440053952695961 -0.9312164522817253 0.0834345884812358
v -0.7972961281990298 -0.9715081431481601 0.0834345884812358
v -0.7486661049207384 -1.0094593858036884 0.0834345884812358
v -0.6982324794202878 -1.0449787523806153 0.0834345884812358
v -0.6461167507189715 -1.0779806736137287 0.0834345884812358
v -0.59244447017203 -1.1083856449841512 0.0834345884812358
v -0.5373449390044369 -1.1361204182526903 0.0834345884812358
v -0.48095089681292436 -1.161118177921263 0.0834345884812358
v -0.4233982017846652 -1.1833187021972829 0.0834345884812358
v -0.36482550340300535 -1.202668508073232 0.0834345884812358
v -0.30537390842870754 -1.2191209801719127 0.0834345884812358
v -0.24518664096140963 -1.232636483046973 0.0834345884812358
v -0.18440869740022234 -1.2431824566681688 0.0834345884812358
v -0.1231864971347026 -1.2507334948613282 0.0834345884812358
v -0.06166752980772365 -1.255271406514051 0.0834345884812358
v -2.3086770677091124e-16 -1.2567852593996915 0.0834345884812358
v 0.06166752980772319 -1.255271406514051 0.0834345884812358
v 0.12318649713470214 -1.2507334948613282 0.0834345884812358
v 0.18440869740022187 -1.2431824566681688 0.0834345884812358
v 0.24518664096140916 -1.2326364830469732 0.0834345884812358
v 0.30537390842870704 -1.2191209801719127 0.0834345884812358
v 0.36482550340300485 -1.2026685080732322 0.0834345884812358
v 0.42339820178466475 -1.183318702197283 0.0834345884812358
v 0.48095089681292397 -1.1611181779212632 0.0834345884812358
v 0.5373449390044365 -1.1361204182526905 0.0834345884812358
v 0.5924444701720295 -1.1083856449841514 0.0834345884812358
v 0.6461167507189712 -1.077980673613729 0.0834345884812358
v 0.6982324794202874 -1.0449787523806155 0.0834345884812358
v 0.7486661049207382 -1.0094593858036887 0.0834345884812358
v 0.7972961281990296 -0.9715081431481605 0.0834345884812358
v 0.8440053952695958 -0.9312164522817257 0.0834345884812358
v 0.8886813794168158 -0.8886813794168162 0.0834345884812358
v 0.9312164522817252 -0.8440053952695961 0.0834345884812358
v 0.9715081431481601 -0.79729612819903 0.0834345884812358
v 1.0094593858036884 -0.7486661049207386 0.0834345884812358
v 1.0449787523806153 -0.6982324794202878 0.0834345884812358
v 1.0779806736137287 -0.6461167507189717 0.0834345884812358
v 1.1083856449841512 -0.59244447017203 0.0834345884812358
v 1.1361204182526903 -0.537344939004437 0.0834345884812358
v 1.161118177921263 -0.48095089681292447 0.0834345884812358
v 1.1833187021972829 -0.42339820178466525 0.0834345884812358
v 1.202668508073232 -0.3648255034030054 0.0834345884812358
v 1.2191209801719127 -0.3053739084287076 0.0834345884812358
v 1.232636483046973 -0.24518664096140969 0.0834345884812358
v 1.2431824566681688 -0.18440869740022242 0.0834345884812358
v 1.2507334948613282 -0.12318649713470267 0.0834345884812358
v 1.255271406514051 -0.061667529807723734 0.0834345884812358
v 1.2567852593996915 -3.0782360902788166e-16 0.0834345884812358
v 1.2405717615308594 0.0 0.12257743492967764
v 1.239077438513469 0.060871971174587494 0.12257743492967764
v 1.234598069416334 0.12159729643886043 0.12257743492967764
v 1.227144445431956 0.18202968316534687 0.12257743492967764
v 1.2167345229933735 0.2420235444411708 0.12257743492967764
v 1.2033933805155426 0.30143434979967715 0.12257743492967764
v 1.1871531579792383 0.3601189734069853 0.12257743492967764
v 1.1680529795030263 0.4179360388646594 0.12257743492967764
v 1.1461388590898338 0.4747462597978349 0.12257743492967764
v 1.1214635897751866 0.5304127754082962 0.12257743492967764
v 1.0940866164441614 0.5848014801841268 0.12257743492967764
v 1.064073892623453 0.6377813469716338 0.12257743492967764
v 1.0314977215935492 0.6892247426312379 0.12257743492967764
v 0.9964365822037968 0.7390077355168858 0.12257743492967764
v 0.9589749398099788 0.7870103940382407 0.12257743492967764
v 0.9192030427898743 0.8331170755863884 0.12257743492967764
v 0.8772167051270112 0.8772167051270111 0.12257743492967764
v 0.8331170755863884 0.9192030427898742 0.12257743492967764
v 0.7870103940382407 0.9589749398099788 0.12257743492967764
v 0.7390077355168859 0.9964365822037967 0.12257743492967764
v 0.689224742631238 1.0314977215935492 0.12257743492967764
v 0.6377813469716338 1.064073892623453 0.12257743492967764
v 0.584801480184127 1.0940866164441614 0.12257743492967764
v 0.5304127754082963 1.1214635897751866 0.12257743492967764
v 0.47474625979783497 1.1461388590898338 0.12257743492967764
v 0.4179360388646594 1.1680529795030263 0.12257743492967764
v 0.3601189734069853 1.1871531579792383 0.12257743492967764
v 0.3014343497996773 1.2033933805155426 0.12257743492967764
v 0.2420235444411709 1.2167345229933735 0.12257743492967764
v 0.18202968316534687 1.227144445431956 0.12257743492967764
v 0.12159729643886064 1.234598069416334 0.12257743492967764
v 0.060871971174587626 1.239077438513469 0.12257743492967764
v 7.596311184356802e-17 1.2405717615308594 0.12257743492967764
v -0.06087197117458748 1.239077438513469 0.12257743492967764
v -0.12159729643886048 1.234598069416334 0.12257743492967764
v -0.18202968316534673 1.227144445431956 0.12257743492967764
v -0.24202354444117075 1.2167345229933735 0.12257743492967764
v -0.30143434979967715 1.2033933805155426 0.12257743492967764
v -0.3601189734069851 1.1871531579792385 0.12257743492967764
v -0.41793603886465924 1.1680529795030263 0.12257743492967764
v -0.47474625979783486 1.1461388590898338 0.12257743492967764
v -0.5304127754082959 1.1214635897751866 0.12257743492967764
v -0.5848014801841269 1.0940866164441614 0.12257743492967764
v -0.6377813469716338 1.064073892623453 0.12257743492967764
v -0.6892247426312376 1.0314977215935495 0.12257743492967764
v -0.7390077355168858 0.9964365822037968 0.12257743492967764
v -0.7870103940382406 0.9589749398099789 0.12257743492967764
v -0.8331170755863885 0.9192030427898742 0.12257743492967764
v -0.8772167051270111 0.8772167051270112 0.12257743492967764
v -0.919203042789874 0.8331170755863886 0.12257743492967764
v -0.9589749398099788 0.7870103940382407 0.12257743492967764
v -0.9964365822037967 0.7390077355168859 0.12257743492967764
v -1.0314977215935495 0.6892247426312379 0.12257743492967764
v -1.064073892623453 0.6377813469716339 0.12257743492967764
v -1.0940866164441614 0.584801480184127 0.12257743492967764
v -1.1214635897751866 0.5304127754082961 0.12257743492967764
v -1.1461388590898338 0.474746259797835 0.12257743492967764
v -1.1680529795030263 0.41793603886465974 0.12257743492967764
v -1.1871531579792383 0.3601189734069854 0.12257743492967764
v -1.2033933805155426 0.3014343497996774 0.12257743492967764
v -1.2167345229933735 0.24202354444117127 0.12257743492967764
v -1.227144445431956 0.18202968316534696 0.12257743492967764
v -1.234598069416334 0.1215972964388607 0.12257743492967764
v -1.239077438513469 0.06087197117458743 0.12257743492967764
v -1.2405717615308594 1.5192622368713604e-16 0.12257743492967764
v -1.239077438513469 -0.060871971174587126 0.12257743492967764
v -1.234598069416334 -0.12159729643886041 0.12257743492967764
v -1.227144445431956 -0.18202968316534668 0.12257743492967764
v -1.2167345229933735 -0.24202354444117094 0.12257743492967764
v -1.2033933805155426 -0.3014343497996771 0.12257743492967764
v -1.1871531579792385 -0.36011897340698507 0.12257743492967764
v -1.1680529795030263 -0.4179360388646594 0.12257743492967764
v -1.146138859089834 -0.47474625979783475 0.12257743492967764
v -1.1214635897751866 -0.5304127754082959 0.12257743492967764
v -1.0940866164441614 -0.5848014801841268 0.12257743492967764
v -1.0640738926234532 -0.6377813469716336 0.12257743492967764
v -1.0314977215935495 -0.6892247426312376 0.12257743492967764
v -0.9964365822037968 -0.7390077355168857 0.12257743492967764
v -0.9589749398099789 -0.7870103940382405 0.12257743492967764
v -0.9192030427898742 -0.8331170755863885 0.12257743492967764
v -0.8772167051270113 -0.8772167051270111 0.12257743492967764
v -0.8331170755863888 -0.919203042789874 0.12257743492967764
v -0.7870103940382411 -0.9589749398099784 0.12257743492967764
v -0.7390077355168855 -0.996436582203797 0.12257743492967764
v -0.6892247426312379 -1.0314977215935492 0.12257743492967764
v -0.6377813469716339 -1.064073892623453 0.12257743492967764
v -0.5848014801841271 -1.0940866164441614 0.12257743492967764
v -0.5304127754082967 -1.1214635897751861 0.12257743492967764
v -0.4747462597978356 -1.1461388590898336 0.12257743492967764
v -0.41793603886465924 -1.1680529795030263 0.12257743492967764
v -0.36011897340698545 -1.1871531579792383 0.12257743492967764
v -0.3014343497996775 -1.2033933805155426 0.12257743492967764
v -0.24202354444117133 -1.2167345229933733 0.12257743492967764
v -0.18202968316534757 -1.227144445431956 0.12257743492967764
v -0.12159729643886025 -1.234598069416334 0.12257743492967764
v -0.06087197117458751 -1.239077438513469 0.12257743492967764
v -2.2788933553070407e-16 -1.2405717615308594 0.12257743492967764
v 0.06087197117458705 -1.239077438513469 0.12257743492967764
v 0.1215972964388598 -1.234598069416334 0.12257743492967764
v 0.18202968316534712 -1.227144445431956 0.12257743492967764
v 0.24202354444117088 -1.2167345229933735 0.12257743492967764
v 0.30143434979967704 -1.2033933805155426 0.12257743492967764
v 0.36011897340698495 -1.1871531579792385 0.12257743492967764
v 0.41793603886465885 -1.1680529795030266 0.12257743492967764
v 0.4747462597978352 -1.1461388590898336 0.12257743492967764
v 0.5304127754082962 -1.1214635897751866 0.12257743492967764
v 0.5848014801841267 -1.0940866164441614 0.12257743492967764
v 0.6377813469716336 -1.0640738926234532 0.12257743492967764
v 0.6892247426312375 -1.0314977215935495 0.12257743492967764
v 0.7390077355168853 -0.9964365822037973 0.12257743492967764
v 0.7870103940382408 -0.9589749398099787 0.12257743492967764
v 0.8331170755863885 -0.9192030427898742 0.12257743492967764
v 0.877216705127011 -0.8772167051270113 0.12257743492967764
v 0.9192030427898737 -0.8331170755863888 0.12257743492967764
v 0.9589749398099784 -0.7870103940382412 0.12257743492967764
v 0.996436582203797 -0.7390077355168857 0.12257743492967764
v 1.0314977215935492 -0.6892247426312379 0.12257743492967764
v 1.064073892623453 -0.637781346971634 0.12257743492967764
v 1.0940866164441612 -0.5848014801841273 0.12257743492967764
v 1.1214635897751861 -0.5304127754082968 0.12257743492967764
v 1.1461388590898336 -0.47474625979783563 0.12257743492967764
v 1.1680529795030263 -0.4179360388646593 0.12257743492967764
v 1.1871531579792383 -0.3601189734069855 0.12257743492967764
v 1.2033933805155426 -0.30143434979967754 0.12257743492967764
v 1.2167345229933733 -0.2420235444411714 0.12257743492967764
v 1.227144445431956 -0.18202968316534768 0.12257743492967764
v 1.234598069416334 -0.12159729643886032 0.12257743492967764
v 1.239077438513469 -0.060871971174587584 0.12257743492967764
v 1.2405717615308594 -3.038524473742721e-16 0.12257743492967764
v 1.2184345884812358 0.0 0.15870201811896775
v 1.2169669306582773 0.059785751576858864 0.15870201811896775
v 1.2125674929056494 0.11942747404155571 0.15870201811896775
v 1.205246873854243 0.17878148526067517 0.15870201811896775
v 1.1950227095165635 0.237704796222393 0.15870201811896775
v 1.1819196308000317 0.29605545550952994 0.15870201811896775
v 1.1659692041689695 0.3536928912729492 0.15870201811896775
v 1.1472098555982237 0.4104782498814535 0.15870201811896775
v 1.1256867780016262 0.46627473043234496 0.15870201811896775
v 1.1014518223583059 0.5209479143167821 0.15870201811896775
v 1.074563372799139 0.5743660890459819 0.15870201811896775
v 1.0450862059542638 0.626400565558142 0.15870201811896775
v 1.0130913349005044 0.6769259882416633 0.15870201811896775
v 0.9786558380846488 0.7258206369277964 0.15870201811896775
v 0.94186267363472 0.7729667201251911 0.15870201811896775
v 0.9028004795065783 0.8182506587899155 0.15870201811896775
v 0.8615633599473224 0.8615633599473221 0.15870201811896775
v 0.8182506587899155 0.9028004795065782 0.15870201811896775
v 0.7729667201251911 0.94186267363472 0.15870201811896775
v 0.7258206369277965 0.9786558380846487 0.15870201811896775
v 0.6769259882416634 1.0130913349005044 0.15870201811896775
v 0.626400565558142 1.0450862059542638 0.15870201811896775
v 0.5743660890459821 1.074563372799139 0.15870201811896775
v 0.5209479143167822 1.1014518223583059 0.15870201811896775
v 0.4662747304323451 1.1256867780016262 0.15870201811896775
v 0.4104782498814535 1.1472098555982237 0.15870201811896775
v 0.3536928912729492 1.1659692041689695 0.15870201811896775
v 0.2960554555095301 1.1819196308000317 0.15870201811896775
v 0.2377047962223931 1.1950227095165635 0.15870201811896775
v 0.17878148526067517 1.205246873854243 0.15870201811896775
v 0.11942747404155592 1.2125674929056491 0.15870201811896775
v 0.059785751576859 1.2169669306582773 0.15870201811896775
v 7.460760093769839e-17 1.2184345884812358 0.15870201811896775
v -0.05978575157685886 1.2169669306582773 0.15870201811896775
v -0.11942747404155576 1.2125674929056494 0.15870201811896775
v -0.17878148526067503 1.205246873854243 0.15870201811896775
v -0.23770479622239293 1.1950227095165635 0.15870201811896775
v -0.29605545550952994 1.1819196308000317 0.15870201811896775
v -0.35369289127294895 1.1659692041689695 0.15870201811896775
v -0.41047824988145337 1.1472098555982237 0.15870201811896775
v -0.4662747304323449 1.1256867780016262 0.15870201811896775
v -0.5209479143167818 1.101451822358306 0.15870201811896775
v -0.5743660890459819 1.074563372799139 0.15870201811896775
v -0.626400565558142 1.0450862059542638 0.15870201811896775
v -0.676925988241663 1.0130913349005044 0.15870201811896775
v -0.7258206369277964 0.9786558380846488 0.15870201811896775
v -0.772966720125191 0.9418626736347201 0.15870201811896775
v -0.8182506587899157 0.9028004795065782 0.15870201811896775
v -0.8615633599473221 0.8615633599473224 0.15870201811896775
v -0.9028004795065778 0.8182506587899159 0.15870201811896775
v -0.94186267363472 0.7729667201251911 0.15870201811896775
v -0.9786558380846487 0.7258206369277965 0.15870201811896775
v -1.0130913349005044 0.6769259882416633 0.15870201811896775
v -1.0450862059542638 0.6264005655581422 0.15870201811896775
v -1.074563372799139 0.5743660890459821 0.15870201811896775
v -1.1014518223583059 0.520947914316782 0.15870201811896775
v -1.1256867780016262 0.46627473043234513 0.15870201811896775
v -1.1472098555982237 0.4104782498814538 0.15870201811896775
v -1.1659692041689695 0.35369289127294923 0.15870201811896775
v -1.1819196308000317 0.29605545550953016 0.15870201811896775
v -1.1950227095165635 0.23770479622239343 0.15870201811896775
v -1.205246873854243 0.17878148526067522 0.15870201811896775
v -1.2125674929056491 0.11942747404155599 0.15870201811896775
v -1.2169669306582773 0.05978575157685881 0.15870201811896775
v -1.2184345884812358 1.4921520187539679e-16 0.15870201811896775
v -1.2169669306582773 -0.05978575157685851 0.15870201811896775
v -1.2125674929056494 -0.1194274740415557 0.15870201811896775
v -1.205246873854243 -0.17878148526067497 0.15870201811896775
v -1.1950227095165635 -0.23770479622239313 0.15870201811896775
v -1.1819196308000317 -0.2960554555095299 0.15870201811896775
v -1.1659692041689695 -0.3536928912729489 0.15870201811896775
v -1.1472098555982237 -0.4104782498814535 0.15870201811896775
v -1.1256867780016262 -0.46627473043234485 0.15870201811896775
v -1.101451822358306 -0.5209479143167817 0.15870201811896775
v -1.074563372799139 -0.5743660890459819 0.15870201811896775
v -1.045086205954264 -0.6264005655581419 0.15870201811896775
v -1.0130913349005046 -0.676925988241663 0.15870201811896775
v -0.9786558380846488 -0.7258206369277963 0.15870201811896775
v -0.9418626736347201 -0.7729667201251907 0.15870201811896775
v -0.9028004795065782 -0.8182506587899157 0.15870201811896775
v -0.8615633599473225 -0.8615633599473221 0.15870201811896775
v -0.818250658789916 -0.9028004795065778 0.15870201811896775
v -0.7729667201251914 -0.9418626736347195 0.15870201811896775
v -0.7258206369277961 -0.978655838084649 0.15870201811896775
v -0.6769259882416633 -1.0130913349005044 0.15870201811896775
v -0.6264005655581422 -1.0450862059542638 0.15870201811896775
v -0.5743660890459822 -1.074563372799139 0.15870201811896775
v -0.5209479143167826 -1.1014518223583056 0.15870201811896775
v -0.4662747304323457 -1.1256867780016258 0.15870201811896775
v -0.41047824988145337 -1.1472098555982237 0.15870201811896775
v -0.3536928912729493 -1.1659692041689695 0.15870201811896775
v -0.2960554555095303 -1.1819196308000317 0.15870201811896775
v -0.2377047962223935 -1.1950227095165633 0.15870201811896775
v -0.17878148526067583 -1.2052468738542428 0.15870201811896775
v -0.11942747404155553 -1.2125674929056494 0.15870201811896775
v -0.059785751576858885 -1.2169669306582773 0.15870201811896775
v -2.238228028130952e-16 -1.2184345884812358 0.15870201811896775
v 0.059785751576858434 -1.2169669306582773 0.15870201811896775
v 0.11942747404155508 -1.2125674929056494 0.15870201811896775
v 0.17878148526067542 -1.2052468738542428 0.15870201811896775
v 0.23770479622239304 -1.1950227095165635 0.15870201811896775
v 0.29605545550952983 -1.1819196308000317 0.15870201811896775
v 0.3536928912729488 -1.1659692041689695 0.15870201811896775
v 0.41047824988145293 -1.147209855598224 0.15870201811896775
v 0.46627473043234524 -1.125686778001626 0.15870201811896775
v 0.5209479143167821 -1.1014518223583059 0.15870201811896775
v 0.5743660890459817 -1.074563372799139 0.15870201811896775
v 0.6264005655581419 -1.045086205954264 0.15870201811896775
v 0.6769259882416628 -1.0130913349005046 0.15870201811896775
v 0.7258206369277959 -0.9786558380846493 0.15870201811896775
v 0.7729667201251912 -0.9418626736347198 0.15870201811896775
v 0.8182506587899157 -0.9028004795065782 0.15870201811896775
v 0.861563359947322 -0.8615633599473225 0.15870201811896775
v 0.9028004795065777 -0.818250658789916 0.15870201811896775
v 0.9418626736347195 -0.7729667201251916 0.15870201811896775
v 0.978655838084649 -0.7258206369277963 0.15870201811896775
v 1.0130913349005044 -0.6769259882416633 0.15870201811896775
v 1.0450862059542638 -0.6264005655581423 0.15870201811896775
v 1.0745633727991388 -0.5743660890459822 0.15870201811896775
v 1.1014518223583056 -0.5209479143167826 0.15870201811896775
v 1.1256867780016258 -0.46627473043234574 0.15870201811896775
v 1.1472098555982237 -0.4104782498814534 0.15870201811896775
v 1.1659692041689695 -0.35369289127294934 0.15870201811896775
v 1.1819196308000317 -0.29605545550953033 0.15870201811896775
v 1.1950227095165633 -0.23770479622239357 0.15870201811896775
v 1.2052468738542428 -0.17878148526067594 0.15870201811896775
v 1.2125674929056494 -0.1194274740415556 0.15870201811896775
v 1.2169669306582773 -0.05978575157685896 0.15870201811896775
v 1.2184345884812358 -2.9843040375079357e-16 0.15870201811896775
v 1.1909188309203678 0.0 0.19091883092036782
v 1.1894843170324394 0.05843561734599 0.19091883092036782
v 1.1851842312382586 0.11673045817143794 0.19091883092036782
v 1.1780289328211466 0.1747440850987703 0.19091883092036782
v 1.1680356595217203 0.23233673821932554 0.19091883092036782
v 1.1552284860106656 0.2893696717872156 0.19091883092036782
v 1.1396382658907465 0.34570548846998056 0.19091883092036782
v 1.1213025573677737 0.4012084703507968 0.19091883092036782
v 1.1002655327695976 0.45574490588482636 0.19091883092036782
v 1.0765778721311008 0.5091834120220402 0.19091883092036782
v 1.0502966411015555 0.5613952507204933 0.19091883092036782
v 1.0214851534684761 0.6122546390875444 0.19091883092036782
v 0.9902128186291586 0.6616390524018609 0.19091883092036782
v 0.9565549743773641 0.7094295192862049 0.19091883092036782
v 0.9205927054079742 0.7555109083199013 0.19091883092036782
v 0.8824126479768589 0.7997722054005151 0.19091883092036782
v 0.8421067811865476 0.8421067811865474 0.19091883092036782
v 0.7997722054005151 0.8824126479768588 0.19091883092036782
v 0.7555109083199013 0.9205927054079742 0.19091883092036782
v 0.709429519286205 0.956554974377364 0.19091883092036782
v 0.661639052401861 0.9902128186291586 0.19091883092036782
v 0.6122546390875444 1.0214851534684761 0.19091883092036782
v 0.5613952507204936 1.0502966411015555 0.19091883092036782
v 0.5091834120220403 1.0765778721311008 0.19091883092036782
v 0.4557449058848264 1.1002655327695976 0.19091883092036782
v 0.4012084703507968 1.1213025573677737 0.19091883092036782
v 0.34570548846998056 1.1396382658907465 0.19091883092036782
v 0.2893696717872158 1.1552284860106656 0.19091883092036782
v 0.23233673821932563 1.1680356595217203 0.19091883092036782
v 0.1747440850987703 1.1780289328211466 0.19091883092036782
v 0.11673045817143814 1.1851842312382583 0.19091883092036782
v 0.058435617345990135 1.1894843170324394 0.19091883092036782
v 7.292274671654682e-17 1.1909188309203678 0.19091883092036782
v -0.058435617345989996 1.1894843170324394 0.19091883092036782
v -0.116730458171438 1.1851842312382586 0.19091883092036782
v -0.17474408509877018 1.1780289328211466 0.19091883092036782
v -0.23233673821932546 1.1680356595217203 0.19091883092036782
v -0.2893696717872156 1.1552284860106656 0.19091883092036782
v -0.34570548846998034 1.1396382658907465 0.19091883092036782
v -0.40120847035079665 1.1213025573677737 0.19091883092036782
v -0.4557449058848263 1.1002655327695976 0.19091883092036782
v -0.5091834120220399 1.076577872131101 0.19091883092036782
v -0.5613952507204935 1.0502966411015555 0.19091883092036782
v -0.6122546390875444 1.0214851534684761 0.19091883092036782
v -0.6616390524018607 0.9902128186291588 0.19091883092036782
v -0.7094295192862049 0.9565549743773641 0.19091883092036782
v -0.7555109083199012 0.9205927054079743 0.19091883092036782
v -0.7997722054005152 0.8824126479768588 0.19091883092036782
v -0.8421067811865474 0.8421067811865476 0.19091883092036782
v -0.8824126479768585 0.7997722054005154 0.19091883092036782
v -0.9205927054079742 0.7555109083199013 0.19091883092036782
v -0.956554974377364 0.709429519286205 0.19091883092036782
v -0.9902128186291588 0.6616390524018609 0.19091883092036782
v -1.021485153468476 0.6122546390875445 0.19091883092036782
v -1.0502966411015555 0.5613952507204937 0.19091883092036782
v -1.0765778721311008 0.5091834120220401 0.19091883092036782
v -1.1002655327695976 0.45574490588482647 0.19091883092036782
v -1.1213025573677735 0.40120847035079715 0.19091883092036782
v -1.1396382658907465 0.3457054884699806 0.19091883092036782
v -1.1552284860106656 0.2893696717872159 0.19091883092036782
v -1.1680356595217203 0.23233673821932596 0.19091883092036782
v -1.1780289328211466 0.17474408509877037 0.19091883092036782
v -1.1851842312382583 0.1167304581714382 0.19091883092036782
v -1.1894843170324394 0.05843561734598995 0.19091883092036782
v -1.1909188309203678 1.4584549343309364e-16 0.19091883092036782
v -1.1894843170324394 -0.058435617345989656 0.19091883092036782
v -1.1851842312382586 -0.11673045817143793 0.19091883092036782
v -1.1780289328211466 -0.1747440850987701 0.19091883092036782
v -1.1680356595217203 -0.23233673821932568 0.19091883092036782
v -1.1552284860106656 -0.28936967178721557 0.19091883092036782
v -1.1396382658907465 -0.3457054884699803 0.19091883092036782
v -1.1213025573677737 -0.4012084703507968 0.19091883092036782
v -1.1002655327695976 -0.45574490588482625 0.19091883092036782
v -1.076577872131101 -0.5091834120220399 0.19091883092036782
v -1.0502966411015555 -0.5613952507204933 0.19091883092036782
v -1.0214851534684763 -0.6122546390875443 0.19091883092036782
v -0.9902128186291589 -0.6616390524018607 0.19091883092036782
v -0.9565549743773641 -0.7094295192862048 0.19091883092036782
v -0.9205927054079743 -0.7555109083199011 0.19091883092036782
v -0.8824126479768588 -0.7997722054005152 0.19091883092036782
v -0.8421067811865477 -0.8421067811865474 0.19091883092036782
v -0.7997722054005155 -0.8824126479768585 0.19091883092036782
v -0.7555109083199018 -0.9205927054079738 0.19091883092036782
v -0.7094295192862047 -0.9565549743773643 0.19091883092036782
v -0.6616390524018609 -0.9902128186291586 0.19091883092036782
v -0.6122546390875445 -1.021485153468476 0.19091883092036782
v -0.5613952507204937 -1.0502966411015555 0.19091883092036782
v -0.5091834120220406 -1.0765778721311006 0.19091883092036782
v -0.455744905884827 -1.1002655327695972 0.19091883092036782
v -0.40120847035079665 -1.1213025573677737 0.19091883092036782
v -0.34570548846998067 -1.1396382658907465 0.19091883092036782
v -0.28936967178721595 -1.1552284860106656 0.19091883092036782
v -0.23233673821932604 -1.16803565952172 0.19091883092036782
v -0.17474408509877096 -1.1780289328211464 0.19091883092036782
v -0.11673045817143776 -1.1851842312382586 0.19091883092036782
v -0.058435617345990024 -1.1894843170324394 0.19091883092036782
v -2.1876824014964043e-16 -1.1909188309203678 0.19091883092036782
v 0.058435617345989586 -1.1894843170324394 0.19091883092036782
v 0.11673045817143733 -1.1851842312382586 0.19091883092036782
v 0.17474408509877054 -1.1780289328211464 0.19091883092036782
v 0.2323367382193256 -1.1680356595217203 0.19091883092036782
v 0.2893696717872155 -1.1552284860106656 0.19091883092036782
v 0.3457054884699802 -1.1396382658907465 0.19091883092036782
v 0.40120847035079626 -1.1213025573677737 0.19091883092036782
v 0.45574490588482663 -1.1002655327695974 0.19091883092036782
v 0.5091834120220402 -1.0765778721311008 0.19091883092036782
v 0.5613952507204933 -1.0502966411015555 0.19091883092036782
v 0.6122546390875443 -1.0214851534684763 0.19091883092036782
v 0.6616390524018605 -0.9902128186291589 0.19091883092036782
v 0.7094295192862043 -0.9565549743773646 0.19091883092036782
v 0.7555109083199014 -0.9205927054079741 0.19091883092036782
v 0.7997722054005152 -0.8824126479768588 0.19091883092036782
v 0.8421067811865472 -0.8421067811865477 0.19091883092036782
v 0.8824126479768584 -0.7997722054005155 0.19091883092036782
v 0.9205927054079738 -0.7555109083199019 0.19091883092036782
v 0.9565549743773643 -0.7094295192862048 0.19091883092036782
v 0.9902128186291586 -0.6616390524018609 0.19091883092036782
v 1.021485153468476 -0.6122546390875447 0.19091883092036782
v 1.0502966411015553 -0.5613952507204938 0.19091883092036782
v 1.0765778721311006 -0.5091834120220406 0.19091883092036782
v 1.1002655327695972 -0.4557449058848271 0.19091883092036782
v 1.1213025573677737 -0.4012084703507967 0.19091883092036782
v 1.1396382658907465 -0.3457054884699807 0.19091883092036782
v 1.1552284860106656 -0.289369671787216 0.19091883092036782
v 1.16803565952172 -0.2323367382193261 0.19091883092036782
v 1.1780289328211464 -0.17474408509877107 0.19091883092036782
v 1.1851842312382586 -0.11673045817143783 0.19091883092036782
v 1.1894843170324394 -0.05843561734599009 0.19091883092036782
v 1.1909188309203678 -2.9169098686618727e-16 0.19091883092036782
v 1.1587020181189678 0.0 0.21843458848123581
v 1.1573063107929884 0.05685481326758352 0.21843458848123581
v 1.153122551196248 0.11357265831011194 0.21843458848123581
v 1.146160818372069 0.17001689687098132 0.21843458848123581
v 1.1364378837446008 0.2260515498355671 0.21843458848123581
v 1.1239771707149895 0.2815416248168217 0.21843458848123581
v 1.1088086982323528 0.3363534413637587 0.21843458848123581
v 1.0909690084755033 0.39035495300936857 0.21843458848123581
v 1.0705010788196365 0.443416065382123 0.21843458848123581
v 1.047454218300073 0.49540894961471166 0.21843458848123581
v 1.0218839488224707 0.5462083502949794 0.21843458848123581
v 0.9938518714056923 0.5956918872171854 0.21843458848123581
v 0.9634255177795549 0.6437403502066382 0.21843458848123581
v 0.9306781876949777 0.690237986307448 0.21843458848123581
v 0.8956887723384616 0.7350727786415359 0.21843458848123581
v 0.8585415642763116 0.7781367162671049 0.21843458848123581
v 0.81932605438646 0.8193260543864599 0.21843458848123581
v 0.7781367162671049 0.8585415642763113 0.21843458848123581
v 0.7350727786415359 0.8956887723384616 0.21843458848123581
v 0.6902379863074481 0.9306781876949776 0.21843458848123581
v 0.6437403502066383 0.9634255177795549 0.21843458848123581
v 0.5956918872171854 0.9938518714056923 0.21843458848123581
v 0.5462083502949796 1.0218839488224705 0.21843458848123581
v 0.4954089496147118 1.047454218300073 0.21843458848123581
v 0.4434160653821231 1.0705010788196365 0.21843458848123581
v 0.39035495300936857 1.0909690084755033 0.21843458848123581
v 0.3363534413637587 1.1088086982323528 0.21843458848123581
v 0.2815416248168218 1.1239771707149895 0.21843458848123581
v 0.2260515498355672 1.1364378837446008 0.21843458848123581
v 0.17001689687098132 1.146160818372069 0.21843458848123581
v 0.11357265831011214 1.1531225511962477 0.21843458848123581
v 0.05685481326758365 1.1573063107929884 0.21843458848123581
v 7.095003588274862e-17 1.1587020181189678 0.21843458848123581
v -0.05685481326758351 1.1573063107929884 0.21843458848123581
v -0.11357265831011198 1.153122551196248 0.21843458848123581
v -0.17001689687098118 1.146160818372069 0.21843458848123581
v -0.22605154983556702 1.1364378837446008 0.21843458848123581
v -0.2815416248168217 1.1239771707149895 0.21843458848123581
v -0.33635344136375855 1.108808698232353 0.21843458848123581
v -0.39035495300936845 1.0909690084755033 0.21843458848123581
v -0.44341606538212297 1.0705010788196365 0.21843458848123581
v -0.49540894961471144 1.047454218300073 0.21843458848123581
v -0.5462083502949795 1.0218839488224707 0.21843458848123581
v -0.5956918872171854 0.9938518714056923 0.21843458848123581
v -0.643740350206638 0.963425517779555 0.21843458848123581
v -0.690237986307448 0.9306781876949777 0.21843458848123581
v -0.7350727786415358 0.8956887723384617 0.21843458848123581
v -0.778136716267105 0.8585415642763113 0.21843458848123581
v -0.8193260543864599 0.81932605438646 0.21843458848123581
v -0.8585415642763111 0.7781367162671051 0.21843458848123581
v -0.8956887723384616 0.7350727786415359 0.21843458848123581
v -0.9306781876949776 0.6902379863074481 0.21843458848123581
v -0.963425517779555 0.6437403502066382 0.21843458848123581
v -0.9938518714056922 0.5956918872171855 0.21843458848123581
v -1.0218839488224705 0.5462083502949797 0.21843458848123581
v -1.047454218300073 0.4954089496147116 0.21843458848123581
v -1.0705010788196365 0.4434160653821232 0.21843458848123581
v -1.090969008475503 0.3903549530093689 0.21843458848123581
v -1.1088086982323528 0.3363534413637588 0.21843458848123581
v -1.1239771707149895 0.28154162481682193 0.21843458848123581
v -1.1364378837446008 0.22605154983556752 0.21843458848123581
v -1.146160818372069 0.17001689687098137 0.21843458848123581
v -1.1531225511962477 0.11357265831011219 0.21843458848123581
v -1.1573063107929884 0.05685481326758346 0.21843458848123581
v -1.1587020181189678 1.4190007176549724e-16 0.21843458848123581
v -1.1573063107929884 -0.05685481326758318 0.21843458848123581
v -1.153122551196248 -0.11357265831011192 0.21843458848123581
v -1.146160818372069 -0.17001689687098112 0.21843458848123581
v -1.1364378837446008 -0.22605154983556722 0.21843458848123581
v -1.1239771707149895 -0.28154162481682166 0.21843458848123581
v -1.108808698232353 -0.33635344136375844 0.21843458848123581
v -1.0909690084755033 -0.39035495300936857 0.21843458848123581
v -1.0705010788196365 -0.4434160653821229 0.21843458848123581
v -1.047454218300073 -0.4954089496147114 0.21843458848123581
v -1.0218839488224707 -0.5462083502949794 0.21843458848123581
v -0.9938518714056925 -0.5956918872171852 0.21843458848123581
v -0.9634255177795551 -0.643740350206638 0.21843458848123581
v -0.9306781876949777 -0.6902379863074479 0.21843458848123581
v -0.8956887723384617 -0.7350727786415355 0.21843458848123581
v -0.8585415642763113 -0.778136716267105 0.21843458848123581
v -0.8193260543864601 -0.8193260543864599 0.21843458848123581
v -0.7781367162671052 -0.8585415642763111 0.21843458848123581
v -0.7350727786415362 -0.8956887723384612 0.21843458848123581
v -0.6902379863074478 -0.9306781876949778 0.21843458848123581
v -0.6437403502066382 -0.9634255177795549 0.21843458848123581
v -0.5956918872171855 -0.9938518714056922 0.21843458848123581
v -0.5462083502949797 -1.0218839488224705 0.21843458848123581
v -0.4954089496147121 -1.0474542183000726 0.21843458848123581
v -0.4434160653821237 -1.0705010788196363 0.21843458848123581
v -0.39035495300936845 -1.0909690084755033 0.21843458848123581
v -0.33635344136375883 -1.1088086982323528 0.21843458848123581
v -0.281541624816822 -1.1239771707149895 0.21843458848123581
v -0.22605154983556758 -1.1364378837446008 0.21843458848123581
v -0.17001689687098195 -1.1461608183720688 0.21843458848123581
v -0.11357265831011176 -1.153122551196248 0.21843458848123581
v -0.056854813267583536 -1.1573063107929884 0.21843458848123581
v -2.1285010764824585e-16 -1.1587020181189678 0.21843458848123581
v 0.056854813267583106 -1.1573063107929884 0.21843458848123581
v 0.11357265831011135 -1.153122551196248 0.21843458848123581
v 0.17001689687098154 -1.1461608183720688 0.21843458848123581
v 0.22605154983556716 -1.1364378837446008 0.21843458848123581
v 0.2815416248168216 -1.1239771707149895 0.21843458848123581
v 0.3363534413637584 -1.108808698232353 0.21843458848123581
v 0.39035495300936807 -1.0909690084755033 0.21843458848123581
v 0.4434160653821233 -1.0705010788196363 0.21843458848123581
v 0.4954089496147117 -1.047454218300073 0.21843458848123581
v 0.5462083502949794 -1.0218839488224707 0.21843458848123581
v 0.5956918872171852 -0.9938518714056925 0.21843458848123581
v 0.6437403502066379 -0.9634255177795551 0.21843458848123581
v 0.6902379863074475 -0.930678187694978 0.21843458848123581
v 0.735072778641536 -0.8956887723384614 0.21843458848123581
v 0.778136716267105 -0.8585415642763113 0.21843458848123581
v 0.8193260543864598 -0.8193260543864601 0.21843458848123581
v 0.858541564276311 -0.7781367162671052 0.21843458848123581
v 0.8956887723384612 -0.7350727786415363 0.21843458848123581
v 0.9306781876949778 -0.6902379863074479 0.21843458848123581
v 0.9634255177795549 -0.6437403502066382 0.21843458848123581
v 0.9938518714056922 -0.5956918872171857 0.21843458848123581
v 1.0218839488224705 -0.5462083502949798 0.21843458848123581
v 1.0474542183000726 -0.4954089496147122 0.21843458848123581
v 1.0705010788196363 -0.44341606538212375 0.21843458848123581
v 1.0909690084755033 -0.3903549530093685 0.21843458848123581
v 1.1088086982323528 -0.33635344136375894 0.21843458848123581
v 1.1239771707149895 -0.28154162481682204 0.21843458848123581
v 1.1364378837446008 -0.22605154983556763 0.21843458848123581
v 1.1461608183720688 -0.17001689687098204 0.21843458848123581
v 1.153122551196248 -0.11357265831011183 0.21843458848123581
v 1.1573063107929884 -0.056854813267583605 0.21843458848123581
v 1.1587020181189678 -2.838001435309945e-16 0.21843458848123581
v 1.1225774349296778 0.0 0.24057176153085935
v 1.1212252412462198 0.05508226398443772 0.24057176153085935
v 1.1171719177488673 0.11003182997030041 0.24057176153085935
v 1.1104272292489548 0.1647163196401146 0.24057176153085935
v 1.101007424291843 0.2190039932684701 0.24057176153085935
v 1.088935196012752 0.2727640670945576 0.24057176153085935
v 1.0742396274670076 0.3258670283917037 0.24057176153085935
v 1.0569561215664167 0.3781849474748736 0.24057176153085935
v 1.0371263157905501 0.4295917858944873 0.24057176153085935
v 1.0147979818784076 0.4799637000740848 0.24057176153085935
v 0.9900249107421146 0.5291793396603488 0.24057176153085935
v 0.9628667828799035 0.577120139866735 0.24057176153085935
v 0.9333890246005648 0.6236706071064284 0.24057176153085935
v 0.9016626504057408 0.668718597226509 0.24057176153085935
v 0.8677640919097686 0.7121555856730393 0.24057176153085935
v 0.8317750137092282 0.7538769289362212 0.24057176153085935
v 0.7937821166457755 0.7937821166457754 0.24057176153085935
v 0.7538769289362212 0.8317750137092281 0.24057176153085935
v 0.7121555856730393 0.8677640919097686 0.24057176153085935
v 0.6687185972265091 0.9016626504057407 0.24057176153085935
v 0.6236706071064285 0.9333890246005648 0.24057176153085935
v 0.577120139866735 0.9628667828799035 0.24057176153085935
v 0.529179339660349 0.9900249107421145 0.24057176153085935
v 0.4799637000740849 1.0147979818784076 0.24057176153085935
v 0.4295917858944874 1.0371263157905501 0.24057176153085935
v 0.3781849474748736 1.0569561215664167 0.24057176153085935
v 0.3258670283917037 1.0742396274670076 0.24057176153085935
v 0.2727640670945577 1.088935196012752 0.24057176153085935
v 0.21900399326847017 1.101007424291843 0.24057176153085935
v 0.1647163196401146 1.1104272292489548 0.24057176153085935
v 0.1100318299703006 1.1171719177488673 0.24057176153085935
v 0.05508226398443784 1.1212252412462198 0.24057176153085935
v 6.87380431240838e-17 1.1225774349296778 0.24057176153085935
v -0.05508226398443771 1.1212252412462198 0.24057176153085935
v -0.11003182997030046 1.1171719177488673 0.24057176153085935
v -0.16471631964011446 1.1104272292489548 0.24057176153085935
v -0.21900399326847003 1.101007424291843 0.24057176153085935
v -0.2727640670945576 1.088935196012752 0.24057176153085935
v -0.3258670283917035 1.0742396274670079 0.24057176153085935
v -0.37818494747487347 1.0569561215664167 0.24057176153085935
v -0.42959178589448727 1.0371263157905501 0.24057176153085935
v -0.4799637000740845 1.0147979818784076 0.24057176153085935
v -0.5291793396603489 0.9900249107421146 0.24057176153085935
v -0.577120139866735 0.9628667828799035 0.24057176153085935
v -0.6236706071064281 0.9333890246005649 0.24057176153085935
v -0.668718597226509 0.9016626504057408 0.24057176153085935
v -0.7121555856730392 0.8677640919097687 0.24057176153085935
v -0.7538769289362213 0.8317750137092281 0.24057176153085935
v -0.7937821166457754 0.7937821166457755 0.24057176153085935
v -0.8317750137092279 0.7538769289362214 0.24057176153085935
v -0.8677640919097686 0.7121555856730393 0.24057176153085935
v -0.9016626504057407 0.6687185972265091 0.24057176153085935
v -0.9333890246005649 0.6236706071064284 0.24057176153085935
v -0.9628667828799033 0.5771201398667352 0.24057176153085935
v -0.9900249107421145 0.529179339660349 0.24057176153085935
v -1.0147979818784076 0.47996370007408473 0.24057176153085935
v -1.0371263157905501 0.42959178589448743 0.24057176153085935
v -1.0569561215664167 0.3781849474748739 0.24057176153085935
v -1.0742396274670076 0.3258670283917038 0.24057176153085935
v -1.088935196012752 0.2727640670945578 0.24057176153085935
v -1.101007424291843 0.2190039932684705 0.24057176153085935
v -1.1104272292489548 0.16471631964011466 0.24057176153085935
v -1.1171719177488673 0.11003182997030066 0.24057176153085935
v -1.1212252412462198 0.05508226398443766 0.24057176153085935
v -1.1225774349296778 1.374760862481676e-16 0.24057176153085935
v -1.1212252412462198 -0.05508226398443739 0.24057176153085935
v -1.1171719177488673 -0.1100318299703004 0.24057176153085935
v -1.1104272292489548 -0.1647163196401144 0.24057176153085935
v -1.101007424291843 -0.21900399326847023 0.24057176153085935
v -1.088935196012752 -0.2727640670945575 0.24057176153085935
v -1.0742396274670079 -0.32586702839170345 0.24057176153085935
v -1.0569561215664167 -0.3781849474748736 0.24057176153085935
v -1.0371263157905501 -0.4295917858944872 0.24057176153085935
v -1.0147979818784076 -0.47996370007408445 0.24057176153085935
v -0.9900249107421146 -0.5291793396603488 0.24057176153085935
v -0.9628667828799036 -0.5771201398667349 0.24057176153085935
v -0.9333890246005652 -0.6236706071064281 0.24057176153085935
v -0.9016626504057408 -0.6687185972265088 0.24057176153085935
v -0.8677640919097687 -0.712155585673039 0.24057176153085935
v -0.8317750137092281 -0.7538769289362213 0.24057176153085935
v -0.7937821166457756 -0.7937821166457754 0.24057176153085935
v -0.7538769289362215 -0.8317750137092279 0.24057176153085935
v -0.7121555856730397 -0.8677640919097682 0.24057176153085935
v -0.6687185972265086 -0.9016626504057409 0.24057176153085935
v -0.6236706071064284 -0.9333890246005648 0.24057176153085935
v -0.5771201398667352 -0.9628667828799033 0.24057176153085935
v -0.5291793396603491 -0.9900249107421145 0.24057176153085935
v -0.47996370007408523 -1.0147979818784074 0.24057176153085935
v -0.42959178589448793 -1.03712631579055 0.24057176153085935
v -0.37818494747487347 -1.0569561215664167 0.24057176153085935
v -0.32586702839170384 -1.0742396274670076 0.24057176153085935
v -0.27276406709455786 -1.088935196012752 0.24057176153085935
v -0.21900399326847056 -1.101007424291843 0.24057176153085935
v -0.1647163196401152 -1.1104272292489545 0.24057176153085935
v -0.11003182997030024 -1.1171719177488673 0.24057176153085935
v -0.05508226398443773 -1.1212252412462198 0.24057176153085935
v -2.0621412937225138e-16 -1.1225774349296778 0.24057176153085935
v 0.05508226398443732 -1.1212252412462198 0.24057176153085935
v 0.11003182997029984 -1.1171719177488673 0.24057176153085935
v 0.16471631964011482 -1.1104272292489545 0.24057176153085935
v 0.21900399326847014 -1.101007424291843 0.24057176153085935
v 0.27276406709455747 -1.088935196012752 0.24057176153085935
v 0.3258670283917034 -1.0742396274670079 0.24057176153085935
v 0.3781849474748731 -1.056956121566417 0.24057176153085935
v 0.42959178589448754 -1.03712631579055 0.24057176153085935
v 0.47996370007408484 -1.0147979818784076 0.24057176153085935
v 0.5291793396603487 -0.9900249107421146 0.24057176153085935
v 0.5771201398667349 -0.9628667828799036 0.24057176153085935
v 0.623670607106428 -0.9333890246005652 0.24057176153085935
v 0.6687185972265084 -0.9016626504057412 0.24057176153085935
v 0.7121555856730395 -0.8677640919097684 0.24057176153085935
v 0.7538769289362213 -0.8317750137092281 0.24057176153085935
v 0.7937821166457752 -0.7937821166457756 0.24057176153085935
v 0.8317750137092278 -0.7538769289362215 0.24057176153085935
v 0.8677640919097682 -0.7121555856730398 0.24057176153085935
v 0.9016626504057409 -0.6687185972265088 0.24057176153085935
v 0.9333890246005648 -0.6236706071064284 0.24057176153085935
v 0.9628667828799033 -0.5771201398667353 0.24057176153085935
v 0.9900249107421144 -0.5291793396603491 0.24057176153085935
v 1.0147979818784074 -0.4799637000740853 0.24057176153085935
v 1.03712631579055 -0.429591785894488 0.24057176153085935
v 1.0569561215664167 -0.3781849474748735 0.24057176153085935
v 1.0742396274670076 -0.3258670283917039 0.24057176153085935
v 1.088935196012752 -0.2727640670945579 0.24057176153085935
v 1.101007424291843 -0.21900399326847061 0.24057176153085935
v 1.1104272292489545 -0.16471631964011532 0.24057176153085935
v 1.1171719177488673 -0.11003182997030031 0.24057176153085935
v 1.1212252412462198 -0.0550822639844378 0.24057176153085935
v 1.1225774349296778 -2.749521724963352e-16 0.24057176153085935
v 1.0834345884812357 0.0 0.2567852593996915
v 1.0821295440705792 0.053161615542657435 0.2567852593996915
v 1.0782175548049027 0.10619516009706503 0.2567852593996915
v 1.0717080450089975 0.15897287120920134 0.2567852593996915
v 1.0626166966621273 0.21136760275021568 0.2567852593996915
v 1.050965411618768 0.2632531312225893 0.2567852593996915
v 1.0367822588451212 0.3145044598435967 0.2567852593996915
v 1.020101406798516 0.36499811967350376 0.2567852593996915
v 1.0009630411126025 0.4146124670630579 0.2567852593996915
v 0.9794132677866411 0.463227976703694 0.2567852593996915
v 0.9555040021121112 0.5107275295744721 0.2567852593996915
v 0.9292928436042271 0.5569966950920571 0.2567852593996915
v 0.9008429372396607 0.6019240067840169 0.2567852593996915
v 0.8702228213347618 0.6454012308213178 0.2567852593996915
v 0.8375062624307504 0.6873236267630989 0.2567852593996915
v 0.8027720775836588 0.7275901998855681 0.2567852593996915
v 0.7661039444871384 0.7661039444871383 0.2567852593996915
v 0.7275901998855681 0.8027720775836586 0.2567852593996915
v 0.6873236267630989 0.8375062624307504 0.2567852593996915
v 0.645401230821318 0.8702228213347616 0.2567852593996915
v 0.601924006784017 0.9008429372396607 0.2567852593996915
v 0.5569966950920571 0.9292928436042271 0.2567852593996915
v 0.5107275295744723 0.9555040021121111 0.2567852593996915
v 0.4632279767036941 0.9794132677866411 0.2567852593996915
v 0.41461246706305793 1.0009630411126025 0.2567852593996915
v 0.36499811967350376 1.020101406798516 0.2567852593996915
v 0.3145044598435967 1.0367822588451212 0.2567852593996915
v 0.2632531312225894 1.050965411618768 0.2567852593996915
v 0.21136760275021577 1.0626166966621273 0.2567852593996915
v 0.15897287120920134 1.0717080450089975 0.2567852593996915
v 0.10619516009706521 1.0782175548049027 0.2567852593996915
v 0.05316161554265755 1.0821295440705792 0.2567852593996915
v 6.634123504345376e-17 1.0834345884812357 0.2567852593996915
v -0.05316161554265743 1.0821295440705792 0.2567852593996915
v -0.10619516009706507 1.0782175548049027 0.2567852593996915
v -0.1589728712092012 1.0717080450089975 0.2567852593996915
v -0.21136760275021563 1.0626166966621273 0.2567852593996915
v -0.2632531312225893 1.050965411618768 0.2567852593996915
v -0.31450445984359654 1.0367822588451214 0.2567852593996915
v -0.36499811967350365 1.020101406798516 0.2567852593996915
v -0.4146124670630578 1.0009630411126025 0.2567852593996915
v -0.46322797670369376 0.9794132677866412 0.2567852593996915
v -0.5107275295744722 0.9555040021121112 0.2567852593996915
v -0.5569966950920571 0.9292928436042271 0.2567852593996915
v -0.6019240067840167 0.9008429372396608 0.2567852593996915
v -0.6454012308213178 0.8702228213347618 0.2567852593996915
v -0.6873236267630988 0.8375062624307505 0.2567852593996915
v -0.7275901998855682 0.8027720775836586 0.2567852593996915
v -0.7661039444871383 0.7661039444871384 0.2567852593996915
v -0.8027720775836584 0.7275901998855683 0.2567852593996915
v -0.8375062624307504 0.6873236267630989 0.2567852593996915
v -0.8702228213347616 0.645401230821318 0.2567852593996915
v -0.9008429372396608 0.6019240067840169 0.2567852593996915
v -0.929292843604227 0.5569966950920573 0.2567852593996915
v -0.9555040021121111 0.5107275295744724 0.2567852593996915
v -0.9794132677866411 0.4632279767036939 0.2567852593996915
v -1.0009630411126025 0.414612467063058 0.2567852593996915
v -1.020101406798516 0.3649981196735041 0.2567852593996915
v -1.0367822588451212 0.3145044598435968 0.2567852593996915
v -1.050965411618768 0.26325313122258953 0.2567852593996915
v -1.0626166966621273 0.21136760275021607 0.2567852593996915
v -1.0717080450089975 0.1589728712092014 0.2567852593996915
v -1.0782175548049027 0.10619516009706527 0.2567852593996915
v -1.0821295440705792 0.05316161554265738 0.2567852593996915
v -1.0834345884812357 1.3268247008690752e-16 0.2567852593996915
v -1.0821295440705792 -0.053161615542657116 0.2567852593996915
v -1.0782175548049027 -0.10619516009706502 0.2567852593996915
v -1.0717080450089975 -0.15897287120920114 0.2567852593996915
v -1.0626166966621273 -0.2113676027502158 0.2567852593996915
v -1.050965411618768 -0.26325313122258925 0.2567852593996915
v -1.0367822588451214 -0.3145044598435965 0.2567852593996915
v -1.020101406798516 -0.36499811967350376 0.2567852593996915
v -1.0009630411126025 -0.41461246706305777 0.2567852593996915
v -0.9794132677866412 -0.4632279767036937 0.2567852593996915
v -0.9555040021121112 -0.5107275295744721 0.2567852593996915
v -0.9292928436042273 -0.556996695092057 0.2567852593996915
v -0.900842937239661 -0.6019240067840167 0.2567852593996915
v -0.8702228213347618 -0.6454012308213177 0.2567852593996915
v -0.8375062624307505 -0.6873236267630987 0.2567852593996915
v -0.8027720775836586 -0.7275901998855682 0.2567852593996915
v -0.7661039444871385 -0.7661039444871383 0.2567852593996915
v -0.7275901998855685 -0.8027720775836584 0.2567852593996915
v -0.6873236267630992 -0.8375062624307501 0.2567852593996915
v -0.6454012308213176 -0.8702228213347619 0.2567852593996915
v -0.6019240067840169 -0.9008429372396607 0.2567852593996915
v -0.5569966950920573 -0.929292843604227 0.2567852593996915
v -0.5107275295744724 -0.9555040021121111 0.2567852593996915
v -0.4632279767036944 -0.9794132677866408 0.2567852593996915
v -0.4146124670630585 -1.0009630411126023 0.2567852593996915
v -0.36499811967350365 -1.020101406798516 0.2567852593996915
v -0.3145044598435969 -1.0367822588451212 0.2567852593996915
v -0.2632531312225896 -1.050965411618768 0.2567852593996915
v -0.21136760275021613 -1.0626166966621273 0.2567852593996915
v -0.15897287120920192 -1.0717080450089973 0.2567852593996915
v -0.10619516009706487 -1.0782175548049027 0.2567852593996915
v -0.05316161554265745 -1.0821295440705792 0.2567852593996915
v -1.9902370513036126e-16 -1.0834345884812357 0.2567852593996915
v 0.05316161554265705 -1.0821295440705792 0.2567852593996915
v 0.10619516009706448 -1.0782175548049027 0.2567852593996915
v 0.15897287120920153 -1.0717080450089973 0.2567852593996915
v 0.21136760275021574 -1.0626166966621273 0.2567852593996915
v 0.2632531312225892 -1.050965411618768 0.2567852593996915
v 0.31450445984359643 -1.0367822588451214 0.2567852593996915
v 0.3649981196735033 -1.0201014067985161 0.2567852593996915
v 0.4146124670630581 -1.0009630411126023 0.2567852593996915
v 0.46322797670369403 -0.9794132677866411 0.2567852593996915
v 0.5107275295744721 -0.9555040021121112 0.2567852593996915
v 0.556996695092057 -0.9292928436042273 0.2567852593996915
v 0.6019240067840166 -0.900842937239661 0.2567852593996915
v 0.6454012308213174 -0.8702228213347621 0.2567852593996915
v 0.687323626763099 -0.8375062624307503 0.2567852593996915
v 0.7275901998855682 -0.8027720775836586 0.2567852593996915
v 0.7661039444871381 -0.7661039444871385 0.2567852593996915
v 0.8027720775836583 -0.7275901998855685 0.2567852593996915
v 0.8375062624307501 -0.6873236267630994 0.2567852593996915
v 0.8702228213347619 -0.6454012308213177 0.2567852593996915
v 0.9008429372396607 -0.6019240067840169 0.2567852593996915
v 0.929292843604227 -0.5569966950920574 0.2567852593996915
v 0.955504002112111 -0.5107275295744725 0.2567852593996915
v 0.9794132677866408 -0.4632279767036945 0.2567852593996915
v 1.0009630411126023 -0.41461246706305854 0.2567852593996915
v 1.020101406798516 -0.3649981196735037 0.2567852593996915
v 1.0367822588451212 -0.31450445984359693 0.2567852593996915
v 1.050965411618768 -0.26325313122258964 0.2567852593996915
v 1.0626166966621273 -0.21136760275021618 0.2567852593996915
v 1.0717080450089973 -0.15897287120920203 0.2567852593996915
v 1.0782175548049027 -0.10619516009706492 0.2567852593996915
v 1.0821295440705792 -0.05316161554265752 0.2567852593996915
v 1.0834345884812357 -2.6536494017381503e-16 0.2567852593996915
v 1.0422373055608622 0.0 0.2666758519606872
v 1.0409818850817112 0.051140160681146046 0.2666758519606872
v 1.0372186480621537 0.10215712023586217 0.2666758519606872
v 1.0309566604697908 0.15292797434002314 0.2666758519606872
v 1.0222110079812177 0.20333041155909046 0.2666758519606872
v 1.011002759639308 0.25324300800707134 0.2666758519606872
v 0.9973589170960442 0.30254551986729533 0.2666758519606872
v 0.9813123495631725 0.3511191730703013 0.2666758519606872
v 0.9629017146273925 0.39884694943097365 0.2666758519606872
v 0.9421713651208461 0.4456138685555999 0.2666758519606872
v 0.9191712422712585 0.49130726483971066 0.2666758519606872
v 0.8939567553891472 0.5358170588893886 0.2666758519606872
v 0.8665886483819395 0.5790360227121706 0.2666758519606872
v 0.8371328534165788 0.6208600380386734 0.2666758519606872
v 0.8056603320831596 0.6611883471526243 0.2666758519606872
v 0.7722469044422414 0.6999237956250252 0.2666758519606872
v 0.7369730663676816 0.7369730663676815 0.2666758519606872
v 0.6999237956250252 0.7722469044422413 0.2666758519606872
v 0.6611883471526243 0.8056603320831596 0.2666758519606872
v 0.6208600380386735 0.8371328534165787 0.2666758519606872
v 0.5790360227121707 0.8665886483819395 0.2666758519606872
v 0.5358170588893886 0.8939567553891472 0.2666758519606872
v 0.4913072648397108 0.9191712422712583 0.2666758519606872
v 0.44561386855560003 0.9421713651208461 0.2666758519606872
v 0.3988469494309737 0.9629017146273925 0.2666758519606872
v 0.3511191730703013 0.9813123495631725 0.2666758519606872
v 0.30254551986729533 0.9973589170960442 0.2666758519606872
v 0.25324300800707145 1.011002759639308 0.2666758519606872
v 0.20333041155909057 1.0222110079812177 0.2666758519606872
v 0.15292797434002314 1.0309566604697908 0.2666758519606872
v 0.10215712023586235 1.0372186480621535 0.2666758519606872
v 0.051140160681146164 1.0409818850817112 0.2666758519606872
v 6.381862901035359e-17 1.0422373055608622 0.2666758519606872
v -0.05114016068114604 1.0409818850817112 0.2666758519606872
v -0.10215712023586221 1.0372186480621537 0.2666758519606872
v -0.15292797434002303 1.0309566604697908 0.2666758519606872
v -0.2033304115590904 1.0222110079812177 0.2666758519606872
v -0.25324300800707134 1.011002759639308 0.2666758519606872
v -0.30254551986729517 0.9973589170960444 0.2666758519606872
v -0.3511191730703012 0.9813123495631725 0.2666758519606872
v -0.3988469494309736 0.9629017146273925 0.2666758519606872
v -0.4456138685555997 0.9421713651208462 0.2666758519606872
v -0.4913072648397107 0.9191712422712585 0.2666758519606872
v -0.5358170588893886 0.8939567553891472 0.2666758519606872
v -0.5790360227121704 0.8665886483819396 0.2666758519606872
v -0.6208600380386734 0.8371328534165788 0.2666758519606872
v -0.6611883471526242 0.8056603320831597 0.2666758519606872
v -0.6999237956250253 0.7722469044422413 0.2666758519606872
v -0.7369730663676815 0.7369730663676816 0.2666758519606872
v -0.772246904442241 0.6999237956250254 0.2666758519606872
v -0.8056603320831596 0.6611883471526243 0.2666758519606872
v -0.8371328534165787 0.6208600380386735 0.2666758519606872
v -0.8665886483819396 0.5790360227121706 0.2666758519606872
v -0.8939567553891471 0.5358170588893887 0.2666758519606872
v -0.9191712422712583 0.4913072648397109 0.2666758519606872
v -0.9421713651208461 0.44561386855559987 0.2666758519606872
v -0.9629017146273925 0.39884694943097376 0.2666758519606872
v -0.9813123495631724 0.3511191730703016 0.2666758519606872
v -0.9973589170960442 0.3025455198672954 0.2666758519606872
v -1.011002759639308 0.2532430080070715 0.2666758519606872
v -1.0222110079812177 0.20333041155909085 0.2666758519606872
v -1.0309566604697908 0.15292797434002323 0.2666758519606872
v -1.0372186480621535 0.1021571202358624 0.2666758519606872
v -1.0409818850817112 0.051140160681146 0.2666758519606872
v -1.0422373055608622 1.2763725802070718e-16 0.2666758519606872
v -1.0409818850817112 -0.05114016068114574 0.2666758519606872
v -1.0372186480621537 -0.10215712023586215 0.2666758519606872
v -1.0309566604697908 -0.15292797434002298 0.2666758519606872
v -1.0222110079812177 -0.2033304115590906 0.2666758519606872
v -1.011002759639308 -0.2532430080070712 0.2666758519606872
v -0.9973589170960444 -0.3025455198672951 0.2666758519606872
v -0.9813123495631725 -0.3511191730703013 0.2666758519606872
v -0.9629017146273926 -0.39884694943097354 0.2666758519606872
v -0.9421713651208462 -0.44561386855559965 0.2666758519606872
v -0.9191712422712585 -0.49130726483971066 0.2666758519606872
v -0.8939567553891474 -0.5358170588893885 0.2666758519606872
v -0.8665886483819397 -0.5790360227121704 0.2666758519606872
v -0.8371328534165788 -0.6208600380386733 0.2666758519606872
v -0.8056603320831597 -0.6611883471526241 0.2666758519606872
v -0.7722469044422413 -0.6999237956250253 0.2666758519606872
v -0.7369730663676817 -0.7369730663676815 0.2666758519606872
v -0.6999237956250255 -0.772246904442241 0.2666758519606872
v -0.6611883471526246 -0.8056603320831592 0.2666758519606872
v -0.6208600380386732 -0.837132853416579 0.2666758519606872
v -0.5790360227121706 -0.8665886483819395 0.2666758519606872
v -0.5358170588893887 -0.8939567553891471 0.2666758519606872
v -0.49130726483971093 -0.9191712422712583 0.2666758519606872
v -0.4456138685556003 -0.9421713651208459 0.2666758519606872
v -0.3988469494309742 -0.9629017146273923 0.2666758519606872
v -0.3511191730703012 -0.9813123495631725 0.2666758519606872
v -0.30254551986729544 -0.9973589170960442 0.2666758519606872
v -0.25324300800707156 -1.011002759639308 0.2666758519606872
v -0.2033304115590909 -1.0222110079812174 0.2666758519606872
v -0.15292797434002373 -1.0309566604697906 0.2666758519606872
v -0.10215712023586201 -1.0372186480621537 0.2666758519606872
v -0.05114016068114606 -1.0409818850817112 0.2666758519606872
v -1.9145588703106076e-16 -1.0422373055608622 0.2666758519606872
v 0.05114016068114568 -1.0409818850817112 0.2666758519606872
v 0.10215712023586164 -1.0372186480621537 0.2666758519606872
v 0.15292797434002336 -1.0309566604697906 0.2666758519606872
v 0.2033304115590905 -1.0222110079812177 0.2666758519606872
v 0.25324300800707117 -1.011002759639308 0.2666758519606872
v 0.30254551986729505 -0.9973589170960444 0.2666758519606872
v 0.3511191730703009 -0.9813123495631726 0.2666758519606872
v 0.3988469494309739 -0.9629017146273924 0.2666758519606872
v 0.4456138685556 -0.9421713651208461 0.2666758519606872
v 0.4913072648397106 -0.9191712422712585 0.2666758519606872
v 0.5358170588893885 -0.8939567553891474 0.2666758519606872
v 0.5790360227121703 -0.8665886483819397 0.2666758519606872
v 0.620860038038673 -0.8371328534165792 0.2666758519606872
v 0.6611883471526244 -0.8056603320831595 0.2666758519606872
v 0.6999237956250253 -0.7722469044422413 0.2666758519606872
v 0.7369730663676813 -0.7369730663676817 0.2666758519606872
v 0.7722469044422409 -0.6999237956250255 0.2666758519606872
v 0.8056603320831592 -0.6611883471526248 0.2666758519606872
v 0.837132853416579 -0.6208600380386733 0.2666758519606872
v 0.8665886483819395 -0.5790360227121706 0.2666758519606872
v 0.8939567553891471 -0.5358170588893888 0.2666758519606872
v 0.9191712422712582 -0.49130726483971104 0.2666758519606872
v 0.9421713651208459 -0.44561386855560037 0.2666758519606872
v 0.9629017146273923 -0.39884694943097426 0.2666758519606872
v 0.9813123495631725 -0.35111917307030127 0.2666758519606872
v 0.9973589170960442 -0.3025455198672955 0.2666758519606872
v 1.011002759639308 -0.2532430080070716 0.2666758519606872
v 1.0222110079812174 -0.20333041155909096 0.2666758519606872
v 1.0309566604697906 -0.1529279743400238 0.2666758519606872
v 1.0372186480621537 -0.10215712023586207 0.2666758519606872
v 1.0409818850817112 -0.05114016068114612 0.2666758519606872
v 1.0422373055608622 -2.5527451604141436e-16 0.2666758519606872
v 1.0 0.0 0.27
v 0.9987954562051724 0.049067674327418015 0.27
v 0.9951847266721969 0.0980171403295606 0.27
v 0.989176509964781 0.14673047445536175 0.27
v 0.9807852804032304 0.19509032201612825 0.27
v 0.970031253194544 0.24298017990326387 0.27
v 0.9569403357322088 0.29028467725446233 0.27
v 0.9415440651830208 0.33688985339222005 0.27
v 0.9238795325112867 0.3826834323650898 0.27
v 0.9039892931234433 0.4275550934302821 0.27
v 0.881921264348355 0.47139673682599764 0.27
v 0.8577286100002721 0.5141027441932217 0.27
v 0.8314696123025452 0.5555702330196022 0.27
v 0.8032075314806449 0.5956993044924334 0.27
v 0.773010453362737 0.6343932841636455 0.27
v 0.7409511253549592 0.6715589548470183 0.27
v 0.7071067811865476 0.7071067811865475 0.27
v 0.6715589548470183 0.7409511253549591 0.27
v 0.6343932841636455 0.773010453362737 0.27
v 0.5956993044924335 0.8032075314806448 0.27
v 0.5555702330196023 0.8314696123025452 0.27
v 0.5141027441932217 0.8577286100002721 0.27
v 0.4713967368259978 0.8819212643483549 0.27
v 0.4275550934302822 0.9039892931234433 0.27
v 0.38268343236508984 0.9238795325112867 0.27
v 0.33688985339222005 0.9415440651830208 0.27
v 0.29028467725446233 0.9569403357322088 0.27
v 0.24298017990326398 0.970031253194544 0.27
v 0.19509032201612833 0.9807852804032304 0.27
v 0.14673047445536175 0.989176509964781 0.27
v 0.09801714032956077 0.9951847266721968 0.27
v 0.049067674327418126 0.9987954562051724 0.27
v 6.123233995736766e-17 1.0 0.27
v -0.04906767432741801 0.9987954562051724 0.27
v -0.09801714032956065 0.9951847266721969 0.27
v -0.14673047445536164 0.989176509964781 0.27
v -0.1950903220161282 0.9807852804032304 0.27
v -0.24298017990326387 0.970031253194544 0.27
v -0.29028467725446216 0.9569403357322089 0.27
v -0.33688985339221994 0.9415440651830208 0.27
v -0.3826834323650897 0.9238795325112867 0.27
v -0.42755509343028186 0.9039892931234434 0.27
v -0.4713967368259977 0.881921264348355 0.27
v -0.5141027441932217 0.8577286100002721 0.27
v -0.555570233019602 0.8314696123025453 0.27
v -0.5956993044924334 0.8032075314806449 0.27
v -0.6343932841636454 0.7730104533627371 0.27
v -0.6715589548470184 0.7409511253549591 0.27
v -0.7071067811865475 0.7071067811865476 0.27
v -0.7409511253549589 0.6715589548470186 0.27
v -0.773010453362737 0.6343932841636455 0.27
v -0.8032075314806448 0.5956993044924335 0.27
v -0.8314696123025453 0.5555702330196022 0.27
v -0.857728610000272 0.5141027441932218 0.27
v -0.8819212643483549 0.47139673682599786 0.27
v -0.9039892931234433 0.42755509343028203 0.27
v -0.9238795325112867 0.3826834323650899 0.27
v -0.9415440651830207 0.33688985339222033 0.27
v -0.9569403357322088 0.2902846772544624 0.27
v -0.970031253194544 0.24298017990326407 0.27
v -0.9807852804032304 0.1950903220161286 0.27
v -0.989176509964781 0.1467304744553618 0.27
v -0.9951847266721968 0.09801714032956083 0.27
v -0.9987954562051724 0.049067674327417966 0.27
v -1.0 1.2246467991473532e-16 0.27
v -0.9987954562051724 -0.049067674327417724 0.27
v -0.9951847266721969 -0.09801714032956059 0.27
v -0.989176509964781 -0.14673047445536158 0.27
v -0.9807852804032304 -0.19509032201612836 0.27
v -0.970031253194544 -0.24298017990326382 0.27
v -0.9569403357322089 -0.2902846772544621 0.27
v -0.9415440651830208 -0.33688985339222005 0.27
v -0.9238795325112868 -0.38268343236508967 0.27
v -0.9039892931234434 -0.4275550934302818 0.27
v -0.881921264348355 -0.47139673682599764 0.27
v -0.8577286100002722 -0.5141027441932216 0.27
v -0.8314696123025455 -0.555570233019602 0.27
v -0.8032075314806449 -0.5956993044924332 0.27
v -0.7730104533627371 -0.6343932841636453 0.27
v -0.7409511253549591 -0.6715589548470184 0.27
v -0.7071067811865477 -0.7071067811865475 0.27
v -0.6715589548470187 -0.7409511253549589 0.27
v -0.6343932841636458 -0.7730104533627367 0.27
v -0.5956993044924331 -0.803207531480645 0.27
v -0.5555702330196022 -0.8314696123025452 0.27
v -0.5141027441932218 -0.857728610000272 0.27
v -0.4713967368259979 -0.8819212643483549 0.27
v -0.4275550934302825 -0.9039892931234431 0.27
v -0.38268343236509034 -0.9238795325112865 0.27
v -0.33688985339221994 -0.9415440651830208 0.27
v -0.29028467725446244 -0.9569403357322088 0.27
v -0.24298017990326412 -0.970031253194544 0.27
v -0.19509032201612866 -0.9807852804032303 0.27
v -0.1467304744553623 -0.9891765099647809 0.27
v -0.09801714032956045 -0.9951847266721969 0.27
v -0.04906767432741803 -0.9987954562051724 0.27
v -1.8369701987210297e-16 -1.0 0.27
v 0.04906767432741766 -0.9987954562051724 0.27
v 0.09801714032956009 -0.9951847266721969 0.27
v 0.14673047445536194 -0.9891765099647809 0.27
v 0.1950903220161283 -0.9807852804032304 0.27
v 0.24298017990326376 -0.970031253194544 0.27
v 0.29028467725446205 -0.9569403357322089 0.27
v 0.3368898533922196 -0.9415440651830209 0.27
v 0.38268343236509 -0.9238795325112866 0.27
v 0.42755509343028214 -0.9039892931234433 0.27
v 0.4713967368259976 -0.881921264348355 0.27
v 0.5141027441932216 -0.8577286100002722 0.27
v 0.5555702330196018 -0.8314696123025455 0.27
v 0.5956993044924329 -0.8032075314806453 0.27
v 0.6343932841636456 -0.7730104533627369 0.27
v 0.6715589548470184 -0.7409511253549591 0.27
v 0.7071067811865474 -0.7071067811865477 0.27
v 0.7409511253549588 -0.6715589548470187 0.27
v 0.7730104533627367 -0.6343932841636459 0.27
v 0.803207531480645 -0.5956993044924332 0.27
v 0.8314696123025452 -0.5555702330196022 0.27
v 0.857728610000272 -0.5141027441932219 0.27
v 0.8819212643483548 -0.471396736825998 0.27
v 0.9039892931234431 -0.42755509343028253 0.27
v 0.9238795325112865 -0.3826834323650904 0.27
v 0.9415440651830208 -0.33688985339222 0.27
v 0.9569403357322088 -0.2902846772544625 0.27
v 0.970031253194544 -0.24298017990326418 0.27
v 0.9807852804032303 -0.19509032201612872 0.27
v 0.9891765099647809 -0.1467304744553624 0.27
v 0.9951847266721969 -0.0980171403295605 0.27
v 0.9987954562051724 -0.04906767432741809 0.27
v 1.0 -2.4492935982947064e-16 0.27
v 0.9577626944391376 0.0 0.26667585196068716
v 0.9566090273286336 0.04699518797368998 0.26667585196068716
v 0.95315080528224 0.09387716042325903 0.26667585196068716
v 0.9473963594597712 0.14053297457070033 0.26667585196068716
v 0.9393595528252431 0.186850232473166 0.26667585196068716
v 0.9290597467497798 0.2327173517994564 0.26667585196068716
v 0.9165217543683734 0.2780238346416293 0.26667585196068716
v 0.901775780802869 0.3226605337141387 0.26667585196068716
v 0.8848573503951809 0.36651991529920586 0.26667585196068716
v 0.8658072211260405 0.4094963183049642 0.26667585196068716
v 0.8446712864254515 0.4514862088122846 0.26667585196068716
v 0.8215004646113969 0.4923884294970547 0.26667585196068716
v 0.7963505762231509 0.5321044433270338 0.26667585196068716
v 0.7692822095447109 0.5705385709461933 0.26667585196068716
v 0.7403605746423143 0.6075982211746667 0.26667585196068716
v 0.709655346267677 0.6431941140690115 0.26667585196068716
v 0.6772404960054135 0.6772404960054134 0.26667585196068716
v 0.6431941140690115 0.7096553462676769 0.26667585196068716
v 0.6075982211746667 0.7403605746423143 0.26667585196068716
v 0.5705385709461933 0.7692822095447108 0.26667585196068716
v 0.5321044433270339 0.7963505762231509 0.26667585196068716
v 0.4923884294970547 0.8215004646113969 0.26667585196068716
v 0.45148620881228474 0.8446712864254514 0.26667585196068716
v 0.4094963183049643 0.8658072211260405 0.26667585196068716
v 0.3665199152992059 0.8848573503951809 0.26667585196068716
v 0.3226605337141387 0.901775780802869 0.26667585196068716
v 0.2780238346416293 0.9165217543683734 0.26667585196068716
v 0.23271735179945652 0.9290597467497798 0.26667585196068716
v 0.1868502324731661 0.9393595528252431 0.26667585196068716
v 0.14053297457070033 0.9473963594597712 0.26667585196068716
v 0.09387716042325919 0.9531508052822399 0.26667585196068716
v 0.04699518797369009 0.9566090273286336 0.26667585196068716
v 5.864605090438172e-17 0.9577626944391376 0.26667585196068716
v -0.04699518797368997 0.9566090273286336 0.26667585196068716
v -0.09387716042325907 0.95315080528224 0.26667585196068716
v -0.14053297457070021 0.9473963594597712 0.26667585196068716
v -0.18685023247316596 0.9393595528252431 0.26667585196068716
v -0.2327173517994564 0.9290597467497798 0.26667585196068716
v -0.2780238346416291 0.9165217543683735 0.26667585196068716
v -0.3226605337141386 0.901775780802869 0.26667585196068716
v -0.3665199152992058 0.8848573503951809 0.26667585196068716
v -0.40949631830496397 0.8658072211260406 0.26667585196068716
v -0.45148620881228463 0.8446712864254515 0.26667585196068716
v -0.4923884294970547 0.8215004646113969 0.26667585196068716
v -0.5321044433270335 0.796350576223151 0.26667585196068716
v -0.5705385709461933 0.7692822095447109 0.26667585196068716
v -0.6075982211746666 0.7403605746423144 0.26667585196068716
v -0.6431941140690115 0.7096553462676769 0.26667585196068716
v -0.6772404960054134 0.6772404960054135 0.26667585196068716
v -0.7096553462676767 0.6431941140690116 0.26667585196068716
v -0.7403605746423143 0.6075982211746667 0.26667585196068716
v -0.7692822095447108 0.5705385709461933 0.26667585196068716
v -0.796350576223151 0.5321044433270338 0.26667585196068716
v -0.8215004646113968 0.4923884294970548 0.26667585196068716
v -0.8446712864254514 0.4514862088122848 0.26667585196068716
v -0.8658072211260405 0.40949631830496414 0.26667585196068716
v -0.8848573503951809 0.36651991529920597 0.26667585196068716
v -0.9017757808028689 0.322660533714139 0.26667585196068716
v -0.9165217543683734 0.27802383464162933 0.26667585196068716
v -0.9290597467497798 0.2327173517994566 0.26667585196068716
v -0.9393595528252431 0.18685023247316634 0.26667585196068716
v -0.9473963594597712 0.14053297457070038 0.26667585196068716
v -0.9531508052822399 0.09387716042325923 0.26667585196068716
v -0.9566090273286336 0.046995187973689935 0.26667585196068716
v -0.9577626944391376 1.1729210180876344e-16 0.26667585196068716
v -0.9566090273286336 -0.0469951879736897 0.26667585196068716
v -0.95315080528224 -0.09387716042325901 0.26667585196068716
v -0.9473963594597712 -0.14053297457070016 0.26667585196068716
v -0.9393595528252431 -0.18685023247316612 0.26667585196068716
v -0.9290597467497798 -0.23271735179945635 0.26667585196068716
v -0.9165217543683735 -0.2780238346416291 0.26667585196068716
v -0.901775780802869 -0.3226605337141387 0.26667585196068716
v -0.884857350395181 -0.3665199152992058 0.26667585196068716
v -0.8658072211260406 -0.4094963183049639 0.26667585196068716
v -0.8446712864254515 -0.4514862088122846 0.26667585196068716
v -0.821500464611397 -0.4923884294970546 0.26667585196068716
v -0.7963505762231511 -0.5321044433270335 0.26667585196068716
v -0.7692822095447109 -0.5705385709461932 0.26667585196068716
v -0.7403605746423144 -0.6075982211746664 0.26667585196068716
v -0.7096553462676769 -0.6431941140690115 0.26667585196068716
v -0.6772404960054136 -0.6772404960054134 0.26667585196068716
v -0.6431941140690117 -0.7096553462676767 0.26667585196068716
v -0.6075982211746669 -0.740360574642314 0.26667585196068716
v -0.5705385709461931 -0.769282209544711 0.26667585196068716
v -0.5321044433270338 -0.7963505762231509 0.26667585196068716
v -0.4923884294970548 -0.8215004646113968 0.26667585196068716
v -0.45148620881228485 -0.8446712864254514 0.26667585196068716
v -0.4094963183049646 -0.8658072211260402 0.26667585196068716
v -0.3665199152992064 -0.8848573503951807 0.26667585196068716
v -0.3226605337141386 -0.901775780802869 0.26667585196068716
v -0.2780238346416294 -0.9165217543683734 0.26667585196068716
v -0.23271735179945666 -0.9290597467497798 0.26667585196068716
v -0.1868502324731664 -0.939359552825243 0.26667585196068716
v -0.14053297457070085 -0.9473963594597711 0.26667585196068716
v -0.09387716042325889 -0.95315080528224 0.26667585196068716
v -0.04699518797368999 -0.9566090273286336 0.26667585196068716
v -1.7593815271314516e-16 -0.9577626944391376 0.26667585196068716
v 0.04699518797368964 -0.9566090273286336 0.26667585196068716
v 0.09387716042325854 -0.95315080528224 0.26667585196068716
v 0.14053297457070052 -0.9473963594597711 0.26667585196068716
v 0.18685023247316607 -0.9393595528252431 0.26667585196068716
v 0.2327173517994563 -0.9290597467497798 0.26667585196068716
v 0.27802383464162905 -0.9165217543683735 0.26667585196068716
v 0.32266053371413833 -0.9017757808028691 0.26667585196068716
v 0.3665199152992061 -0.8848573503951808 0.26667585196068716
v 0.40949631830496425 -0.8658072211260405 0.26667585196068716
v 0.4514862088122845 -0.8446712864254515 0.26667585196068716
v 0.4923884294970546 -0.821500464611397 0.26667585196068716
v 0.5321044433270334 -0.7963505762231511 0.26667585196068716
v 0.5705385709461929 -0.7692822095447113 0.26667585196068716
v 0.6075982211746667 -0.7403605746423142 0.26667585196068716
v 0.6431941140690115 -0.7096553462676769 0.26667585196068716
v 0.6772404960054134 -0.6772404960054136 0.26667585196068716
v 0.7096553462676766 -0.6431941140690117 0.26667585196068716
v 0.740360574642314 -0.607598221174667 0.26667585196068716
v 0.769282209544711 -0.5705385709461932 0.26667585196068716
v 0.7963505762231509 -0.5321044433270338 0.26667585196068716
v 0.8215004646113968 -0.4923884294970549 0.26667585196068716
v 0.8446712864254513 -0.4514862088122849 0.26667585196068716
v 0.8658072211260402 -0.40949631830496463 0.26667585196068716
v 0.8848573503951807 -0.36651991529920647 0.26667585196068716
v 0.901775780802869 -0.32266053371413866 0.26667585196068716
v 0.9165217543683734 -0.27802383464162944 0.26667585196068716
v 0.9290597467497798 -0.2327173517994567 0.26667585196068716
v 0.939359552825243 -0.18685023247316646 0.26667585196068716
v 0.9473963594597711 -0.14053297457070094 0.26667585196068716
v 0.95315080528224 -0.09387716042325893 0.26667585196068716
v 0.9566090273286336 -0.04699518797369005 0.26667585196068716
v 0.9577626944391376 -2.3458420361752687e-16 0.26667585196068716
v 0.9165654115187643 0.0 0.2567852593996915
v 0.9154613683397658 0.044973733112178595 0.2567852593996915
v 0.9121518985394911 0.08983912056205617 0.2567852593996915
v 0.9066449749205645 0.13448807770152216 0.2567852593996915
v 0.8989538641443335 0.1788130412820408 0.2567852593996915
v 0.8890970947703198 0.22270722858393843 0.2567852593996915
v 0.8770984126192964 0.26606489466532796 0.2567852593996915
v 0.8629867235675257 0.30878158711093634 0.2567852593996915
v 0.8467960239099711 0.3507543976671217 0.2567852593996915
v 0.8285653184602456 0.3918822101568702 0.2567852593996915
v 0.8083385265845989 0.43206594407752313 0.2567852593996915
v 0.7861643763963171 0.4712087932943862 0.2567852593996915
v 0.7620962873654298 0.5092164592551874 0.2567852593996915
v 0.7361922416265281 0.5459973781635489 0.2567852593996915
v 0.7085146442947236 0.5814629415641921 0.2567852593996915
v 0.6791301731262597 0.6155277098084686 0.2567852593996915
v 0.6481096178859568 0.6481096178859567 0.2567852593996915
v 0.6155277098084686 0.6791301731262596 0.2567852593996915
v 0.5814629415641921 0.7085146442947236 0.2567852593996915
v 0.545997378163549 0.7361922416265281 0.2567852593996915
v 0.5092164592551875 0.7620962873654298 0.2567852593996915
v 0.4712087932943862 0.7861643763963171 0.2567852593996915
v 0.4320659440775233 0.8083385265845988 0.2567852593996915
v 0.3918822101568703 0.8285653184602456 0.2567852593996915
v 0.35075439766712174 0.8467960239099711 0.2567852593996915
v 0.30878158711093634 0.8629867235675257 0.2567852593996915
v 0.26606489466532796 0.8770984126192964 0.2567852593996915
v 0.22270722858393852 0.8890970947703198 0.2567852593996915
v 0.1788130412820409 0.8989538641443335 0.2567852593996915
v 0.13448807770152216 0.9066449749205645 0.2567852593996915
v 0.08983912056205633 0.912151898539491 0.2567852593996915
v 0.0449737331121787 0.9154613683397658 0.2567852593996915
v 5.612344487128156e-17 0.9165654115187643 0.2567852593996915
v -0.04497373311217859 0.9154613683397658 0.2567852593996915
v -0.08983912056205622 0.9121518985394911 0.2567852593996915
v -0.13448807770152207 0.9066449749205645 0.2567852593996915
v -0.17881304128204076 0.8989538641443335 0.2567852593996915
v -0.22270722858393843 0.8890970947703198 0.2567852593996915
v -0.2660648946653278 0.8770984126192966 0.2567852593996915
v -0.30878158711093623 0.8629867235675257 0.2567852593996915
v -0.35075439766712163 0.8467960239099711 0.2567852593996915
v -0.39188221015686997 0.8285653184602457 0.2567852593996915
v -0.4320659440775232 0.8083385265845989 0.2567852593996915
v -0.4712087932943862 0.7861643763963171 0.2567852593996915
v -0.5092164592551872 0.7620962873654299 0.2567852593996915
v -0.5459973781635489 0.7361922416265281 0.2567852593996915
v -0.581462941564192 0.7085146442947237 0.2567852593996915
v -0.6155277098084687 0.6791301731262596 0.2567852593996915
v -0.6481096178859567 0.6481096178859568 0.2567852593996915
v -0.6791301731262593 0.6155277098084688 0.2567852593996915
v -0.7085146442947236 0.5814629415641921 0.2567852593996915
v -0.7361922416265281 0.545997378163549 0.2567852593996915
v -0.7620962873654299 0.5092164592551874 0.2567852593996915
v -0.786164376396317 0.4712087932943863 0.2567852593996915
v -0.8083385265845988 0.43206594407752336 0.2567852593996915
v -0.8285653184602456 0.39188221015687014 0.2567852593996915
v -0.8467960239099711 0.3507543976671218 0.2567852593996915
v -0.8629867235675256 0.30878158711093656 0.2567852593996915
v -0.8770984126192964 0.26606489466532796 0.2567852593996915
v -0.8890970947703198 0.2227072285839386 0.2567852593996915
v -0.8989538641443335 0.17881304128204115 0.2567852593996915
v -0.9066449749205645 0.1344880777015222 0.2567852593996915
v -0.912151898539491 0.08983912056205638 0.2567852593996915
v -0.9154613683397658 0.04497373311217855 0.2567852593996915
v -0.9165654115187643 1.1224688974256312e-16 0.2567852593996915
v -0.9154613683397658 -0.04497373311217833 0.2567852593996915
v -0.9121518985394911 -0.08983912056205616 0.2567852593996915
v -0.9066449749205645 -0.13448807770152202 0.2567852593996915
v -0.8989538641443335 -0.17881304128204092 0.2567852593996915
v -0.8890970947703198 -0.22270722858393838 0.2567852593996915
v -0.8770984126192966 -0.26606489466532773 0.2567852593996915
v -0.8629867235675257 -0.30878158711093634 0.2567852593996915
v -0.8467960239099712 -0.3507543976671216 0.2567852593996915
v -0.8285653184602457 -0.3918822101568699 0.2567852593996915
v -0.8083385265845989 -0.43206594407752313 0.2567852593996915
v -0.7861643763963172 -0.4712087932943861 0.2567852593996915
v -0.7620962873654299 -0.5092164592551872 0.2567852593996915
v -0.7361922416265281 -0.5459973781635488 0.2567852593996915
v -0.7085146442947237 -0.5814629415641919 0.2567852593996915
v -0.6791301731262596 -0.6155277098084687 0.2567852593996915
v -0.6481096178859569 -0.6481096178859567 0.2567852593996915
v -0.6155277098084688 -0.6791301731262593 0.2567852593996915
v -0.5814629415641924 -0.7085146442947232 0.2567852593996915
v -0.5459973781635487 -0.7361922416265282 0.2567852593996915
v -0.5092164592551874 -0.7620962873654298 0.2567852593996915
v -0.4712087932943863 -0.786164376396317 0.2567852593996915
v -0.4320659440775234 -0.8083385265845988 0.2567852593996915
v -0.3918822101568705 -0.8285653184602454 0.2567852593996915
v -0.3507543976671222 -0.8467960239099709 0.2567852593996915
v -0.30878158711093623 -0.8629867235675257 0.2567852593996915
v -0.266064894665328 -0.8770984126192964 0.2567852593996915
v -0.22270722858393865 -0.8890970947703198 0.2567852593996915
v -0.1788130412820412 -0.8989538641443334 0.2567852593996915
v -0.13448807770152268 -0.9066449749205644 0.2567852593996915
v -0.08983912056205604 -0.9121518985394911 0.2567852593996915
v -0.04497373311217861 -0.9154613683397658 0.2567852593996915
v -1.6837033461384467e-16 -0.9165654115187643 0.2567852593996915
v 0.044973733112178275 -0.9154613683397658 0.2567852593996915
v 0.0898391205620557 -0.9121518985394911 0.2567852593996915
v 0.13448807770152235 -0.9066449749205644 0.2567852593996915
v 0.17881304128204087 -0.8989538641443335 0.2567852593996915
v 0.22270722858393832 -0.8890970947703198 0.2567852593996915
v 0.2660648946653277 -0.8770984126192966 0.2567852593996915
v 0.3087815871109359 -0.8629867235675257 0.2567852593996915
v 0.3507543976671219 -0.846796023909971 0.2567852593996915
v 0.39188221015687025 -0.8285653184602456 0.2567852593996915
v 0.4320659440775231 -0.8083385265845989 0.2567852593996915
v 0.4712087932943861 -0.7861643763963172 0.2567852593996915
v 0.5092164592551871 -0.7620962873654299 0.2567852593996915
v 0.5459973781635484 -0.7361922416265284 0.2567852593996915
v 0.5814629415641922 -0.7085146442947234 0.2567852593996915
v 0.6155277098084687 -0.6791301731262596 0.2567852593996915
v 0.6481096178859566 -0.6481096178859569 0.2567852593996915
v 0.6791301731262592 -0.6155277098084688 0.2567852593996915
v 0.7085146442947232 -0.5814629415641924 0.2567852593996915
v 0.7361922416265282 -0.5459973781635488 0.2567852593996915
v 0.7620962873654298 -0.5092164592551874 0.2567852593996915
v 0.786164376396317 -0.4712087932943864 0.2567852593996915
v 0.8083385265845987 -0.43206594407752347 0.2567852593996915
v 0.8285653184602454 -0.3918822101568706 0.2567852593996915
v 0.8467960239099709 -0.35075439766712224 0.2567852593996915
v 0.8629867235675257 -0.3087815871109363 0.2567852593996915
v 0.8770984126192964 -0.26606489466532807 0.2567852593996915
v 0.8890970947703198 -0.2227072285839387 0.2567852593996915
v 0.8989538641443334 -0.17881304128204126 0.2567852593996915
v 0.9066449749205644 -0.13448807770152274 0.2567852593996915
v 0.9121518985394911 -0.08983912056205609 0.2567852593996915
v 0.9154613683397658 -0.044973733112178664 0.2567852593996915
v 0.9165654115187643 -2.2449377948512625e-16 0.2567852593996915
v 0.8774225650703223 0.0 0.24057176153085935
v 0.8763656711641252 0.04305308467039832 0.24057176153085935
v 0.8731975355955267 0.0860024506888208 0.24057176153085935
v 0.8679257906806074 0.12874462927060892 0.24057176153085935
v 0.8605631365146178 0.17117665076378644 0.24057176153085935
v 0.851127310376336 0.2131962927119702 0.24057176153085935
v 0.8396410439974101 0.254702326117221 0.24057176153085935
v 0.8261320087996249 0.2955947593095666 0.24057176153085935
v 0.8106327492320234 0.3357750788356923 0.24057176153085935
v 0.7931806043684791 0.37514648678647944 0.24057176153085935
v 0.7738176179545955 0.41361413399164654 0.24057176153085935
v 0.7525904371206409 0.45108534851970833 0.24057176153085935
v 0.7295502000045256 0.48746985893277606 0.24057176153085935
v 0.7047524125555492 0.5226800117583579 0.24057176153085935
v 0.6782568148157054 0.5566309826542517 0.24057176153085935
v 0.6501272370006903 0.5892409807578156 0.24057176153085935
v 0.6204314457273197 0.6204314457273197 0.24057176153085935
v 0.5892409807578156 0.6501272370006902 0.24057176153085935
v 0.5566309826542517 0.6782568148157054 0.24057176153085935
v 0.522680011758358 0.7047524125555491 0.24057176153085935
v 0.4874698589327761 0.7295502000045256 0.24057176153085935
v 0.45108534851970833 0.7525904371206409 0.24057176153085935
v 0.4136141339916467 0.7738176179545955 0.24057176153085935
v 0.37514648678647955 0.7931806043684791 0.24057176153085935
v 0.33577507883569235 0.8106327492320234 0.24057176153085935
v 0.2955947593095666 0.8261320087996249 0.24057176153085935
v 0.254702326117221 0.8396410439974101 0.24057176153085935
v 0.21319629271197027 0.851127310376336 0.24057176153085935
v 0.1711766507637865 0.8605631365146178 0.24057176153085935
v 0.12874462927060892 0.8679257906806074 0.24057176153085935
v 0.08600245068882095 0.8731975355955266 0.24057176153085935
v 0.043053084670398416 0.8763656711641252 0.24057176153085935
v 5.3726636790651524e-17 0.8774225650703223 0.24057176153085935
v -0.04305308467039831 0.8763656711641252 0.24057176153085935
v -0.08600245068882084 0.8731975355955267 0.24057176153085935
v -0.1287446292706088 0.8679257906806074 0.24057176153085935
v -0.17117665076378638 0.8605631365146178 0.24057176153085935
v -0.2131962927119702 0.851127310376336 0.24057176153085935
v -0.2547023261172208 0.8396410439974102 0.24057176153085935
v -0.29559475930956647 0.8261320087996249 0.24057176153085935
v -0.33577507883569224 0.8106327492320234 0.24057176153085935
v -0.3751464867864792 0.7931806043684793 0.24057176153085935
v -0.4136141339916466 0.7738176179545955 0.24057176153085935
v -0.45108534851970833 0.7525904371206409 0.24057176153085935
v -0.48746985893277583 0.7295502000045258 0.24057176153085935
v -0.5226800117583579 0.7047524125555492 0.24057176153085935
v -0.5566309826542516 0.6782568148157055 0.24057176153085935
v -0.5892409807578157 0.6501272370006902 0.24057176153085935
v -0.6204314457273197 0.6204314457273197 0.24057176153085935
v -0.65012723700069 0.5892409807578158 0.24057176153085935
v -0.6782568148157054 0.5566309826542517 0.24057176153085935
v -0.7047524125555491 0.522680011758358 0.24057176153085935
v -0.7295502000045258 0.48746985893277606 0.24057176153085935
v -0.7525904371206408 0.45108534851970844 0.24057176153085935
v -0.7738176179545955 0.4136141339916467 0.24057176153085935
v -0.7931806043684791 0.3751464867864794 0.24057176153085935
v -0.8106327492320234 0.3357750788356924 0.24057176153085935
v -0.8261320087996248 0.2955947593095668 0.24057176153085935
v -0.8396410439974101 0.25470232611722105 0.24057176153085935
v -0.851127310376336 0.21319629271197035 0.24057176153085935
v -0.8605631365146178 0.17117665076378674 0.24057176153085935
v -0.8679257906806074 0.12874462927060895 0.24057176153085935
v -0.8731975355955266 0.086002450688821 0.24057176153085935
v -0.8763656711641252 0.04305308467039828 0.24057176153085935
v -0.8774225650703223 1.0745327358130305e-16 0.24057176153085935
v -0.8763656711641252 -0.04305308467039806 0.24057176153085935
v -0.8731975355955267 -0.0860024506888208 0.24057176153085935
v -0.8679257906806074 -0.12874462927060876 0.24057176153085935
v -0.8605631365146178 -0.17117665076378652 0.24057176153085935
v -0.851127310376336 -0.21319629271197013 0.24057176153085935
v -0.8396410439974102 -0.2547023261172208 0.24057176153085935
v -0.8261320087996249 -0.2955947593095666 0.24057176153085935
v -0.8106327492320236 -0.3357750788356922 0.24057176153085935
v -0.7931806043684793 -0.3751464867864792 0.24057176153085935
v -0.7738176179545955 -0.41361413399164654 0.24057176153085935
v -0.752590437120641 -0.4510853485197082 0.24057176153085935
v -0.7295502000045259 -0.48746985893277583 0.24057176153085935
v -0.7047524125555492 -0.5226800117583578 0.24057176153085935
v -0.6782568148157055 -0.5566309826542515 0.24057176153085935
v -0.6501272370006902 -0.5892409807578157 0.24057176153085935
v -0.6204314457273198 -0.6204314457273197 0.24057176153085935
v -0.589240980757816 -0.65012723700069 0.24057176153085935
v -0.556630982654252 -0.6782568148157052 0.24057176153085935
v -0.5226800117583577 -0.7047524125555493 0.24057176153085935
v -0.48746985893277606 -0.7295502000045256 0.24057176153085935
v -0.45108534851970844 -0.7525904371206408 0.24057176153085935
v -0.41361413399164676 -0.7738176179545955 0.24057176153085935
v -0.37514648678647977 -0.7931806043684789 0.24057176153085935
v -0.3357750788356928 -0.8106327492320233 0.24057176153085935
v -0.29559475930956647 -0.8261320087996249 0.24057176153085935
v -0.2547023261172211 -0.8396410439974101 0.24057176153085935
v -0.21319629271197038 -0.851127310376336 0.24057176153085935
v -0.1711766507637868 -0.8605631365146177 0.24057176153085935
v -0.1287446292706094 -0.8679257906806074 0.24057176153085935
v -0.08600245068882068 -0.8731975355955267 0.24057176153085935
v -0.04305308467039833 -0.8763656711641252 0.24057176153085935
v -1.6117991037195455e-16 -0.8774225650703223 0.24057176153085935
v 0.043053084670398006 -0.8763656711641252 0.24057176153085935
v 0.08600245068882036 -0.8731975355955267 0.24057176153085935
v 0.1287446292706091 -0.8679257906806074 0.24057176153085935
v 0.17117665076378646 -0.8605631365146178 0.24057176153085935
v 0.21319629271197008 -0.851127310376336 0.24057176153085935
v 0.25470232611722077 -0.8396410439974102 0.24057176153085935
v 0.2955947593095662 -0.826132008799625 0.24057176153085935
v 0.33577507883569246 -0.8106327492320233 0.24057176153085935
v 0.3751464867864795 -0.7931806043684791 0.24057176153085935
v 0.4136141339916465 -0.7738176179545955 0.24057176153085935
v 0.4510853485197082 -0.752590437120641 0.24057176153085935
v 0.4874698589327757 -0.7295502000045259 0.24057176153085935
v 0.5226800117583574 -0.7047524125555494 0.24057176153085935
v 0.5566309826542518 -0.6782568148157054 0.24057176153085935
v 0.5892409807578157 -0.6501272370006902 0.24057176153085935
v 0.6204314457273196 -0.6204314457273198 0.24057176153085935
v 0.6501272370006899 -0.589240980757816 0.24057176153085935
v 0.6782568148157052 -0.5566309826542521 0.24057176153085935
v 0.7047524125555493 -0.5226800117583578 0.24057176153085935
v 0.7295502000045256 -0.48746985893277606 0.24057176153085935
v 0.7525904371206408 -0.4510853485197085 0.24057176153085935
v 0.7738176179545954 -0.4136141339916468 0.24057176153085935
v 0.7931806043684789 -0.3751464867864798 0.24057176153085935
v 0.8106327492320233 -0.33577507883569285 0.24057176153085935
v 0.8261320087996249 -0.2955947593095665 0.24057176153085935
v 0.8396410439974101 -0.25470232611722116 0.24057176153085935
v 0.851127310376336 -0.21319629271197044 0.24057176153085935
v 0.8605631365146177 -0.17117665076378685 0.24057176153085935
v 0.8679257906806074 -0.12874462927060948 0.24057176153085935
v 0.8731975355955267 -0.08600245068882072 0.24057176153085935
v 0.8763656711641252 -0.04305308467039839 0.24057176153085935
v 0.8774225650703223 -2.149065471626061e-16 0.24057176153085935
v 0.8412979818810322 0.0 0.21843458848123581
v 0.8402846016173564 0.04128053538725251 0.21843458848123581
v 0.8372469021481459 0.08246162234900926 0.21843458848123581
v 0.8321922015574931 0.1234440520397422 0.21843458848123581
v 0.8251326770618601 0.1641290941966894 0.21843458848123581
v 0.8160853356740985 0.20441873498970603 0.21843458848123581
v 0.8050719732320647 0.24421591314516594 0.21843458848123581
v 0.7921191218905385 0.28342475377507154 0.21843458848123581
v 0.7772579862029371 0.32195079934805654 0.21843458848123581
v 0.7605243679468138 0.3597012372458525 0.21843458848123581
v 0.7419585798742394 0.3965851233570159 0.21843458848123581
v 0.7216053485948519 0.43251360116925797 0.21843458848123581
v 0.6995137068255356 0.46740011583256613 0.21843458848123581
v 0.6757368752663122 0.5011606226774187 0.21843458848123581
v 0.6503321343870124 0.5337137896857551 0.21843458848123581
v 0.6233606864336069 0.5649811934269318 0.21843458848123581
v 0.5948875079866351 0.594887507986635 0.21843458848123581
v 0.5649811934269318 0.6233606864336069 0.21843458848123581
v 0.5337137896857551 0.6503321343870124 0.21843458848123581
v 0.5011606226774188 0.6757368752663121 0.21843458848123581
v 0.4674001158325662 0.6995137068255356 0.21843458848123581
v 0.43251360116925797 0.7216053485948519 0.21843458848123581
v 0.396585123357016 0.7419585798742393 0.21843458848123581
v 0.35970123724585257 0.7605243679468138 0.21843458848123581
v 0.3219507993480566 0.7772579862029371 0.21843458848123581
v 0.28342475377507154 0.7921191218905385 0.21843458848123581
v 0.24421591314516594 0.8050719732320647 0.21843458848123581
v 0.20441873498970614 0.8160853356740985 0.21843458848123581
v 0.16412909419668947 0.8251326770618601 0.21843458848123581
v 0.1234440520397422 0.8321922015574931 0.21843458848123581
v 0.0824616223490094 0.8372469021481458 0.21843458848123581
v 0.041280535387252605 0.8402846016173564 0.21843458848123581
v 5.1514644031986706e-17 0.8412979818810322 0.21843458848123581
v -0.04128053538725251 0.8402846016173564 0.21843458848123581
v -0.0824616223490093 0.8372469021481459 0.21843458848123581
v -0.1234440520397421 0.8321922015574931 0.21843458848123581
v -0.16412909419668936 0.8251326770618601 0.21843458848123581
v -0.20441873498970603 0.8160853356740985 0.21843458848123581
v -0.2442159131451658 0.8050719732320648 0.21843458848123581
v -0.2834247537750714 0.7921191218905385 0.21843458848123581
v -0.3219507993480565 0.7772579862029371 0.21843458848123581
v -0.3597012372458523 0.7605243679468139 0.21843458848123581
v -0.3965851233570159 0.7419585798742394 0.21843458848123581
v -0.43251360116925797 0.7216053485948519 0.21843458848123581
v -0.4674001158325659 0.6995137068255357 0.21843458848123581
v -0.5011606226774187 0.6757368752663122 0.21843458848123581
v -0.533713789685755 0.6503321343870125 0.21843458848123581
v -0.5649811934269319 0.6233606864336069 0.21843458848123581
v -0.594887507986635 0.5948875079866351 0.21843458848123581
v -0.6233606864336066 0.564981193426932 0.21843458848123581
v -0.6503321343870124 0.5337137896857551 0.21843458848123581
v -0.6757368752663121 0.5011606226774188 0.21843458848123581
v -0.6995137068255357 0.46740011583256613 0.21843458848123581
v -0.7216053485948518 0.432513601169258 0.21843458848123581
v -0.7419585798742393 0.39658512335701607 0.21843458848123581
v -0.7605243679468138 0.35970123724585246 0.21843458848123581
v -0.7772579862029371 0.3219507993480566 0.21843458848123581
v -0.7921191218905383 0.28342475377507176 0.21843458848123581
v -0.8050719732320647 0.24421591314516597 0.21843458848123581
v -0.8160853356740985 0.2044187349897062 0.21843458848123581
v -0.8251326770618601 0.1641290941966897 0.21843458848123581
v -0.8321922015574931 0.12344405203974224 0.21843458848123581
v -0.8372469021481458 0.08246162234900946 0.21843458848123581
v -0.8402846016173564 0.04128053538725247 0.21843458848123581
v -0.8412979818810322 1.0302928806397341e-16 0.21843458848123581
v -0.8402846016173564 -0.041280535387252265 0.21843458848123581
v -0.8372469021481459 -0.08246162234900926 0.21843458848123581
v -0.8321922015574931 -0.12344405203974206 0.21843458848123581
v -0.8251326770618601 -0.1641290941966895 0.21843458848123581
v -0.8160853356740985 -0.204418734989706 0.21843458848123581
v -0.8050719732320648 -0.24421591314516575 0.21843458848123581
v -0.7921191218905385 -0.28342475377507154 0.21843458848123581
v -0.7772579862029371 -0.3219507993480564 0.21843458848123581
v -0.7605243679468139 -0.35970123724585223 0.21843458848123581
v -0.7419585798742394 -0.3965851233570159 0.21843458848123581
v -0.7216053485948519 -0.43251360116925786 0.21843458848123581
v -0.6995137068255358 -0.4674001158325659 0.21843458848123581
v -0.6757368752663122 -0.5011606226774186 0.21843458848123581
v -0.6503321343870125 -0.533713789685755 0.21843458848123581
v -0.6233606864336069 -0.5649811934269319 0.21843458848123581
v -0.5948875079866353 -0.594887507986635 0.21843458848123581
v -0.5649811934269321 -0.6233606864336066 0.21843458848123581
v -0.5337137896857554 -0.6503321343870121 0.21843458848123581
v -0.5011606226774185 -0.6757368752663123 0.21843458848123581
v -0.46740011583256613 -0.6995137068255356 0.21843458848123581
v -0.432513601169258 -0.7216053485948518 0.21843458848123581
v -0.3965851233570161 -0.7419585798742393 0.21843458848123581
v -0.35970123724585285 -0.7605243679468136 0.21843458848123581
v -0.321950799348057 -0.7772579862029368 0.21843458848123581
v -0.2834247537750714 -0.7921191218905385 0.21843458848123581
v -0.24421591314516602 -0.8050719732320647 0.21843458848123581
v -0.20441873498970625 -0.8160853356740985 0.21843458848123581
v -0.16412909419668975 -0.82513267706186 0.21843458848123581
v -0.12344405203974265 -0.832192201557493 0.21843458848123581
v -0.08246162234900914 -0.8372469021481459 0.21843458848123581
v -0.04128053538725252 -0.8402846016173564 0.21843458848123581
v -1.5454393209596009e-16 -0.8412979818810322 0.21843458848123581
v 0.04128053538725222 -0.8402846016173564 0.21843458848123581
v 0.08246162234900883 -0.8372469021481459 0.21843458848123581
v 0.12344405203974235 -0.832192201557493 0.21843458848123581
v 0.16412909419668945 -0.8251326770618601 0.21843458848123581
v 0.20441873498970595 -0.8160853356740985 0.21843458848123581
v 0.2442159131451657 -0.8050719732320648 0.21843458848123581
v 0.28342475377507115 -0.7921191218905386 0.21843458848123581
v 0.3219507993480567 -0.777257986202937 0.21843458848123581
v 0.35970123724585257 -0.7605243679468138 0.21843458848123581
v 0.39658512335701585 -0.7419585798742394 0.21843458848123581
v 0.43251360116925786 -0.7216053485948519 0.21843458848123581
v 0.46740011583256585 -0.6995137068255358 0.21843458848123581
v 0.5011606226774183 -0.6757368752663125 0.21843458848123581
v 0.5337137896857552 -0.6503321343870123 0.21843458848123581
v 0.5649811934269319 -0.6233606864336069 0.21843458848123581
v 0.5948875079866349 -0.5948875079866353 0.21843458848123581
v 0.6233606864336065 -0.5649811934269321 0.21843458848123581
v 0.6503321343870121 -0.5337137896857556 0.21843458848123581
v 0.6757368752663123 -0.5011606226774186 0.21843458848123581
v 0.6995137068255356 -0.46740011583256613 0.21843458848123581
v 0.7216053485948518 -0.43251360116925813 0.21843458848123581
v 0.7419585798742393 -0.3965851233570162 0.21843458848123581
v 0.7605243679468136 -0.35970123724585285 0.21843458848123581
v 0.7772579862029368 -0.32195079934805704 0.21843458848123581
v 0.7921191218905385 -0.2834247537750715 0.21843458848123581
v 0.8050719732320647 -0.24421591314516608 0.21843458848123581
v 0.8160853356740985 -0.2044187349897063 0.21843458848123581
v 0.82513267706186 -0.1641290941966898 0.21843458848123581
v 0.832192201557493 -0.12344405203974272 0.21843458848123581
v 0.8372469021481459 -0.08246162234900918 0.21843458848123581
v 0.8402846016173564 -0.04128053538725258 0.21843458848123581
v 0.8412979818810322 -2.0605857612794682e-16 0.21843458848123581
v 0.8090811690796322 0.0 0.19091883092036785
v 0.8081065953779055 0.03969973130884603 0.19091883092036785
v 0.8051852221061353 0.07930382248768326 0.19091883092036785
v 0.8003240871084155 0.11871686381195319 0.19091883092036785
v 0.7935349012847406 0.15784390581293095 0.19091883092036785
v 0.7848340203784224 0.1965906880193121 0.19091883092036785
v 0.7742424055736713 0.2348638660389441 0.19091883092036785
v 0.7617855729982679 0.2725712364336433 0.19091883092036785
v 0.747493532252976 0.3096219588453532 0.19091883092036785
v 0.7314007141157859 0.345926774838524 0.19091883092036785
v 0.7135458875951545 0.3813982229315019 0.19091883092036785
v 0.6939720665320681 0.4159508492988989 0.19091883092036785
v 0.6727264059759319 0.4495014136373434 0.19091883092036785
v 0.6498600885839257 0.4819690896986618 0.19091883092036785
v 0.6254282013174998 0.5132756600073897 0.19091883092036785
v 0.5994896027330595 0.5433457042935216 0.19091883092036785
v 0.5721067811865476 0.5721067811865476 0.19091883092036785
v 0.5433457042935216 0.5994896027330594 0.19091883092036785
v 0.5132756600073897 0.6254282013174998 0.19091883092036785
v 0.48196908969866187 0.6498600885839256 0.19091883092036785
v 0.4495014136373435 0.6727264059759319 0.19091883092036785
v 0.4159508492988989 0.6939720665320681 0.19091883092036785
v 0.38139822293150205 0.7135458875951544 0.19091883092036785
v 0.34592677483852413 0.7314007141157859 0.19091883092036785
v 0.30962195884535326 0.747493532252976 0.19091883092036785
v 0.2725712364336433 0.7617855729982679 0.19091883092036785
v 0.2348638660389441 0.7742424055736713 0.19091883092036785
v 0.19659068801931218 0.7848340203784224 0.19091883092036785
v 0.15784390581293103 0.7935349012847406 0.19091883092036785
v 0.11871686381195319 0.8003240871084155 0.19091883092036785
v 0.0793038224876834 0.8051852221061353 0.19091883092036785
v 0.03969973130884612 0.8081065953779055 0.19091883092036785
v 4.95419331981885e-17 0.8090811690796322 0.19091883092036785
v -0.03969973130884602 0.8081065953779055 0.19091883092036785
v -0.07930382248768329 0.8051852221061353 0.19091883092036785
v -0.11871686381195311 0.8003240871084155 0.19091883092036785
v -0.15784390581293092 0.7935349012847406 0.19091883092036785
v -0.1965906880193121 0.7848340203784224 0.19091883092036785
v -0.23486386603894396 0.7742424055736714 0.19091883092036785
v -0.2725712364336432 0.7617855729982679 0.19091883092036785
v -0.30962195884535315 0.747493532252976 0.19091883092036785
v -0.34592677483852385 0.731400714115786 0.19091883092036785
v -0.38139822293150194 0.7135458875951545 0.19091883092036785
v -0.4159508492988989 0.6939720665320681 0.19091883092036785
v -0.44950141363734325 0.6727264059759319 0.19091883092036785
v -0.4819690896986618 0.6498600885839257 0.19091883092036785
v -0.5132756600073896 0.6254282013174999 0.19091883092036785
v -0.5433457042935217 0.5994896027330594 0.19091883092036785
v -0.5721067811865476 0.5721067811865476 0.19091883092036785
v -0.5994896027330593 0.5433457042935217 0.19091883092036785
v -0.6254282013174998 0.5132756600073897 0.19091883092036785
v -0.6498600885839256 0.48196908969866187 0.19091883092036785
v -0.6727264059759319 0.4495014136373434 0.19091883092036785
v -0.693972066532068 0.415950849298899 0.19091883092036785
v -0.7135458875951544 0.38139822293150205 0.19091883092036785
v -0.7314007141157859 0.34592677483852396 0.19091883092036785
v -0.747493532252976 0.3096219588453533 0.19091883092036785
v -0.7617855729982679 0.2725712364336435 0.19091883092036785
v -0.7742424055736713 0.23486386603894416 0.19091883092036785
v -0.7848340203784224 0.19659068801931226 0.19091883092036785
v -0.7935349012847406 0.15784390581293126 0.19091883092036785
v -0.8003240871084155 0.11871686381195325 0.19091883092036785
v -0.8051852221061353 0.07930382248768345 0.19091883092036785
v -0.8081065953779055 0.039699731308845986 0.19091883092036785
v -0.8090811690796322 9.9083866396377e-17 0.19091883092036785
v -0.8081065953779055 -0.03969973130884579 0.19091883092036785
v -0.8051852221061353 -0.07930382248768325 0.19091883092036785
v -0.8003240871084155 -0.11871686381195307 0.19091883092036785
v -0.7935349012847406 -0.15784390581293103 0.19091883092036785
v -0.7848340203784224 -0.19659068801931204 0.19091883092036785
v -0.7742424055736714 -0.23486386603894394 0.19091883092036785
v -0.7617855729982679 -0.2725712364336433 0.19091883092036785
v -0.7474935322529761 -0.3096219588453531 0.19091883092036785
v -0.731400714115786 -0.3459267748385238 0.19091883092036785
v -0.7135458875951545 -0.3813982229315019 0.19091883092036785
v -0.6939720665320682 -0.4159508492988988 0.19091883092036785
v -0.672726405975932 -0.44950141363734325 0.19091883092036785
v -0.6498600885839257 -0.4819690896986617 0.19091883092036785
v -0.6254282013174999 -0.5132756600073894 0.19091883092036785
v -0.5994896027330594 -0.5433457042935217 0.19091883092036785
v -0.5721067811865477 -0.5721067811865476 0.19091883092036785
v -0.5433457042935218 -0.5994896027330593 0.19091883092036785
v -0.5132756600073899 -0.6254282013174995 0.19091883092036785
v -0.48196908969866165 -0.6498600885839259 0.19091883092036785
v -0.4495014136373434 -0.6727264059759319 0.19091883092036785
v -0.415950849298899 -0.693972066532068 0.19091883092036785
v -0.3813982229315021 -0.7135458875951544 0.19091883092036785
v -0.34592677483852435 -0.7314007141157857 0.19091883092036785
v -0.30962195884535365 -0.7474935322529758 0.19091883092036785
v -0.2725712364336432 -0.7617855729982679 0.19091883092036785
v -0.2348638660389442 -0.7742424055736713 0.19091883092036785
v -0.1965906880193123 -0.7848340203784224 0.19091883092036785
v -0.15784390581293128 -0.7935349012847405 0.19091883092036785
v -0.11871686381195365 -0.8003240871084154 0.19091883092036785
v -0.07930382248768314 -0.8051852221061353 0.19091883092036785
v -0.039699731308846034 -0.8081065953779055 0.19091883092036785
v -1.486257995945655e-16 -0.8090811690796322 0.19091883092036785
v 0.039699731308845736 -0.8081065953779055 0.19091883092036785
v 0.07930382248768285 -0.8051852221061353 0.19091883092036785
v 0.11871686381195336 -0.8003240871084154 0.19091883092036785
v 0.157843905812931 -0.7935349012847406 0.19091883092036785
v 0.196590688019312 -0.7848340203784224 0.19091883092036785
v 0.23486386603894388 -0.7742424055736714 0.19091883092036785
v 0.27257123643364295 -0.761785572998268 0.19091883092036785
v 0.3096219588453534 -0.7474935322529759 0.19091883092036785
v 0.3459267748385241 -0.7314007141157859 0.19091883092036785
v 0.38139822293150183 -0.7135458875951545 0.19091883092036785
v 0.4159508492988988 -0.6939720665320682 0.19091883092036785
v 0.44950141363734314 -0.672726405975932 0.19091883092036785
v 0.4819690896986614 -0.649860088583926 0.19091883092036785
v 0.5132756600073898 -0.6254282013174997 0.19091883092036785
v 0.5433457042935217 -0.5994896027330594 0.19091883092036785
v 0.5721067811865475 -0.5721067811865477 0.19091883092036785
v 0.5994896027330592 -0.5433457042935218 0.19091883092036785
v 0.6254282013174995 -0.51327566000739 0.19091883092036785
v 0.6498600885839259 -0.4819690896986617 0.19091883092036785
v 0.6727264059759319 -0.4495014136373434 0.19091883092036785
v 0.693972066532068 -0.4159508492988991 0.19091883092036785
v 0.7135458875951544 -0.38139822293150216 0.19091883092036785
v 0.7314007141157857 -0.34592677483852435 0.19091883092036785
v 0.7474935322529758 -0.3096219588453537 0.19091883092036785
v 0.7617855729982679 -0.2725712364336433 0.19091883092036785
v 0.7742424055736713 -0.23486386603894424 0.19091883092036785
v 0.7848340203784224 -0.19659068801931234 0.19091883092036785
v 0.7935349012847405 -0.15784390581293134 0.19091883092036785
v 0.8003240871084154 -0.11871686381195372 0.19091883092036785
v 0.8051852221061353 -0.07930382248768318 0.19091883092036785
v 0.8081065953779055 -0.03969973130884609 0.19091883092036785
v 0.8090811690796322 -1.98167732792754e-16 0.19091883092036785
v 0.7815654115187642 0.0 0.15870201811896778
v 0.7806239817520675 0.038349597077977166 0.15870201811896778
v 0.7778019604387445 0.0766068066175655 0.15870201811896778
v 0.773106146075319 0.11467946365004833 0.15870201811896778
v 0.7665478512898973 0.1524758478098635 0.15870201811896778
v 0.7581428755890564 0.1899049042969978 0.15870201811896778
v 0.7479114672954482 0.22687646323597552 0.15870201811896778
v 0.7358782747678179 0.2633014569029866 0.15870201811896778
v 0.7220722870209474 0.2990921342978346 0.15870201811896778
v 0.7065267638885808 0.3341622725437821 0.15870201811896778
v 0.6892791558975709 0.36842738460601343 0.15870201811896778
v 0.6703710140462803 0.40180492282830127 0.15870201811896778
v 0.6498478897045862 0.43421447779754113 0.15870201811896778
v 0.627759224876641 0.4655779720570703 0.15870201811896778
v 0.604158233090754 0.49581984820209996 0.15870201811896778
v 0.5791017712033402 0.5248672509041211 0.15870201811896778
v 0.5526502024257728 0.5526502024257728 0.15870201811896778
v 0.5248672509041211 0.57910177120334 0.15870201811896778
v 0.49581984820209996 0.604158233090754 0.15870201811896778
v 0.4655779720570704 0.6277592248766409 0.15870201811896778
v 0.4342144777975412 0.6498478897045862 0.15870201811896778
v 0.40180492282830127 0.6703710140462803 0.15870201811896778
v 0.3684273846060136 0.6892791558975709 0.15870201811896778
v 0.3341622725437822 0.7065267638885808 0.15870201811896778
v 0.2990921342978346 0.7220722870209474 0.15870201811896778
v 0.2633014569029866 0.7358782747678179 0.15870201811896778
v 0.22687646323597552 0.7479114672954482 0.15870201811896778
v 0.18990490429699788 0.7581428755890564 0.15870201811896778
v 0.15247584780986356 0.7665478512898973 0.15870201811896778
v 0.11467946365004833 0.773106146075319 0.15870201811896778
v 0.07660680661756562 0.7778019604387444 0.15870201811896778
v 0.03834959707797725 0.7806239817520675 0.15870201811896778
v 4.785707897703693e-17 0.7815654115187642 0.15870201811896778
v -0.03834959707797716 0.7806239817520675 0.15870201811896778
v -0.07660680661756553 0.7778019604387445 0.15870201811896778
v -0.11467946365004825 0.773106146075319 0.15870201811896778
v -0.15247584780986345 0.7665478512898973 0.15870201811896778
v -0.1899049042969978 0.7581428755890564 0.15870201811896778
v -0.22687646323597538 0.7479114672954483 0.15870201811896778
v -0.2633014569029865 0.7358782747678179 0.15870201811896778
v -0.29909213429783454 0.7220722870209474 0.15870201811896778
v -0.33416227254378195 0.7065267638885808 0.15870201811896778
v -0.3684273846060135 0.6892791558975709 0.15870201811896778
v -0.40180492282830127 0.6703710140462803 0.15870201811896778
v -0.43421447779754097 0.6498478897045862 0.15870201811896778
v -0.4655779720570703 0.627759224876641 0.15870201811896778
v -0.49581984820209984 0.6041582330907541 0.15870201811896778
v -0.5248672509041212 0.57910177120334 0.15870201811896778
v -0.5526502024257728 0.5526502024257728 0.15870201811896778
v -0.5791017712033399 0.5248672509041212 0.15870201811896778
v -0.604158233090754 0.49581984820209996 0.15870201811896778
v -0.6277592248766409 0.4655779720570704 0.15870201811896778
v -0.6498478897045862 0.43421447779754113 0.15870201811896778
v -0.6703710140462802 0.4018049228283014 0.15870201811896778
v -0.6892791558975709 0.36842738460601365 0.15870201811896778
v -0.7065267638885808 0.33416227254378206 0.15870201811896778
v -0.7220722870209474 0.29909213429783466 0.15870201811896778
v -0.7358782747678178 0.26330145690298684 0.15870201811896778
v -0.7479114672954482 0.22687646323597555 0.15870201811896778
v -0.7581428755890564 0.18990490429699794 0.15870201811896778
v -0.7665478512898973 0.15247584780986378 0.15870201811896778
v -0.773106146075319 0.11467946365004837 0.15870201811896778
v -0.7778019604387444 0.07660680661756566 0.15870201811896778
v -0.7806239817520675 0.038349597077977124 0.15870201811896778
v -0.7815654115187642 9.571415795407386e-17 0.15870201811896778
v -0.7806239817520675 -0.03834959707797694 0.15870201811896778
v -0.7778019604387445 -0.07660680661756548 0.15870201811896778
v -0.773106146075319 -0.1146794636500482 0.15870201811896778
v -0.7665478512898973 -0.1524758478098636 0.15870201811896778
v -0.7581428755890564 -0.18990490429699775 0.15870201811896778
v -0.7479114672954483 -0.22687646323597535 0.15870201811896778
v -0.7358782747678179 -0.2633014569029866 0.15870201811896778
v -0.7220722870209474 -0.2990921342978345 0.15870201811896778
v -0.7065267638885808 -0.3341622725437819 0.15870201811896778
v -0.6892791558975709 -0.36842738460601343 0.15870201811896778
v -0.6703710140462804 -0.40180492282830116 0.15870201811896778
v -0.6498478897045863 -0.43421447779754097 0.15870201811896778
v -0.627759224876641 -0.46557797205707024 0.15870201811896778
v -0.6041582330907541 -0.49581984820209973 0.15870201811896778
v -0.57910177120334 -0.5248672509041212 0.15870201811896778
v -0.5526502024257729 -0.5526502024257728 0.15870201811896778
v -0.5248672509041213 -0.5791017712033399 0.15870201811896778
v -0.4958198482021002 -0.6041582330907538 0.15870201811896778
v -0.46557797205707013 -0.6277592248766412 0.15870201811896778
v -0.43421447779754113 -0.6498478897045862 0.15870201811896778
v -0.4018049228283014 -0.6703710140462802 0.15870201811896778
v -0.36842738460601365 -0.6892791558975709 0.15870201811896778
v -0.3341622725437824 -0.7065267638885806 0.15870201811896778
v -0.299092134297835 -0.7220722870209472 0.15870201811896778
v -0.2633014569029865 -0.7358782747678179 0.15870201811896778
v -0.2268764632359756 -0.7479114672954482 0.15870201811896778
v -0.189904904296998 -0.7581428755890564 0.15870201811896778
v -0.15247584780986384 -0.7665478512898973 0.15870201811896778
v -0.11467946365004876 -0.773106146075319 0.15870201811896778
v -0.07660680661756537 -0.7778019604387445 0.15870201811896778
v -0.03834959707797717 -0.7806239817520675 0.15870201811896778
v -1.4357123693111077e-16 -0.7815654115187642 0.15870201811896778
v 0.03834959707797689 -0.7806239817520675 0.15870201811896778
v 0.0766068066175651 -0.7778019604387445 0.15870201811896778
v 0.11467946365004848 -0.773106146075319 0.15870201811896778
v 0.15247584780986356 -0.7665478512898973 0.15870201811896778
v 0.18990490429699772 -0.7581428755890564 0.15870201811896778
v 0.2268764632359753 -0.7479114672954483 0.15870201811896778
v 0.2633014569029863 -0.735878274767818 0.15870201811896778
v 0.29909213429783477 -0.7220722870209473 0.15870201811896778
v 0.33416227254378217 -0.7065267638885808 0.15870201811896778
v 0.36842738460601343 -0.6892791558975709 0.15870201811896778
v 0.40180492282830116 -0.6703710140462804 0.15870201811896778
v 0.43421447779754085 -0.6498478897045863 0.15870201811896778
v 0.46557797205706997 -0.6277592248766413 0.15870201811896778
v 0.4958198482021 -0.604158233090754 0.15870201811896778
v 0.5248672509041212 -0.57910177120334 0.15870201811896778
v 0.5526502024257727 -0.5526502024257729 0.15870201811896778
v 0.5791017712033398 -0.5248672509041213 0.15870201811896778
v 0.6041582330907538 -0.4958198482021003 0.15870201811896778
v 0.6277592248766412 -0.46557797205707024 0.15870201811896778
v 0.6498478897045862 -0.43421447779754113 0.15870201811896778
v 0.6703710140462802 -0.40180492282830144 0.15870201811896778
v 0.6892791558975708 -0.3684273846060137 0.15870201811896778
v 0.7065267638885806 -0.33416227254378245 0.15870201811896778
v 0.7220722870209472 -0.29909213429783504 0.15870201811896778
v 0.7358782747678179 -0.26330145690298656 0.15870201811896778
v 0.7479114672954482 -0.22687646323597566 0.15870201811896778
v 0.7581428755890564 -0.18990490429699802 0.15870201811896778
v 0.7665478512898973 -0.15247584780986387 0.15870201811896778
v 0.773106146075319 -0.11467946365004883 0.15870201811896778
v 0.7778019604387445 -0.07660680661756541 0.15870201811896778
v 0.7806239817520675 -0.03834959707797722 0.15870201811896778
v 0.7815654115187642 -1.9142831590814771e-16 0.15870201811896778
v 0.7594282384691406 0.0 0.12257743492967767
v 0.7585134738968758 0.037263377480248536 0.12257743492967767
v 0.7557713839280598 0.07443698422026078 0.12257743492967767
v 0.751208574497606 0.11143126574537661 0.12257743492967767
v 0.7448360378130875 0.1481570995910857 0.12257743492967767
v 0.7366691258735455 0.18452601000685057 0.12257743492967767
v 0.7267275134851794 0.22045038110193935 0.12257743492967767
v 0.7150351508630153 0.2558436679197807 0.12257743492967767
v 0.7016202059327397 0.29062060493234465 0.12257743492967767
v 0.6865149964717002 0.324697411452268 0.12257743492967767
v 0.6697559122525486 0.3579919934678685 0.12257743492967767
v 0.6513833273770911 0.3904241414148096 0.12257743492967767
v 0.6314415030115412 0.42191572340796646 0.12257743492967767
v 0.6099784807574931 0.4523908734679809 0.12257743492967767
v 0.5870459669154952 0.4817761742890503 0.12257743492967767
v 0.5626992079200441 0.5100008341076483 0.12257743492967767
v 0.5369968572460839 0.5369968572460838 0.12257743492967767
v 0.5100008341076483 0.562699207920044 0.12257743492967767
v 0.4817761742890503 0.5870459669154952 0.12257743492967767
v 0.452390873467981 0.609978480757493 0.12257743492967767
v 0.42191572340796657 0.6314415030115412 0.12257743492967767
v 0.3904241414148096 0.6513833273770911 0.12257743492967767
v 0.3579919934678686 0.6697559122525485 0.12257743492967767
v 0.32469741145226805 0.6865149964717002 0.12257743492967767
v 0.2906206049323447 0.7016202059327397 0.12257743492967767
v 0.2558436679197807 0.7150351508630153 0.12257743492967767
v 0.22045038110193935 0.7267275134851794 0.12257743492967767
v 0.18452601000685065 0.7366691258735455 0.12257743492967767
v 0.14815709959108575 0.7448360378130875 0.12257743492967767
v 0.11143126574537661 0.751208574497606 0.12257743492967767
v 0.0744369842202609 0.7557713839280596 0.12257743492967767
v 0.037263377480248626 0.7585134738968758 0.12257743492967767
v 4.65015680711673e-17 0.7594282384691406 0.12257743492967767
v -0.037263377480248536 0.7585134738968758 0.12257743492967767
v -0.07443698422026081 0.7557713839280598 0.12257743492967767
v -0.11143126574537653 0.751208574497606 0.12257743492967767
v -0.14815709959108564 0.7448360378130875 0.12257743492967767
v -0.18452601000685057 0.7366691258735455 0.12257743492967767
v -0.2204503811019392 0.7267275134851795 0.12257743492967767
v -0.25584366791978064 0.7150351508630153 0.12257743492967767
v -0.2906206049323446 0.7016202059327397 0.12257743492967767
v -0.3246974114522678 0.6865149964717003 0.12257743492967767
v -0.35799199346786853 0.6697559122525486 0.12257743492967767
v -0.3904241414148096 0.6513833273770911 0.12257743492967767
v -0.4219157234079663 0.6314415030115413 0.12257743492967767
v -0.4523908734679809 0.6099784807574931 0.12257743492967767
v -0.4817761742890502 0.5870459669154953 0.12257743492967767
v -0.5100008341076484 0.562699207920044 0.12257743492967767
v -0.5369968572460838 0.5369968572460839 0.12257743492967767
v -0.5626992079200438 0.5100008341076485 0.12257743492967767
v -0.5870459669154952 0.4817761742890503 0.12257743492967767
v -0.609978480757493 0.452390873467981 0.12257743492967767
v -0.6314415030115413 0.42191572340796646 0.12257743492967767
v -0.6513833273770911 0.39042414141480963 0.12257743492967767
v -0.6697559122525485 0.35799199346786864 0.12257743492967767
v -0.6865149964717002 0.32469741145226794 0.12257743492967767
v -0.7016202059327397 0.29062060493234476 0.12257743492967767
v -0.7150351508630152 0.2558436679197809 0.12257743492967767
v -0.7267275134851794 0.2204503811019394 0.12257743492967767
v -0.7366691258735455 0.18452601000685073 0.12257743492967767
v -0.7448360378130875 0.14815709959108594 0.12257743492967767
v -0.751208574497606 0.11143126574537665 0.12257743492967767
v -0.7557713839280596 0.07443698422026095 0.12257743492967767
v -0.7585134738968758 0.0372633774802485 0.12257743492967767
v -0.7594282384691406 9.30031361423346e-17 0.12257743492967767
v -0.7585134738968758 -0.03726337748024832 0.12257743492967767
v -0.7557713839280598 -0.07443698422026077 0.12257743492967767
v -0.751208574497606 -0.11143126574537648 0.12257743492967767
v -0.7448360378130875 -0.14815709959108578 0.12257743492967767
v -0.7366691258735455 -0.18452601000685054 0.12257743492967767
v -0.7267275134851795 -0.22045038110193918 0.12257743492967767
v -0.7150351508630153 -0.2558436679197807 0.12257743492967767
v -0.7016202059327398 -0.2906206049323446 0.12257743492967767
v -0.6865149964717003 -0.32469741145226777 0.12257743492967767
v -0.6697559122525486 -0.3579919934678685 0.12257743492967767
v -0.6513833273770913 -0.39042414141480947 0.12257743492967767
v -0.6314415030115414 -0.4219157234079663 0.12257743492967767
v -0.6099784807574931 -0.45239087346798085 0.12257743492967767
v -0.5870459669154953 -0.4817761742890501 0.12257743492967767
v -0.562699207920044 -0.5100008341076484 0.12257743492967767
v -0.536996857246084 -0.5369968572460838 0.12257743492967767
v -0.5100008341076485 -0.5626992079200438 0.12257743492967767
v -0.4817761742890505 -0.5870459669154949 0.12257743492967767
v -0.45239087346798074 -0.6099784807574931 0.12257743492967767
v -0.42191572340796646 -0.6314415030115412 0.12257743492967767
v -0.39042414141480963 -0.6513833273770911 0.12257743492967767
v -0.3579919934678687 -0.6697559122525485 0.12257743492967767
v -0.32469741145226827 -0.6865149964717 0.12257743492967767
v -0.2906206049323451 -0.7016202059327394 0.12257743492967767
v -0.25584366791978064 -0.7150351508630153 0.12257743492967767
v -0.22045038110193943 -0.7267275134851794 0.12257743492967767
v -0.18452601000685076 -0.7366691258735455 0.12257743492967767
v -0.148157099591086 -0.7448360378130874 0.12257743492967767
v -0.11143126574537704 -0.7512085744976059 0.12257743492967767
v -0.07443698422026065 -0.7557713839280598 0.12257743492967767
v -0.03726337748024855 -0.7585134738968758 0.12257743492967767
v -1.3950470421350187e-16 -0.7594282384691406 0.12257743492967767
v 0.03726337748024827 -0.7585134738968758 0.12257743492967767
v 0.07443698422026038 -0.7557713839280598 0.12257743492967767
v 0.11143126574537676 -0.7512085744976059 0.12257743492967767
v 0.14815709959108572 -0.7448360378130875 0.12257743492967767
v 0.18452601000685048 -0.7366691258735455 0.12257743492967767
v 0.22045038110193912 -0.7267275134851795 0.12257743492967767
v 0.25584366791978036 -0.7150351508630153 0.12257743492967767
v 0.2906206049323448 -0.7016202059327395 0.12257743492967767
v 0.324697411452268 -0.6865149964717002 0.12257743492967767
v 0.3579919934678684 -0.6697559122525486 0.12257743492967767
v 0.39042414141480947 -0.6513833273770913 0.12257743492967767
v 0.42191572340796624 -0.6314415030115414 0.12257743492967767
v 0.45239087346798057 -0.6099784807574933 0.12257743492967767
v 0.48177617428905034 -0.587045966915495 0.12257743492967767
v 0.5100008341076484 -0.562699207920044 0.12257743492967767
v 0.5369968572460837 -0.536996857246084 0.12257743492967767
v 0.5626992079200438 -0.5100008341076485 0.12257743492967767
v 0.5870459669154949 -0.4817761742890506 0.12257743492967767
v 0.6099784807574931 -0.45239087346798085 0.12257743492967767
v 0.6314415030115412 -0.42191572340796646 0.12257743492967767
v 0.6513833273770911 -0.39042414141480974 0.12257743492967767
v 0.6697559122525485 -0.35799199346786875 0.12257743492967767
v 0.6865149964717 -0.3246974114522683 0.12257743492967767
v 0.7016202059327394 -0.29062060493234515 0.12257743492967767
v 0.7150351508630153 -0.2558436679197807 0.12257743492967767
v 0.7267275134851794 -0.22045038110193949 0.12257743492967767
v 0.7366691258735455 -0.18452601000685082 0.12257743492967767
v 0.7448360378130874 -0.14815709959108603 0.12257743492967767
v 0.7512085744976059 -0.1114312657453771 0.12257743492967767
v 0.7557713839280598 -0.0744369842202607 0.12257743492967767
v 0.7585134738968758 -0.0372633774802486 0.12257743492967767
v 0.7594282384691406 -1.860062722846692e-16 0.12257743492967767
v 0.7432147406003085 0.0 0.08343458848123583
v 0.7423195058962939 0.03646781884711239 0.08343458848123583
v 0.7396359584830657 0.07284778352441841 0.08343458848123583
v 0.7351705632613932 0.10905225151050187 0.08343458848123583
v 0.7289340777594877 0.1449940030708474 0.08343458848123583
v 0.7209415262171751 0.18058645137782053 0.08343458848123583
v 0.7112121633911856 0.21574385110591948 0.08343458848123583
v 0.6997694281687588 0.2503815049997748 0.08343458848123583
v 0.6866408871013102 0.2844159679172559 0.08343458848123583
v 0.6718581679941962 0.31776524785612775 0.08343458848123583
v 0.6554568837125587 0.3503490034799657 0.08343458848123583
v 0.6374765463868154 0.382088737667472 0.08343458848123583
v 0.6179604722244751 0.41290798661891653 0.08343458848123583
v 0.5969556771576017 0.442732504064128 0.08343458848123583
v 0.5745127635773134 0.4714904401282615 0.08343458848123583
v 0.5506857984281927 0.499112514424441 0.08343458848123583
v 0.525532182956279 0.5255321829562789 0.08343458848123583
v 0.499112514424441 0.5506857984281925 0.08343458848123583
v 0.4714904401282615 0.5745127635773134 0.08343458848123583
v 0.4427325040641281 0.5969556771576016 0.08343458848123583
v 0.41290798661891664 0.6179604722244751 0.08343458848123583
v 0.382088737667472 0.6374765463868154 0.08343458848123583
v 0.35034900347996584 0.6554568837125587 0.08343458848123583
v 0.3177652478561278 0.6718581679941962 0.08343458848123583
v 0.28441596791725593 0.6866408871013102 0.08343458848123583
v 0.2503815049997748 0.6997694281687588 0.08343458848123583
v 0.21574385110591948 0.7112121633911856 0.08343458848123583
v 0.18058645137782062 0.7209415262171751 0.08343458848123583
v 0.14499400307084748 0.7289340777594877 0.08343458848123583
v 0.10905225151050187 0.7351705632613932 0.08343458848123583
v 0.07284778352441854 0.7396359584830656 0.08343458848123583
v 0.036467818847112476 0.7423195058962939 0.08343458848123583
v 4.5508777657764906e-17 0.7432147406003085 0.08343458848123583
v -0.036467818847112386 0.7423195058962939 0.08343458848123583
v -0.07284778352441845 0.7396359584830657 0.08343458848123583
v -0.10905225151050178 0.7351705632613932 0.08343458848123583
v -0.14499400307084737 0.7289340777594877 0.08343458848123583
v -0.18058645137782053 0.7209415262171751 0.08343458848123583
v -0.21574385110591937 0.7112121633911858 0.08343458848123583
v -0.2503815049997747 0.6997694281687588 0.08343458848123583
v -0.2844159679172558 0.6866408871013102 0.08343458848123583
v -0.3177652478561276 0.6718581679941962 0.08343458848123583
v -0.3503490034799657 0.6554568837125587 0.08343458848123583
v -0.382088737667472 0.6374765463868154 0.08343458848123583
v -0.41290798661891637 0.6179604722244753 0.08343458848123583
v -0.442732504064128 0.5969556771576017 0.08343458848123583
v -0.47149044012826147 0.5745127635773135 0.08343458848123583
v -0.49911251442444104 0.5506857984281925 0.08343458848123583
v -0.5255321829562789 0.525532182956279 0.08343458848123583
v -0.5506857984281924 0.49911251442444116 0.08343458848123583
v -0.5745127635773134 0.4714904401282615 0.08343458848123583
v -0.5969556771576016 0.4427325040641281 0.08343458848123583
v -0.6179604722244753 0.41290798661891653 0.08343458848123583
v -0.6374765463868153 0.38208873766747203 0.08343458848123583
v -0.6554568837125587 0.3503490034799659 0.08343458848123583
v -0.6718581679941962 0.3177652478561277 0.08343458848123583
v -0.6866408871013102 0.284415967917256 0.08343458848123583
v -0.6997694281687586 0.25038150499977496 0.08343458848123583
v -0.7112121633911856 0.2157438511059195 0.08343458848123583
v -0.7209415262171751 0.18058645137782067 0.08343458848123583
v -0.7289340777594877 0.14499400307084767 0.08343458848123583
v -0.7351705632613932 0.10905225151050191 0.08343458848123583
v -0.7396359584830656 0.07284778352441858 0.08343458848123583
v -0.7423195058962939 0.03646781884711236 0.08343458848123583
v -0.7432147406003085 9.101755531552981e-17 0.08343458848123583
v -0.7423195058962939 -0.03646781884711218 0.08343458848123583
v -0.7396359584830657 -0.07284778352441841 0.08343458848123583
v -0.7351705632613932 -0.10905225151050174 0.08343458848123583
v -0.7289340777594877 -0.14499400307084748 0.08343458848123583
v -0.7209415262171751 -0.1805864513778205 0.08343458848123583
v -0.7112121633911858 -0.21574385110591932 0.08343458848123583
v -0.6997694281687588 -0.2503815049997748 0.08343458848123583
v -0.6866408871013103 -0.2844159679172558 0.08343458848123583
v -0.6718581679941962 -0.31776524785612753 0.08343458848123583
v -0.6554568837125587 -0.3503490034799657 0.08343458848123583
v -0.6374765463868155 -0.38208873766747187 0.08343458848123583
v -0.6179604722244754 -0.41290798661891637 0.08343458848123583
v -0.5969556771576017 -0.44273250406412795 0.08343458848123583
v -0.5745127635773135 -0.4714904401282614 0.08343458848123583
v -0.5506857984281925 -0.49911251442444104 0.08343458848123583
v -0.5255321829562791 -0.5255321829562789 0.08343458848123583
v -0.4991125144244412 -0.5506857984281924 0.08343458848123583
v -0.4714904401282618 -0.5745127635773132 0.08343458848123583
v -0.44273250406412784 -0.5969556771576017 0.08343458848123583
v -0.41290798661891653 -0.6179604722244751 0.08343458848123583
v -0.38208873766747203 -0.6374765463868153 0.08343458848123583
v -0.3503490034799659 -0.6554568837125587 0.08343458848123583
v -0.31776524785612803 -0.671858167994196 0.08343458848123583
v -0.2844159679172563 -0.6866408871013101 0.08343458848123583
v -0.2503815049997747 -0.6997694281687588 0.08343458848123583
v -0.21574385110591957 -0.7112121633911856 0.08343458848123583
v -0.18058645137782073 -0.7209415262171751 0.08343458848123583
v -0.1449940030708477 -0.7289340777594876 0.08343458848123583
v -0.10905225151050228 -0.7351705632613931 0.08343458848123583
v -0.0728477835244183 -0.7396359584830657 0.08343458848123583
v -0.03646781884711241 -0.7423195058962939 0.08343458848123583
v -1.3652633297329472e-16 -0.7432147406003085 0.08343458848123583
v 0.03646781884711213 -0.7423195058962939 0.08343458848123583
v 0.07284778352441804 -0.7396359584830657 0.08343458848123583
v 0.10905225151050202 -0.7351705632613931 0.08343458848123583
v 0.14499400307084745 -0.7289340777594877 0.08343458848123583
v 0.18058645137782045 -0.7209415262171751 0.08343458848123583
v 0.2157438511059193 -0.7112121633911858 0.08343458848123583
v 0.25038150499977446 -0.6997694281687588 0.08343458848123583
v 0.28441596791725604 -0.6866408871013101 0.08343458848123583
v 0.3177652478561278 -0.6718581679941962 0.08343458848123583
v 0.35034900347996567 -0.6554568837125587 0.08343458848123583
v 0.38208873766747187 -0.6374765463868155 0.08343458848123583
v 0.4129079866189163 -0.6179604722244754 0.08343458848123583
v 0.4427325040641277 -0.5969556771576019 0.08343458848123583
v 0.47149044012826163 -0.5745127635773133 0.08343458848123583
v 0.49911251442444104 -0.5506857984281925 0.08343458848123583
v 0.5255321829562789 -0.5255321829562791 0.08343458848123583
v 0.5506857984281923 -0.4991125144244412 0.08343458848123583
v 0.5745127635773132 -0.47149044012826186 0.08343458848123583
v 0.5969556771576017 -0.44273250406412795 0.08343458848123583
v 0.6179604722244751 -0.41290798661891653 0.08343458848123583
v 0.6374765463868153 -0.38208873766747214 0.08343458848123583
v 0.6554568837125586 -0.35034900347996595 0.08343458848123583
v 0.671858167994196 -0.3177652478561281 0.08343458848123583
v 0.6866408871013101 -0.2844159679172563 0.08343458848123583
v 0.6997694281687588 -0.25038150499977474 0.08343458848123583
v 0.7112121633911856 -0.2157438511059196 0.08343458848123583
v 0.7209415262171751 -0.18058645137782076 0.08343458848123583
v 0.7289340777594876 -0.14499400307084775 0.08343458848123583
v 0.7351705632613931 -0.10905225151050234 0.08343458848123583
v 0.7396359584830657 -0.07284778352441834 0.08343458848123583
v 0.7423195058962939 -0.03646781884711245 0.08343458848123583
v 0.7432147406003085 -1.8203511063105962e-16 0.08343458848123583
v 0.7333241480393129 0.0 0.042237305560862366
v 0.7324408269871949 0.03598251047242428 0.042237305560862366
v 0.7297929918286252 0.07187833592542481 0.042237305560862366
v 0.725387021430424 0.10760100017138231 0.042237305560862366
v 0.7192335301611975 0.14306444418319245 0.042237305560862366
v 0.711347342320396 0.17818323341799996 0.042237305560862366
v 0.7017474564252761 0.2128727636364955 0.042237305560862366
v 0.69045699944181 0.24704946472193878 0.042237305560862366
v 0.6775031710697981 0.2806310020078895 0.042237305560862366
v 0.6629171782164098 0.3135364746296304 0.042237305560862366
v 0.6467341598160111 0.3456866104214369 0.042237305560862366
v 0.6289931021773936 0.3770039568901671 0.042237305560862366
v 0.6097367450623418 0.40741306780510234 0.042237305560862366
v 0.5890114787218036 0.43684068495452494 0.042237305560862366
v 0.5668672321377122 0.46521591463116707 0.042237305560862366
v 0.5433573527396957 0.4924703984213611 0.042237305560862366
v 0.5185384778864458 0.5185384778864458 0.042237305560862366
v 0.4924703984213611 0.5433573527396955 0.042237305560862366
v 0.46521591463116707 0.5668672321377122 0.042237305560862366
v 0.436840684954525 0.5890114787218035 0.042237305560862366
v 0.4074130678051024 0.6097367450623418 0.042237305560862366
v 0.3770039568901671 0.6289931021773936 0.042237305560862366
v 0.34568661042143706 0.646734159816011 0.042237305560862366
v 0.3135364746296305 0.6629171782164098 0.042237305560862366
v 0.28063100200788954 0.6775031710697981 0.042237305560862366
v 0.24704946472193878 0.69045699944181 0.042237305560862366
v 0.2128727636364955 0.7017474564252761 0.042237305560862366
v 0.17818323341800005 0.711347342320396 0.042237305560862366
v 0.14306444418319253 0.7192335301611975 0.042237305560862366
v 0.10760100017138231 0.725387021430424 0.042237305560862366
v 0.07187833592542493 0.7297929918286252 0.042237305560862366
v 0.035982510472424366 0.7324408269871949 0.042237305560862366
v 4.490315353169022e-17 0.7333241480393129 0.042237305560862366
v -0.035982510472424276 0.7324408269871949 0.042237305560862366
v -0.07187833592542484 0.7297929918286252 0.042237305560862366
v -0.10760100017138223 0.725387021430424 0.042237305560862366
v -0.14306444418319242 0.7192335301611975 0.042237305560862366
v -0.17818323341799996 0.711347342320396 0.042237305560862366
v -0.21287276363649538 0.7017474564252761 0.042237305560862366
v -0.2470494647219387 0.69045699944181 0.042237305560862366
v -0.28063100200788943 0.6775031710697981 0.042237305560862366
v -0.31353647462963025 0.6629171782164098 0.042237305560862366
v -0.34568661042143695 0.6467341598160111 0.042237305560862366
v -0.3770039568901671 0.6289931021773936 0.042237305560862366
v -0.40741306780510217 0.6097367450623419 0.042237305560862366
v -0.43684068495452494 0.5890114787218036 0.042237305560862366
v -0.46521591463116696 0.5668672321377122 0.042237305560862366
v -0.4924703984213612 0.5433573527396955 0.042237305560862366
v -0.5185384778864458 0.5185384778864458 0.042237305560862366
v -0.5433573527396953 0.49247039842136126 0.042237305560862366
v -0.5668672321377122 0.46521591463116707 0.042237305560862366
v -0.5890114787218035 0.436840684954525 0.042237305560862366
v -0.6097367450623419 0.40741306780510234 0.042237305560862366
v -0.6289931021773936 0.3770039568901672 0.042237305560862366
v -0.646734159816011 0.34568661042143706 0.042237305560862366
v -0.6629171782164098 0.3135364746296304 0.042237305560862366
v -0.6775031710697981 0.28063100200788954 0.042237305560862366
v -0.6904569994418099 0.247049464721939 0.042237305560862366
v -0.7017474564252761 0.21287276363649554 0.042237305560862366
v -0.711347342320396 0.1781832334180001 0.042237305560862366
v -0.7192335301611975 0.14306444418319272 0.042237305560862366
v -0.725387021430424 0.10760100017138235 0.042237305560862366
v -0.7297929918286252 0.07187833592542497 0.042237305560862366
v -0.7324408269871949 0.03598251047242425 0.042237305560862366
v -0.7333241480393129 8.980630706338044e-17 0.042237305560862366
v -0.7324408269871949 -0.03598251047242407 0.042237305560862366
v -0.7297929918286252 -0.0718783359254248 0.042237305560862366
v -0.725387021430424 -0.1076010001713822 0.042237305560862366
v -0.7192335301611975 -0.14306444418319253 0.042237305560862366
v -0.711347342320396 -0.1781832334179999 0.042237305560862366
v -0.7017474564252761 -0.21287276363649535 0.042237305560862366
v -0.69045699944181 -0.24704946472193878 0.042237305560862366
v -0.6775031710697981 -0.2806310020078894 0.042237305560862366
v -0.6629171782164098 -0.31353647462963025 0.042237305560862366
v -0.6467341598160111 -0.3456866104214369 0.042237305560862366
v -0.6289931021773937 -0.377003956890167 0.042237305560862366
v -0.609736745062342 -0.40741306780510217 0.042237305560862366
v -0.5890114787218036 -0.4368406849545248 0.042237305560862366
v -0.5668672321377122 -0.4652159146311669 0.042237305560862366
v -0.5433573527396955 -0.4924703984213612 0.042237305560862366
v -0.5185384778864459 -0.5185384778864458 0.042237305560862366
v -0.49247039842136137 -0.5433573527396953 0.042237305560862366
v -0.4652159146311673 -0.5668672321377118 0.042237305560862366
v -0.43684068495452477 -0.5890114787218036 0.042237305560862366
v -0.40741306780510234 -0.6097367450623418 0.042237305560862366
v -0.3770039568901672 -0.6289931021773936 0.042237305560862366
v -0.3456866104214371 -0.646734159816011 0.042237305560862366
v -0.31353647462963075 -0.6629171782164096 0.042237305560862366
v -0.2806310020078899 -0.6775031710697978 0.042237305560862366
v -0.2470494647219387 -0.69045699944181 0.042237305560862366
v -0.21287276363649557 -0.7017474564252761 0.042237305560862366
v -0.17818323341800013 -0.711347342320396 0.042237305560862366
v -0.14306444418319275 -0.7192335301611975 0.042237305560862366
v -0.10760100017138273 -0.7253870214304239 0.042237305560862366
v -0.0718783359254247 -0.7297929918286252 0.042237305560862366
v -0.03598251047242429 -0.7324408269871949 0.042237305560862366
v -1.3470946059507064e-16 -0.7333241480393129 0.042237305560862366
v 0.03598251047242402 -0.7324408269871949 0.042237305560862366
v 0.07187833592542443 -0.7297929918286252 0.042237305560862366
v 0.10760100017138247 -0.7253870214304239 0.042237305560862366
v 0.1430644441831925 -0.7192335301611975 0.042237305560862366
v 0.17818323341799988 -0.711347342320396 0.042237305560862366
v 0.2128727636364953 -0.7017474564252761 0.042237305560862366
v 0.24704946472193848 -0.69045699944181 0.042237305560862366
v 0.28063100200788965 -0.677503171069798 0.042237305560862366
v 0.31353647462963047 -0.6629171782164098 0.042237305560862366
v 0.3456866104214369 -0.6467341598160111 0.042237305560862366
v 0.377003956890167 -0.6289931021773937 0.042237305560862366
v 0.40741306780510206 -0.609736745062342 0.042237305560862366
v 0.4368406849545246 -0.5890114787218038 0.042237305560862366
v 0.4652159146311671 -0.5668672321377121 0.042237305560862366
v 0.4924703984213612 -0.5433573527396955 0.042237305560862366
v 0.5185384778864457 -0.5185384778864459 0.042237305560862366
v 0.5433573527396953 -0.49247039842136137 0.042237305560862366
v 0.5668672321377118 -0.4652159146311674 0.042237305560862366
v 0.5890114787218036 -0.4368406849545248 0.042237305560862366
v 0.6097367450623418 -0.40741306780510234 0.042237305560862366
v 0.6289931021773936 -0.37700395689016725 0.042237305560862366
v 0.646734159816011 -0.34568661042143717 0.042237305560862366
v 0.6629171782164096 -0.31353647462963075 0.042237305560862366
v 0.6775031710697978 -0.28063100200788993 0.042237305560862366
v 0.69045699944181 -0.24704946472193876 0.042237305560862366
v 0.7017474564252761 -0.21287276363649563 0.042237305560862366
v 0.711347342320396 -0.1781832334180002 0.042237305560862366
v 0.7192335301611975 -0.1430644441831928 0.042237305560862366
v 0.7253870214304239 -0.10760100017138279 0.042237305560862366
v 0.7297929918286252 -0.07187833592542474 0.042237305560862366
v 0.7324408269871949 -0.03598251047242434 0.042237305560862366
v 0.7333241480393129 -1.7961261412676088e-16 0.042237305560862366
v 0.73 0.0 3.306546357697854e-17
v 0.7291206830297758 0.03581940225901515 3.306546357697854e-17
v 0.7264848504707038 0.07155251244057924 3.306546357697854e-17
v 0.7220988522742902 0.10711324635241408 3.306546357697854e-17
v 0.7159732546943582 0.1424159350717736 3.306546357697854e-17
v 0.7081228148320171 0.17737553132938264 3.306546357697854e-17
v 0.6985664450845124 0.2119078143957575 3.306546357697854e-17
v 0.6873271675836051 0.24592959297632064 3.306546357697854e-17
v 0.6744320587332393 0.27935890562651555 3.306546357697854e-17
v 0.6599121839801136 0.3121152182041059 3.306546357697854e-17
v 0.6438025229742992 0.3441196178829783 3.306546357697854e-17
v 0.6261418853001987 0.3752950032610518 3.306546357697854e-17
v 0.606972816980858 0.40556627010430957 3.306546357697854e-17
v 0.5863414979808708 0.4348604922794763 3.306546357697854e-17
v 0.564297630954798 0.4631070974394612 3.306546357697854e-17
v 0.5408943215091202 0.49023803703832336 3.306546357697854e-17
v 0.5161879502661797 0.5161879502661796 3.306546357697854e-17
v 0.49023803703832336 0.5408943215091201 3.306546357697854e-17
v 0.4631070974394612 0.564297630954798 3.306546357697854e-17
v 0.43486049227947643 0.5863414979808708 3.306546357697854e-17
v 0.4055662701043097 0.606972816980858 3.306546357697854e-17
v 0.3752950032610518 0.6261418853001987 3.306546357697854e-17
v 0.3441196178829784 0.6438025229742991 3.306546357697854e-17
v 0.312115218204106 0.6599121839801136 3.306546357697854e-17
v 0.27935890562651555 0.6744320587332393 3.306546357697854e-17
v 0.24592959297632064 0.6873271675836051 3.306546357697854e-17
v 0.2119078143957575 0.6985664450845124 3.306546357697854e-17
v 0.1773755313293827 0.7081228148320171 3.306546357697854e-17
v 0.1424159350717737 0.7159732546943582 3.306546357697854e-17
v 0.10711324635241408 0.7220988522742902 3.306546357697854e-17
v 0.07155251244057936 0.7264848504707037 3.306546357697854e-17
v 0.03581940225901523 0.7291206830297758 3.306546357697854e-17
v 4.469960816887839e-17 0.73 3.306546357697854e-17
v -0.03581940225901514 0.7291206830297758 3.306546357697854e-17
v -0.07155251244057927 0.7264848504707038 3.306546357697854e-17
v -0.107113246352414 0.7220988522742902 3.306546357697854e-17
v -0.14241593507177358 0.7159732546943582 3.306546357697854e-17
v -0.17737553132938264 0.7081228148320171 3.306546357697854e-17
v -0.21190781439575737 0.6985664450845125 3.306546357697854e-17
v -0.24592959297632055 0.6873271675836051 3.306546357697854e-17
v -0.2793589056265155 0.6744320587332393 3.306546357697854e-17
v -0.31211521820410576 0.6599121839801138 3.306546357697854e-17
v -0.3441196178829783 0.6438025229742992 3.306546357697854e-17
v -0.3752950032610518 0.6261418853001987 3.306546357697854e-17
v -0.4055662701043094 0.6069728169808581 3.306546357697854e-17
v -0.4348604922794763 0.5863414979808708 3.306546357697854e-17
v -0.4631070974394611 0.5642976309547981 3.306546357697854e-17
v -0.49023803703832347 0.5408943215091201 3.306546357697854e-17
v -0.5161879502661796 0.5161879502661797 3.306546357697854e-17
v -0.54089432150912 0.4902380370383235 3.306546357697854e-17
v -0.564297630954798 0.4631070974394612 3.306546357697854e-17
v -0.5863414979808708 0.43486049227947643 3.306546357697854e-17
v -0.6069728169808581 0.40556627010430957 3.306546357697854e-17
v -0.6261418853001985 0.37529500326105186 3.306546357697854e-17
v -0.6438025229742991 0.34411961788297846 3.306546357697854e-17
v -0.6599121839801136 0.31211521820410587 3.306546357697854e-17
v -0.6744320587332393 0.2793589056265156 3.306546357697854e-17
v -0.6873271675836051 0.24592959297632083 3.306546357697854e-17
v -0.6985664450845124 0.21190781439575754 3.306546357697854e-17
v -0.7081228148320171 0.17737553132938277 3.306546357697854e-17
v -0.7159732546943582 0.14241593507177389 3.306546357697854e-17
v -0.7220988522742902 0.10711324635241411 3.306546357697854e-17
v -0.7264848504707037 0.0715525124405794 3.306546357697854e-17
v -0.7291206830297758 0.035819402259015115 3.306546357697854e-17
v -0.73 8.939921633775678e-17 3.306546357697854e-17
v -0.7291206830297758 -0.035819402259014935 3.306546357697854e-17
v -0.7264848504707038 -0.07155251244057922 3.306546357697854e-17
v -0.7220988522742902 -0.10711324635241395 3.306546357697854e-17
v -0.7159732546943582 -0.1424159350717737 3.306546357697854e-17
v -0.7081228148320171 -0.17737553132938258 3.306546357697854e-17
v -0.6985664450845125 -0.21190781439575734 3.306546357697854e-17
v -0.6873271675836051 -0.24592959297632064 3.306546357697854e-17
v -0.6744320587332394 -0.27935890562651544 3.306546357697854e-17
v -0.6599121839801138 -0.3121152182041057 3.306546357697854e-17
v -0.6438025229742992 -0.3441196178829783 3.306546357697854e-17
v -0.6261418853001988 -0.3752950032610517 3.306546357697854e-17
v -0.6069728169808581 -0.4055662701043094 3.306546357697854e-17
v -0.5863414979808708 -0.43486049227947626 3.306546357697854e-17
v -0.5642976309547981 -0.46310709743946105 3.306546357697854e-17
v -0.5408943215091201 -0.49023803703832347 3.306546357697854e-17
v -0.5161879502661798 -0.5161879502661796 3.306546357697854e-17
v -0.49023803703832364 -0.54089432150912 3.306546357697854e-17
v -0.46310709743946143 -0.5642976309547978 3.306546357697854e-17
v -0.43486049227947615 -0.5863414979808709 3.306546357697854e-17
v -0.40556627010430957 -0.606972816980858 3.306546357697854e-17
v -0.37529500326105186 -0.6261418853001985 3.306546357697854e-17
v -0.34411961788297846 -0.6438025229742991 3.306546357697854e-17
v -0.3121152182041062 -0.6599121839801134 3.306546357697854e-17
v -0.27935890562651594 -0.6744320587332392 3.306546357697854e-17
v -0.24592959297632055 -0.6873271675836051 3.306546357697854e-17
v -0.21190781439575757 -0.6985664450845124 3.306546357697854e-17
v -0.1773755313293828 -0.7081228148320171 3.306546357697854e-17
v -0.1424159350717739 -0.7159732546943581 3.306546357697854e-17
v -0.10711324635241448 -0.72209885227429 3.306546357697854e-17
v -0.07155251244057913 -0.7264848504707038 3.306546357697854e-17
v -0.03581940225901516 -0.7291206830297758 3.306546357697854e-17
v -1.3409882450663516e-16 -0.73 3.306546357697854e-17
v 0.03581940225901489 -0.7291206830297758 3.306546357697854e-17
v 0.07155251244057886 -0.7264848504707038 3.306546357697854e-17
v 0.10711324635241422 -0.72209885227429 3.306546357697854e-17
v 0.14241593507177366 -0.7159732546943582 3.306546357697854e-17
v 0.17737553132938255 -0.7081228148320171 3.306546357697854e-17
v 0.2119078143957573 -0.6985664450845125 3.306546357697854e-17
v 0.2459295929763203 -0.6873271675836052 3.306546357697854e-17
v 0.2793589056265157 -0.6744320587332392 3.306546357697854e-17
v 0.312115218204106 -0.6599121839801136 3.306546357697854e-17
v 0.34411961788297823 -0.6438025229742992 3.306546357697854e-17
v 0.3752950032610517 -0.6261418853001988 3.306546357697854e-17
v 0.40556627010430935 -0.6069728169808581 3.306546357697854e-17
v 0.43486049227947604 -0.586341497980871 3.306546357697854e-17
v 0.46310709743946127 -0.5642976309547979 3.306546357697854e-17
v 0.49023803703832347 -0.5408943215091201 3.306546357697854e-17
v 0.5161879502661796 -0.5161879502661798 3.306546357697854e-17
v 0.5408943215091199 -0.49023803703832364 3.306546357697854e-17
v 0.5642976309547978 -0.46310709743946155 3.306546357697854e-17
v 0.5863414979808709 -0.43486049227947626 3.306546357697854e-17
v 0.606972816980858 -0.40556627010430957 3.306546357697854e-17
v 0.6261418853001985 -0.375295003261052 3.306546357697854e-17
v 0.643802522974299 -0.3441196178829785 3.306546357697854e-17
v 0.6599121839801134 -0.31211521820410626 3.306546357697854e-17
v 0.6744320587332392 -0.279358905626516 3.306546357697854e-17
v 0.6873271675836051 -0.24592959297632058 3.306546357697854e-17
v 0.6985664450845124 -0.21190781439575762 3.306546357697854e-17
v 0.7081228148320171 -0.17737553132938286 3.306546357697854e-17
v 0.7159732546943581 -0.14241593507177397 3.306546357697854e-17
v 0.72209885227429 -0.10711324635241454 3.306546357697854e-17
v 0.7264848504707038 -0.07155251244057917 3.306546357697854e-17
v 0.7291206830297758 -0.035819402259015205 3.306546357697854e-17
v 0.73 -1.7879843267551357e-16 3.306546357697854e-17
v 0.7333241480393128 0.0 -0.0422373055608623
v 0.7324408269871948 0.035982510472424276 -0.0422373055608623
v 0.7297929918286252 0.0718783359254248 -0.0422373055608623
v 0.7253870214304239 0.1076010001713823 -0.0422373055608623
v 0.7192335301611974 0.14306444418319245 -0.0422373055608623
v 0.7113473423203959 0.17818323341799994 -0.0422373055608623
v 0.701747456425276 0.21287276363649546 -0.0422373055608623
v 0.6904569994418099 0.24704946472193876 -0.0422373055608623
v 0.677503171069798 0.28063100200788943 -0.0422373055608623
v 0.6629171782164097 0.3135364746296304 -0.0422373055608623
v 0.646734159816011 0.3456866104214369 -0.0422373055608623
v 0.6289931021773936 0.377003956890167 -0.0422373055608623
v 0.6097367450623417 0.4074130678051022 -0.0422373055608623
v 0.5890114787218035 0.4368406849545249 -0.0422373055608623
v 0.5668672321377121 0.46521591463116696 -0.0422373055608623
v 0.5433573527396955 0.49247039842136103 -0.0422373055608623
v 0.5185384778864458 0.5185384778864457 -0.0422373055608623
v 0.49247039842136103 0.5433573527396954 -0.0422373055608623
v 0.46521591463116696 0.5668672321377121 -0.0422373055608623
v 0.43684068495452494 0.5890114787218034 -0.0422373055608623
v 0.40741306780510234 0.6097367450623417 -0.0422373055608623
v 0.377003956890167 0.6289931021773936 -0.0422373055608623
v 0.345686610421437 0.6467341598160109 -0.0422373055608623
v 0.31353647462963047 0.6629171782164097 -0.0422373055608623
v 0.2806310020078895 0.677503171069798 -0.0422373055608623
v 0.24704946472193876 0.6904569994418099 -0.0422373055608623
v 0.21287276363649546 0.701747456425276 -0.0422373055608623
v 0.17818323341800002 0.7113473423203959 -0.0422373055608623
v 0.1430644441831925 0.7192335301611974 -0.0422373055608623
v 0.1076010001713823 0.7253870214304239 -0.0422373055608623
v 0.07187833592542492 0.7297929918286251 -0.0422373055608623
v 0.03598251047242436 0.7324408269871948 -0.0422373055608623
v 4.490315353169021e-17 0.7333241480393128 -0.0422373055608623
v -0.03598251047242427 0.7324408269871948 -0.0422373055608623
v -0.07187833592542482 0.7297929918286252 -0.0422373055608623
v -0.10760100017138222 0.7253870214304239 -0.0422373055608623
v -0.1430644441831924 0.7192335301611974 -0.0422373055608623
v -0.17818323341799994 0.7113473423203959 -0.0422373055608623
v -0.21287276363649535 0.701747456425276 -0.0422373055608623
v -0.24704946472193867 0.6904569994418099 -0.0422373055608623
v -0.2806310020078894 0.677503171069798 -0.0422373055608623
v -0.31353647462963025 0.6629171782164097 -0.0422373055608623
v -0.3456866104214369 0.646734159816011 -0.0422373055608623
v -0.377003956890167 0.6289931021773936 -0.0422373055608623
v -0.40741306780510206 0.6097367450623418 -0.0422373055608623
v -0.4368406849545249 0.5890114787218035 -0.0422373055608623
v -0.4652159146311669 0.5668672321377121 -0.0422373055608623
v -0.49247039842136114 0.5433573527396954 -0.0422373055608623
v -0.5185384778864457 0.5185384778864458 -0.0422373055608623
v -0.5433573527396953 0.4924703984213612 -0.0422373055608623
v -0.5668672321377121 0.46521591463116696 -0.0422373055608623
v -0.5890114787218034 0.43684068495452494 -0.0422373055608623
v -0.6097367450623418 0.4074130678051022 -0.0422373055608623
v -0.6289931021773935 0.37700395689016714 -0.0422373055608623
v -0.6467341598160109 0.345686610421437 -0.0422373055608623
v -0.6629171782164097 0.31353647462963036 -0.0422373055608623
v -0.677503171069798 0.28063100200788954 -0.0422373055608623
v -0.6904569994418098 0.24704946472193895 -0.0422373055608623
v -0.701747456425276 0.21287276363649552 -0.0422373055608623
v -0.7113473423203959 0.17818323341800008 -0.0422373055608623
v -0.7192335301611974 0.1430644441831927 -0.0422373055608623
v -0.7253870214304239 0.10760100017138234 -0.0422373055608623
v -0.7297929918286251 0.07187833592542496 -0.0422373055608623
v -0.7324408269871948 0.03598251047242424 -0.0422373055608623
v -0.7333241480393128 8.980630706338041e-17 -0.0422373055608623
v -0.7324408269871948 -0.03598251047242406 -0.0422373055608623
v -0.7297929918286252 -0.07187833592542478 -0.0422373055608623
v -0.7253870214304239 -0.10760100017138217 -0.0422373055608623
v -0.7192335301611974 -0.1430644441831925 -0.0422373055608623
v -0.7113473423203959 -0.17818323341799988 -0.0422373055608623
v -0.701747456425276 -0.2128727636364953 -0.0422373055608623
v -0.6904569994418099 -0.24704946472193876 -0.0422373055608623
v -0.677503171069798 -0.2806310020078894 -0.0422373055608623
v -0.6629171782164097 -0.3135364746296302 -0.0422373055608623
v -0.646734159816011 -0.3456866104214369 -0.0422373055608623
v -0.6289931021773936 -0.37700395689016697 -0.0422373055608623
v -0.6097367450623419 -0.40741306780510206 -0.0422373055608623
v -0.5890114787218035 -0.43684068495452477 -0.0422373055608623
v -0.5668672321377121 -0.46521591463116685 -0.0422373055608623
v -0.5433573527396954 -0.49247039842136114 -0.0422373055608623
v -0.5185384778864458 -0.5185384778864457 -0.0422373055608623
v -0.4924703984213613 -0.5433573527396953 -0.0422373055608623
v -0.46521591463116724 -0.5668672321377118 -0.0422373055608623
v -0.4368406849545247 -0.5890114787218035 -0.0422373055608623
v -0.4074130678051022 -0.6097367450623417 -0.0422373055608623
v -0.37700395689016714 -0.6289931021773935 -0.0422373055608623
v -0.34568661042143706 -0.6467341598160109 -0.0422373055608623
v -0.3135364746296307 -0.6629171782164095 -0.0422373055608623
v -0.2806310020078899 -0.6775031710697977 -0.0422373055608623
v -0.24704946472193867 -0.6904569994418099 -0.0422373055608623
v -0.21287276363649554 -0.701747456425276 -0.0422373055608623
v -0.1781832334180001 -0.7113473423203959 -0.0422373055608623
v -0.14306444418319275 -0.7192335301611974 -0.0422373055608623
v -0.1076010001713827 -0.7253870214304238 -0.0422373055608623
v -0.07187833592542468 -0.7297929918286252 -0.0422373055608623
v -0.03598251047242428 -0.7324408269871948 -0.0422373055608623
v -1.3470946059507061e-16 -0.7333241480393128 -0.0422373055608623
v 0.03598251047242402 -0.7324408269871948 -0.0422373055608623
v 0.07187833592542442 -0.7297929918286252 -0.0422373055608623
v 0.10760100017138244 -0.7253870214304238 -0.0422373055608623
v 0.14306444418319247 -0.7192335301611974 -0.0422373055608623
v 0.17818323341799985 -0.7113473423203959 -0.0422373055608623
v 0.21287276363649527 -0.701747456425276 -0.0422373055608623
v 0.24704946472193842 -0.69045699944181 -0.0422373055608623
v 0.2806310020078896 -0.6775031710697978 -0.0422373055608623
v 0.3135364746296304 -0.6629171782164097 -0.0422373055608623
v 0.34568661042143684 -0.646734159816011 -0.0422373055608623
v 0.37700395689016697 -0.6289931021773936 -0.0422373055608623
v 0.407413067805102 -0.6097367450623419 -0.0422373055608623
v 0.43684068495452455 -0.5890114787218037 -0.0422373055608623
v 0.46521591463116707 -0.566867232137712 -0.0422373055608623
v 0.49247039842136114 -0.5433573527396954 -0.0422373055608623
v 0.5185384778864456 -0.5185384778864458 -0.0422373055608623
v 0.5433573527396952 -0.4924703984213613 -0.0422373055608623
v 0.5668672321377118 -0.4652159146311673 -0.0422373055608623
v 0.5890114787218035 -0.43684068495452477 -0.0422373055608623
v 0.6097367450623417 -0.4074130678051022 -0.0422373055608623
v 0.6289931021773935 -0.3770039568901672 -0.0422373055608623
v 0.6467341598160109 -0.3456866104214371 -0.0422373055608623
v 0.6629171782164095 -0.3135364746296307 -0.0422373055608623
v 0.6775031710697977 -0.2806310020078899 -0.0422373055608623
v 0.6904569994418099 -0.24704946472193873 -0.0422373055608623
v 0.701747456425276 -0.2128727636364956 -0.0422373055608623
v 0.7113473423203959 -0.17818323341800016 -0.0422373055608623
v 0.7192335301611974 -0.14306444418319278 -0.0422373055608623
v 0.7253870214304238 -0.10760100017138277 -0.0422373055608623
v 0.7297929918286252 -0.07187833592542472 -0.0422373055608623
v 0.7324408269871948 -0.03598251047242433 -0.0422373055608623
v 0.7333241480393128 -1.7961261412676083e-16 -0.0422373055608623
v 0.7432147406003085 0.0 -0.08343458848123589
v 0.7423195058962939 0.03646781884711239 -0.08343458848123589
v 0.7396359584830657 0.07284778352441841 -0.08343458848123589
v 0.7351705632613932 0.10905225151050187 -0.08343458848123589
v 0.7289340777594877 0.1449940030708474 -0.08343458848123589
v 0.7209415262171751 0.18058645137782053 -0.08343458848123589
v 0.7112121633911856 0.21574385110591948 -0.08343458848123589
v 0.6997694281687588 0.2503815049997748 -0.08343458848123589
v 0.6866408871013102 0.2844159679172559 -0.08343458848123589
v 0.6718581679941962 0.31776524785612775 -0.08343458848123589
v 0.6554568837125587 0.3503490034799657 -0.08343458848123589
v 0.6374765463868154 0.382088737667472 -0.08343458848123589
v 0.6179604722244751 0.41290798661891653 -0.08343458848123589
v 0.5969556771576017 0.442732504064128 -0.08343458848123589
v 0.5745127635773134 0.4714904401282615 -0.08343458848123589
v 0.5506857984281927 0.499112514424441 -0.08343458848123589
v 0.525532182956279 0.5255321829562789 -0.08343458848123589
v 0.499112514424441 0.5506857984281925 -0.08343458848123589
v 0.4714904401282615 0.5745127635773134 -0.08343458848123589
v 0.4427325040641281 0.5969556771576016 -0.08343458848123589
v 0.41290798661891664 0.6179604722244751 -0.08343458848123589
v 0.382088737667472 0.6374765463868154 -0.08343458848123589
v 0.35034900347996584 0.6554568837125587 -0.08343458848123589
v 0.3177652478561278 0.6718581679941962 -0.08343458848123589
v 0.28441596791725593 0.6866408871013102 -0.08343458848123589
v 0.2503815049997748 0.6997694281687588 -0.08343458848123589
v 0.21574385110591948 0.7112121633911856 -0.08343458848123589
v 0.18058645137782062 0.7209415262171751 -0.08343458848123589
v 0.14499400307084748 0.7289340777594877 -0.08343458848123589
v 0.10905225151050187 0.7351705632613932 -0.08343458848123589
v 0.07284778352441854 0.7396359584830656 -0.08343458848123589
v 0.036467818847112476 0.7423195058962939 -0.08343458848123589
v 4.5508777657764906e-17 0.7432147406003085 -0.08343458848123589
v -0.036467818847112386 0.7423195058962939 -0.08343458848123589
v -0.07284778352441845 0.7396359584830657 -0.08343458848123589
v -0.10905225151050178 0.7351705632613932 -0.08343458848123589
v -0.14499400307084737 0.7289340777594877 -0.08343458848123589
v -0.18058645137782053 0.7209415262171751 -0.08343458848123589
v -0.21574385110591937 0.7112121633911858 -0.08343458848123589
v -0.2503815049997747 0.6997694281687588 -0.08343458848123589
v -0.2844159679172558 0.6866408871013102 -0.08343458848123589
v -0.3177652478561276 0.6718581679941962 -0.08343458848123589
v -0.3503490034799657 0.6554568837125587 -0.08343458848123589
v -0.382088737667472 0.6374765463868154 -0.08343458848123589
v -0.41290798661891637 0.6179604722244753 -0.08343458848123589
v -0.442732504064128 0.5969556771576017 -0.08343458848123589
v -0.47149044012826147 0.5745127635773135 -0.08343458848123589
v -0.49911251442444104 0.5506857984281925 -0.08343458848123589
v -0.5255321829562789 0.525532182956279 -0.08343458848123589
v -0.5506857984281924 0.49911251442444116 -0.08343458848123589
v -0.5745127635773134 0.4714904401282615 -0.08343458848123589
v -0.5969556771576016 0.4427325040641281 -0.08343458848123589
v -0.6179604722244753 0.41290798661891653 -0.08343458848123589
v -0.6374765463868153 0.38208873766747203 -0.08343458848123589
v -0.6554568837125587 0.3503490034799659 -0.08343458848123589
v -0.6718581679941962 0.3177652478561277 -0.08343458848123589
v -0.6866408871013102 0.284415967917256 -0.08343458848123589
v -0.6997694281687586 0.25038150499977496 -0.08343458848123589
v -0.7112121633911856 0.2157438511059195 -0.08343458848123589
v -0.7209415262171751 0.18058645137782067 -0.08343458848123589
v -0.7289340777594877 0.14499400307084767 -0.08343458848123589
v -0.7351705632613932 0.10905225151050191 -0.08343458848123589
v -0.7396359584830656 0.07284778352441858 -0.08343458848123589
v -0.7423195058962939 0.03646781884711236 -0.08343458848123589
v -0.7432147406003085 9.101755531552981e-17 -0.08343458848123589
v -0.7423195058962939 -0.03646781884711218 -0.08343458848123589
v -0.7396359584830657 -0.07284778352441841 -0.08343458848123589
v -0.7351705632613932 -0.10905225151050174 -0.08343458848123589
v -0.7289340777594877 -0.14499400307084748 -0.08343458848123589
v -0.7209415262171751 -0.1805864513778205 -0.08343458848123589
v -0.7112121633911858 -0.21574385110591932 -0.08343458848123589
v -0.6997694281687588 -0.2503815049997748 -0.08343458848123589
v -0.6866408871013103 -0.2844159679172558 -0.08343458848123589
v -0.6718581679941962 -0.31776524785612753 -0.08343458848123589
v -0.6554568837125587 -0.3503490034799657 -0.08343458848123589
v -0.6374765463868155 -0.38208873766747187 -0.08343458848123589
v -0.6179604722244754 -0.41290798661891637 -0.08343458848123589
v -0.5969556771576017 -0.44273250406412795 -0.08343458848123589
v -0.5745127635773135 -0.4714904401282614 -0.08343458848123589
v -0.5506857984281925 -0.49911251442444104 -0.08343458848123589
v -0.5255321829562791 -0.5255321829562789 -0.08343458848123589
v -0.4991125144244412 -0.5506857984281924 -0.08343458848123589
v -0.4714904401282618 -0.5745127635773132 -0.08343458848123589
v -0.44273250406412784 -0.5969556771576017 -0.08343458848123589
v -0.41290798661891653 -0.6179604722244751 -0.08343458848123589
v -0.38208873766747203 -0.6374765463868153 -0.08343458848123589
v -0.3503490034799659 -0.6554568837125587 -0.08343458848123589
v -0.31776524785612803 -0.671858167994196 -0.08343458848123589
v -0.2844159679172563 -0.6866408871013101 -0.08343458848123589
v -0.2503815049997747 -0.6997694281687588 -0.08343458848123589
v -0.21574385110591957 -0.7112121633911856 -0.08343458848123589
v -0.18058645137782073 -0.7209415262171751 -0.08343458848123589
v -0.1449940030708477 -0.7289340777594876 -0.08343458848123589
v -0.10905225151050228 -0.7351705632613931 -0.08343458848123589
v -0.0728477835244183 -0.7396359584830657 -0.08343458848123589
v -0.03646781884711241 -0.7423195058962939 -0.08343458848123589
v -1.3652633297329472e-16 -0.7432147406003085 -0.08343458848123589
v 0.03646781884711213 -0.7423195058962939 -0.08343458848123589
v 0.07284778352441804 -0.7396359584830657 -0.08343458848123589
v 0.10905225151050202 -0.7351705632613931 -0.08343458848123589
v 0.14499400307084745 -0.7289340777594877 -0.08343458848123589
v 0.18058645137782045 -0.7209415262171751 -0.08343458848123589
v 0.2157438511059193 -0.7112121633911858 -0.08343458848123589
v 0.25038150499977446 -0.6997694281687588 -0.08343458848123589
v 0.28441596791725604 -0.6866408871013101 -0.08343458848123589
v 0.3177652478561278 -0.6718581679941962 -0.08343458848123589
v 0.35034900347996567 -0.6554568837125587 -0.08343458848123589
v 0.38208873766747187 -0.6374765463868155 -0.08343458848123589
v 0.4129079866189163 -0.6179604722244754 -0.08343458848123589
v 0.4427325040641277 -0.5969556771576019 -0.08343458848123589
v 0.47149044012826163 -0.5745127635773133 -0.08343458848123589
v 0.49911251442444104 -0.5506857984281925 -0.08343458848123589
v 0.5255321829562789 -0.5255321829562791 -0.08343458848123589
v 0.5506857984281923 -0.4991125144244412 -0.08343458848123589
v 0.5745127635773132 -0.47149044012826186 -0.08343458848123589
v 0.5969556771576017 -0.44273250406412795 -0.08343458848123589
v 0.6179604722244751 -0.41290798661891653 -0.08343458848123589
v 0.6374765463868153 -0.38208873766747214 -0.08343458848123589
v 0.6554568837125586 -0.35034900347996595 -0.08343458848123589
v 0.671858167994196 -0.3177652478561281 -0.08343458848123589
v 0.6866408871013101 -0.2844159679172563 -0.08343458848123589
v 0.6997694281687588 -0.25038150499977474 -0.08343458848123589
v 0.7112121633911856 -0.2157438511059196 -0.08343458848123589
v 0.7209415262171751 -0.18058645137782076 -0.08343458848123589
v 0.7289340777594876 -0.14499400307084775 -0.08343458848123589
v 0.7351705632613931 -0.10905225151050234 -0.08343458848123589
v 0.7396359584830657 -0.07284778352441834 -0.08343458848123589
v 0.7423195058962939 -0.03646781884711245 -0.08343458848123589
v 0.7432147406003085 -1.8203511063105962e-16 -0.08343458848123589
v 0.7594282384691406 0.0 -0.1225774349296775
v 0.7585134738968758 0.037263377480248536 -0.1225774349296775
v 0.7557713839280598 0.07443698422026078 -0.1225774349296775
v 0.751208574497606 0.11143126574537661 -0.1225774349296775
v 0.7448360378130875 0.1481570995910857 -0.1225774349296775
v 0.7366691258735455 0.18452601000685057 -0.1225774349296775
v 0.7267275134851794 0.22045038110193935 -0.1225774349296775
v 0.7150351508630153 0.2558436679197807 -0.1225774349296775
v 0.7016202059327397 0.29062060493234465 -0.1225774349296775
v 0.6865149964717002 0.324697411452268 -0.1225774349296775
v 0.6697559122525486 0.3579919934678685 -0.1225774349296775
v 0.6513833273770911 0.3904241414148096 -0.1225774349296775
v 0.6314415030115412 0.42191572340796646 -0.1225774349296775
v 0.6099784807574931 0.4523908734679809 -0.1225774349296775
v 0.5870459669154952 0.4817761742890503 -0.1225774349296775
v 0.5626992079200441 0.5100008341076483 -0.1225774349296775
v 0.5369968572460839 0.5369968572460838 -0.1225774349296775
v 0.5100008341076483 0.562699207920044 -0.1225774349296775
v 0.4817761742890503 0.5870459669154952 -0.1225774349296775
v 0.452390873467981 0.609978480757493 -0.1225774349296775
v 0.42191572340796657 0.6314415030115412 -0.1225774349296775
v 0.3904241414148096 0.6513833273770911 -0.1225774349296775
v 0.3579919934678686 0.6697559122525485 -0.1225774349296775
v 0.32469741145226805 0.6865149964717002 -0.1225774349296775
v 0.2906206049323447 0.7016202059327397 -0.1225774349296775
v 0.2558436679197807 0.7150351508630153 -0.1225774349296775
v 0.22045038110193935 0.7267275134851794 -0.1225774349296775
v 0.18452601000685065 0.7366691258735455 -0.1225774349296775
v 0.14815709959108575 0.7448360378130875 -0.1225774349296775
v 0.11143126574537661 0.751208574497606 -0.1225774349296775
v 0.0744369842202609 0.7557713839280596 -0.1225774349296775
v 0.037263377480248626 0.7585134738968758 -0.1225774349296775
v 4.65015680711673e-17 0.7594282384691406 -0.1225774349296775
v -0.037263377480248536 0.7585134738968758 -0.1225774349296775
v -0.07443698422026081 0.7557713839280598 -0.1225774349296775
v -0.11143126574537653 0.751208574497606 -0.1225774349296775
v -0.14815709959108564 0.7448360378130875 -0.1225774349296775
v -0.18452601000685057 0.7366691258735455 -0.1225774349296775
v -0.2204503811019392 0.7267275134851795 -0.1225774349296775
v -0.25584366791978064 0.7150351508630153 -0.1225774349296775
v -0.2906206049323446 0.7016202059327397 -0.1225774349296775
v -0.3246974114522678 0.6865149964717003 -0.1225774349296775
v -0.35799199346786853 0.6697559122525486 -0.1225774349296775
v -0.3904241414148096 0.6513833273770911 -0.1225774349296775
v -0.4219157234079663 0.6314415030115413 -0.1225774349296775
v -0.4523908734679809 0.6099784807574931 -0.1225774349296775
v -0.4817761742890502 0.5870459669154953 -0.1225774349296775
v -0.5100008341076484 0.562699207920044 -0.1225774349296775
v -0.5369968572460838 0.5369968572460839 -0.1225774349296775
v -0.5626992079200438 0.5100008341076485 -0.1225774349296775
v -0.5870459669154952 0.4817761742890503 -0.1225774349296775
v -0.609978480757493 0.452390873467981 -0.1225774349296775
v -0.6314415030115413 0.42191572340796646 -0.1225774349296775
v -0.6513833273770911 0.39042414141480963 -0.1225774349296775
v -0.6697559122525485 0.35799199346786864 -0.1225774349296775
v -0.6865149964717002 0.32469741145226794 -0.1225774349296775
v -0.7016202059327397 0.29062060493234476 -0.1225774349296775
v -0.7150351508630152 0.2558436679197809 -0.1225774349296775
v -0.7267275134851794 0.2204503811019394 -0.1225774349296775
v -0.7366691258735455 0.18452601000685073 -0.1225774349296775
v -0.7448360378130875 0.14815709959108594 -0.1225774349296775
v -0.751208574497606 0.11143126574537665 -0.1225774349296775
v -0.7557713839280596 0.07443698422026095 -0.1225774349296775
v -0.7585134738968758 0.0372633774802485 -0.1225774349296775
v -0.7594282384691406 9.30031361423346e-17 -0.1225774349296775
v -0.7585134738968758 -0.03726337748024832 -0.1225774349296775
v -0.7557713839280598 -0.07443698422026077 -0.1225774349296775
v -0.751208574497606 -0.11143126574537648 -0.1225774349296775
v -0.7448360378130875 -0.14815709959108578 -0.1225774349296775
v -0.7366691258735455 -0.18452601000685054 -0.1225774349296775
v -0.7267275134851795 -0.22045038110193918 -0.1225774349296775
v -0.7150351508630153 -0.2558436679197807 -0.1225774349296775
v -0.7016202059327398 -0.2906206049323446 -0.1225774349296775
v -0.6865149964717003 -0.32469741145226777 -0.1225774349296775
v -0.6697559122525486 -0.3579919934678685 -0.1225774349296775
v -0.6513833273770913 -0.39042414141480947 -0.1225774349296775
v -0.6314415030115414 -0.4219157234079663 -0.1225774349296775
v -0.6099784807574931 -0.45239087346798085 -0.1225774349296775
v -0.5870459669154953 -0.4817761742890501 -0.1225774349296775
v -0.562699207920044 -0.5100008341076484 -0.1225774349296775
v -0.536996857246084 -0.5369968572460838 -0.1225774349296775
v -0.5100008341076485 -0.5626992079200438 -0.1225774349296775
v -0.4817761742890505 -0.5870459669154949 -0.1225774349296775
v -0.45239087346798074 -0.6099784807574931 -0.1225774349296775
v -0.42191572340796646 -0.6314415030115412 -0.1225774349296775
v -0.39042414141480963 -0.6513833273770911 -0.1225774349296775
v -0.3579919934678687 -0.6697559122525485 -0.1225774349296775
v -0.32469741145226827 -0.6865149964717 -0.1225774349296775
v -0.2906206049323451 -0.7016202059327394 -0.1225774349296775
v -0.25584366791978064 -0.7150351508630153 -0.1225774349296775
v -0.22045038110193943 -0.7267275134851794 -0.1225774349296775
v -0.18452601000685076 -0.7366691258735455 -0.1225774349296775
v -0.148157099591086 -0.7448360378130874 -0.1225774349296775
v -0.11143126574537704 -0.7512085744976059 -0.1225774349296775
v -0.07443698422026065 -0.7557713839280598 -0.1225774349296775
v -0.03726337748024855 -0.7585134738968758 -0.1225774349296775
v -1.3950470421350187e-16 -0.7594282384691406 -0.1225774349296775
v 0.03726337748024827 -0.7585134738968758 -0.1225774349296775
v 0.07443698422026038 -0.7557713839280598 -0.1225774349296775
v 0.11143126574537676 -0.7512085744976059 -0.1225774349296775
v 0.14815709959108572 -0.7448360378130875 -0.1225774349296775
v 0.18452601000685048 -0.7366691258735455 -0.1225774349296775
v 0.22045038110193912 -0.7267275134851795 -0.1225774349296775
v 0.25584366791978036 -0.7150351508630153 -0.1225774349296775
v 0.2906206049323448 -0.7016202059327395 -0.1225774349296775
v 0.324697411452268 -0.6865149964717002 -0.1225774349296775
v 0.3579919934678684 -0.6697559122525486 -0.1225774349296775
v 0.39042414141480947 -0.6513833273770913 -0.1225774349296775
v 0.42191572340796624 -0.6314415030115414 -0.1225774349296775
v 0.45239087346798057 -0.6099784807574933 -0.1225774349296775
v 0.48177617428905034 -0.587045966915495 -0.1225774349296775
v 0.5100008341076484 -0.562699207920044 -0.1225774349296775
v 0.5369968572460837 -0.536996857246084 -0.1225774349296775
v 0.5626992079200438 -0.5100008341076485 -0.1225774349296775
v 0.5870459669154949 -0.4817761742890506 -0.1225774349296775
v 0.6099784807574931 -0.45239087346798085 -0.1225774349296775
v 0.6314415030115412 -0.42191572340796646 -0.1225774349296775
v 0.6513833273770911 -0.39042414141480974 -0.1225774349296775
v 0.6697559122525485 -0.35799199346786875 -0.1225774349296775
v 0.6865149964717 -0.3246974114522683 -0.1225774349296775
v 0.7016202059327394 -0.29062060493234515 -0.1225774349296775
v 0.7150351508630153 -0.2558436679197807 -0.1225774349296775
v 0.7267275134851794 -0.22045038110193949 -0.1225774349296775
v 0.7366691258735455 -0.18452601000685082 -0.1225774349296775
v 0.7448360378130874 -0.14815709959108603 -0.1225774349296775
v 0.7512085744976059 -0.1114312657453771 -0.1225774349296775
v 0.7557713839280598 -0.0744369842202607 -0.1225774349296775
v 0.7585134738968758 -0.0372633774802486 -0.1225774349296775
v 0.7594282384691406 -1.860062722846692e-16 -0.1225774349296775
v 0.7815654115187642 0.0 -0.15870201811896772
v 0.7806239817520675 0.038349597077977166 -0.15870201811896772
v 0.7778019604387445 0.0766068066175655 -0.15870201811896772
v 0.773106146075319 0.11467946365004833 -0.15870201811896772
v 0.7665478512898973 0.1524758478098635 -0.15870201811896772
v 0.7581428755890564 0.1899049042969978 -0.15870201811896772
v 0.7479114672954482 0.22687646323597552 -0.15870201811896772
v 0.7358782747678179 0.2633014569029866 -0.15870201811896772
v 0.7220722870209474 0.2990921342978346 -0.15870201811896772
v 0.7065267638885808 0.3341622725437821 -0.15870201811896772
v 0.6892791558975709 0.36842738460601343 -0.15870201811896772
v 0.6703710140462803 0.40180492282830127 -0.15870201811896772
v 0.6498478897045862 0.43421447779754113 -0.15870201811896772
v 0.627759224876641 0.4655779720570703 -0.15870201811896772
v 0.604158233090754 0.49581984820209996 -0.15870201811896772
v 0.5791017712033402 0.5248672509041211 -0.15870201811896772
v 0.5526502024257728 0.5526502024257728 -0.15870201811896772
v 0.5248672509041211 0.57910177120334 -0.15870201811896772
v 0.49581984820209996 0.604158233090754 -0.15870201811896772
v 0.4655779720570704 0.6277592248766409 -0.15870201811896772
v 0.4342144777975412 0.6498478897045862 -0.15870201811896772
v 0.40180492282830127 0.6703710140462803 -0.15870201811896772
v 0.3684273846060136 0.6892791558975709 -0.15870201811896772
v 0.3341622725437822 0.7065267638885808 -0.15870201811896772
v 0.2990921342978346 0.7220722870209474 -0.15870201811896772
v 0.2633014569029866 0.7358782747678179 -0.15870201811896772
v 0.22687646323597552 0.7479114672954482 -0.15870201811896772
v 0.18990490429699788 0.7581428755890564 -0.15870201811896772
v 0.15247584780986356 0.7665478512898973 -0.15870201811896772
v 0.11467946365004833 0.773106146075319 -0.15870201811896772
v 0.07660680661756562 0.7778019604387444 -0.15870201811896772
v 0.03834959707797725 0.7806239817520675 -0.15870201811896772
v 4.785707897703693e-17 0.7815654115187642 -0.15870201811896772
v -0.03834959707797716 0.7806239817520675 -0.15870201811896772
v -0.07660680661756553 0.7778019604387445 -0.15870201811896772
v -0.11467946365004825 0.773106146075319 -0.15870201811896772
v -0.15247584780986345 0.7665478512898973 -0.15870201811896772
v -0.1899049042969978 0.7581428755890564 -0.15870201811896772
v -0.22687646323597538 0.7479114672954483 -0.15870201811896772
v -0.2633014569029865 0.7358782747678179 -0.15870201811896772
v -0.29909213429783454 0.7220722870209474 -0.15870201811896772
v -0.33416227254378195 0.7065267638885808 -0.15870201811896772
v -0.3684273846060135 0.6892791558975709 -0.15870201811896772
v -0.40180492282830127 0.6703710140462803 -0.15870201811896772
v -0.43421447779754097 0.6498478897045862 -0.15870201811896772
v -0.4655779720570703 0.627759224876641 -0.15870201811896772
v -0.49581984820209984 0.6041582330907541 -0.15870201811896772
v -0.5248672509041212 0.57910177120334 -0.15870201811896772
v -0.5526502024257728 0.5526502024257728 -0.15870201811896772
v -0.5791017712033399 0.5248672509041212 -0.15870201811896772
v -0.604158233090754 0.49581984820209996 -0.15870201811896772
v -0.6277592248766409 0.4655779720570704 -0.15870201811896772
v -0.6498478897045862 0.43421447779754113 -0.15870201811896772
v -0.6703710140462802 0.4018049228283014 -0.15870201811896772
v -0.6892791558975709 0.36842738460601365 -0.15870201811896772
v -0.7065267638885808 0.33416227254378206 -0.15870201811896772
v -0.7220722870209474 0.29909213429783466 -0.15870201811896772
v -0.7358782747678178 0.26330145690298684 -0.15870201811896772
v -0.7479114672954482 0.22687646323597555 -0.15870201811896772
v -0.7581428755890564 0.18990490429699794 -0.15870201811896772
v -0.7665478512898973 0.15247584780986378 -0.15870201811896772
v -0.773106146075319 0.11467946365004837 -0.15870201811896772
v -0.7778019604387444 0.07660680661756566 -0.15870201811896772
v -0.7806239817520675 0.038349597077977124 -0.15870201811896772
v -0.7815654115187642 9.571415795407386e-17 -0.15870201811896772
v -0.7806239817520675 -0.03834959707797694 -0.15870201811896772
v -0.7778019604387445 -0.07660680661756548 -0.15870201811896772
v -0.773106146075319 -0.1146794636500482 -0.15870201811896772
v -0.7665478512898973 -0.1524758478098636 -0.15870201811896772
v -0.7581428755890564 -0.18990490429699775 -0.15870201811896772
v -0.7479114672954483 -0.22687646323597535 -0.15870201811896772
v -0.7358782747678179 -0.2633014569029866 -0.15870201811896772
v -0.7220722870209474 -0.2990921342978345 -0.15870201811896772
v -0.7065267638885808 -0.3341622725437819 -0.15870201811896772
v -0.6892791558975709 -0.36842738460601343 -0.15870201811896772
v -0.6703710140462804 -0.40180492282830116 -0.15870201811896772
v -0.6498478897045863 -0.43421447779754097 -0.15870201811896772
v -0.627759224876641 -0.46557797205707024 -0.15870201811896772
v -0.6041582330907541 -0.49581984820209973 -0.15870201811896772
v -0.57910177120334 -0.5248672509041212 -0.15870201811896772
v -0.5526502024257729 -0.5526502024257728 -0.15870201811896772
v -0.5248672509041213 -0.5791017712033399 -0.15870201811896772
v -0.4958198482021002 -0.6041582330907538 -0.15870201811896772
v -0.46557797205707013 -0.6277592248766412 -0.15870201811896772
v -0.43421447779754113 -0.6498478897045862 -0.15870201811896772
v -0.4018049228283014 -0.6703710140462802 -0.15870201811896772
v -0.36842738460601365 -0.6892791558975709 -0.15870201811896772
v -0.3341622725437824 -0.7065267638885806 -0.15870201811896772
v -0.299092134297835 -0.7220722870209472 -0.15870201811896772
v -0.2633014569029865 -0.7358782747678179 -0.15870201811896772
v -0.2268764632359756 -0.7479114672954482 -0.15870201811896772
v -0.189904904296998 -0.7581428755890564 -0.15870201811896772
v -0.15247584780986384 -0.7665478512898973 -0.15870201811896772
v -0.11467946365004876 -0.773106146075319 -0.15870201811896772
v -0.07660680661756537 -0.7778019604387445 -0.15870201811896772
v -0.03834959707797717 -0.7806239817520675 -0.15870201811896772
v -1.4357123693111077e-16 -0.7815654115187642 -0.15870201811896772
v 0.03834959707797689 -0.7806239817520675 -0.15870201811896772
v 0.0766068066175651 -0.7778019604387445 -0.15870201811896772
v 0.11467946365004848 -0.773106146075319 -0.15870201811896772
v 0.15247584780986356 -0.7665478512898973 -0.15870201811896772
v 0.18990490429699772 -0.7581428755890564 -0.15870201811896772
v 0.2268764632359753 -0.7479114672954483 -0.15870201811896772
v 0.2633014569029863 -0.735878274767818 -0.15870201811896772
v 0.29909213429783477 -0.7220722870209473 -0.15870201811896772
v 0.33416227254378217 -0.7065267638885808 -0.15870201811896772
v 0.36842738460601343 -0.6892791558975709 -0.15870201811896772
v 0.40180492282830116 -0.6703710140462804 -0.15870201811896772
v 0.43421447779754085 -0.6498478897045863 -0.15870201811896772
v 0.46557797205706997 -0.6277592248766413 -0.15870201811896772
v 0.4958198482021 -0.604158233090754 -0.15870201811896772
v 0.5248672509041212 -0.57910177120334 -0.15870201811896772
v 0.5526502024257727 -0.5526502024257729 -0.15870201811896772
v 0.5791017712033398 -0.5248672509041213 -0.15870201811896772
v 0.6041582330907538 -0.4958198482021003 -0.15870201811896772
v 0.6277592248766412 -0.46557797205707024 -0.15870201811896772
v 0.6498478897045862 -0.43421447779754113 -0.15870201811896772
v 0.6703710140462802 -0.40180492282830144 -0.15870201811896772
v 0.6892791558975708 -0.3684273846060137 -0.15870201811896772
v 0.7065267638885806 -0.33416227254378245 -0.15870201811896772
v 0.7220722870209472 -0.29909213429783504 -0.15870201811896772
v 0.7358782747678179 -0.26330145690298656 -0.15870201811896772
v 0.7479114672954482 -0.22687646323597566 -0.15870201811896772
v 0.7581428755890564 -0.18990490429699802 -0.15870201811896772
v 0.7665478512898973 -0.15247584780986387 -0.15870201811896772
v 0.773106146075319 -0.11467946365004883 -0.15870201811896772
v 0.7778019604387445 -0.07660680661756541 -0.15870201811896772
v 0.7806239817520675 -0.03834959707797722 -0.15870201811896772
v 0.7815654115187642 -1.9142831590814771e-16 -0.15870201811896772
v 0.8090811690796321 0.0 -0.19091883092036782
v 0.8081065953779054 0.03969973130884602 -0.19091883092036782
v 0.8051852221061352 0.07930382248768325 -0.19091883092036782
v 0.8003240871084154 0.11871686381195318 -0.19091883092036782
v 0.7935349012847405 0.15784390581293092 -0.19091883092036782
v 0.7848340203784223 0.19659068801931207 -0.19091883092036782
v 0.7742424055736712 0.23486386603894407 -0.19091883092036782
v 0.7617855729982679 0.2725712364336433 -0.19091883092036782
v 0.7474935322529759 0.30962195884535315 -0.19091883092036782
v 0.7314007141157858 0.34592677483852396 -0.19091883092036782
v 0.7135458875951544 0.38139822293150183 -0.19091883092036782
v 0.693972066532068 0.41595084929889886 -0.19091883092036782
v 0.6727264059759318 0.44950141363734336 -0.19091883092036782
v 0.6498600885839256 0.48196908969866176 -0.19091883092036782
v 0.6254282013174997 0.5132756600073896 -0.19091883092036782
v 0.5994896027330594 0.5433457042935215 -0.19091883092036782
v 0.5721067811865476 0.5721067811865475 -0.19091883092036782
v 0.5433457042935215 0.5994896027330594 -0.19091883092036782
v 0.5132756600073896 0.6254282013174997 -0.19091883092036782
v 0.4819690896986618 0.6498600885839255 -0.19091883092036782
v 0.44950141363734347 0.6727264059759318 -0.19091883092036782
v 0.41595084929889886 0.693972066532068 -0.19091883092036782
v 0.381398222931502 0.7135458875951542 -0.19091883092036782
v 0.3459267748385241 0.7314007141157858 -0.19091883092036782
v 0.3096219588453532 0.7474935322529759 -0.19091883092036782
v 0.2725712364336433 0.7617855729982679 -0.19091883092036782
v 0.23486386603894407 0.7742424055736712 -0.19091883092036782
v 0.19659068801931215 0.7848340203784223 -0.19091883092036782
v 0.157843905812931 0.7935349012847405 -0.19091883092036782
v 0.11871686381195318 0.8003240871084154 -0.19091883092036782
v 0.07930382248768339 0.8051852221061352 -0.19091883092036782
v 0.03969973130884611 0.8081065953779054 -0.19091883092036782
v 4.9541933198188496e-17 0.8090811690796321 -0.19091883092036782
v -0.03969973130884601 0.8081065953779054 -0.19091883092036782
v -0.07930382248768328 0.8051852221061352 -0.19091883092036782
v -0.1187168638119531 0.8003240871084154 -0.19091883092036782
v -0.1578439058129309 0.7935349012847405 -0.19091883092036782
v -0.19659068801931207 0.7848340203784223 -0.19091883092036782
v -0.23486386603894394 0.7742424055736713 -0.19091883092036782
v -0.27257123643364317 0.7617855729982679 -0.19091883092036782
v -0.30962195884535315 0.7474935322529759 -0.19091883092036782
v -0.3459267748385238 0.7314007141157859 -0.19091883092036782
v -0.3813982229315019 0.7135458875951544 -0.19091883092036782
v -0.41595084929889886 0.693972066532068 -0.19091883092036782
v -0.4495014136373432 0.6727264059759318 -0.19091883092036782
v -0.48196908969866176 0.6498600885839256 -0.19091883092036782
v -0.5132756600073894 0.6254282013174998 -0.19091883092036782
v -0.5433457042935216 0.5994896027330594 -0.19091883092036782
v -0.5721067811865475 0.5721067811865476 -0.19091883092036782
v -0.5994896027330592 0.5433457042935217 -0.19091883092036782
v -0.6254282013174997 0.5132756600073896 -0.19091883092036782
v -0.6498600885839255 0.4819690896986618 -0.19091883092036782
v -0.6727264059759318 0.44950141363734336 -0.19091883092036782
v -0.6939720665320679 0.4159508492988989 -0.19091883092036782
v -0.7135458875951542 0.38139822293150205 -0.19091883092036782
v -0.7314007141157858 0.3459267748385239 -0.19091883092036782
v -0.7474935322529759 0.30962195884535326 -0.19091883092036782
v -0.7617855729982678 0.2725712364336435 -0.19091883092036782
v -0.7742424055736712 0.23486386603894413 -0.19091883092036782
v -0.7848340203784223 0.19659068801931223 -0.19091883092036782
v -0.7935349012847405 0.15784390581293123 -0.19091883092036782
v -0.8003240871084154 0.11871686381195322 -0.19091883092036782
v -0.8051852221061352 0.07930382248768343 -0.19091883092036782
v -0.8081065953779054 0.03969973130884598 -0.19091883092036782
v -0.8090811690796321 9.908386639637699e-17 -0.19091883092036782
v -0.8081065953779054 -0.039699731308845784 -0.19091883092036782
v -0.8051852221061352 -0.07930382248768324 -0.19091883092036782
v -0.8003240871084154 -0.11871686381195305 -0.19091883092036782
v -0.7935349012847405 -0.15784390581293103 -0.19091883092036782
v -0.7848340203784223 -0.196590688019312 -0.19091883092036782
v -0.7742424055736713 -0.2348638660389439 -0.19091883092036782
v -0.7617855729982679 -0.2725712364336433 -0.19091883092036782
v -0.747493532252976 -0.3096219588453531 -0.19091883092036782
v -0.7314007141157859 -0.34592677483852374 -0.19091883092036782
v -0.7135458875951544 -0.38139822293150183 -0.19091883092036782
v -0.6939720665320681 -0.41595084929889875 -0.19091883092036782
v -0.6727264059759319 -0.4495014136373432 -0.19091883092036782
v -0.6498600885839256 -0.48196908969866165 -0.19091883092036782
v -0.6254282013174998 -0.5132756600073893 -0.19091883092036782
v -0.5994896027330594 -0.5433457042935216 -0.19091883092036782
v -0.5721067811865477 -0.5721067811865475 -0.19091883092036782
v -0.5433457042935217 -0.5994896027330592 -0.19091883092036782
v -0.5132756600073898 -0.6254282013174994 -0.19091883092036782
v -0.48196908969866153 -0.6498600885839257 -0.19091883092036782
v -0.44950141363734336 -0.6727264059759318 -0.19091883092036782
v -0.4159508492988989 -0.6939720665320679 -0.19091883092036782
v -0.38139822293150205 -0.7135458875951542 -0.19091883092036782
v -0.3459267748385243 -0.7314007141157856 -0.19091883092036782
v -0.3096219588453536 -0.7474935322529757 -0.19091883092036782
v -0.27257123643364317 -0.7617855729982679 -0.19091883092036782
v -0.23486386603894416 -0.7742424055736712 -0.19091883092036782
v -0.19659068801931226 -0.7848340203784223 -0.19091883092036782
v -0.15784390581293128 -0.7935349012847404 -0.19091883092036782
v -0.11871686381195364 -0.8003240871084153 -0.19091883092036782
v -0.07930382248768313 -0.8051852221061352 -0.19091883092036782
v -0.03969973130884603 -0.8081065953779054 -0.19091883092036782
v -1.4862579959456548e-16 -0.8090811690796321 -0.19091883092036782
v 0.039699731308845736 -0.8081065953779054 -0.19091883092036782
v 0.07930382248768283 -0.8051852221061352 -0.19091883092036782
v 0.11871686381195334 -0.8003240871084153 -0.19091883092036782
v 0.15784390581293098 -0.7935349012847405 -0.19091883092036782
v 0.19659068801931198 -0.7848340203784223 -0.19091883092036782
v 0.23486386603894385 -0.7742424055736713 -0.19091883092036782
v 0.2725712364336429 -0.7617855729982679 -0.19091883092036782
v 0.3096219588453534 -0.7474935322529758 -0.19091883092036782
v 0.345926774838524 -0.7314007141157858 -0.19091883092036782
v 0.3813982229315018 -0.7135458875951544 -0.19091883092036782
v 0.41595084929889875 -0.6939720665320681 -0.19091883092036782
v 0.4495014136373431 -0.6727264059759319 -0.19091883092036782
v 0.48196908969866137 -0.6498600885839259 -0.19091883092036782
v 0.5132756600073897 -0.6254282013174997 -0.19091883092036782
v 0.5433457042935216 -0.5994896027330594 -0.19091883092036782
v 0.5721067811865473 -0.5721067811865477 -0.19091883092036782
v 0.5994896027330591 -0.5433457042935217 -0.19091883092036782
v 0.6254282013174994 -0.5132756600073899 -0.19091883092036782
v 0.6498600885839257 -0.48196908969866165 -0.19091883092036782
v 0.6727264059759318 -0.44950141363734336 -0.19091883092036782
v 0.6939720665320679 -0.41595084929889903 -0.19091883092036782
v 0.7135458875951542 -0.3813982229315021 -0.19091883092036782
v 0.7314007141157856 -0.34592677483852435 -0.19091883092036782
v 0.7474935322529757 -0.30962195884535365 -0.19091883092036782
v 0.7617855729982679 -0.2725712364336432 -0.19091883092036782
v 0.7742424055736712 -0.2348638660389442 -0.19091883092036782
v 0.7848340203784223 -0.19659068801931232 -0.19091883092036782
v 0.7935349012847404 -0.1578439058129313 -0.19091883092036782
v 0.8003240871084153 -0.11871686381195369 -0.19091883092036782
v 0.8051852221061352 -0.07930382248768317 -0.19091883092036782
v 0.8081065953779054 -0.03969973130884608 -0.19091883092036782
v 0.8090811690796321 -1.9816773279275399e-16 -0.19091883092036782
v 0.8412979818810322 0.0 -0.2184345884812358
v 0.8402846016173564 0.04128053538725251 -0.2184345884812358
v 0.8372469021481459 0.08246162234900926 -0.2184345884812358
v 0.8321922015574931 0.1234440520397422 -0.2184345884812358
v 0.8251326770618601 0.1641290941966894 -0.2184345884812358
v 0.8160853356740985 0.20441873498970603 -0.2184345884812358
v 0.8050719732320647 0.24421591314516594 -0.2184345884812358
v 0.7921191218905385 0.28342475377507154 -0.2184345884812358
v 0.7772579862029371 0.32195079934805654 -0.2184345884812358
v 0.7605243679468138 0.3597012372458525 -0.2184345884812358
v 0.7419585798742394 0.3965851233570159 -0.2184345884812358
v 0.7216053485948519 0.43251360116925797 -0.2184345884812358
v 0.6995137068255356 0.46740011583256613 -0.2184345884812358
v 0.6757368752663122 0.5011606226774187 -0.2184345884812358
v 0.6503321343870124 0.5337137896857551 -0.2184345884812358
v 0.6233606864336069 0.5649811934269318 -0.2184345884812358
v 0.5948875079866351 0.594887507986635 -0.2184345884812358
v 0.5649811934269318 0.6233606864336069 -0.2184345884812358
v 0.5337137896857551 0.6503321343870124 -0.2184345884812358
v 0.5011606226774188 0.6757368752663121 -0.2184345884812358
v 0.4674001158325662 0.6995137068255356 -0.2184345884812358
v 0.43251360116925797 0.7216053485948519 -0.2184345884812358
v 0.396585123357016 0.7419585798742393 -0.2184345884812358
v 0.35970123724585257 0.7605243679468138 -0.2184345884812358
v 0.3219507993480566 0.7772579862029371 -0.2184345884812358
v 0.28342475377507154 0.7921191218905385 -0.2184345884812358
v 0.24421591314516594 0.8050719732320647 -0.2184345884812358
v 0.20441873498970614 0.8160853356740985 -0.2184345884812358
v 0.16412909419668947 0.8251326770618601 -0.2184345884812358
v 0.1234440520397422 0.8321922015574931 -0.2184345884812358
v 0.0824616223490094 0.8372469021481458 -0.2184345884812358
v 0.041280535387252605 0.8402846016173564 -0.2184345884812358
v 5.1514644031986706e-17 0.8412979818810322 -0.2184345884812358
v -0.04128053538725251 0.8402846016173564 -0.2184345884812358
v -0.0824616223490093 0.8372469021481459 -0.2184345884812358
v -0.1234440520397421 0.8321922015574931 -0.2184345884812358
v -0.16412909419668936 0.8251326770618601 -0.2184345884812358
v -0.20441873498970603 0.8160853356740985 -0.2184345884812358
v -0.2442159131451658 0.8050719732320648 -0.2184345884812358
v -0.2834247537750714 0.7921191218905385 -0.2184345884812358
v -0.3219507993480565 0.7772579862029371 -0.2184345884812358
v -0.3597012372458523 0.7605243679468139 -0.2184345884812358
v -0.3965851233570159 0.7419585798742394 -0.2184345884812358
v -0.43251360116925797 0.7216053485948519 -0.2184345884812358
v -0.4674001158325659 0.6995137068255357 -0.2184345884812358
v -0.5011606226774187 0.6757368752663122 -0.2184345884812358
v -0.533713789685755 0.6503321343870125 -0.2184345884812358
v -0.5649811934269319 0.6233606864336069 -0.2184345884812358
v -0.594887507986635 0.5948875079866351 -0.2184345884812358
v -0.6233606864336066 0.564981193426932 -0.2184345884812358
v -0.6503321343870124 0.5337137896857551 -0.2184345884812358
v -0.6757368752663121 0.5011606226774188 -0.2184345884812358
v -0.6995137068255357 0.46740011583256613 -0.2184345884812358
v -0.7216053485948518 0.432513601169258 -0.2184345884812358
v -0.7419585798742393 0.39658512335701607 -0.2184345884812358
v -0.7605243679468138 0.35970123724585246 -0.2184345884812358
v -0.7772579862029371 0.3219507993480566 -0.2184345884812358
v -0.7921191218905383 0.28342475377507176 -0.2184345884812358
v -0.8050719732320647 0.24421591314516597 -0.2184345884812358
v -0.8160853356740985 0.2044187349897062 -0.2184345884812358
v -0.8251326770618601 0.1641290941966897 -0.2184345884812358
v -0.8321922015574931 0.12344405203974224 -0.2184345884812358
v -0.8372469021481458 0.08246162234900946 -0.2184345884812358
v -0.8402846016173564 0.04128053538725247 -0.2184345884812358
v -0.8412979818810322 1.0302928806397341e-16 -0.2184345884812358
v -0.8402846016173564 -0.041280535387252265 -0.2184345884812358
v -0.8372469021481459 -0.08246162234900926 -0.2184345884812358
v -0.8321922015574931 -0.12344405203974206 -0.2184345884812358
v -0.8251326770618601 -0.1641290941966895 -0.2184345884812358
v -0.8160853356740985 -0.204418734989706 -0.2184345884812358
v -0.8050719732320648 -0.24421591314516575 -0.2184345884812358
v -0.7921191218905385 -0.28342475377507154 -0.2184345884812358
v -0.7772579862029371 -0.3219507993480564 -0.2184345884812358
v -0.7605243679468139 -0.35970123724585223 -0.2184345884812358
v -0.7419585798742394 -0.3965851233570159 -0.2184345884812358
v -0.7216053485948519 -0.43251360116925786 -0.2184345884812358
v -0.6995137068255358 -0.4674001158325659 -0.2184345884812358
v -0.6757368752663122 -0.5011606226774186 -0.2184345884812358
v -0.6503321343870125 -0.533713789685755 -0.2184345884812358
v -0.6233606864336069 -0.5649811934269319 -0.2184345884812358
v -0.5948875079866353 -0.594887507986635 -0.2184345884812358
v -0.5649811934269321 -0.6233606864336066 -0.2184345884812358
v -0.5337137896857554 -0.6503321343870121 -0.2184345884812358
v -0.5011606226774185 -0.6757368752663123 -0.2184345884812358
v -0.46740011583256613 -0.6995137068255356 -0.2184345884812358
v -0.432513601169258 -0.7216053485948518 -0.2184345884812358
v -0.3965851233570161 -0.7419585798742393 -0.2184345884812358
v -0.35970123724585285 -0.7605243679468136 -0.2184345884812358
v -0.321950799348057 -0.7772579862029368 -0.2184345884812358
v -0.2834247537750714 -0.7921191218905385 -0.2184345884812358
v -0.24421591314516602 -0.8050719732320647 -0.2184345884812358
v -0.20441873498970625 -0.8160853356740985 -0.2184345884812358
v -0.16412909419668975 -0.82513267706186 -0.2184345884812358
v -0.12344405203974265 -0.832192201557493 -0.2184345884812358
v -0.08246162234900914 -0.8372469021481459 -0.2184345884812358
v -0.04128053538725252 -0.8402846016173564 -0.2184345884812358
v -1.5454393209596009e-16 -0.8412979818810322 -0.2184345884812358
v 0.04128053538725222 -0.8402846016173564 -0.2184345884812358
v 0.08246162234900883 -0.8372469021481459 -0.2184345884812358
v 0.12344405203974235 -0.832192201557493 -0.2184345884812358
v 0.16412909419668945 -0.8251326770618601 -0.2184345884812358
v 0.20441873498970595 -0.8160853356740985 -0.2184345884812358
v 0.2442159131451657 -0.8050719732320648 -0.2184345884812358
v 0.28342475377507115 -0.7921191218905386 -0.2184345884812358
v 0.3219507993480567 -0.777257986202937 -0.2184345884812358
v 0.35970123724585257 -0.7605243679468138 -0.2184345884812358
v 0.39658512335701585 -0.7419585798742394 -0.2184345884812358
v 0.43251360116925786 -0.7216053485948519 -0.2184345884812358
v 0.46740011583256585 -0.6995137068255358 -0.2184345884812358
v 0.5011606226774183 -0.6757368752663125 -0.2184345884812358
v 0.5337137896857552 -0.6503321343870123 -0.2184345884812358
v 0.5649811934269319 -0.6233606864336069 -0.2184345884812358
v 0.5948875079866349 -0.5948875079866353 -0.2184345884812358
v 0.6233606864336065 -0.5649811934269321 -0.2184345884812358
v 0.6503321343870121 -0.5337137896857556 -0.2184345884812358
v 0.6757368752663123 -0.5011606226774186 -0.2184345884812358
v 0.6995137068255356 -0.46740011583256613 -0.2184345884812358
v 0.7216053485948518 -0.43251360116925813 -0.2184345884812358
v 0.7419585798742393 -0.3965851233570162 -0.2184345884812358
v 0.7605243679468136 -0.35970123724585285 -0.2184345884812358
v 0.7772579862029368 -0.32195079934805704 -0.2184345884812358
v 0.7921191218905385 -0.2834247537750715 -0.2184345884812358
v 0.8050719732320647 -0.24421591314516608 -0.2184345884812358
v 0.8160853356740985 -0.2044187349897063 -0.2184345884812358
v 0.82513267706186 -0.1641290941966898 -0.2184345884812358
v 0.832192201557493 -0.12344405203974272 -0.2184345884812358
v 0.8372469021481459 -0.08246162234900918 -0.2184345884812358
v 0.8402846016173564 -0.04128053538725258 -0.2184345884812358
v 0.8412979818810322 -2.0605857612794682e-16 -0.2184345884812358
v 0.8774225650703223 0.0 -0.24057176153085932
v 0.8763656711641252 0.04305308467039832 -0.24057176153085932
v 0.8731975355955267 0.0860024506888208 -0.24057176153085932
v 0.8679257906806074 0.12874462927060892 -0.24057176153085932
v 0.8605631365146178 0.17117665076378644 -0.24057176153085932
v 0.851127310376336 0.2131962927119702 -0.24057176153085932
v 0.8396410439974101 0.254702326117221 -0.24057176153085932
v 0.8261320087996249 0.2955947593095666 -0.24057176153085932
v 0.8106327492320234 0.3357750788356923 -0.24057176153085932
v 0.7931806043684791 0.37514648678647944 -0.24057176153085932
v 0.7738176179545955 0.41361413399164654 -0.24057176153085932
v 0.7525904371206409 0.45108534851970833 -0.24057176153085932
v 0.7295502000045256 0.48746985893277606 -0.24057176153085932
v 0.7047524125555492 0.5226800117583579 -0.24057176153085932
v 0.6782568148157054 0.5566309826542517 -0.24057176153085932
v 0.6501272370006903 0.5892409807578156 -0.24057176153085932
v 0.6204314457273197 0.6204314457273197 -0.24057176153085932
v 0.5892409807578156 0.6501272370006902 -0.24057176153085932
v 0.5566309826542517 0.6782568148157054 -0.24057176153085932
v 0.522680011758358 0.7047524125555491 -0.24057176153085932
v 0.4874698589327761 0.7295502000045256 -0.24057176153085932
v 0.45108534851970833 0.7525904371206409 -0.24057176153085932
v 0.4136141339916467 0.7738176179545955 -0.24057176153085932
v 0.37514648678647955 0.7931806043684791 -0.24057176153085932
v 0.33577507883569235 0.8106327492320234 -0.24057176153085932
v 0.2955947593095666 0.8261320087996249 -0.24057176153085932
v 0.254702326117221 0.8396410439974101 -0.24057176153085932
v 0.21319629271197027 0.851127310376336 -0.24057176153085932
v 0.1711766507637865 0.8605631365146178 -0.24057176153085932
v 0.12874462927060892 0.8679257906806074 -0.24057176153085932
v 0.08600245068882095 0.8731975355955266 -0.24057176153085932
v 0.043053084670398416 0.8763656711641252 -0.24057176153085932
v 5.3726636790651524e-17 0.8774225650703223 -0.24057176153085932
v -0.04305308467039831 0.8763656711641252 -0.24057176153085932
v -0.08600245068882084 0.8731975355955267 -0.24057176153085932
v -0.1287446292706088 0.8679257906806074 -0.24057176153085932
v -0.17117665076378638 0.8605631365146178 -0.24057176153085932
v -0.2131962927119702 0.851127310376336 -0.24057176153085932
v -0.2547023261172208 0.8396410439974102 -0.24057176153085932
v -0.29559475930956647 0.8261320087996249 -0.24057176153085932
v -0.33577507883569224 0.8106327492320234 -0.24057176153085932
v -0.3751464867864792 0.7931806043684793 -0.24057176153085932
v -0.4136141339916466 0.7738176179545955 -0.24057176153085932
v -0.45108534851970833 0.7525904371206409 -0.24057176153085932
v -0.48746985893277583 0.7295502000045258 -0.24057176153085932
v -0.5226800117583579 0.7047524125555492 -0.24057176153085932
v -0.5566309826542516 0.6782568148157055 -0.24057176153085932
v -0.5892409807578157 0.6501272370006902 -0.24057176153085932
v -0.6204314457273197 0.6204314457273197 -0.24057176153085932
v -0.65012723700069 0.5892409807578158 -0.24057176153085932
v -0.6782568148157054 0.5566309826542517 -0.24057176153085932
v -0.7047524125555491 0.522680011758358 -0.24057176153085932
v -0.7295502000045258 0.48746985893277606 -0.24057176153085932
v -0.7525904371206408 0.45108534851970844 -0.24057176153085932
v -0.7738176179545955 0.4136141339916467 -0.24057176153085932
v -0.7931806043684791 0.3751464867864794 -0.24057176153085932
v -0.8106327492320234 0.3357750788356924 -0.24057176153085932
v -0.8261320087996248 0.2955947593095668 -0.24057176153085932
v -0.8396410439974101 0.25470232611722105 -0.24057176153085932
v -0.851127310376336 0.21319629271197035 -0.24057176153085932
v -0.8605631365146178 0.17117665076378674 -0.24057176153085932
v -0.8679257906806074 0.12874462927060895 -0.24057176153085932
v -0.8731975355955266 0.086002450688821 -0.24057176153085932
v -0.8763656711641252 0.04305308467039828 -0.24057176153085932
v -0.8774225650703223 1.0745327358130305e-16 -0.24057176153085932
v -0.8763656711641252 -0.04305308467039806 -0.24057176153085932
v -0.8731975355955267 -0.0860024506888208 -0.24057176153085932
v -0.8679257906806074 -0.12874462927060876 -0.24057176153085932
v -0.8605631365146178 -0.17117665076378652 -0.24057176153085932
v -0.851127310376336 -0.21319629271197013 -0.24057176153085932
v -0.8396410439974102 -0.2547023261172208 -0.24057176153085932
v -0.8261320087996249 -0.2955947593095666 -0.24057176153085932
v -0.8106327492320236 -0.3357750788356922 -0.24057176153085932
v -0.7931806043684793 -0.3751464867864792 -0.24057176153085932
v -0.7738176179545955 -0.41361413399164654 -0.24057176153085932
v -0.752590437120641 -0.4510853485197082 -0.24057176153085932
v -0.7295502000045259 -0.48746985893277583 -0.24057176153085932
v -0.7047524125555492 -0.5226800117583578 -0.24057176153085932
v -0.6782568148157055 -0.5566309826542515 -0.24057176153085932
v -0.6501272370006902 -0.5892409807578157 -0.24057176153085932
v -0.6204314457273198 -0.6204314457273197 -0.24057176153085932
v -0.589240980757816 -0.65012723700069 -0.24057176153085932
v -0.556630982654252 -0.6782568148157052 -0.24057176153085932
v -0.5226800117583577 -0.7047524125555493 -0.24057176153085932
v -0.48746985893277606 -0.7295502000045256 -0.24057176153085932
v -0.45108534851970844 -0.7525904371206408 -0.24057176153085932
v -0.41361413399164676 -0.7738176179545955 -0.24057176153085932
v -0.37514648678647977 -0.7931806043684789 -0.24057176153085932
v -0.3357750788356928 -0.8106327492320233 -0.24057176153085932
v -0.29559475930956647 -0.8261320087996249 -0.24057176153085932
v -0.2547023261172211 -0.8396410439974101 -0.24057176153085932
v -0.21319629271197038 -0.851127310376336 -0.24057176153085932
v -0.1711766507637868 -0.8605631365146177 -0.24057176153085932
v -0.1287446292706094 -0.8679257906806074 -0.24057176153085932
v -0.08600245068882068 -0.8731975355955267 -0.24057176153085932
v -0.04305308467039833 -0.8763656711641252 -0.24057176153085932
v -1.6117991037195455e-16 -0.8774225650703223 -0.24057176153085932
v 0.043053084670398006 -0.8763656711641252 -0.24057176153085932
v 0.08600245068882036 -0.8731975355955267 -0.24057176153085932
v 0.1287446292706091 -0.8679257906806074 -0.24057176153085932
v 0.17117665076378646 -0.8605631365146178 -0.24057176153085932
v 0.21319629271197008 -0.851127310376336 -0.24057176153085932
v 0.25470232611722077 -0.8396410439974102 -0.24057176153085932
v 0.2955947593095662 -0.826132008799625 -0.24057176153085932
v 0.33577507883569246 -0.8106327492320233 -0.24057176153085932
v 0.3751464867864795 -0.7931806043684791 -0.24057176153085932
v 0.4136141339916465 -0.7738176179545955 -0.24057176153085932
v 0.4510853485197082 -0.752590437120641 -0.24057176153085932
v 0.4874698589327757 -0.7295502000045259 -0.24057176153085932
v 0.5226800117583574 -0.7047524125555494 -0.24057176153085932
v 0.5566309826542518 -0.6782568148157054 -0.24057176153085932
v 0.5892409807578157 -0.6501272370006902 -0.24057176153085932
v 0.6204314457273196 -0.6204314457273198 -0.24057176153085932
v 0.6501272370006899 -0.589240980757816 -0.24057176153085932
v 0.6782568148157052 -0.5566309826542521 -0.24057176153085932
v 0.7047524125555493 -0.5226800117583578 -0.24057176153085932
v 0.7295502000045256 -0.48746985893277606 -0.24057176153085932
v 0.7525904371206408 -0.4510853485197085 -0.24057176153085932
v 0.7738176179545954 -0.4136141339916468 -0.24057176153085932
v 0.7931806043684789 -0.3751464867864798 -0.24057176153085932
v 0.8106327492320233 -0.33577507883569285 -0.24057176153085932
v 0.8261320087996249 -0.2955947593095665 -0.24057176153085932
v 0.8396410439974101 -0.25470232611722116 -0.24057176153085932
v 0.851127310376336 -0.21319629271197044 -0.24057176153085932
v 0.8605631365146177 -0.17117665076378685 -0.24057176153085932
v 0.8679257906806074 -0.12874462927060948 -0.24057176153085932
v 0.8731975355955267 -0.08600245068882072 -0.24057176153085932
v 0.8763656711641252 -0.04305308467039839 -0.24057176153085932
v 0.8774225650703223 -2.149065471626061e-16 -0.24057176153085932
v 0.9165654115187641 0.0 -0.2567852593996915
v 0.9154613683397657 0.044973733112178595 -0.2567852593996915
v 0.912151898539491 0.08983912056205617 -0.2567852593996915
v 0.9066449749205644 0.13448807770152216 -0.2567852593996915
v 0.8989538641443334 0.17881304128204079 -0.2567852593996915
v 0.8890970947703197 0.2227072285839384 -0.2567852593996915
v 0.8770984126192963 0.2660648946653279 -0.2567852593996915
v 0.8629867235675256 0.3087815871109363 -0.2567852593996915
v 0.846796023909971 0.3507543976671217 -0.2567852593996915
v 0.8285653184602455 0.39188221015687014 -0.2567852593996915
v 0.8083385265845988 0.4320659440775231 -0.2567852593996915
v 0.786164376396317 0.47120879329438614 -0.2567852593996915
v 0.7620962873654297 0.5092164592551873 -0.2567852593996915
v 0.7361922416265281 0.5459973781635488 -0.2567852593996915
v 0.7085146442947234 0.581462941564192 -0.2567852593996915
v 0.6791301731262596 0.6155277098084685 -0.2567852593996915
v 0.6481096178859567 0.6481096178859566 -0.2567852593996915
v 0.6155277098084685 0.6791301731262595 -0.2567852593996915
v 0.581462941564192 0.7085146442947234 -0.2567852593996915
v 0.5459973781635489 0.736192241626528 -0.2567852593996915
v 0.5092164592551874 0.7620962873654297 -0.2567852593996915
v 0.47120879329438614 0.786164376396317 -0.2567852593996915
v 0.43206594407752325 0.8083385265845987 -0.2567852593996915
v 0.39188221015687025 0.8285653184602455 -0.2567852593996915
v 0.3507543976671217 0.846796023909971 -0.2567852593996915
v 0.3087815871109363 0.8629867235675256 -0.2567852593996915
v 0.2660648946653279 0.8770984126192963 -0.2567852593996915
v 0.2227072285839385 0.8890970947703197 -0.2567852593996915
v 0.17881304128204087 0.8989538641443334 -0.2567852593996915
v 0.13448807770152216 0.9066449749205644 -0.2567852593996915
v 0.08983912056205633 0.9121518985394909 -0.2567852593996915
v 0.04497373311217869 0.9154613683397657 -0.2567852593996915
v 5.612344487128155e-17 0.9165654115187641 -0.2567852593996915
v -0.04497373311217859 0.9154613683397657 -0.2567852593996915
v -0.0898391205620562 0.912151898539491 -0.2567852593996915
v -0.13448807770152205 0.9066449749205644 -0.2567852593996915
v -0.17881304128204076 0.8989538641443334 -0.2567852593996915
v -0.2227072285839384 0.8890970947703197 -0.2567852593996915
v -0.26606489466532773 0.8770984126192964 -0.2567852593996915
v -0.3087815871109362 0.8629867235675256 -0.2567852593996915
v -0.35075439766712163 0.846796023909971 -0.2567852593996915
v -0.39188221015686997 0.8285653184602456 -0.2567852593996915
v -0.43206594407752313 0.8083385265845988 -0.2567852593996915
v -0.47120879329438614 0.786164376396317 -0.2567852593996915
v -0.5092164592551871 0.7620962873654298 -0.2567852593996915
v -0.5459973781635488 0.7361922416265281 -0.2567852593996915
v -0.5814629415641919 0.7085146442947236 -0.2567852593996915
v -0.6155277098084686 0.6791301731262595 -0.2567852593996915
v -0.6481096178859566 0.6481096178859567 -0.2567852593996915
v -0.6791301731262592 0.6155277098084687 -0.2567852593996915
v -0.7085146442947234 0.581462941564192 -0.2567852593996915
v -0.736192241626528 0.5459973781635489 -0.2567852593996915
v -0.7620962873654298 0.5092164592551873 -0.2567852593996915
v -0.7861643763963169 0.47120879329438625 -0.2567852593996915
v -0.8083385265845987 0.4320659440775233 -0.2567852593996915
v -0.8285653184602455 0.3918822101568701 -0.2567852593996915
v -0.846796023909971 0.35075439766712174 -0.2567852593996915
v -0.8629867235675255 0.30878158711093656 -0.2567852593996915
v -0.8770984126192963 0.26606489466532796 -0.2567852593996915
v -0.8890970947703197 0.22270722858393857 -0.2567852593996915
v -0.8989538641443334 0.17881304128204112 -0.2567852593996915
v -0.9066449749205644 0.1344880777015222 -0.2567852593996915
v -0.9121518985394909 0.08983912056205637 -0.2567852593996915
v -0.9154613683397657 0.044973733112178546 -0.2567852593996915
v -0.9165654115187641 1.122468897425631e-16 -0.2567852593996915
v -0.9154613683397657 -0.044973733112178324 -0.2567852593996915
v -0.912151898539491 -0.08983912056205616 -0.2567852593996915
v -0.9066449749205644 -0.134488077701522 -0.2567852593996915
v -0.8989538641443334 -0.1788130412820409 -0.2567852593996915
v -0.8890970947703197 -0.22270722858393835 -0.2567852593996915
v -0.8770984126192964 -0.2660648946653277 -0.2567852593996915
v -0.8629867235675256 -0.3087815871109363 -0.2567852593996915
v -0.8467960239099711 -0.3507543976671216 -0.2567852593996915
v -0.8285653184602456 -0.3918822101568699 -0.2567852593996915
v -0.8083385265845988 -0.4320659440775231 -0.2567852593996915
v -0.7861643763963171 -0.47120879329438603 -0.2567852593996915
v -0.7620962873654299 -0.5092164592551871 -0.2567852593996915
v -0.7361922416265281 -0.5459973781635487 -0.2567852593996915
v -0.7085146442947236 -0.5814629415641918 -0.2567852593996915
v -0.6791301731262595 -0.6155277098084686 -0.2567852593996915
v -0.6481096178859568 -0.6481096178859566 -0.2567852593996915
v -0.6155277098084688 -0.6791301731262592 -0.2567852593996915
v -0.5814629415641923 -0.7085146442947232 -0.2567852593996915
v -0.5459973781635485 -0.7361922416265282 -0.2567852593996915
v -0.5092164592551873 -0.7620962873654297 -0.2567852593996915
v -0.47120879329438625 -0.7861643763963169 -0.2567852593996915
v -0.43206594407752336 -0.8083385265845987 -0.2567852593996915
v -0.3918822101568705 -0.8285653184602454 -0.2567852593996915
v -0.3507543976671222 -0.8467960239099708 -0.2567852593996915
v -0.3087815871109362 -0.8629867235675256 -0.2567852593996915
v -0.266064894665328 -0.8770984126192963 -0.2567852593996915
v -0.22270722858393863 -0.8890970947703197 -0.2567852593996915
v -0.17881304128204117 -0.8989538641443333 -0.2567852593996915
v -0.13448807770152266 -0.9066449749205643 -0.2567852593996915
v -0.08983912056205602 -0.912151898539491 -0.2567852593996915
v -0.0449737331121786 -0.9154613683397657 -0.2567852593996915
v -1.6837033461384465e-16 -0.9165654115187641 -0.2567852593996915
v 0.04497373311217827 -0.9154613683397657 -0.2567852593996915
v 0.0898391205620557 -0.912151898539491 -0.2567852593996915
v 0.13448807770152232 -0.9066449749205643 -0.2567852593996915
v 0.17881304128204084 -0.8989538641443334 -0.2567852593996915
v 0.2227072285839383 -0.8890970947703197 -0.2567852593996915
v 0.2660648946653276 -0.8770984126192964 -0.2567852593996915
v 0.3087815871109359 -0.8629867235675257 -0.2567852593996915
v 0.35075439766712185 -0.8467960239099709 -0.2567852593996915
v 0.3918822101568702 -0.8285653184602455 -0.2567852593996915
v 0.432065944077523 -0.8083385265845988 -0.2567852593996915
v 0.47120879329438603 -0.7861643763963171 -0.2567852593996915
v 0.5092164592551871 -0.7620962873654299 -0.2567852593996915
v 0.5459973781635483 -0.7361922416265283 -0.2567852593996915
v 0.5814629415641921 -0.7085146442947233 -0.2567852593996915
v 0.6155277098084686 -0.6791301731262595 -0.2567852593996915
v 0.6481096178859564 -0.6481096178859568 -0.2567852593996915
v 0.6791301731262592 -0.6155277098084688 -0.2567852593996915
v 0.7085146442947232 -0.5814629415641924 -0.2567852593996915
v 0.7361922416265282 -0.5459973781635487 -0.2567852593996915
v 0.7620962873654297 -0.5092164592551873 -0.2567852593996915
v 0.7861643763963169 -0.47120879329438636 -0.2567852593996915
v 0.8083385265845986 -0.4320659440775234 -0.2567852593996915
v 0.8285653184602454 -0.3918822101568706 -0.2567852593996915
v 0.8467960239099708 -0.35075439766712224 -0.2567852593996915
v 0.8629867235675256 -0.30878158711093623 -0.2567852593996915
v 0.8770984126192963 -0.26606489466532807 -0.2567852593996915
v 0.8890970947703197 -0.22270722858393868 -0.2567852593996915
v 0.8989538641443333 -0.17881304128204123 -0.2567852593996915
v 0.9066449749205643 -0.13448807770152274 -0.2567852593996915
v 0.912151898539491 -0.08983912056205608 -0.2567852593996915
v 0.9154613683397657 -0.044973733112178664 -0.2567852593996915
v 0.9165654115187641 -2.244937794851262e-16 -0.2567852593996915
v 0.9577626944391376 0.0 -0.26667585196068716
v 0.9566090273286336 0.04699518797368998 -0.26667585196068716
v 0.95315080528224 0.09387716042325903 -0.26667585196068716
v 0.9473963594597712 0.14053297457070033 -0.26667585196068716
v 0.9393595528252431 0.186850232473166 -0.26667585196068716
v 0.9290597467497798 0.2327173517994564 -0.26667585196068716
v 0.9165217543683734 0.2780238346416293 -0.26667585196068716
v 0.901775780802869 0.3226605337141387 -0.26667585196068716
v 0.8848573503951809 0.36651991529920586 -0.26667585196068716
v 0.8658072211260405 0.4094963183049642 -0.26667585196068716
v 0.8446712864254515 0.4514862088122846 -0.26667585196068716
v 0.8215004646113969 0.4923884294970547 -0.26667585196068716
v 0.7963505762231509 0.5321044433270338 -0.26667585196068716
v 0.7692822095447109 0.5705385709461933 -0.26667585196068716
v 0.7403605746423143 0.6075982211746667 -0.26667585196068716
v 0.709655346267677 0.6431941140690115 -0.26667585196068716
v 0.6772404960054135 0.6772404960054134 -0.26667585196068716
v 0.6431941140690115 0.7096553462676769 -0.26667585196068716
v 0.6075982211746667 0.7403605746423143 -0.26667585196068716
v 0.5705385709461933 0.7692822095447108 -0.26667585196068716
v 0.5321044433270339 0.7963505762231509 -0.26667585196068716
v 0.4923884294970547 0.8215004646113969 -0.26667585196068716
v 0.45148620881228474 0.8446712864254514 -0.26667585196068716
v 0.4094963183049643 0.8658072211260405 -0.26667585196068716
v 0.3665199152992059 0.8848573503951809 -0.26667585196068716
v 0.3226605337141387 0.901775780802869 -0.26667585196068716
v 0.2780238346416293 0.9165217543683734 -0.26667585196068716
v 0.23271735179945652 0.9290597467497798 -0.26667585196068716
v 0.1868502324731661 0.9393595528252431 -0.26667585196068716
v 0.14053297457070033 0.9473963594597712 -0.26667585196068716
v 0.09387716042325919 0.9531508052822399 -0.26667585196068716
v 0.04699518797369009 0.9566090273286336 -0.26667585196068716
v 5.864605090438172e-17 0.9577626944391376 -0.26667585196068716
v -0.04699518797368997 0.9566090273286336 -0.26667585196068716
v -0.09387716042325907 0.95315080528224 -0.26667585196068716
v -0.14053297457070021 0.9473963594597712 -0.26667585196068716
v -0.18685023247316596 0.9393595528252431 -0.26667585196068716
v -0.2327173517994564 0.9290597467497798 -0.26667585196068716
v -0.2780238346416291 0.9165217543683735 -0.26667585196068716
v -0.3226605337141386 0.901775780802869 -0.26667585196068716
v -0.3665199152992058 0.8848573503951809 -0.26667585196068716
v -0.40949631830496397 0.8658072211260406 -0.26667585196068716
v -0.45148620881228463 0.8446712864254515 -0.26667585196068716
v -0.4923884294970547 0.8215004646113969 -0.26667585196068716
v -0.5321044433270335 0.796350576223151 -0.26667585196068716
v -0.5705385709461933 0.7692822095447109 -0.26667585196068716
v -0.6075982211746666 0.7403605746423144 -0.26667585196068716
v -0.6431941140690115 0.7096553462676769 -0.26667585196068716
v -0.6772404960054134 0.6772404960054135 -0.26667585196068716
v -0.7096553462676767 0.6431941140690116 -0.26667585196068716
v -0.7403605746423143 0.6075982211746667 -0.26667585196068716
v -0.7692822095447108 0.5705385709461933 -0.26667585196068716
v -0.796350576223151 0.5321044433270338 -0.26667585196068716
v -0.8215004646113968 0.4923884294970548 -0.26667585196068716
v -0.8446712864254514 0.4514862088122848 -0.26667585196068716
v -0.8658072211260405 0.40949631830496414 -0.26667585196068716
v -0.8848573503951809 0.36651991529920597 -0.26667585196068716
v -0.9017757808028689 0.322660533714139 -0.26667585196068716
v -0.9165217543683734 0.27802383464162933 -0.26667585196068716
v -0.9290597467497798 0.2327173517994566 -0.26667585196068716
v -0.9393595528252431 0.18685023247316634 -0.26667585196068716
v -0.9473963594597712 0.14053297457070038 -0.26667585196068716
v -0.9531508052822399 0.09387716042325923 -0.26667585196068716
v -0.9566090273286336 0.046995187973689935 -0.26667585196068716
v -0.9577626944391376 1.1729210180876344e-16 -0.26667585196068716
v -0.9566090273286336 -0.0469951879736897 -0.26667585196068716
v -0.95315080528224 -0.09387716042325901 -0.26667585196068716
v -0.9473963594597712 -0.14053297457070016 -0.26667585196068716
v -0.9393595528252431 -0.18685023247316612 -0.26667585196068716
v -0.9290597467497798 -0.23271735179945635 -0.26667585196068716
v -0.9165217543683735 -0.2780238346416291 -0.26667585196068716
v -0.901775780802869 -0.3226605337141387 -0.26667585196068716
v -0.884857350395181 -0.3665199152992058 -0.26667585196068716
v -0.8658072211260406 -0.4094963183049639 -0.26667585196068716
v -0.8446712864254515 -0.4514862088122846 -0.26667585196068716
v -0.821500464611397 -0.4923884294970546 -0.26667585196068716
v -0.7963505762231511 -0.5321044433270335 -0.26667585196068716
v -0.7692822095447109 -0.5705385709461932 -0.26667585196068716
v -0.7403605746423144 -0.6075982211746664 -0.26667585196068716
v -0.7096553462676769 -0.6431941140690115 -0.26667585196068716
v -0.6772404960054136 -0.6772404960054134 -0.26667585196068716
v -0.6431941140690117 -0.7096553462676767 -0.26667585196068716
v -0.6075982211746669 -0.740360574642314 -0.26667585196068716
v -0.5705385709461931 -0.769282209544711 -0.26667585196068716
v -0.5321044433270338 -0.7963505762231509 -0.26667585196068716
v -0.4923884294970548 -0.8215004646113968 -0.26667585196068716
v -0.45148620881228485 -0.8446712864254514 -0.26667585196068716
v -0.4094963183049646 -0.8658072211260402 -0.26667585196068716
v -0.3665199152992064 -0.8848573503951807 -0.26667585196068716
v -0.3226605337141386 -0.901775780802869 -0.26667585196068716
v -0.2780238346416294 -0.9165217543683734 -0.26667585196068716
v -0.23271735179945666 -0.9290597467497798 -0.26667585196068716
v -0.1868502324731664 -0.939359552825243 -0.26667585196068716
v -0.14053297457070085 -0.9473963594597711 -0.26667585196068716
v -0.09387716042325889 -0.95315080528224 -0.26667585196068716
v -0.04699518797368999 -0.9566090273286336 -0.26667585196068716
v -1.7593815271314516e-16 -0.9577626944391376 -0.26667585196068716
v 0.04699518797368964 -0.9566090273286336 -0.26667585196068716
v 0.09387716042325854 -0.95315080528224 -0.26667585196068716
v 0.14053297457070052 -0.9473963594597711 -0.26667585196068716
v 0.18685023247316607 -0.9393595528252431 -0.26667585196068716
v 0.2327173517994563 -0.9290597467497798 -0.26667585196068716
v 0.27802383464162905 -0.9165217543683735 -0.26667585196068716
v 0.32266053371413833 -0.9017757808028691 -0.26667585196068716
v 0.3665199152992061 -0.8848573503951808 -0.26667585196068716
v 0.40949631830496425 -0.8658072211260405 -0.26667585196068716
v 0.4514862088122845 -0.8446712864254515 -0.26667585196068716
v 0.4923884294970546 -0.821500464611397 -0.26667585196068716
v 0.5321044433270334 -0.7963505762231511 -0.26667585196068716
v 0.5705385709461929 -0.7692822095447113 -0.26667585196068716
v 0.6075982211746667 -0.7403605746423142 -0.26667585196068716
v 0.6431941140690115 -0.7096553462676769 -0.26667585196068716
v 0.6772404960054134 -0.6772404960054136 -0.26667585196068716
v 0.7096553462676766 -0.6431941140690117 -0.26667585196068716
v 0.740360574642314 -0.607598221174667 -0.26667585196068716
v 0.769282209544711 -0.5705385709461932 -0.26667585196068716
v 0.7963505762231509 -0.5321044433270338 -0.26667585196068716
v 0.8215004646113968 -0.4923884294970549 -0.26667585196068716
v 0.8446712864254513 -0.4514862088122849 -0.26667585196068716
v 0.8658072211260402 -0.40949631830496463 -0.26667585196068716
v 0.8848573503951807 -0.36651991529920647 -0.26667585196068716
v 0.901775780802869 -0.32266053371413866 -0.26667585196068716
v 0.9165217543683734 -0.27802383464162944 -0.26667585196068716
v 0.9290597467497798 -0.2327173517994567 -0.26667585196068716
v 0.939359552825243 -0.18685023247316646 -0.26667585196068716
v 0.9473963594597711 -0.14053297457070094 -0.26667585196068716
v 0.95315080528224 -0.09387716042325893 -0.26667585196068716
v 0.9566090273286336 -0.04699518797369005 -0.26667585196068716
v 0.9577626944391376 -2.3458420361752687e-16 -0.26667585196068716
v 1.0 0.0 -0.27
v 0.9987954562051724 0.049067674327418015 -0.27
v 0.9951847266721969 0.0980171403295606 -0.27
v 0.989176509964781 0.14673047445536175 -0.27
v 0.9807852804032304 0.19509032201612825 -0.27
v 0.970031253194544 0.24298017990326387 -0.27
v 0.9569403357322088 0.29028467725446233 -0.27
v 0.9415440651830208 0.33688985339222005 -0.27
v 0.9238795325112867 0.3826834323650898 -0.27
v 0.9039892931234433 0.4275550934302821 -0.27
v 0.881921264348355 0.47139673682599764 -0.27
v 0.8577286100002721 0.5141027441932217 -0.27
v 0.8314696123025452 0.5555702330196022 -0.27
v 0.8032075314806449 0.5956993044924334 -0.27
v 0.773010453362737 0.6343932841636455 -0.27
v 0.7409511253549592 0.6715589548470183 -0.27
v 0.7071067811865476 0.7071067811865475 -0.27
v 0.6715589548470183 0.7409511253549591 -0.27
v 0.6343932841636455 0.773010453362737 -0.27
v 0.5956993044924335 0.8032075314806448 -0.27
v 0.5555702330196023 0.8314696123025452 -0.27
v 0.5141027441932217 0.8577286100002721 -0.27
v 0.4713967368259978 0.8819212643483549 -0.27
v 0.4275550934302822 0.9039892931234433 -0.27
v 0.38268343236508984 0.9238795325112867 -0.27
v 0.33688985339222005 0.9415440651830208 -0.27
v 0.29028467725446233 0.9569403357322088 -0.27
v 0.24298017990326398 0.970031253194544 -0.27
v 0.19509032201612833 0.9807852804032304 -0.27
v 0.14673047445536175 0.989176509964781 -0.27
v 0.09801714032956077 0.9951847266721968 -0.27
v 0.049067674327418126 0.9987954562051724 -0.27
v 6.123233995736766e-17 1.0 -0.27
v -0.04906767432741801 0.9987954562051724 -0.27
v -0.09801714032956065 0.9951847266721969 -0.27
v -0.14673047445536164 0.989176509964781 -0.27
v -0.1950903220161282 0.9807852804032304 -0.27
v -0.24298017990326387 0.970031253194544 -0.27
v -0.29028467725446216 0.9569403357322089 -0.27
v -0.33688985339221994 0.9415440651830208 -0.27
v -0.3826834323650897 0.9238795325112867 -0.27
v -0.42755509343028186 0.9039892931234434 -0.27
v -0.4713967368259977 0.881921264348355 -0.27
v -0.5141027441932217 0.8577286100002721 -0.27
v -0.555570233019602 0.8314696123025453 -0.27
v -0.5956993044924334 0.8032075314806449 -0.27
v -0.6343932841636454 0.7730104533627371 -0.27
v -0.6715589548470184 0.7409511253549591 -0.27
v -0.7071067811865475 0.7071067811865476 -0.27
v -0.7409511253549589 0.6715589548470186 -0.27
v -0.773010453362737 0.6343932841636455 -0.27
v -0.8032075314806448 0.5956993044924335 -0.27
v -0.8314696123025453 0.5555702330196022 -0.27
v -0.857728610000272 0.5141027441932218 -0.27
v -0.8819212643483549 0.47139673682599786 -0.27
v -0.9039892931234433 0.42755509343028203 -0.27
v -0.9238795325112867 0.3826834323650899 -0.27
v -0.9415440651830207 0.33688985339222033 -0.27
v -0.9569403357322088 0.2902846772544624 -0.27
v -0.970031253194544 0.24298017990326407 -0.27
v -0.9807852804032304 0.1950903220161286 -0.27
v -0.989176509964781 0.1467304744553618 -0.27
v -0.9951847266721968 0.09801714032956083 -0.27
v -0.9987954562051724 0.049067674327417966 -0.27
v -1.0 1.2246467991473532e-16 -0.27
v -0.9987954562051724 -0.049067674327417724 -0.27
v -0.9951847266721969 -0.09801714032956059 -0.27
v -0.989176509964781 -0.14673047445536158 -0.27
v -0.9807852804032304 -0.19509032201612836 -0.27
v -0.970031253194544 -0.24298017990326382 -0.27
v -0.9569403357322089 -0.2902846772544621 -0.27
v -0.9415440651830208 -0.33688985339222005 -0.27
v -0.9238795325112868 -0.38268343236508967 -0.27
v -0.9039892931234434 -0.4275550934302818 -0.27
v -0.881921264348355 -0.47139673682599764 -0.27
v -0.8577286100002722 -0.5141027441932216 -0.27
v -0.8314696123025455 -0.555570233019602 -0.27
v -0.8032075314806449 -0.5956993044924332 -0.27
v -0.7730104533627371 -0.6343932841636453 -0.27
v -0.7409511253549591 -0.6715589548470184 -0.27
v -0.7071067811865477 -0.7071067811865475 -0.27
v -0.6715589548470187 -0.7409511253549589 -0.27
v -0.6343932841636458 -0.7730104533627367 -0.27
v -0.5956993044924331 -0.803207531480645 -0.27
v -0.5555702330196022 -0.8314696123025452 -0.27
v -0.5141027441932218 -0.857728610000272 -0.27
v -0.4713967368259979 -0.8819212643483549 -0.27
v -0.4275550934302825 -0.9039892931234431 -0.27
v -0.38268343236509034 -0.9238795325112865 -0.27
v -0.33688985339221994 -0.9415440651830208 -0.27
v -0.29028467725446244 -0.9569403357322088 -0.27
v -0.24298017990326412 -0.970031253194544 -0.27
v -0.19509032201612866 -0.9807852804032303 -0.27
v -0.1467304744553623 -0.9891765099647809 -0.27
v -0.09801714032956045 -0.9951847266721969 -0.27
v -0.04906767432741803 -0.9987954562051724 -0.27
v -1.8369701987210297e-16 -1.0 -0.27
v 0.04906767432741766 -0.9987954562051724 -0.27
v 0.09801714032956009 -0.9951847266721969 -0.27
v 0.14673047445536194 -0.9891765099647809 -0.27
v 0.1950903220161283 -0.9807852804032304 -0.27
v 0.24298017990326376 -0.970031253194544 -0.27
v 0.29028467725446205 -0.9569403357322089 -0.27
v 0.3368898533922196 -0.9415440651830209 -0.27
v 0.38268343236509 -0.9238795325112866 -0.27
v 0.42755509343028214 -0.9039892931234433 -0.27
v 0.4713967368259976 -0.881921264348355 -0.27
v 0.5141027441932216 -0.8577286100002722 -0.27
v 0.5555702330196018 -0.8314696123025455 -0.27
v 0.5956993044924329 -0.8032075314806453 -0.27
v 0.6343932841636456 -0.7730104533627369 -0.27
v 0.6715589548470184 -0.7409511253549591 -0.27
v 0.7071067811865474 -0.7071067811865477 -0.27
v 0.7409511253549588 -0.6715589548470187 -0.27
v 0.7730104533627367 -0.6343932841636459 -0.27
v 0.803207531480645 -0.5956993044924332 -0.27
v 0.8314696123025452 -0.5555702330196022 -0.27
v 0.857728610000272 -0.5141027441932219 -0.27
v 0.8819212643483548 -0.471396736825998 -0.27
v 0.9039892931234431 -0.42755509343028253 -0.27
v 0.9238795325112865 -0.3826834323650904 -0.27
v 0.9415440651830208 -0.33688985339222 -0.27
v 0.9569403357322088 -0.2902846772544625 -0.27
v 0.970031253194544 -0.24298017990326418 -0.27
v 0.9807852804032303 -0.19509032201612872 -0.27
v 0.9891765099647809 -0.1467304744553624 -0.27
v 0.9951847266721969 -0.0980171403295605 -0.27
v 0.9987954562051724 -0.04906767432741809 -0.27
v 1.0 -2.4492935982947064e-16 -0.27
v 1.0422373055608622 0.0 -0.2666758519606872
v 1.0409818850817112 0.051140160681146046 -0.2666758519606872
v 1.0372186480621537 0.10215712023586217 -0.2666758519606872
v 1.0309566604697908 0.15292797434002314 -0.2666758519606872
v 1.0222110079812177 0.20333041155909046 -0.2666758519606872
v 1.011002759639308 0.25324300800707134 -0.2666758519606872
v 0.9973589170960442 0.30254551986729533 -0.2666758519606872
v 0.9813123495631725 0.3511191730703013 -0.2666758519606872
v 0.9629017146273925 0.39884694943097365 -0.2666758519606872
v 0.9421713651208461 0.4456138685555999 -0.2666758519606872
v 0.9191712422712585 0.49130726483971066 -0.2666758519606872
v 0.8939567553891472 0.5358170588893886 -0.2666758519606872
v 0.8665886483819395 0.5790360227121706 -0.2666758519606872
v 0.8371328534165788 0.6208600380386734 -0.2666758519606872
v 0.8056603320831596 0.6611883471526243 -0.2666758519606872
v 0.7722469044422414 0.6999237956250252 -0.2666758519606872
v 0.7369730663676816 0.7369730663676815 -0.2666758519606872
v 0.6999237956250252 0.7722469044422413 -0.2666758519606872
v 0.6611883471526243 0.8056603320831596 -0.2666758519606872
v 0.6208600380386735 0.8371328534165787 -0.2666758519606872
v 0.5790360227121707 0.8665886483819395 -0.2666758519606872
v 0.5358170588893886 0.8939567553891472 -0.2666758519606872
v 0.4913072648397108 0.9191712422712583 -0.2666758519606872
v 0.44561386855560003 0.9421713651208461 -0.2666758519606872
v 0.3988469494309737 0.9629017146273925 -0.2666758519606872
v 0.3511191730703013 0.9813123495631725 -0.2666758519606872
v 0.30254551986729533 0.9973589170960442 -0.2666758519606872
v 0.25324300800707145 1.011002759639308 -0.2666758519606872
v 0.20333041155909057 1.0222110079812177 -0.2666758519606872
v 0.15292797434002314 1.0309566604697908 -0.2666758519606872
v 0.10215712023586235 1.0372186480621535 -0.2666758519606872
v 0.051140160681146164 1.0409818850817112 -0.2666758519606872
v 6.381862901035359e-17 1.0422373055608622 -0.2666758519606872
v -0.05114016068114604 1.0409818850817112 -0.2666758519606872
v -0.10215712023586221 1.0372186480621537 -0.2666758519606872
v -0.15292797434002303 1.0309566604697908 -0.2666758519606872
v -0.2033304115590904 1.0222110079812177 -0.2666758519606872
v -0.25324300800707134 1.011002759639308 -0.2666758519606872
v -0.30254551986729517 0.9973589170960444 -0.2666758519606872
v -0.3511191730703012 0.9813123495631725 -0.2666758519606872
v -0.3988469494309736 0.9629017146273925 -0.2666758519606872
v -0.4456138685555997 0.9421713651208462 -0.2666758519606872
v -0.4913072648397107 0.9191712422712585 -0.2666758519606872
v -0.5358170588893886 0.8939567553891472 -0.2666758519606872
v -0.5790360227121704 0.8665886483819396 -0.2666758519606872
v -0.6208600380386734 0.8371328534165788 -0.2666758519606872
v -0.6611883471526242 0.8056603320831597 -0.2666758519606872
v -0.6999237956250253 0.7722469044422413 -0.2666758519606872
v -0.7369730663676815 0.7369730663676816 -0.2666758519606872
v -0.772246904442241 0.6999237956250254 -0.2666758519606872
v -0.8056603320831596 0.6611883471526243 -0.2666758519606872
v -0.8371328534165787 0.6208600380386735 -0.2666758519606872
v -0.8665886483819396 0.5790360227121706 -0.2666758519606872
v -0.8939567553891471 0.5358170588893887 -0.2666758519606872
v -0.9191712422712583 0.4913072648397109 -0.2666758519606872
v -0.9421713651208461 0.44561386855559987 -0.2666758519606872
v -0.9629017146273925 0.39884694943097376 -0.2666758519606872
v -0.9813123495631724 0.3511191730703016 -0.2666758519606872
v -0.9973589170960442 0.3025455198672954 -0.2666758519606872
v -1.011002759639308 0.2532430080070715 -0.2666758519606872
v -1.0222110079812177 0.20333041155909085 -0.2666758519606872
v -1.0309566604697908 0.15292797434002323 -0.2666758519606872
v -1.0372186480621535 0.1021571202358624 -0.2666758519606872
v -1.0409818850817112 0.051140160681146 -0.2666758519606872
v -1.0422373055608622 1.2763725802070718e-16 -0.2666758519606872
v -1.0409818850817112 -0.05114016068114574 -0.2666758519606872
v -1.0372186480621537 -0.10215712023586215 -0.2666758519606872
v -1.0309566604697908 -0.15292797434002298 -0.2666758519606872
v -1.0222110079812177 -0.2033304115590906 -0.2666758519606872
v -1.011002759639308 -0.2532430080070712 -0.2666758519606872
v -0.9973589170960444 -0.3025455198672951 -0.2666758519606872
v -0.9813123495631725 -0.3511191730703013 -0.2666758519606872
v -0.9629017146273926 -0.39884694943097354 -0.2666758519606872
v -0.9421713651208462 -0.44561386855559965 -0.2666758519606872
v -0.9191712422712585 -0.49130726483971066 -0.2666758519606872
v -0.8939567553891474 -0.5358170588893885 -0.2666758519606872
v -0.8665886483819397 -0.5790360227121704 -0.2666758519606872
v -0.8371328534165788 -0.6208600380386733 -0.2666758519606872
v -0.8056603320831597 -0.6611883471526241 -0.2666758519606872
v -0.7722469044422413 -0.6999237956250253 -0.2666758519606872
v -0.7369730663676817 -0.7369730663676815 -0.2666758519606872
v -0.6999237956250255 -0.772246904442241 -0.2666758519606872
v -0.6611883471526246 -0.8056603320831592 -0.2666758519606872
v -0.6208600380386732 -0.837132853416579 -0.2666758519606872
v -0.5790360227121706 -0.8665886483819395 -0.2666758519606872
v -0.5358170588893887 -0.8939567553891471 -0.2666758519606872
v -0.49130726483971093 -0.9191712422712583 -0.2666758519606872
v -0.4456138685556003 -0.9421713651208459 -0.2666758519606872
v -0.3988469494309742 -0.9629017146273923 -0.2666758519606872
v -0.3511191730703012 -0.9813123495631725 -0.2666758519606872
v -0.30254551986729544 -0.9973589170960442 -0.2666758519606872
v -0.25324300800707156 -1.011002759639308 -0.2666758519606872
v -0.2033304115590909 -1.0222110079812174 -0.2666758519606872
v -0.15292797434002373 -1.0309566604697906 -0.2666758519606872
v -0.10215712023586201 -1.0372186480621537 -0.2666758519606872
v -0.05114016068114606 -1.0409818850817112 -0.2666758519606872
v -1.9145588703106076e-16 -1.0422373055608622 -0.2666758519606872
v 0.05114016068114568 -1.0409818850817112 -0.2666758519606872
v 0.10215712023586164 -1.0372186480621537 -0.2666758519606872
v 0.15292797434002336 -1.0309566604697906 -0.2666758519606872
v 0.2033304115590905 -1.0222110079812177 -0.2666758519606872
v 0.25324300800707117 -1.011002759639308 -0.2666758519606872
v 0.30254551986729505 -0.9973589170960444 -0.2666758519606872
v 0.3511191730703009 -0.9813123495631726 -0.2666758519606872
v 0.3988469494309739 -0.9629017146273924 -0.2666758519606872
v 0.4456138685556 -0.9421713651208461 -0.2666758519606872
v 0.4913072648397106 -0.9191712422712585 -0.2666758519606872
v 0.5358170588893885 -0.8939567553891474 -0.2666758519606872
v 0.5790360227121703 -0.8665886483819397 -0.2666758519606872
v 0.620860038038673 -0.8371328534165792 -0.2666758519606872
v 0.6611883471526244 -0.8056603320831595 -0.2666758519606872
v 0.6999237956250253 -0.7722469044422413 -0.2666758519606872
v 0.7369730663676813 -0.7369730663676817 -0.2666758519606872
v 0.7722469044422409 -0.6999237956250255 -0.2666758519606872
v 0.8056603320831592 -0.6611883471526248 -0.2666758519606872
v 0.837132853416579 -0.6208600380386733 -0.2666758519606872
v 0.8665886483819395 -0.5790360227121706 -0.2666758519606872
v 0.8939567553891471 -0.5358170588893888 -0.2666758519606872
v 0.9191712422712582 -0.49130726483971104 -0.2666758519606872
v 0.9421713651208459 -0.44561386855560037 -0.2666758519606872
v 0.9629017146273923 -0.39884694943097426 -0.2666758519606872
v 0.9813123495631725 -0.35111917307030127 -0.2666758519606872
v 0.9973589170960442 -0.3025455198672955 -0.2666758519606872
v 1.011002759639308 -0.2532430080070716 -0.2666758519606872
v 1.0222110079812174 -0.20333041155909096 -0.2666758519606872
v 1.0309566604697906 -0.1529279743400238 -0.2666758519606872
v 1.0372186480621537 -0.10215712023586207 -0.2666758519606872
v 1.0409818850817112 -0.05114016068114612 -0.2666758519606872
v 1.0422373055608622 -2.5527451604141436e-16 -0.2666758519606872
v 1.0834345884812357 0.0 -0.2567852593996915
v 1.0821295440705792 0.053161615542657435 -0.2567852593996915
v 1.0782175548049027 0.10619516009706503 -0.2567852593996915
v 1.0717080450089975 0.15897287120920134 -0.2567852593996915
v 1.0626166966621273 0.21136760275021568 -0.2567852593996915
v 1.050965411618768 0.2632531312225893 -0.2567852593996915
v 1.0367822588451212 0.3145044598435967 -0.2567852593996915
v 1.020101406798516 0.36499811967350376 -0.2567852593996915
v 1.0009630411126025 0.4146124670630579 -0.2567852593996915
v 0.9794132677866411 0.463227976703694 -0.2567852593996915
v 0.9555040021121112 0.5107275295744721 -0.2567852593996915
v 0.9292928436042271 0.5569966950920571 -0.2567852593996915
v 0.9008429372396607 0.6019240067840169 -0.2567852593996915
v 0.8702228213347618 0.6454012308213178 -0.2567852593996915
v 0.8375062624307504 0.6873236267630989 -0.2567852593996915
v 0.8027720775836588 0.7275901998855681 -0.2567852593996915
v 0.7661039444871384 0.7661039444871383 -0.2567852593996915
v 0.7275901998855681 0.8027720775836586 -0.2567852593996915
v 0.6873236267630989 0.8375062624307504 -0.2567852593996915
v 0.645401230821318 0.8702228213347616 -0.2567852593996915
v 0.601924006784017 0.9008429372396607 -0.2567852593996915
v 0.5569966950920571 0.9292928436042271 -0.2567852593996915
v 0.5107275295744723 0.9555040021121111 -0.2567852593996915
v 0.4632279767036941 0.9794132677866411 -0.2567852593996915
v 0.41461246706305793 1.0009630411126025 -0.2567852593996915
v 0.36499811967350376 1.020101406798516 -0.2567852593996915
v 0.3145044598435967 1.0367822588451212 -0.2567852593996915
v 0.2632531312225894 1.050965411618768 -0.2567852593996915
v 0.21136760275021577 1.0626166966621273 -0.2567852593996915
v 0.15897287120920134 1.0717080450089975 -0.2567852593996915
v 0.10619516009706521 1.0782175548049027 -0.2567852593996915
v 0.05316161554265755 1.0821295440705792 -0.2567852593996915
v 6.634123504345376e-17 1.0834345884812357 -0.2567852593996915
v -0.05316161554265743 1.0821295440705792 -0.2567852593996915
v -0.10619516009706507 1.0782175548049027 -0.2567852593996915
v -0.1589728712092012 1.0717080450089975 -0.2567852593996915
v -0.21136760275021563 1.0626166966621273 -0.2567852593996915
v -0.2632531312225893 1.050965411618768 -0.2567852593996915
v -0.31450445984359654 1.0367822588451214 -0.2567852593996915
v -0.36499811967350365 1.020101406798516 -0.2567852593996915
v -0.4146124670630578 1.0009630411126025 -0.2567852593996915
v -0.46322797670369376 0.9794132677866412 -0.2567852593996915
v -0.5107275295744722 0.9555040021121112 -0.2567852593996915
v -0.5569966950920571 0.9292928436042271 -0.2567852593996915
v -0.6019240067840167 0.9008429372396608 -0.2567852593996915
v -0.6454012308213178 0.8702228213347618 -0.2567852593996915
v -0.6873236267630988 0.8375062624307505 -0.2567852593996915
v -0.7275901998855682 0.8027720775836586 -0.2567852593996915
v -0.7661039444871383 0.7661039444871384 -0.2567852593996915
v -0.8027720775836584 0.7275901998855683 -0.2567852593996915
v -0.8375062624307504 0.6873236267630989 -0.2567852593996915
v -0.8702228213347616 0.645401230821318 -0.2567852593996915
v -0.9008429372396608 0.6019240067840169 -0.2567852593996915
v -0.929292843604227 0.5569966950920573 -0.2567852593996915
v -0.9555040021121111 0.5107275295744724 -0.2567852593996915
v -0.9794132677866411 0.4632279767036939 -0.2567852593996915
v -1.0009630411126025 0.414612467063058 -0.2567852593996915
v -1.020101406798516 0.3649981196735041 -0.2567852593996915
v -1.0367822588451212 0.3145044598435968 -0.2567852593996915
v -1.050965411618768 0.26325313122258953 -0.2567852593996915
v -1.0626166966621273 0.21136760275021607 -0.2567852593996915
v -1.0717080450089975 0.1589728712092014 -0.2567852593996915
v -1.0782175548049027 0.10619516009706527 -0.2567852593996915
v -1.0821295440705792 0.05316161554265738 -0.2567852593996915
v -1.0834345884812357 1.3268247008690752e-16 -0.2567852593996915
v -1.0821295440705792 -0.053161615542657116 -0.2567852593996915
v -1.0782175548049027 -0.10619516009706502 -0.2567852593996915
v -1.0717080450089975 -0.15897287120920114 -0.2567852593996915
v -1.0626166966621273 -0.2113676027502158 -0.2567852593996915
v -1.050965411618768 -0.26325313122258925 -0.2567852593996915
v -1.0367822588451214 -0.3145044598435965 -0.2567852593996915
v -1.020101406798516 -0.36499811967350376 -0.2567852593996915
v -1.0009630411126025 -0.41461246706305777 -0.2567852593996915
v -0.9794132677866412 -0.4632279767036937 -0.2567852593996915
v -0.9555040021121112 -0.5107275295744721 -0.2567852593996915
v -0.9292928436042273 -0.556996695092057 -0.2567852593996915
v -0.900842937239661 -0.6019240067840167 -0.2567852593996915
v -0.8702228213347618 -0.6454012308213177 -0.2567852593996915
v -0.8375062624307505 -0.6873236267630987 -0.2567852593996915
v -0.8027720775836586 -0.7275901998855682 -0.2567852593996915
v -0.7661039444871385 -0.7661039444871383 -0.2567852593996915
v -0.7275901998855685 -0.8027720775836584 -0.2567852593996915
v -0.6873236267630992 -0.8375062624307501 -0.2567852593996915
v -0.6454012308213176 -0.8702228213347619 -0.2567852593996915
v -0.6019240067840169 -0.9008429372396607 -0.2567852593996915
v -0.5569966950920573 -0.929292843604227 -0.2567852593996915
v -0.5107275295744724 -0.9555040021121111 -0.2567852593996915
v -0.4632279767036944 -0.9794132677866408 -0.2567852593996915
v -0.4146124670630585 -1.0009630411126023 -0.2567852593996915
v -0.36499811967350365 -1.020101406798516 -0.2567852593996915
v -0.3145044598435969 -1.0367822588451212 -0.2567852593996915
v -0.2632531312225896 -1.050965411618768 -0.2567852593996915
v -0.21136760275021613 -1.0626166966621273 -0.2567852593996915
v -0.15897287120920192 -1.0717080450089973 -0.2567852593996915
v -0.10619516009706487 -1.0782175548049027 -0.2567852593996915
v -0.05316161554265745 -1.0821295440705792 -0.2567852593996915
v -1.9902370513036126e-16 -1.0834345884812357 -0.2567852593996915
v 0.05316161554265705 -1.0821295440705792 -0.2567852593996915
v 0.10619516009706448 -1.0782175548049027 -0.2567852593996915
v 0.15897287120920153 -1.0717080450089973 -0.2567852593996915
v 0.21136760275021574 -1.0626166966621273 -0.2567852593996915
v 0.2632531312225892 -1.050965411618768 -0.2567852593996915
v 0.31450445984359643 -1.0367822588451214 -0.2567852593996915
v 0.3649981196735033 -1.0201014067985161 -0.2567852593996915
v 0.4146124670630581 -1.0009630411126023 -0.2567852593996915
v 0.46322797670369403 -0.9794132677866411 -0.2567852593996915
v 0.5107275295744721 -0.9555040021121112 -0.2567852593996915
v 0.556996695092057 -0.9292928436042273 -0.2567852593996915
v 0.6019240067840166 -0.900842937239661 -0.2567852593996915
v 0.6454012308213174 -0.8702228213347621 -0.2567852593996915
v 0.687323626763099 -0.8375062624307503 -0.2567852593996915
v 0.7275901998855682 -0.8027720775836586 -0.2567852593996915
v 0.7661039444871381 -0.7661039444871385 -0.2567852593996915
v 0.8027720775836583 -0.7275901998855685 -0.2567852593996915
v 0.8375062624307501 -0.6873236267630994 -0.2567852593996915
v 0.8702228213347619 -0.6454012308213177 -0.2567852593996915
v 0.9008429372396607 -0.6019240067840169 -0.2567852593996915
v 0.929292843604227 -0.5569966950920574 -0.2567852593996915
v 0.955504002112111 -0.5107275295744725 -0.2567852593996915
v 0.9794132677866408 -0.4632279767036945 -0.2567852593996915
v 1.0009630411126023 -0.41461246706305854 -0.2567852593996915
v 1.020101406798516 -0.3649981196735037 -0.2567852593996915
v 1.0367822588451212 -0.31450445984359693 -0.2567852593996915
v 1.050965411618768 -0.26325313122258964 -0.2567852593996915
v 1.0626166966621273 -0.21136760275021618 -0.2567852593996915
v 1.0717080450089973 -0.15897287120920203 -0.2567852593996915
v 1.0782175548049027 -0.10619516009706492 -0.2567852593996915
v 1.0821295440705792 -0.05316161554265752 -0.2567852593996915
v 1.0834345884812357 -2.6536494017381503e-16 -0.2567852593996915
v 1.1225774349296775 0.0 -0.24057176153085935
v 1.1212252412462196 0.055082263984437704 -0.24057176153085935
v 1.117171917748867 0.1100318299703004 -0.24057176153085935
v 1.1104272292489545 0.16471631964011457 -0.24057176153085935
v 1.101007424291843 0.21900399326847006 -0.24057176153085935
v 1.0889351960127518 0.2727640670945575 -0.24057176153085935
v 1.0742396274670074 0.3258670283917036 -0.24057176153085935
v 1.0569561215664167 0.3781849474748735 -0.24057176153085935
v 1.03712631579055 0.4295917858944872 -0.24057176153085935
v 1.0147979818784074 0.4799637000740847 -0.24057176153085935
v 0.9900249107421145 0.5291793396603487 -0.24057176153085935
v 0.9628667828799032 0.5771201398667349 -0.24057176153085935
v 0.9333890246005647 0.6236706071064283 -0.24057176153085935
v 0.9016626504057407 0.6687185972265087 -0.24057176153085935
v 0.8677640919097684 0.7121555856730392 -0.24057176153085935
v 0.8317750137092281 0.7538769289362209 -0.24057176153085935
v 0.7937821166457754 0.7937821166457752 -0.24057176153085935
v 0.7538769289362209 0.8317750137092279 -0.24057176153085935
v 0.7121555856730392 0.8677640919097684 -0.24057176153085935
v 0.668718597226509 0.9016626504057405 -0.24057176153085935
v 0.6236706071064284 0.9333890246005647 -0.24057176153085935
v 0.5771201398667349 0.9628667828799032 -0.24057176153085935
v 0.5291793396603489 0.9900249107421144 -0.24057176153085935
v 0.4799637000740848 1.0147979818784074 -0.24057176153085935
v 0.4295917858944873 1.03712631579055 -0.24057176153085935
v 0.3781849474748735 1.0569561215664167 -0.24057176153085935
v 0.3258670283917036 1.0742396274670074 -0.24057176153085935
v 0.27276406709455764 1.0889351960127518 -0.24057176153085935
v 0.21900399326847014 1.101007424291843 -0.24057176153085935
v 0.16471631964011457 1.1104272292489545 -0.24057176153085935
v 0.11003182997030057 1.117171917748867 -0.24057176153085935
v 0.05508226398443783 1.1212252412462196 -0.24057176153085935
v 6.873804312408379e-17 1.1225774349296775 -0.24057176153085935
v -0.0550822639844377 1.1212252412462196 -0.24057176153085935
v -0.11003182997030043 1.117171917748867 -0.24057176153085935
v -0.16471631964011443 1.1104272292489545 -0.24057176153085935
v -0.21900399326846998 1.101007424291843 -0.24057176153085935
v -0.2727640670945575 1.0889351960127518 -0.24057176153085935
v -0.32586702839170345 1.0742396274670076 -0.24057176153085935
v -0.3781849474748734 1.0569561215664167 -0.24057176153085935
v -0.42959178589448715 1.03712631579055 -0.24057176153085935
v -0.47996370007408445 1.0147979818784076 -0.24057176153085935
v -0.5291793396603488 0.9900249107421145 -0.24057176153085935
v -0.5771201398667349 0.9628667828799032 -0.24057176153085935
v -0.623670607106428 0.9333890246005648 -0.24057176153085935
v -0.6687185972265087 0.9016626504057407 -0.24057176153085935
v -0.712155585673039 0.8677640919097686 -0.24057176153085935
v -0.7538769289362212 0.8317750137092279 -0.24057176153085935
v -0.7937821166457752 0.7937821166457754 -0.24057176153085935
v -0.8317750137092277 0.7538769289362213 -0.24057176153085935
v -0.8677640919097684 0.7121555856730392 -0.24057176153085935
v -0.9016626504057405 0.668718597226509 -0.24057176153085935
v -0.9333890246005648 0.6236706071064283 -0.24057176153085935
v -0.9628667828799031 0.577120139866735 -0.24057176153085935
v -0.9900249107421144 0.5291793396603489 -0.24057176153085935
v -1.0147979818784074 0.4799637000740846 -0.24057176153085935
v -1.03712631579055 0.4295917858944874 -0.24057176153085935
v -1.0569561215664165 0.3781849474748738 -0.24057176153085935
v -1.0742396274670074 0.3258670283917037 -0.24057176153085935
v -1.0889351960127518 0.27276406709455775 -0.24057176153085935
v -1.101007424291843 0.21900399326847045 -0.24057176153085935
v -1.1104272292489545 0.16471631964011463 -0.24057176153085935
v -1.117171917748867 0.11003182997030064 -0.24057176153085935
v -1.1212252412462196 0.05508226398443765 -0.24057176153085935
v -1.1225774349296775 1.3747608624816758e-16 -0.24057176153085935
v -1.1212252412462196 -0.05508226398443738 -0.24057176153085935
v -1.117171917748867 -0.11003182997030038 -0.24057176153085935
v -1.1104272292489545 -0.16471631964011438 -0.24057176153085935
v -1.101007424291843 -0.21900399326847017 -0.24057176153085935
v -1.0889351960127518 -0.27276406709455747 -0.24057176153085935
v -1.0742396274670076 -0.3258670283917034 -0.24057176153085935
v -1.0569561215664167 -0.3781849474748735 -0.24057176153085935
v -1.03712631579055 -0.4295917858944871 -0.24057176153085935
v -1.0147979818784076 -0.4799637000740844 -0.24057176153085935
v -0.9900249107421145 -0.5291793396603487 -0.24057176153085935
v -0.9628667828799033 -0.5771201398667348 -0.24057176153085935
v -0.9333890246005649 -0.623670607106428 -0.24057176153085935
v -0.9016626504057407 -0.6687185972265086 -0.24057176153085935
v -0.8677640919097686 -0.7121555856730389 -0.24057176153085935
v -0.8317750137092279 -0.7538769289362212 -0.24057176153085935
v -0.7937821166457755 -0.7937821166457752 -0.24057176153085935
v -0.7538769289362214 -0.8317750137092277 -0.24057176153085935
v -0.7121555856730396 -0.867764091909768 -0.24057176153085935
v -0.6687185972265085 -0.9016626504057408 -0.24057176153085935
v -0.6236706071064283 -0.9333890246005647 -0.24057176153085935
v -0.577120139866735 -0.9628667828799031 -0.24057176153085935
v -0.529179339660349 -0.9900249107421144 -0.24057176153085935
v -0.4799637000740851 -1.0147979818784072 -0.24057176153085935
v -0.4295917858944879 -1.0371263157905497 -0.24057176153085935
v -0.3781849474748734 -1.0569561215664167 -0.24057176153085935
v -0.3258670283917038 -1.0742396274670074 -0.24057176153085935
v -0.2727640670945578 -1.0889351960127518 -0.24057176153085935
v -0.2190039932684705 -1.1010074242918428 -0.24057176153085935
v -0.16471631964011518 -1.1104272292489543 -0.24057176153085935
v -0.11003182997030021 -1.117171917748867 -0.24057176153085935
v -0.05508226398443772 -1.1212252412462196 -0.24057176153085935
v -2.0621412937225136e-16 -1.1225774349296775 -0.24057176153085935
v 0.05508226398443731 -1.1212252412462196 -0.24057176153085935
v 0.11003182997029981 -1.117171917748867 -0.24057176153085935
v 0.1647163196401148 -1.1104272292489543 -0.24057176153085935
v 0.21900399326847012 -1.101007424291843 -0.24057176153085935
v 0.2727640670945574 -1.0889351960127518 -0.24057176153085935
v 0.32586702839170334 -1.0742396274670076 -0.24057176153085935
v 0.378184947474873 -1.0569561215664167 -0.24057176153085935
v 0.4295917858944875 -1.0371263157905497 -0.24057176153085935
v 0.47996370007408473 -1.0147979818784074 -0.24057176153085935
v 0.5291793396603486 -0.9900249107421145 -0.24057176153085935
v 0.5771201398667348 -0.9628667828799033 -0.24057176153085935
v 0.6236706071064279 -0.9333890246005649 -0.24057176153085935
v 0.6687185972265083 -0.901662650405741 -0.24057176153085935
v 0.7121555856730393 -0.8677640919097683 -0.24057176153085935
v 0.7538769289362212 -0.8317750137092279 -0.24057176153085935
v 0.7937821166457751 -0.7937821166457755 -0.24057176153085935
v 0.8317750137092276 -0.7538769289362214 -0.24057176153085935
v 0.867764091909768 -0.7121555856730397 -0.24057176153085935
v 0.9016626504057408 -0.6687185972265086 -0.24057176153085935
v 0.9333890246005647 -0.6236706071064283 -0.24057176153085935
v 0.9628667828799031 -0.5771201398667352 -0.24057176153085935
v 0.9900249107421142 -0.529179339660349 -0.24057176153085935
v 1.0147979818784072 -0.4799637000740852 -0.24057176153085935
v 1.0371263157905497 -0.42959178589448793 -0.24057176153085935
v 1.0569561215664167 -0.37818494747487347 -0.24057176153085935
v 1.0742396274670074 -0.32586702839170384 -0.24057176153085935
v 1.0889351960127518 -0.27276406709455786 -0.24057176153085935
v 1.1010074242918428 -0.2190039932684706 -0.24057176153085935
v 1.1104272292489543 -0.1647163196401153 -0.24057176153085935
v 1.117171917748867 -0.11003182997030028 -0.24057176153085935
v 1.1212252412462196 -0.055082263984437795 -0.24057176153085935
v 1.1225774349296775 -2.7495217249633516e-16 -0.24057176153085935
v 1.1587020181189678 0.0 -0.21843458848123587
v 1.1573063107929884 0.05685481326758352 -0.21843458848123587
v 1.153122551196248 0.11357265831011194 -0.21843458848123587
v 1.146160818372069 0.17001689687098132 -0.21843458848123587
v 1.1364378837446008 0.2260515498355671 -0.21843458848123587
v 1.1239771707149895 0.2815416248168217 -0.21843458848123587
v 1.1088086982323528 0.3363534413637587 -0.21843458848123587
v 1.0909690084755033 0.39035495300936857 -0.21843458848123587
v 1.0705010788196365 0.443416065382123 -0.21843458848123587
v 1.047454218300073 0.49540894961471166 -0.21843458848123587
v 1.0218839488224707 0.5462083502949794 -0.21843458848123587
v 0.9938518714056923 0.5956918872171854 -0.21843458848123587
v 0.9634255177795549 0.6437403502066382 -0.21843458848123587
v 0.9306781876949777 0.690237986307448 -0.21843458848123587
v 0.8956887723384616 0.7350727786415359 -0.21843458848123587
v 0.8585415642763116 0.7781367162671049 -0.21843458848123587
v 0.81932605438646 0.8193260543864599 -0.21843458848123587
v 0.7781367162671049 0.8585415642763113 -0.21843458848123587
v 0.7350727786415359 0.8956887723384616 -0.21843458848123587
v 0.6902379863074481 0.9306781876949776 -0.21843458848123587
v 0.6437403502066383 0.9634255177795549 -0.21843458848123587
v 0.5956918872171854 0.9938518714056923 -0.21843458848123587
v 0.5462083502949796 1.0218839488224705 -0.21843458848123587
v 0.4954089496147118 1.047454218300073 -0.21843458848123587
v 0.4434160653821231 1.0705010788196365 -0.21843458848123587
v 0.39035495300936857 1.0909690084755033 -0.21843458848123587
v 0.3363534413637587 1.1088086982323528 -0.21843458848123587
v 0.2815416248168218 1.1239771707149895 -0.21843458848123587
v 0.2260515498355672 1.1364378837446008 -0.21843458848123587
v 0.17001689687098132 1.146160818372069 -0.21843458848123587
v 0.11357265831011214 1.1531225511962477 -0.21843458848123587
v 0.05685481326758365 1.1573063107929884 -0.21843458848123587
v 7.095003588274862e-17 1.1587020181189678 -0.21843458848123587
v -0.05685481326758351 1.1573063107929884 -0.21843458848123587
v -0.11357265831011198 1.153122551196248 -0.21843458848123587
v -0.17001689687098118 1.146160818372069 -0.21843458848123587
v -0.22605154983556702 1.1364378837446008 -0.21843458848123587
v -0.2815416248168217 1.1239771707149895 -0.21843458848123587
v -0.33635344136375855 1.108808698232353 -0.21843458848123587
v -0.39035495300936845 1.0909690084755033 -0.21843458848123587
v -0.44341606538212297 1.0705010788196365 -0.21843458848123587
v -0.49540894961471144 1.047454218300073 -0.21843458848123587
v -0.5462083502949795 1.0218839488224707 -0.21843458848123587
v -0.5956918872171854 0.9938518714056923 -0.21843458848123587
v -0.643740350206638 0.963425517779555 -0.21843458848123587
v -0.690237986307448 0.9306781876949777 -0.21843458848123587
v -0.7350727786415358 0.8956887723384617 -0.21843458848123587
v -0.778136716267105 0.8585415642763113 -0.21843458848123587
v -0.8193260543864599 0.81932605438646 -0.21843458848123587
v -0.8585415642763111 0.7781367162671051 -0.21843458848123587
v -0.8956887723384616 0.7350727786415359 -0.21843458848123587
v -0.9306781876949776 0.6902379863074481 -0.21843458848123587
v -0.963425517779555 0.6437403502066382 -0.21843458848123587
v -0.9938518714056922 0.5956918872171855 -0.21843458848123587
v -1.0218839488224705 0.5462083502949797 -0.21843458848123587
v -1.047454218300073 0.4954089496147116 -0.21843458848123587
v -1.0705010788196365 0.4434160653821232 -0.21843458848123587
v -1.090969008475503 0.3903549530093689 -0.21843458848123587
v -1.1088086982323528 0.3363534413637588 -0.21843458848123587
v -1.1239771707149895 0.28154162481682193 -0.21843458848123587
v -1.1364378837446008 0.22605154983556752 -0.21843458848123587
v -1.146160818372069 0.17001689687098137 -0.21843458848123587
v -1.1531225511962477 0.11357265831011219 -0.21843458848123587
v -1.1573063107929884 0.05685481326758346 -0.21843458848123587
v -1.1587020181189678 1.4190007176549724e-16 -0.21843458848123587
v -1.1573063107929884 -0.05685481326758318 -0.21843458848123587
v -1.153122551196248 -0.11357265831011192 -0.21843458848123587
v -1.146160818372069 -0.17001689687098112 -0.21843458848123587
v -1.1364378837446008 -0.22605154983556722 -0.21843458848123587
v -1.1239771707149895 -0.28154162481682166 -0.21843458848123587
v -1.108808698232353 -0.33635344136375844 -0.21843458848123587
v -1.0909690084755033 -0.39035495300936857 -0.21843458848123587
v -1.0705010788196365 -0.4434160653821229 -0.21843458848123587
v -1.047454218300073 -0.4954089496147114 -0.21843458848123587
v -1.0218839488224707 -0.5462083502949794 -0.21843458848123587
v -0.9938518714056925 -0.5956918872171852 -0.21843458848123587
v -0.9634255177795551 -0.643740350206638 -0.21843458848123587
v -0.9306781876949777 -0.6902379863074479 -0.21843458848123587
v -0.8956887723384617 -0.7350727786415355 -0.21843458848123587
v -0.8585415642763113 -0.778136716267105 -0.21843458848123587
v -0.8193260543864601 -0.8193260543864599 -0.21843458848123587
v -0.7781367162671052 -0.8585415642763111 -0.21843458848123587
v -0.7350727786415362 -0.8956887723384612 -0.21843458848123587
v -0.6902379863074478 -0.9306781876949778 -0.21843458848123587
v -0.6437403502066382 -0.9634255177795549 -0.21843458848123587
v -0.5956918872171855 -0.9938518714056922 -0.21843458848123587
v -0.5462083502949797 -1.0218839488224705 -0.21843458848123587
v -0.4954089496147121 -1.0474542183000726 -0.21843458848123587
v -0.4434160653821237 -1.0705010788196363 -0.21843458848123587
v -0.39035495300936845 -1.0909690084755033 -0.21843458848123587
v -0.33635344136375883 -1.1088086982323528 -0.21843458848123587
v -0.281541624816822 -1.1239771707149895 -0.21843458848123587
v -0.22605154983556758 -1.1364378837446008 -0.21843458848123587
v -0.17001689687098195 -1.1461608183720688 -0.21843458848123587
v -0.11357265831011176 -1.153122551196248 -0.21843458848123587
v -0.056854813267583536 -1.1573063107929884 -0.21843458848123587
v -2.1285010764824585e-16 -1.1587020181189678 -0.21843458848123587
v 0.056854813267583106 -1.1573063107929884 -0.21843458848123587
v 0.11357265831011135 -1.153122551196248 -0.21843458848123587
v 0.17001689687098154 -1.1461608183720688 -0.21843458848123587
v 0.22605154983556716 -1.1364378837446008 -0.21843458848123587
v 0.2815416248168216 -1.1239771707149895 -0.21843458848123587
v 0.3363534413637584 -1.108808698232353 -0.21843458848123587
v 0.39035495300936807 -1.0909690084755033 -0.21843458848123587
v 0.4434160653821233 -1.0705010788196363 -0.21843458848123587
v 0.4954089496147117 -1.047454218300073 -0.21843458848123587
v 0.5462083502949794 -1.0218839488224707 -0.21843458848123587
v 0.5956918872171852 -0.9938518714056925 -0.21843458848123587
v 0.6437403502066379 -0.9634255177795551 -0.21843458848123587
v 0.6902379863074475 -0.930678187694978 -0.21843458848123587
v 0.735072778641536 -0.8956887723384614 -0.21843458848123587
v 0.778136716267105 -0.8585415642763113 -0.21843458848123587
v 0.8193260543864598 -0.8193260543864601 -0.21843458848123587
v 0.858541564276311 -0.7781367162671052 -0.21843458848123587
v 0.8956887723384612 -0.7350727786415363 -0.21843458848123587
v 0.9306781876949778 -0.6902379863074479 -0.21843458848123587
v 0.9634255177795549 -0.6437403502066382 -0.21843458848123587
v 0.9938518714056922 -0.5956918872171857 -0.21843458848123587
v 1.0218839488224705 -0.5462083502949798 -0.21843458848123587
v 1.0474542183000726 -0.4954089496147122 -0.21843458848123587
v 1.0705010788196363 -0.44341606538212375 -0.21843458848123587
v 1.0909690084755033 -0.3903549530093685 -0.21843458848123587
v 1.1088086982323528 -0.33635344136375894 -0.21843458848123587
v 1.1239771707149895 -0.28154162481682204 -0.21843458848123587
v 1.1364378837446008 -0.22605154983556763 -0.21843458848123587
v 1.1461608183720688 -0.17001689687098204 -0.21843458848123587
v 1.153122551196248 -0.11357265831011183 -0.21843458848123587
v 1.1573063107929884 -0.056854813267583605 -0.21843458848123587
v 1.1587020181189678 -2.838001435309945e-16 -0.21843458848123587
v 1.1909188309203678 0.0 -0.19091883092036788
v 1.1894843170324394 0.05843561734599 -0.19091883092036788
v 1.1851842312382586 0.11673045817143794 -0.19091883092036788
v 1.1780289328211466 0.1747440850987703 -0.19091883092036788
v 1.1680356595217203 0.23233673821932554 -0.19091883092036788
v 1.1552284860106656 0.2893696717872156 -0.19091883092036788
v 1.1396382658907465 0.34570548846998056 -0.19091883092036788
v 1.1213025573677737 0.4012084703507968 -0.19091883092036788
v 1.1002655327695976 0.45574490588482636 -0.19091883092036788
v 1.0765778721311008 0.5091834120220402 -0.19091883092036788
v 1.0502966411015555 0.5613952507204933 -0.19091883092036788
v 1.0214851534684761 0.6122546390875444 -0.19091883092036788
v 0.9902128186291586 0.6616390524018609 -0.19091883092036788
v 0.9565549743773641 0.7094295192862049 -0.19091883092036788
v 0.9205927054079742 0.7555109083199013 -0.19091883092036788
v 0.8824126479768589 0.7997722054005151 -0.19091883092036788
v 0.8421067811865476 0.8421067811865474 -0.19091883092036788
v 0.7997722054005151 0.8824126479768588 -0.19091883092036788
v 0.7555109083199013 0.9205927054079742 -0.19091883092036788
v 0.709429519286205 0.956554974377364 -0.19091883092036788
v 0.661639052401861 0.9902128186291586 -0.19091883092036788
v 0.6122546390875444 1.0214851534684761 -0.19091883092036788
v 0.5613952507204936 1.0502966411015555 -0.19091883092036788
v 0.5091834120220403 1.0765778721311008 -0.19091883092036788
v 0.4557449058848264 1.1002655327695976 -0.19091883092036788
v 0.4012084703507968 1.1213025573677737 -0.19091883092036788
v 0.34570548846998056 1.1396382658907465 -0.19091883092036788
v 0.2893696717872158 1.1552284860106656 -0.19091883092036788
v 0.23233673821932563 1.1680356595217203 -0.19091883092036788
v 0.1747440850987703 1.1780289328211466 -0.19091883092036788
v 0.11673045817143814 1.1851842312382583 -0.19091883092036788
v 0.058435617345990135 1.1894843170324394 -0.19091883092036788
v 7.292274671654682e-17 1.1909188309203678 -0.19091883092036788
v -0.058435617345989996 1.1894843170324394 -0.19091883092036788
v -0.116730458171438 1.1851842312382586 -0.19091883092036788
v -0.17474408509877018 1.1780289328211466 -0.19091883092036788
v -0.23233673821932546 1.1680356595217203 -0.19091883092036788
v -0.2893696717872156 1.1552284860106656 -0.19091883092036788
v -0.34570548846998034 1.1396382658907465 -0.19091883092036788
v -0.40120847035079665 1.1213025573677737 -0.19091883092036788
v -0.4557449058848263 1.1002655327695976 -0.19091883092036788
v -0.5091834120220399 1.076577872131101 -0.19091883092036788
v -0.5613952507204935 1.0502966411015555 -0.19091883092036788
v -0.6122546390875444 1.0214851534684761 -0.19091883092036788
v -0.6616390524018607 0.9902128186291588 -0.19091883092036788
v -0.7094295192862049 0.9565549743773641 -0.19091883092036788
v -0.7555109083199012 0.9205927054079743 -0.19091883092036788
v -0.7997722054005152 0.8824126479768588 -0.19091883092036788
v -0.8421067811865474 0.8421067811865476 -0.19091883092036788
v -0.8824126479768585 0.7997722054005154 -0.19091883092036788
v -0.9205927054079742 0.7555109083199013 -0.19091883092036788
v -0.956554974377364 0.709429519286205 -0.19091883092036788
v -0.9902128186291588 0.6616390524018609 -0.19091883092036788
v -1.021485153468476 0.6122546390875445 -0.19091883092036788
v -1.0502966411015555 0.5613952507204937 -0.19091883092036788
v -1.0765778721311008 0.5091834120220401 -0.19091883092036788
v -1.1002655327695976 0.45574490588482647 -0.19091883092036788
v -1.1213025573677735 0.40120847035079715 -0.19091883092036788
v -1.1396382658907465 0.3457054884699806 -0.19091883092036788
v -1.1552284860106656 0.2893696717872159 -0.19091883092036788
v -1.1680356595217203 0.23233673821932596 -0.19091883092036788
v -1.1780289328211466 0.17474408509877037 -0.19091883092036788
v -1.1851842312382583 0.1167304581714382 -0.19091883092036788
v -1.1894843170324394 0.05843561734598995 -0.19091883092036788
v -1.1909188309203678 1.4584549343309364e-16 -0.19091883092036788
v -1.1894843170324394 -0.058435617345989656 -0.19091883092036788
v -1.1851842312382586 -0.11673045817143793 -0.19091883092036788
v -1.1780289328211466 -0.1747440850987701 -0.19091883092036788
v -1.1680356595217203 -0.23233673821932568 -0.19091883092036788
v -1.1552284860106656 -0.28936967178721557 -0.19091883092036788
v -1.1396382658907465 -0.3457054884699803 -0.19091883092036788
v -1.1213025573677737 -0.4012084703507968 -0.19091883092036788
v -1.1002655327695976 -0.45574490588482625 -0.19091883092036788
v -1.076577872131101 -0.5091834120220399 -0.19091883092036788
v -1.0502966411015555 -0.5613952507204933 -0.19091883092036788
v -1.0214851534684763 -0.6122546390875443 -0.19091883092036788
v -0.9902128186291589 -0.6616390524018607 -0.19091883092036788
v -0.9565549743773641 -0.7094295192862048 -0.19091883092036788
v -0.9205927054079743 -0.7555109083199011 -0.19091883092036788
v -0.8824126479768588 -0.7997722054005152 -0.19091883092036788
v -0.8421067811865477 -0.8421067811865474 -0.19091883092036788
v -0.7997722054005155 -0.8824126479768585 -0.19091883092036788
v -0.7555109083199018 -0.9205927054079738 -0.19091883092036788
v -0.7094295192862047 -0.9565549743773643 -0.19091883092036788
v -0.6616390524018609 -0.9902128186291586 -0.19091883092036788
v -0.6122546390875445 -1.021485153468476 -0.19091883092036788
v -0.5613952507204937 -1.0502966411015555 -0.19091883092036788
v -0.5091834120220406 -1.0765778721311006 -0.19091883092036788
v -0.455744905884827 -1.1002655327695972 -0.19091883092036788
v -0.40120847035079665 -1.1213025573677737 -0.19091883092036788
v -0.34570548846998067 -1.1396382658907465 -0.19091883092036788
v -0.28936967178721595 -1.1552284860106656 -0.19091883092036788
v -0.23233673821932604 -1.16803565952172 -0.19091883092036788
v -0.17474408509877096 -1.1780289328211464 -0.19091883092036788
v -0.11673045817143776 -1.1851842312382586 -0.19091883092036788
v -0.058435617345990024 -1.1894843170324394 -0.19091883092036788
v -2.1876824014964043e-16 -1.1909188309203678 -0.19091883092036788
v 0.058435617345989586 -1.1894843170324394 -0.19091883092036788
v 0.11673045817143733 -1.1851842312382586 -0.19091883092036788
v 0.17474408509877054 -1.1780289328211464 -0.19091883092036788
v 0.2323367382193256 -1.1680356595217203 -0.19091883092036788
v 0.2893696717872155 -1.1552284860106656 -0.19091883092036788
v 0.3457054884699802 -1.1396382658907465 -0.19091883092036788
v 0.40120847035079626 -1.1213025573677737 -0.19091883092036788
v 0.45574490588482663 -1.1002655327695974 -0.19091883092036788
v 0.5091834120220402 -1.0765778721311008 -0.19091883092036788
v 0.5613952507204933 -1.0502966411015555 -0.19091883092036788
v 0.6122546390875443 -1.0214851534684763 -0.19091883092036788
v 0.6616390524018605 -0.9902128186291589 -0.19091883092036788
v 0.7094295192862043 -0.9565549743773646 -0.19091883092036788
v 0.7555109083199014 -0.9205927054079741 -0.19091883092036788
v 0.7997722054005152 -0.8824126479768588 -0.19091883092036788
v 0.8421067811865472 -0.8421067811865477 -0.19091883092036788
v 0.8824126479768584 -0.7997722054005155 -0.19091883092036788
v 0.9205927054079738 -0.7555109083199019 -0.19091883092036788
v 0.9565549743773643 -0.7094295192862048 -0.19091883092036788
v 0.9902128186291586 -0.6616390524018609 -0.19091883092036788
v 1.021485153468476 -0.6122546390875447 -0.19091883092036788
v 1.0502966411015553 -0.5613952507204938 -0.19091883092036788
v 1.0765778721311006 -0.5091834120220406 -0.19091883092036788
v 1.1002655327695972 -0.4557449058848271 -0.19091883092036788
v 1.1213025573677737 -0.4012084703507967 -0.19091883092036788
v 1.1396382658907465 -0.3457054884699807 -0.19091883092036788
v 1.1552284860106656 -0.289369671787216 -0.19091883092036788
v 1.16803565952172 -0.2323367382193261 -0.19091883092036788
v 1.1780289328211464 -0.17474408509877107 -0.19091883092036788
v 1.1851842312382586 -0.11673045817143783 -0.19091883092036788
v 1.1894843170324394 -0.05843561734599009 -0.19091883092036788
v 1.1909188309203678 -2.9169098686618727e-16 -0.19091883092036788
v 1.2184345884812358 0.0 -0.1587020181189678
v 1.2169669306582773 0.059785751576858864 -0.1587020181189678
v 1.2125674929056494 0.11942747404155571 -0.1587020181189678
v 1.205246873854243 0.17878148526067517 -0.1587020181189678
v 1.1950227095165635 0.237704796222393 -0.1587020181189678
v 1.1819196308000317 0.29605545550952994 -0.1587020181189678
v 1.1659692041689695 0.3536928912729492 -0.1587020181189678
v 1.1472098555982237 0.4104782498814535 -0.1587020181189678
v 1.1256867780016262 0.46627473043234496 -0.1587020181189678
v 1.1014518223583059 0.5209479143167821 -0.1587020181189678
v 1.074563372799139 0.5743660890459819 -0.1587020181189678
v 1.0450862059542638 0.626400565558142 -0.1587020181189678
v 1.0130913349005044 0.6769259882416633 -0.1587020181189678
v 0.9786558380846488 0.7258206369277964 -0.1587020181189678
v 0.94186267363472 0.7729667201251911 -0.1587020181189678
v 0.9028004795065783 0.8182506587899155 -0.1587020181189678
v 0.8615633599473224 0.8615633599473221 -0.1587020181189678
v 0.8182506587899155 0.9028004795065782 -0.1587020181189678
v 0.7729667201251911 0.94186267363472 -0.1587020181189678
v 0.7258206369277965 0.9786558380846487 -0.1587020181189678
v 0.6769259882416634 1.0130913349005044 -0.1587020181189678
v 0.626400565558142 1.0450862059542638 -0.1587020181189678
v 0.5743660890459821 1.074563372799139 -0.1587020181189678
v 0.5209479143167822 1.1014518223583059 -0.1587020181189678
v 0.4662747304323451 1.1256867780016262 -0.1587020181189678
v 0.4104782498814535 1.1472098555982237 -0.1587020181189678
v 0.3536928912729492 1.1659692041689695 -0.1587020181189678
v 0.2960554555095301 1.1819196308000317 -0.1587020181189678
v 0.2377047962223931 1.1950227095165635 -0.1587020181189678
v 0.17878148526067517 1.205246873854243 -0.1587020181189678
v 0.11942747404155592 1.2125674929056491 -0.1587020181189678
v 0.059785751576859 1.2169669306582773 -0.1587020181189678
v 7.460760093769839e-17 1.2184345884812358 -0.1587020181189678
v -0.05978575157685886 1.2169669306582773 -0.1587020181189678
v -0.11942747404155576 1.2125674929056494 -0.1587020181189678
v -0.17878148526067503 1.205246873854243 -0.1587020181189678
v -0.23770479622239293 1.1950227095165635 -0.1587020181189678
v -0.29605545550952994 1.1819196308000317 -0.1587020181189678
v -0.35369289127294895 1.1659692041689695 -0.1587020181189678
v -0.41047824988145337 1.1472098555982237 -0.1587020181189678
v -0.4662747304323449 1.1256867780016262 -0.1587020181189678
v -0.5209479143167818 1.101451822358306 -0.1587020181189678
v -0.5743660890459819 1.074563372799139 -0.1587020181189678
v -0.626400565558142 1.0450862059542638 -0.1587020181189678
v -0.676925988241663 1.0130913349005044 -0.1587020181189678
v -0.7258206369277964 0.9786558380846488 -0.1587020181189678
v -0.772966720125191 0.9418626736347201 -0.1587020181189678
v -0.8182506587899157 0.9028004795065782 -0.1587020181189678
v -0.8615633599473221 0.8615633599473224 -0.1587020181189678
v -0.9028004795065778 0.8182506587899159 -0.1587020181189678
v -0.94186267363472 0.7729667201251911 -0.1587020181189678
v -0.9786558380846487 0.7258206369277965 -0.1587020181189678
v -1.0130913349005044 0.6769259882416633 -0.1587020181189678
v -1.0450862059542638 0.6264005655581422 -0.1587020181189678
v -1.074563372799139 0.5743660890459821 -0.1587020181189678
v -1.1014518223583059 0.520947914316782 -0.1587020181189678
v -1.1256867780016262 0.46627473043234513 -0.1587020181189678
v -1.1472098555982237 0.4104782498814538 -0.1587020181189678
v -1.1659692041689695 0.35369289127294923 -0.1587020181189678
v -1.1819196308000317 0.29605545550953016 -0.1587020181189678
v -1.1950227095165635 0.23770479622239343 -0.1587020181189678
v -1.205246873854243 0.17878148526067522 -0.1587020181189678
v -1.2125674929056491 0.11942747404155599 -0.1587020181189678
v -1.2169669306582773 0.05978575157685881 -0.1587020181189678
v -1.2184345884812358 1.4921520187539679e-16 -0.1587020181189678
v -1.2169669306582773 -0.05978575157685851 -0.1587020181189678
v -1.2125674929056494 -0.1194274740415557 -0.1587020181189678
v -1.205246873854243 -0.17878148526067497 -0.1587020181189678
v -1.1950227095165635 -0.23770479622239313 -0.1587020181189678
v -1.1819196308000317 -0.2960554555095299 -0.1587020181189678
v -1.1659692041689695 -0.3536928912729489 -0.1587020181189678
v -1.1472098555982237 -0.4104782498814535 -0.1587020181189678
v -1.1256867780016262 -0.46627473043234485 -0.1587020181189678
v -1.101451822358306 -0.5209479143167817 -0.1587020181189678
v -1.074563372799139 -0.5743660890459819 -0.1587020181189678
v -1.045086205954264 -0.6264005655581419 -0.1587020181189678
v -1.0130913349005046 -0.676925988241663 -0.1587020181189678
v -0.9786558380846488 -0.7258206369277963 -0.1587020181189678
v -0.9418626736347201 -0.7729667201251907 -0.1587020181189678
v -0.9028004795065782 -0.8182506587899157 -0.1587020181189678
v -0.8615633599473225 -0.8615633599473221 -0.1587020181189678
v -0.818250658789916 -0.9028004795065778 -0.1587020181189678
v -0.7729667201251914 -0.9418626736347195 -0.1587020181189678
v -0.7258206369277961 -0.978655838084649 -0.1587020181189678
v -0.6769259882416633 -1.0130913349005044 -0.1587020181189678
v -0.6264005655581422 -1.0450862059542638 -0.1587020181189678
v -0.5743660890459822 -1.074563372799139 -0.1587020181189678
v -0.5209479143167826 -1.1014518223583056 -0.1587020181189678
v -0.4662747304323457 -1.1256867780016258 -0.1587020181189678
v -0.41047824988145337 -1.1472098555982237 -0.1587020181189678
v -0.3536928912729493 -1.1659692041689695 -0.1587020181189678
v -0.2960554555095303 -1.1819196308000317 -0.1587020181189678
v -0.2377047962223935 -1.1950227095165633 -0.1587020181189678
v -0.17878148526067583 -1.2052468738542428 -0.1587020181189678
v -0.11942747404155553 -1.2125674929056494 -0.1587020181189678
v -0.059785751576858885 -1.2169669306582773 -0.1587020181189678
v -2.238228028130952e-16 -1.2184345884812358 -0.1587020181189678
v 0.059785751576858434 -1.2169669306582773 -0.1587020181189678
v 0.11942747404155508 -1.2125674929056494 -0.1587020181189678
v 0.17878148526067542 -1.2052468738542428 -0.1587020181189678
v 0.23770479622239304 -1.1950227095165635 -0.1587020181189678
v 0.29605545550952983 -1.1819196308000317 -0.1587020181189678
v 0.3536928912729488 -1.1659692041689695 -0.1587020181189678
v 0.41047824988145293 -1.147209855598224 -0.1587020181189678
v 0.46627473043234524 -1.125686778001626 -0.1587020181189678
v 0.5209479143167821 -1.1014518223583059 -0.1587020181189678
v 0.5743660890459817 -1.074563372799139 -0.1587020181189678
v 0.6264005655581419 -1.045086205954264 -0.1587020181189678
v 0.6769259882416628 -1.0130913349005046 -0.1587020181189678
v 0.7258206369277959 -0.9786558380846493 -0.1587020181189678
v 0.7729667201251912 -0.9418626736347198 -0.1587020181189678
v 0.8182506587899157 -0.9028004795065782 -0.1587020181189678
v 0.861563359947322 -0.8615633599473225 -0.1587020181189678
v 0.9028004795065777 -0.818250658789916 -0.1587020181189678
v 0.9418626736347195 -0.7729667201251916 -0.1587020181189678
v 0.978655838084649 -0.7258206369277963 -0.1587020181189678
v 1.0130913349005044 -0.6769259882416633 -0.1587020181189678
v 1.0450862059542638 -0.6264005655581423 -0.1587020181189678
v 1.0745633727991388 -0.5743660890459822 -0.1587020181189678
v 1.1014518223583056 -0.5209479143167826 -0.1587020181189678
v 1.1256867780016258 -0.46627473043234574 -0.1587020181189678
v 1.1472098555982237 -0.4104782498814534 -0.1587020181189678
v 1.1659692041689695 -0.35369289127294934 -0.1587020181189678
v 1.1819196308000317 -0.29605545550953033 -0.1587020181189678
v 1.1950227095165633 -0.23770479622239357 -0.1587020181189678
v 1.2052468738542428 -0.17878148526067594 -0.1587020181189678
v 1.2125674929056494 -0.1194274740415556 -0.1587020181189678
v 1.2169669306582773 -0.05978575157685896 -0.1587020181189678
v 1.2184345884812358 -2.9843040375079357e-16 -0.1587020181189678
v 1.2405717615308594 0.0 -0.1225774349296777
v 1.239077438513469 0.060871971174587494 -0.1225774349296777
v 1.234598069416334 0.12159729643886043 -0.1225774349296777
v 1.227144445431956 0.18202968316534687 -0.1225774349296777
v 1.2167345229933735 0.2420235444411708 -0.1225774349296777
v 1.2033933805155426 0.30143434979967715 -0.1225774349296777
v 1.1871531579792383 0.3601189734069853 -0.1225774349296777
v 1.1680529795030263 0.4179360388646594 -0.1225774349296777
v 1.1461388590898338 0.4747462597978349 -0.1225774349296777
v 1.1214635897751866 0.5304127754082962 -0.1225774349296777
v 1.0940866164441614 0.5848014801841268 -0.1225774349296777
v 1.064073892623453 0.6377813469716338 -0.1225774349296777
v 1.0314977215935492 0.6892247426312379 -0.1225774349296777
v 0.9964365822037968 0.7390077355168858 -0.1225774349296777
v 0.9589749398099788 0.7870103940382407 -0.1225774349296777
v 0.9192030427898743 0.8331170755863884 -0.1225774349296777
v 0.8772167051270112 0.8772167051270111 -0.1225774349296777
v 0.8331170755863884 0.9192030427898742 -0.1225774349296777
v 0.7870103940382407 0.9589749398099788 -0.1225774349296777
v 0.7390077355168859 0.9964365822037967 -0.1225774349296777
v 0.689224742631238 1.0314977215935492 -0.1225774349296777
v 0.6377813469716338 1.064073892623453 -0.1225774349296777
v 0.584801480184127 1.0940866164441614 -0.1225774349296777
v 0.5304127754082963 1.1214635897751866 -0.1225774349296777
v 0.47474625979783497 1.1461388590898338 -0.1225774349296777
v 0.4179360388646594 1.1680529795030263 -0.1225774349296777
v 0.3601189734069853 1.1871531579792383 -0.1225774349296777
v 0.3014343497996773 1.2033933805155426 -0.1225774349296777
v 0.2420235444411709 1.2167345229933735 -0.1225774349296777
v 0.18202968316534687 1.227144445431956 -0.1225774349296777
v 0.12159729643886064 1.234598069416334 -0.1225774349296777
v 0.060871971174587626 1.239077438513469 -0.1225774349296777
v 7.596311184356802e-17 1.2405717615308594 -0.1225774349296777
v -0.06087197117458748 1.239077438513469 -0.1225774349296777
v -0.12159729643886048 1.234598069416334 -0.1225774349296777
v -0.18202968316534673 1.227144445431956 -0.1225774349296777
v -0.24202354444117075 1.2167345229933735 -0.1225774349296777
v -0.30143434979967715 1.2033933805155426 -0.1225774349296777
v -0.3601189734069851 1.1871531579792385 -0.1225774349296777
v -0.41793603886465924 1.1680529795030263 -0.1225774349296777
v -0.47474625979783486 1.1461388590898338 -0.1225774349296777
v -0.5304127754082959 1.1214635897751866 -0.1225774349296777
v -0.5848014801841269 1.0940866164441614 -0.1225774349296777
v -0.6377813469716338 1.064073892623453 -0.1225774349296777
v -0.6892247426312376 1.0314977215935495 -0.1225774349296777
v -0.7390077355168858 0.9964365822037968 -0.1225774349296777
v -0.7870103940382406 0.9589749398099789 -0.1225774349296777
v -0.8331170755863885 0.9192030427898742 -0.1225774349296777
v -0.8772167051270111 0.8772167051270112 -0.1225774349296777
v -0.919203042789874 0.8331170755863886 -0.1225774349296777
v -0.9589749398099788 0.7870103940382407 -0.1225774349296777
v -0.9964365822037967 0.7390077355168859 -0.1225774349296777
v -1.0314977215935495 0.6892247426312379 -0.1225774349296777
v -1.064073892623453 0.6377813469716339 -0.1225774349296777
v -1.0940866164441614 0.584801480184127 -0.1225774349296777
v -1.1214635897751866 0.5304127754082961 -0.1225774349296777
v -1.1461388590898338 0.474746259797835 -0.1225774349296777
v -1.1680529795030263 0.41793603886465974 -0.1225774349296777
v -1.1871531579792383 0.3601189734069854 -0.1225774349296777
v -1.2033933805155426 0.3014343497996774 -0.1225774349296777
v -1.2167345229933735 0.24202354444117127 -0.1225774349296777
v -1.227144445431956 0.18202968316534696 -0.1225774349296777
v -1.234598069416334 0.1215972964388607 -0.1225774349296777
v -1.239077438513469 0.06087197117458743 -0.1225774349296777
v -1.2405717615308594 1.5192622368713604e-16 -0.1225774349296777
v -1.239077438513469 -0.060871971174587126 -0.1225774349296777
v -1.234598069416334 -0.12159729643886041 -0.1225774349296777
v -1.227144445431956 -0.18202968316534668 -0.1225774349296777
v -1.2167345229933735 -0.24202354444117094 -0.1225774349296777
v -1.2033933805155426 -0.3014343497996771 -0.1225774349296777
v -1.1871531579792385 -0.36011897340698507 -0.1225774349296777
v -1.1680529795030263 -0.4179360388646594 -0.1225774349296777
v -1.146138859089834 -0.47474625979783475 -0.1225774349296777
v -1.1214635897751866 -0.5304127754082959 -0.1225774349296777
v -1.0940866164441614 -0.5848014801841268 -0.1225774349296777
v -1.0640738926234532 -0.6377813469716336 -0.1225774349296777
v -1.0314977215935495 -0.6892247426312376 -0.1225774349296777
v -0.9964365822037968 -0.7390077355168857 -0.1225774349296777
v -0.9589749398099789 -0.7870103940382405 -0.1225774349296777
v -0.9192030427898742 -0.8331170755863885 -0.1225774349296777
v -0.8772167051270113 -0.8772167051270111 -0.1225774349296777
v -0.8331170755863888 -0.919203042789874 -0.1225774349296777
v -0.7870103940382411 -0.9589749398099784 -0.1225774349296777
v -0.7390077355168855 -0.996436582203797 -0.1225774349296777
v -0.6892247426312379 -1.0314977215935492 -0.1225774349296777
v -0.6377813469716339 -1.064073892623453 -0.1225774349296777
v -0.5848014801841271 -1.0940866164441614 -0.1225774349296777
v -0.5304127754082967 -1.1214635897751861 -0.1225774349296777
v -0.4747462597978356 -1.1461388590898336 -0.1225774349296777
v -0.41793603886465924 -1.1680529795030263 -0.1225774349296777
v -0.36011897340698545 -1.1871531579792383 -0.1225774349296777
v -0.3014343497996775 -1.2033933805155426 -0.1225774349296777
v -0.24202354444117133 -1.2167345229933733 -0.1225774349296777
v -0.18202968316534757 -1.227144445431956 -0.1225774349296777
v -0.12159729643886025 -1.234598069416334 -0.1225774349296777
v -0.06087197117458751 -1.239077438513469 -0.1225774349296777
v -2.2788933553070407e-16 -1.2405717615308594 -0.1225774349296777
v 0.06087197117458705 -1.239077438513469 -0.1225774349296777
v 0.1215972964388598 -1.234598069416334 -0.1225774349296777
v 0.18202968316534712 -1.227144445431956 -0.1225774349296777
v 0.24202354444117088 -1.2167345229933735 -0.1225774349296777
v 0.30143434979967704 -1.2033933805155426 -0.1225774349296777
v 0.36011897340698495 -1.1871531579792385 -0.1225774349296777
v 0.41793603886465885 -1.1680529795030266 -0.1225774349296777
v 0.4747462597978352 -1.1461388590898336 -0.1225774349296777
v 0.5304127754082962 -1.1214635897751866 -0.1225774349296777
v 0.5848014801841267 -1.0940866164441614 -0.1225774349296777
v 0.6377813469716336 -1.0640738926234532 -0.1225774349296777
v 0.6892247426312375 -1.0314977215935495 -0.1225774349296777
v 0.7390077355168853 -0.9964365822037973 -0.1225774349296777
v 0.7870103940382408 -0.9589749398099787 -0.1225774349296777
v 0.8331170755863885 -0.9192030427898742 -0.1225774349296777
v 0.877216705127011 -0.8772167051270113 -0.1225774349296777
v 0.9192030427898737 -0.8331170755863888 -0.1225774349296777
v 0.9589749398099784 -0.7870103940382412 -0.1225774349296777
v 0.996436582203797 -0.7390077355168857 -0.1225774349296777
v 1.0314977215935492 -0.6892247426312379 -0.1225774349296777
v 1.064073892623453 -0.637781346971634 -0.1225774349296777
v 1.0940866164441612 -0.5848014801841273 -0.1225774349296777
v 1.1214635897751861 -0.5304127754082968 -0.1225774349296777
v 1.1461388590898336 -0.47474625979783563 -0.1225774349296777
v 1.1680529795030263 -0.4179360388646593 -0.1225774349296777
v 1.1871531579792383 -0.3601189734069855 -0.1225774349296777
v 1.2033933805155426 -0.30143434979967754 -0.1225774349296777
v 1.2167345229933733 -0.2420235444411714 -0.1225774349296777
v 1.227144445431956 -0.18202968316534768 -0.1225774349296777
v 1.234598069416334 -0.12159729643886032 -0.1225774349296777
v 1.239077438513469 -0.060871971174587584 -0.1225774349296777
v 1.2405717615308594 -3.038524473742721e-16 -0.1225774349296777
v 1.2567852593996915 0.0 -0.08343458848123587
v 1.255271406514051 0.06166752980772364 -0.08343458848123587
v 1.2507334948613282 0.1231864971347028 -0.08343458848123587
v 1.2431824566681688 0.18440869740022162 -0.08343458848123587
v 1.2326364830469732 0.2451866409614091 -0.08343458848123587
v 1.2191209801719127 0.3053739084287072 -0.08343458848123587
v 1.202668508073232 0.3648255034030052 -0.08343458848123587
v 1.1833187021972829 0.4233982017846653 -0.08343458848123587
v 1.1611181779212634 0.4809508968129237 -0.08343458848123587
v 1.1361204182526905 0.5373449390044365 -0.08343458848123587
v 1.1083856449841514 0.5924444701720296 -0.08343458848123587
v 1.077980673613729 0.6461167507189713 -0.08343458848123587
v 1.0449787523806153 0.6982324794202878 -0.08343458848123587
v 1.0094593858036882 0.7486661049207387 -0.08343458848123587
v 0.9715081431481606 0.7972961281990294 -0.08343458848123587
v 0.9312164522817258 0.8440053952695957 -0.08343458848123587
v 0.8886813794168161 0.888681379416816 -0.08343458848123587
v 0.8440053952695957 0.9312164522817257 -0.08343458848123587
v 0.7972961281990294 0.9715081431481606 -0.08343458848123587
v 0.7486661049207388 1.0094593858036882 -0.08343458848123587
v 0.698232479420288 1.0449787523806153 -0.08343458848123587
v 0.6461167507189713 1.077980673613729 -0.08343458848123587
v 0.5924444701720298 1.1083856449841512 -0.08343458848123587
v 0.5373449390044366 1.1361204182526905 -0.08343458848123587
v 0.48095089681292374 1.1611181779212634 -0.08343458848123587
v 0.4233982017846653 1.1833187021972829 -0.08343458848123587
v 0.3648255034030052 1.202668508073232 -0.08343458848123587
v 0.3053739084287073 1.2191209801719127 -0.08343458848123587
v 0.24518664096140919 1.2326364830469732 -0.08343458848123587
v 0.18440869740022162 1.2431824566681688 -0.08343458848123587
v 0.123186497134703 1.250733494861328 -0.08343458848123587
v 0.061667529807723775 1.255271406514051 -0.08343458848123587
v 7.695590225697041e-17 1.2567852593996915 -0.08343458848123587
v -0.06166752980772363 1.255271406514051 -0.08343458848123587
v -0.12318649713470284 1.2507334948613282 -0.08343458848123587
v -0.18440869740022148 1.2431824566681688 -0.08343458848123587
v -0.24518664096140902 1.2326364830469732 -0.08343458848123587
v -0.3053739084287072 1.2191209801719127 -0.08343458848123587
v -0.36482550340300496 1.2026685080732322 -0.08343458848123587
v -0.4233982017846652 1.1833187021972829 -0.08343458848123587
v -0.48095089681292363 1.1611181779212634 -0.08343458848123587
v -0.5373449390044361 1.1361204182526907 -0.08343458848123587
v -0.5924444701720296 1.1083856449841514 -0.08343458848123587
v -0.6461167507189713 1.077980673613729 -0.08343458848123587
v -0.6982324794202875 1.0449787523806153 -0.08343458848123587
v -0.7486661049207387 1.0094593858036882 -0.08343458848123587
v -0.7972961281990293 0.9715081431481607 -0.08343458848123587
v -0.8440053952695958 0.9312164522817257 -0.08343458848123587
v -0.888681379416816 0.8886813794168161 -0.08343458848123587
v -0.9312164522817253 0.844005395269596 -0.08343458848123587
v -0.9715081431481606 0.7972961281990294 -0.08343458848123587
v -1.0094593858036882 0.7486661049207388 -0.08343458848123587
v -1.0449787523806153 0.6982324794202878 -0.08343458848123587
v -1.0779806736137287 0.6461167507189715 -0.08343458848123587
v -1.1083856449841512 0.5924444701720298 -0.08343458848123587
v -1.1361204182526905 0.5373449390044364 -0.08343458848123587
v -1.1611181779212634 0.4809508968129238 -0.08343458848123587
v -1.1833187021972829 0.4233982017846657 -0.08343458848123587
v -1.202668508073232 0.36482550340300524 -0.08343458848123587
v -1.2191209801719127 0.30537390842870743 -0.08343458848123587
v -1.2326364830469732 0.24518664096140955 -0.08343458848123587
v -1.2431824566681688 0.1844086974002217 -0.08343458848123587
v -1.250733494861328 0.12318649713470307 -0.08343458848123587
v -1.255271406514051 0.061667529807723574 -0.08343458848123587
v -1.2567852593996915 1.5391180451394083e-16 -0.08343458848123587
v -1.255271406514051 -0.06166752980772327 -0.08343458848123587
v -1.2507334948613282 -0.12318649713470277 -0.08343458848123587
v -1.2431824566681688 -0.18440869740022142 -0.08343458848123587
v -1.2326364830469732 -0.24518664096140924 -0.08343458848123587
v -1.2191209801719127 -0.30537390842870715 -0.08343458848123587
v -1.2026685080732322 -0.3648255034030049 -0.08343458848123587
v -1.1833187021972829 -0.4233982017846653 -0.08343458848123587
v -1.1611181779212634 -0.4809508968129235 -0.08343458848123587
v -1.1361204182526907 -0.537344939004436 -0.08343458848123587
v -1.1083856449841514 -0.5924444701720296 -0.08343458848123587
v -1.077980673613729 -0.6461167507189712 -0.08343458848123587
v -1.0449787523806155 -0.6982324794202875 -0.08343458848123587
v -1.0094593858036882 -0.7486661049207386 -0.08343458848123587
v -0.9715081431481607 -0.7972961281990292 -0.08343458848123587
v -0.9312164522817257 -0.8440053952695958 -0.08343458848123587
v -0.8886813794168162 -0.888681379416816 -0.08343458848123587
v -0.8440053952695961 -0.9312164522817253 -0.08343458848123587
v -0.7972961281990298 -0.9715081431481601 -0.08343458848123587
v -0.7486661049207384 -1.0094593858036884 -0.08343458848123587
v -0.6982324794202878 -1.0449787523806153 -0.08343458848123587
v -0.6461167507189715 -1.0779806736137287 -0.08343458848123587
v -0.59244447017203 -1.1083856449841512 -0.08343458848123587
v -0.5373449390044369 -1.1361204182526903 -0.08343458848123587
v -0.48095089681292436 -1.161118177921263 -0.08343458848123587
v -0.4233982017846652 -1.1833187021972829 -0.08343458848123587
v -0.36482550340300535 -1.202668508073232 -0.08343458848123587
v -0.30537390842870754 -1.2191209801719127 -0.08343458848123587
v -0.24518664096140963 -1.232636483046973 -0.08343458848123587
v -0.18440869740022234 -1.2431824566681688 -0.08343458848123587
v -0.1231864971347026 -1.2507334948613282 -0.08343458848123587
v -0.06166752980772365 -1.255271406514051 -0.08343458848123587
v -2.3086770677091124e-16 -1.2567852593996915 -0.08343458848123587
v 0.06166752980772319 -1.255271406514051 -0.08343458848123587
v 0.12318649713470214 -1.2507334948613282 -0.08343458848123587
v 0.18440869740022187 -1.2431824566681688 -0.08343458848123587
v 0.24518664096140916 -1.2326364830469732 -0.08343458848123587
v 0.30537390842870704 -1.2191209801719127 -0.08343458848123587
v 0.36482550340300485 -1.2026685080732322 -0.08343458848123587
v 0.42339820178466475 -1.183318702197283 -0.08343458848123587
v 0.48095089681292397 -1.1611181779212632 -0.08343458848123587
v 0.5373449390044365 -1.1361204182526905 -0.08343458848123587
v 0.5924444701720295 -1.1083856449841514 -0.08343458848123587
v 0.6461167507189712 -1.077980673613729 -0.08343458848123587
v 0.6982324794202874 -1.0449787523806155 -0.08343458848123587
v 0.7486661049207382 -1.0094593858036887 -0.08343458848123587
v 0.7972961281990296 -0.9715081431481605 -0.08343458848123587
v 0.8440053952695958 -0.9312164522817257 -0.08343458848123587
v 0.8886813794168158 -0.8886813794168162 -0.08343458848123587
v 0.9312164522817252 -0.8440053952695961 -0.08343458848123587
v 0.9715081431481601 -0.79729612819903 -0.08343458848123587
v 1.0094593858036884 -0.7486661049207386 -0.08343458848123587
v 1.0449787523806153 -0.6982324794202878 -0.08343458848123587
v 1.0779806736137287 -0.6461167507189717 -0.08343458848123587
v 1.1083856449841512 -0.59244447017203 -0.08343458848123587
v 1.1361204182526903 -0.537344939004437 -0.08343458848123587
v 1.161118177921263 -0.48095089681292447 -0.08343458848123587
v 1.1833187021972829 -0.42339820178466525 -0.08343458848123587
v 1.202668508073232 -0.3648255034030054 -0.08343458848123587
v 1.2191209801719127 -0.3053739084287076 -0.08343458848123587
v 1.232636483046973 -0.24518664096140969 -0.08343458848123587
v 1.2431824566681688 -0.18440869740022242 -0.08343458848123587
v 1.2507334948613282 -0.12318649713470267 -0.08343458848123587
v 1.255271406514051 -0.061667529807723734 -0.08343458848123587
v 1.2567852593996915 -3.0782360902788166e-16 -0.08343458848123587
v 1.266675851960687 0.0 -0.04223730556086241
v 1.2651500854231499 0.06215283818241175 -0.04223730556086241
v 1.2605764615157686 0.1241559447336964 -0.04223730556086241
v 1.2529659984991381 0.18585994873934117 -0.04223730556086241
v 1.2423370306452632 0.24711619984906405 -0.04223730556086241
v 1.228715164068692 0.3077771263885278 -0.04223730556086241
v 1.2121332150391415 0.3676965908724292 -0.04223730556086241
v 1.1926311309242317 0.4267302420625013 -0.04223730556086241
v 1.1702558939527754 0.4847358627222901 -0.04223730556086241
v 1.1450614080304768 0.5415737122309338 -0.04223730556086241
v 1.117108368880699 0.5971068632305584 -0.04223730556086241
v 1.0864641178231507 0.6512015314962762 -0.04223730556086241
v 1.0532024795427486 0.703727398234102 -0.04223730556086241
v 1.0174035842394864 0.7545579240303418 -0.04223730556086241
v 0.9791536745877618 0.8035706536961239 -0.04223730556086241
v 0.9385448979702228 0.8506475112726756 -0.04223730556086241
v 0.8956750844866493 0.8956750844866491 -0.04223730556086241
v 0.8506475112726756 0.9385448979702227 -0.04223730556086241
v 0.8035706536961239 0.9791536745877618 -0.04223730556086241
v 0.7545579240303419 1.0174035842394862 -0.04223730556086241
v 0.7037273982341022 1.0532024795427486 -0.04223730556086241
v 0.6512015314962762 1.0864641178231507 -0.04223730556086241
v 0.5971068632305586 1.1171083688806989 -0.04223730556086241
v 0.5415737122309339 1.1450614080304768 -0.04223730556086241
v 0.48473586272229013 1.1702558939527754 -0.04223730556086241
v 0.4267302420625013 1.1926311309242317 -0.04223730556086241
v 0.3676965908724292 1.2121332150391415 -0.04223730556086241
v 0.30777712638852794 1.228715164068692 -0.04223730556086241
v 0.24711619984906413 1.2423370306452632 -0.04223730556086241
v 0.18585994873934117 1.2529659984991381 -0.04223730556086241
v 0.12415594473369661 1.2605764615157684 -0.04223730556086241
v 0.062152838182411886 1.2651500854231499 -0.04223730556086241
v 7.756152638304511e-17 1.266675851960687 -0.04223730556086241
v -0.06215283818241174 1.2651500854231499 -0.04223730556086241
v -0.12415594473369646 1.2605764615157686 -0.04223730556086241
v -0.18585994873934103 1.2529659984991381 -0.04223730556086241
v -0.24711619984906397 1.2423370306452632 -0.04223730556086241
v -0.3077771263885278 1.228715164068692 -0.04223730556086241
v -0.36769659087242895 1.2121332150391417 -0.04223730556086241
v -0.42673024206250115 1.1926311309242317 -0.04223730556086241
v -0.48473586272229 1.1702558939527754 -0.04223730556086241
v -0.5415737122309334 1.145061408030477 -0.04223730556086241
v -0.5971068632305584 1.117108368880699 -0.04223730556086241
v -0.6512015314962762 1.0864641178231507 -0.04223730556086241
v -0.7037273982341018 1.0532024795427488 -0.04223730556086241
v -0.7545579240303418 1.0174035842394864 -0.04223730556086241
v -0.8035706536961238 0.979153674587762 -0.04223730556086241
v -0.8506475112726757 0.9385448979702227 -0.04223730556086241
v -0.8956750844866491 0.8956750844866493 -0.04223730556086241
v -0.9385448979702224 0.8506475112726758 -0.04223730556086241
v -0.9791536745877618 0.8035706536961239 -0.04223730556086241
v -1.0174035842394862 0.7545579240303419 -0.04223730556086241
v -1.0532024795427488 0.703727398234102 -0.04223730556086241
v -1.0864641178231504 0.6512015314962764 -0.04223730556086241
v -1.1171083688806989 0.5971068632305586 -0.04223730556086241
v -1.1450614080304768 0.5415737122309336 -0.04223730556086241
v -1.1702558939527754 0.48473586272229024 -0.04223730556086241
v -1.1926311309242315 0.42673024206250165 -0.04223730556086241
v -1.2121332150391415 0.36769659087242923 -0.04223730556086241
v -1.228715164068692 0.30777712638852806 -0.04223730556086241
v -1.2423370306452632 0.2471161998490645 -0.04223730556086241
v -1.2529659984991381 0.18585994873934125 -0.04223730556086241
v -1.2605764615157684 0.12415594473369668 -0.04223730556086241
v -1.2651500854231499 0.062152838182411685 -0.04223730556086241
v -1.266675851960687 1.5512305276609022e-16 -0.04223730556086241
v -1.2651500854231499 -0.06215283818241138 -0.04223730556086241
v -1.2605764615157686 -0.12415594473369639 -0.04223730556086241
v -1.2529659984991381 -0.18585994873934097 -0.04223730556086241
v -1.2423370306452632 -0.2471161998490642 -0.04223730556086241
v -1.228715164068692 -0.3077771263885277 -0.04223730556086241
v -1.2121332150391417 -0.3676965908724289 -0.04223730556086241
v -1.1926311309242317 -0.4267302420625013 -0.04223730556086241
v -1.1702558939527756 -0.48473586272228997 -0.04223730556086241
v -1.145061408030477 -0.5415737122309334 -0.04223730556086241
v -1.117108368880699 -0.5971068632305584 -0.04223730556086241
v -1.0864641178231507 -0.6512015314962761 -0.04223730556086241
v -1.053202479542749 -0.7037273982341018 -0.04223730556086241
v -1.0174035842394864 -0.7545579240303416 -0.04223730556086241
v -0.979153674587762 -0.8035706536961237 -0.04223730556086241
v -0.9385448979702227 -0.8506475112726757 -0.04223730556086241
v -0.8956750844866495 -0.8956750844866491 -0.04223730556086241
v -0.850647511272676 -0.9385448979702224 -0.04223730556086241
v -0.8035706536961243 -0.9791536745877615 -0.04223730556086241
v -0.7545579240303415 -1.0174035842394864 -0.04223730556086241
v -0.703727398234102 -1.0532024795427486 -0.04223730556086241
v -0.6512015314962764 -1.0864641178231504 -0.04223730556086241
v -0.5971068632305587 -1.1171083688806989 -0.04223730556086241
v -0.5415737122309342 -1.1450614080304766 -0.04223730556086241
v -0.4847358627222908 -1.1702558939527752 -0.04223730556086241
v -0.42673024206250115 -1.1926311309242317 -0.04223730556086241
v -0.3676965908724293 -1.2121332150391415 -0.04223730556086241
v -0.3077771263885281 -1.228715164068692 -0.04223730556086241
v -0.24711619984906458 -1.2423370306452632 -0.04223730556086241
v -0.1858599487393419 -1.252965998499138 -0.04223730556086241
v -0.1241559447336962 -1.2605764615157686 -0.04223730556086241
v -0.06215283818241177 -1.2651500854231499 -0.04223730556086241
v -2.326845791491353e-16 -1.266675851960687 -0.04223730556086241
v 0.0621528381824113 -1.2651500854231499 -0.04223730556086241
v 0.12415594473369575 -1.2605764615157686 -0.04223730556086241
v 0.18585994873934142 -1.252965998499138 -0.04223730556086241
v 0.2471161998490641 -1.2423370306452632 -0.04223730556086241
v 0.30777712638852767 -1.228715164068692 -0.04223730556086241
v 0.3676965908724288 -1.2121332150391417 -0.04223730556086241
v 0.42673024206250076 -1.1926311309242317 -0.04223730556086241
v 0.48473586272229036 -1.1702558939527754 -0.04223730556086241
v 0.5415737122309338 -1.1450614080304768 -0.04223730556086241
v 0.5971068632305583 -1.117108368880699 -0.04223730556086241
v 0.6512015314962761 -1.0864641178231507 -0.04223730556086241
v 0.7037273982341016 -1.053202479542749 -0.04223730556086241
v 0.7545579240303413 -1.0174035842394868 -0.04223730556086241
v 0.803570653696124 -0.9791536745877617 -0.04223730556086241
v 0.8506475112726757 -0.9385448979702227 -0.04223730556086241
v 0.895675084486649 -0.8956750844866495 -0.04223730556086241
v 0.9385448979702222 -0.850647511272676 -0.04223730556086241
v 0.9791536745877615 -0.8035706536961245 -0.04223730556086241
v 1.0174035842394864 -0.7545579240303416 -0.04223730556086241
v 1.0532024795427486 -0.703727398234102 -0.04223730556086241
v 1.0864641178231504 -0.6512015314962765 -0.04223730556086241
v 1.1171083688806986 -0.5971068632305588 -0.04223730556086241
v 1.1450614080304766 -0.5415737122309343 -0.04223730556086241
v 1.1702558939527752 -0.48473586272229086 -0.04223730556086241
v 1.1926311309242317 -0.42673024206250126 -0.04223730556086241
v 1.2121332150391415 -0.3676965908724294 -0.04223730556086241
v 1.228715164068692 -0.30777712638852817 -0.04223730556086241
v 1.2423370306452632 -0.24711619984906463 -0.04223730556086241
v 1.252965998499138 -0.18585994873934197 -0.04223730556086241
v 1.2605764615157686 -0.12415594473369627 -0.04223730556086241
v 1.2651500854231499 -0.062152838182411844 -0.04223730556086241
v 1.266675851960687 -3.1024610553218043e-16 -0.04223730556086241
v 1.27 0.0 -6.613092715395707e-17
v 1.268470229380569 0.06231594639582088 -6.613092715395707e-17
v 1.26388460287369 0.12448176821854197 -6.613092715395707e-17
v 1.2562541676552719 0.18634770255830943 -6.613092715395707e-17
v 1.2455973061121026 0.2477647089604829 -6.613092715395707e-17
v 1.2319396915570708 0.30858482847714513 -6.613092715395707e-17
v 1.2153142263799053 0.36866154011316715 -6.613092715395707e-17
v 1.1957609627824364 0.4278501138081195 -6.613092715395707e-17
v 1.1733270062893342 0.486007959103664 -6.613092715395707e-17
v 1.148066402266773 0.5429949686564582 -6.613092715395707e-17
v 1.120040005722411 0.598673855769017 -6.613092715395707e-17
v 1.0893153347003457 0.6529104851253915 -6.613092715395707e-17
v 1.0559664076242326 0.7055741959348948 -6.613092715395707e-17
v 1.0200735649804191 0.7565381167053904 -6.613092715395707e-17
v 0.981723275770676 0.8056794708878298 -6.613092715395707e-17
v 0.9410079292007982 0.8528798726557133 -6.613092715395707e-17
v 0.8980256121069154 0.8980256121069153 -6.613092715395707e-17
v 0.8528798726557133 0.9410079292007981 -6.613092715395707e-17
v 0.8056794708878298 0.981723275770676 -6.613092715395707e-17
v 0.7565381167053905 1.020073564980419 -6.613092715395707e-17
v 0.7055741959348949 1.0559664076242326 -6.613092715395707e-17
v 0.6529104851253915 1.0893153347003457 -6.613092715395707e-17
v 0.5986738557690172 1.1200400057224107 -6.613092715395707e-17
v 0.5429949686564584 1.148066402266773 -6.613092715395707e-17
v 0.4860079591036641 1.1733270062893342 -6.613092715395707e-17
v 0.4278501138081195 1.1957609627824364 -6.613092715395707e-17
v 0.36866154011316715 1.2153142263799053 -6.613092715395707e-17
v 0.30858482847714525 1.2319396915570708 -6.613092715395707e-17
v 0.24776470896048297 1.2455973061121026 -6.613092715395707e-17
v 0.18634770255830943 1.2562541676552719 -6.613092715395707e-17
v 0.12448176821854218 1.2638846028736899 -6.613092715395707e-17
v 0.06231594639582102 1.268470229380569 -6.613092715395707e-17
v 7.776507174585693e-17 1.27 -6.613092715395707e-17
v -0.06231594639582087 1.268470229380569 -6.613092715395707e-17
v -0.12448176821854202 1.26388460287369 -6.613092715395707e-17
v -0.1863477025583093 1.2562541676552719 -6.613092715395707e-17
v -0.2477647089604828 1.2455973061121026 -6.613092715395707e-17
v -0.30858482847714513 1.2319396915570708 -6.613092715395707e-17
v -0.36866154011316693 1.2153142263799053 -6.613092715395707e-17
v -0.4278501138081193 1.1957609627824364 -6.613092715395707e-17
v -0.48600795910366396 1.1733270062893342 -6.613092715395707e-17
v -0.542994968656458 1.1480664022667733 -6.613092715395707e-17
v -0.5986738557690171 1.120040005722411 -6.613092715395707e-17
v -0.6529104851253915 1.0893153347003457 -6.613092715395707e-17
v -0.7055741959348945 1.0559664076242326 -6.613092715395707e-17
v -0.7565381167053904 1.0200735649804191 -6.613092715395707e-17
v -0.8056794708878297 0.9817232757706761 -6.613092715395707e-17
v -0.8528798726557134 0.9410079292007981 -6.613092715395707e-17
v -0.8980256121069153 0.8980256121069154 -6.613092715395707e-17
v -0.9410079292007978 0.8528798726557135 -6.613092715395707e-17
v -0.981723275770676 0.8056794708878298 -6.613092715395707e-17
v -1.020073564980419 0.7565381167053905 -6.613092715395707e-17
v -1.0559664076242326 0.7055741959348948 -6.613092715395707e-17
v -1.0893153347003455 0.6529104851253916 -6.613092715395707e-17
v -1.1200400057224107 0.5986738557690173 -6.613092715395707e-17
v -1.148066402266773 0.5429949686564581 -6.613092715395707e-17
v -1.1733270062893342 0.4860079591036642 -6.613092715395707e-17
v -1.1957609627824364 0.4278501138081198 -6.613092715395707e-17
v -1.2153142263799053 0.36866154011316726 -6.613092715395707e-17
v -1.2319396915570708 0.30858482847714536 -6.613092715395707e-17
v -1.2455973061121026 0.24776470896048333 -6.613092715395707e-17
v -1.2562541676552719 0.18634770255830949 -6.613092715395707e-17
v -1.2638846028736899 0.12448176821854225 -6.613092715395707e-17
v -1.268470229380569 0.06231594639582082 -6.613092715395707e-17
v -1.27 1.5553014349171386e-16 -6.613092715395707e-17
v -1.268470229380569 -0.06231594639582051 -6.613092715395707e-17
v -1.26388460287369 -0.12448176821854195 -6.613092715395707e-17
v -1.2562541676552719 -0.1863477025583092 -6.613092715395707e-17
v -1.2455973061121026 -0.24776470896048303 -6.613092715395707e-17
v -1.2319396915570708 -0.308584828477145 -6.613092715395707e-17
v -1.2153142263799053 -0.3686615401131669 -6.613092715395707e-17
v -1.1957609627824364 -0.4278501138081195 -6.613092715395707e-17
v -1.1733270062893344 -0.4860079591036639 -6.613092715395707e-17
v -1.1480664022667733 -0.5429949686564579 -6.613092715395707e-17
v -1.120040005722411 -0.598673855769017 -6.613092715395707e-17
v -1.0893153347003457 -0.6529104851253914 -6.613092715395707e-17
v -1.0559664076242328 -0.7055741959348945 -6.613092715395707e-17
v -1.0200735649804191 -0.7565381167053903 -6.613092715395707e-17
v -0.9817232757706761 -0.8056794708878295 -6.613092715395707e-17
v -0.9410079292007981 -0.8528798726557134 -6.613092715395707e-17
v -0.8980256121069156 -0.8980256121069153 -6.613092715395707e-17
v -0.8528798726557137 -0.9410079292007978 -6.613092715395707e-17
v -0.8056794708878302 -0.9817232757706755 -6.613092715395707e-17
v -0.7565381167053901 -1.0200735649804191 -6.613092715395707e-17
v -0.7055741959348948 -1.0559664076242326 -6.613092715395707e-17
v -0.6529104851253916 -1.0893153347003455 -6.613092715395707e-17
v -0.5986738557690173 -1.1200400057224107 -6.613092715395707e-17
v -0.5429949686564588 -1.1480664022667728 -6.613092715395707e-17
v -0.48600795910366473 -1.173327006289334 -6.613092715395707e-17
v -0.4278501138081193 -1.1957609627824364 -6.613092715395707e-17
v -0.3686615401131673 -1.2153142263799053 -6.613092715395707e-17
v -0.3085848284771454 -1.2319396915570708 -6.613092715395707e-17
v -0.24776470896048342 -1.2455973061121026 -6.613092715395707e-17
v -0.18634770255831012 -1.2562541676552719 -6.613092715395707e-17
v -0.12448176821854177 -1.26388460287369 -6.613092715395707e-17
v -0.0623159463958209 -1.268470229380569 -6.613092715395707e-17
v -2.3329521523757077e-16 -1.27 -6.613092715395707e-17
v 0.06231594639582043 -1.268470229380569 -6.613092715395707e-17
v 0.12448176821854132 -1.26388460287369 -6.613092715395707e-17
v 0.18634770255830968 -1.2562541676552719 -6.613092715395707e-17
v 0.24776470896048294 -1.2455973061121026 -6.613092715395707e-17
v 0.30858482847714497 -1.2319396915570708 -6.613092715395707e-17
v 0.3686615401131668 -1.2153142263799053 -6.613092715395707e-17
v 0.4278501138081189 -1.1957609627824366 -6.613092715395707e-17
v 0.4860079591036643 -1.173327006289334 -6.613092715395707e-17
v 0.5429949686564584 -1.148066402266773 -6.613092715395707e-17
v 0.598673855769017 -1.120040005722411 -6.613092715395707e-17
v 0.6529104851253914 -1.0893153347003457 -6.613092715395707e-17
v 0.7055741959348943 -1.0559664076242328 -6.613092715395707e-17
v 0.7565381167053898 -1.0200735649804196 -6.613092715395707e-17
v 0.8056794708878299 -0.9817232757706759 -6.613092715395707e-17
v 0.8528798726557134 -0.9410079292007981 -6.613092715395707e-17
v 0.8980256121069151 -0.8980256121069156 -6.613092715395707e-17
v 0.9410079292007977 -0.8528798726557137 -6.613092715395707e-17
v 0.9817232757706755 -0.8056794708878303 -6.613092715395707e-17
v 1.0200735649804191 -0.7565381167053903 -6.613092715395707e-17
v 1.0559664076242326 -0.7055741959348948 -6.613092715395707e-17
v 1.0893153347003455 -0.6529104851253918 -6.613092715395707e-17
v 1.1200400057224107 -0.5986738557690174 -6.613092715395707e-17
v 1.1480664022667728 -0.5429949686564588 -6.613092715395707e-17
v 1.173327006289334 -0.4860079591036648 -6.613092715395707e-17
v 1.1957609627824364 -0.4278501138081194 -6.613092715395707e-17
v 1.2153142263799053 -0.3686615401131674 -6.613092715395707e-17
v 1.2319396915570708 -0.3085848284771455 -6.613092715395707e-17
v 1.2455973061121026 -0.24776470896048347 -6.613092715395707e-17
v 1.2562541676552719 -0.18634770255831024 -6.613092715395707e-17
v 1.26388460287369 -0.12448176821854184 -6.613092715395707e-17
v 1.268470229380569 -0.06231594639582098 -6.613092715395707e-17
v 1.27 -3.110602869834277e-16 -6.613092715395707e-17
vn 1.0 0.0 0.0
vn 0.9987954562051724 0.049067674327418015 0.0
vn 0.9951847266721969 0.0980171403295606 0.0
vn 0.989176509964781 0.14673047445536175 0.0
vn 0.9807852804032304 0.19509032201612825 0.0
vn 0.970031253194544 0.24298017990326387 0.0
vn 0.9569403357322088 0.29028467725446233 0.0
vn 0.9415440651830208 0.33688985339222005 0.0
vn 0.9238795325112867 0.3826834323650898 0.0
vn 0.9039892931234433 0.4275550934302821 0.0
vn 0.881921264348355 0.47139673682599764 0.0
vn 0.8577286100002721 0.5141027441932217 0.0
vn 0.8314696123025452 0.5555702330196022 0.0
vn 0.8032075314806449 0.5956993044924334 0.0
vn 0.773010453362737 0.6343932841636455 0.0
vn 0.7409511253549592 0.6715589548470183 0.0
vn 0.7071067811865476 0.7071067811865475 0.0
vn 0.6715589548470183 0.7409511253549591 0.0
vn 0.6343932841636455 0.773010453362737 0.0
vn 0.5956993044924335 0.8032075314806448 0.0
vn 0.5555702330196023 0.8314696123025452 0.0
vn 0.5141027441932217 0.8577286100002721 0.0
vn 0.4713967368259978 0.8819212643483549 0.0
vn 0.4275550934302822 0.9039892931234433 0.0
vn 0.38268343236508984 0.9238795325112867 0.0
vn 0.33688985339222005 0.9415440651830208 0.0
vn 0.29028467725446233 0.9569403357322088 0.0
vn 0.24298017990326398 0.970031253194544 0.0
vn 0.19509032201612833 0.9807852804032304 0.0
vn 0.14673047445536175 0.989176509964781 0.0
vn 0.09801714032956077 0.9951847266721968 0.0
vn 0.049067674327418126 0.9987954562051724 0.0
vn 6.123233995736766e-17 1.0 0.0
vn -0.04906767432741801 0.9987954562051724 0.0
vn -0.09801714032956065 0.9951847266721969 0.0
vn -0.14673047445536164 0.989176509964781 0.0
vn -0.1950903220161282 0.9807852804032304 0.0
vn -0.24298017990326387 0.970031253194544 0.0
vn -0.29028467725446216 0.9569403357322089 0.0
vn -0.33688985339221994 0.9415440651830208 0.0
vn -0.3826834323650897 0.9238795325112867 0.0
vn -0.42755509343028186 0.9039892931234434 0.0
vn -0.4713967368259977 0.881921264348355 0.0
vn -0.5141027441932217 0.8577286100002721 0.0
vn -0.555570233019602 0.8314696123025453 0.0
vn -0.5956993044924334 0.8032075314806449 0.0
vn -0.6343932841636454 0.7730104533627371 0.0
vn -0.6715589548470184 0.7409511253549591 0.0
vn -0.7071067811865475 0.7071067811865476 0.0
vn -0.7409511253549589 0.6715589548470186 0.0
vn -0.773010453362737 0.6343932841636455 0.0
vn -0.8032075314806448 0.5956993044924335 0.0
vn -0.8314696123025453 0.5555702330196022 0.0
vn -0.857728610000272 0.5141027441932218 0.0
vn -0.8819212643483549 0.47139673682599786 0.0
vn -0.9039892931234433 0.42755509343028203 0.0
vn -0.9238795325112867 0.3826834323650899 0.0
vn -0.9415440651830207 0.33688985339222033 0.0
vn -0.9569403357322088 0.2902846772544624 0.0
vn -0.970031253194544 0.24298017990326407 0.0
vn -0.9807852804032304 0.1950903220161286 0.0
vn -0.989176509964781 0.1467304744553618 0.0
vn -0.9951847266721968 0.09801714032956083 0.0
vn -0.9987954562051724 0.049067674327417966 0.0
vn -1.0 1.2246467991473532e-16 0.0
vn -0.9987954562051724 -0.049067674327417724 0.0
vn -0.9951847266721969 -0.09801714032956059 0.0
vn -0.989176509964781 -0.14673047445536158 0.0
vn -0.9807852804032304 -0.19509032201612836 0.0
vn -0.970031253194544 -0.24298017990326382 0.0
vn -0.9569403357322089 -0.2902846772544621 0.0
vn -0.9415440651830208 -0.33688985339222005 0.0
vn -0.9238795325112868 -0.38268343236508967 0.0
vn -0.9039892931234434 -0.4275550934302818 0.0
vn -0.881921264348355 -0.47139673682599764 0.0
vn -0.8577286100002722 -0.5141027441932216 0.0
vn -0.8314696123025455 -0.555570233019602 0.0
vn -0.8032075314806449 -0.5956993044924332 0.0
vn -0.7730104533627371 -0.6343932841636453 0.0
vn -0.7409511253549591 -0.6715589548470184 0.0
vn -0.7071067811865477 -0.7071067811865475 0.0
vn -0.6715589548470187 -0.7409511253549589 0.0
vn -0.6343932841636458 -0.7730104533627367 0.0
vn -0.5956993044924331 -0.803207531480645 0.0
vn -0.5555702330196022 -0.8314696123025452 0.0
vn -0.5141027441932218 -0.857728610000272 0.0
vn -0.4713967368259979 -0.8819212643483549 0.0
vn -0.4275550934302825 -0.9039892931234431 0.0
vn -0.38268343236509034 -0.9238795325112865 0.0
vn -0.33688985339221994 -0.9415440651830208 0.0
vn -0.29028467725446244 -0.9569403357322088 0.0
vn -0.24298017990326412 -0.970031253194544 0.0
vn -0.19509032201612866 -0.9807852804032303 0.0
vn -0.1467304744553623 -0.9891765099647809 0.0
vn -0.09801714032956045 -0.9951847266721969 0.0
vn -0.04906767432741803 -0.9987954562051724 0.0
vn -1.8369701987210297e-16 -1.0 0.0
vn 0.04906767432741766 -0.9987954562051724 0.0
vn 0.09801714032956009 -0.9951847266721969 0.0
vn 0.14673047445536194 -0.9891765099647809 0.0
vn 0.1950903220161283 -0.9807852804032304 0.0
vn 0.24298017990326376 -0.970031253194544 0.0
vn 0.29028467725446205 -0.9569403357322089 0.0
vn 0.3368898533922196 -0.9415440651830209 0.0
vn 0.38268343236509 -0.9238795325112866 0.0
vn 0.42755509343028214 -0.9039892931234433 0.0
vn 0.4713967368259976 -0.881921264348355 0.0
vn 0.5141027441932216 -0.8577286100002722 0.0
vn 0.5555702330196018 -0.8314696123025455 0.0
vn 0.5956993044924329 -0.8032075314806453 0.0
vn 0.6343932841636456 -0.7730104533627369 0.0
vn 0.6715589548470184 -0.7409511253549591 0.0
vn 0.7071067811865474 -0.7071067811865477 0.0
vn 0.7409511253549588 -0.6715589548470187 0.0
vn 0.7730104533627367 -0.6343932841636459 0.0
vn 0.803207531480645 -0.5956993044924332 0.0
vn 0.8314696123025452 -0.5555702330196022 0.0
vn 0.857728610000272 -0.5141027441932219 0.0
vn 0.8819212643483548 -0.471396736825998 0.0
vn 0.9039892931234431 -0.42755509343028253 0.0
vn 0.9238795325112865 -0.3826834323650904 0.0
vn 0.9415440651830208 -0.33688985339222 0.0
vn 0.9569403357322088 -0.2902846772544625 0.0
vn 0.970031253194544 -0.24298017990326418 0.0
vn 0.9807852804032303 -0.19509032201612872 0.0
vn 0.9891765099647809 -0.1467304744553624 0.0
vn 0.9951847266721969 -0.0980171403295605 0.0
vn 0.9987954562051724 -0.04906767432741809 0.0
vn 1.0 -2.4492935982947064e-16 0.0
vn 0.9876883405951378 0.0 0.15643446504023087
vn 0.9864986267332503 0.04846356983331014 0.15643446504023087
vn 0.9829323512724879 0.09681038668198447 0.15643446504023087
vn 0.9769981056828043 0.1449239788295535 0.15643446504023087
vn 0.9687101860816035 0.1926884364182808 0.15643446504023087
vn 0.958088558793141 0.23998869068616274 0.15643446504023087
vn 0.9451588122478993 0.286710791177655 0.15643446504023087
vn 0.9299520953378181 0.33274218026030106 0.15643446504023087
vn 0.9125050423758845 0.37797196428592716 0.15643446504023087
vn 0.8928596848408653 0.4222911807431544 0.15643446504023087
vn 0.8710633501197926 0.46559306075763246 0.15643446504023087
vn 0.8471685474921429 0.5077732863076097 0.15643446504023087
vn 0.8212328416303835 0.5487302415351849 0.15643446504023087
vn 0.7933187139216351 0.5883652575478092 0.15643446504023087
vn 0.7634934119445368 0.6265828501202907 0.15643446504023087
vn 0.7318287874639395 0.6632909497246566 0.15643446504023087
vn 0.6984011233337104 0.6984011233337103 0.15643446504023087
vn 0.6632909497246566 0.7318287874639394 0.15643446504023087
vn 0.6265828501202907 0.7634934119445368 0.15643446504023087
vn 0.5883652575478093 0.793318713921635 0.15643446504023087
vn 0.548730241535185 0.8212328416303835 0.15643446504023087
vn 0.5077732863076097 0.8471685474921429 0.15643446504023087
vn 0.4655930607576326 0.8710633501197925 0.15643446504023087
vn 0.4222911807431545 0.8928596848408653 0.15643446504023087
vn 0.3779719642859272 0.9125050423758845 0.15643446504023087
vn 0.33274218026030106 0.9299520953378181 0.15643446504023087
vn 0.286710791177655 0.9451588122478993 0.15643446504023087
vn 0.23998869068616285 0.958088558793141 0.15643446504023087
vn 0.19268843641828087 0.9687101860816035 0.15643446504023087
vn 0.1449239788295535 0.9769981056828043 0.15643446504023087
vn 0.09681038668198463 0.9829323512724878 0.15643446504023087
vn 0.04846356983331025 0.9864986267332503 0.15643446504023087
vn 6.047846824324981e-17 0.9876883405951378 0.15643446504023087
vn -0.048463569833310134 0.9864986267332503 0.15643446504023087
vn -0.09681038668198451 0.9829323512724879 0.15643446504023087
vn -0.14492397882955338 0.9769981056828043 0.15643446504023087
vn -0.19268843641828073 0.9687101860816035 0.15643446504023087
vn -0.23998869068616274 0.958088558793141 0.15643446504023087
vn -0.28671079117765486 0.9451588122478994 0.15643446504023087
vn -0.33274218026030095 0.9299520953378181 0.15643446504023087
vn -0.3779719642859271 0.9125050423758845 0.15643446504023087
vn -0.4222911807431542 0.8928596848408654 0.15643446504023087
vn -0.4655930607576325 0.8710633501197926 0.15643446504023087
vn -0.5077732863076097 0.8471685474921429 0.15643446504023087
vn -0.5487302415351847 0.8212328416303836 0.15643446504023087
vn -0.5883652575478092 0.7933187139216351 0.15643446504023087
vn -0.6265828501202906 0.7634934119445369 0.15643446504023087
vn -0.6632909497246567 0.7318287874639394 0.15643446504023087
vn -0.6984011233337103 0.6984011233337104 0.15643446504023087
vn -0.7318287874639392 0.6632909497246569 0.15643446504023087
vn -0.7634934119445368 0.6265828501202907 0.15643446504023087
vn -0.793318713921635 0.5883652575478093 0.15643446504023087
vn -0.8212328416303836 0.5487302415351849 0.15643446504023087
vn -0.8471685474921428 0.5077732863076098 0.15643446504023087
vn -0.8710633501197925 0.4655930607576327 0.15643446504023087
vn -0.8928596848408653 0.42229118074315436 0.15643446504023087
vn -0.9125050423758845 0.3779719642859273 0.15643446504023087
vn -0.929952095337818 0.33274218026030133 0.15643446504023087
vn -0.9451588122478993 0.2867107911776551 0.15643446504023087
vn -0.958088558793141 0.23998869068616294 0.15643446504023087
vn -0.9687101860816035 0.19268843641828115 0.15643446504023087
vn -0.9769981056828043 0.14492397882955355 0.15643446504023087
vn -0.9829323512724878 0.09681038668198469 0.15643446504023087
vn -0.9864986267332503 0.04846356983331009 0.15643446504023087
vn -0.9876883405951378 1.2095693648649962e-16 0.15643446504023087
vn -0.9864986267332503 -0.04846356983330986 0.15643446504023087
vn -0.9829323512724879 -0.09681038668198445 0.15643446504023087
vn -0.9769981056828043 -0.14492397882955332 0.15643446504023087
vn -0.9687101860816035 -0.1926884364182809 0.15643446504023087
vn -0.958088558793141 -0.2399886906861627 0.15643446504023087
vn -0.9451588122478994 -0.2867107911776548 0.15643446504023087
vn -0.9299520953378181 -0.33274218026030106 0.15643446504023087
vn -0.9125050423758846 -0.37797196428592705 0.15643446504023087
vn -0.8928596848408654 -0.42229118074315414 0.15643446504023087
vn -0.8710633501197926 -0.46559306075763246 0.15643446504023087
vn -0.847168547492143 -0.5077732863076095 0.15643446504023087
vn -0.8212328416303837 -0.5487302415351847 0.15643446504023087
vn -0.7933187139216351 -0.5883652575478091 0.15643446504023087
vn -0.7634934119445369 -0.6265828501202905 0.15643446504023087
vn -0.7318287874639394 -0.6632909497246567 0.15643446504023087
vn -0.6984011233337105 -0.6984011233337103 0.15643446504023087
vn -0.663290949724657 -0.7318287874639392 0.15643446504023087
vn -0.626582850120291 -0.7634934119445365 0.15643446504023087
vn -0.588365257547809 -0.7933187139216352 0.15643446504023087
vn -0.5487302415351849 -0.8212328416303835 0.15643446504023087
vn -0.5077732863076098 -0.8471685474921428 0.15643446504023087
vn -0.46559306075763274 -0.8710633501197925 0.15643446504023087
vn -0.4222911807431548 -0.8928596848408651 0.15643446504023087
vn -0.3779719642859277 -0.9125050423758843 0.15643446504023087
vn -0.33274218026030095 -0.9299520953378181 0.15643446504023087
vn -0.28671079117765513 -0.9451588122478993 0.15643446504023087
vn -0.239988690686163 -0.958088558793141 0.15643446504023087
vn -0.1926884364182812 -0.9687101860816034 0.15643446504023087
vn -0.14492397882955405 -0.9769981056828042 0.15643446504023087
vn -0.09681038668198431 -0.9829323512724879 0.15643446504023087
vn -0.048463569833310155 -0.9864986267332503 0.15643446504023087
vn -1.8143540472974943e-16 -0.9876883405951378 0.15643446504023087
vn 0.048463569833309794 -0.9864986267332503 0.15643446504023087
vn 0.09681038668198397 -0.9829323512724879 0.15643446504023087
vn 0.14492397882955368 -0.9769981056828042 0.15643446504023087
vn 0.19268843641828085 -0.9687101860816035 0.15643446504023087
vn 0.23998869068616263 -0.958088558793141 0.15643446504023087
vn 0.28671079117765474 -0.9451588122478994 0.15643446504023087
vn 0.3327421802603006 -0.9299520953378182 0.15643446504023087
vn 0.3779719642859274 -0.9125050423758844 0.15643446504023087
vn 0.42229118074315447 -0.8928596848408653 0.15643446504023087
vn 0.4655930607576324 -0.8710633501197926 0.15643446504023087
vn 0.5077732863076095 -0.847168547492143 0.15643446504023087
vn 0.5487302415351846 -0.8212328416303837 0.15643446504023087
vn 0.5883652575478088 -0.7933187139216354 0.15643446504023087
vn 0.6265828501202908 -0.7634934119445367 0.15643446504023087
vn 0.6632909497246567 -0.7318287874639394 0.15643446504023087
vn 0.6984011233337102 -0.6984011233337105 0.15643446504023087
vn 0.7318287874639391 -0.663290949724657 0.15643446504023087
vn 0.7634934119445365 -0.6265828501202911 0.15643446504023087
vn 0.7933187139216352 -0.5883652575478091 0.15643446504023087
vn 0.8212328416303835 -0.5487302415351849 0.15643446504023087
vn 0.8471685474921428 -0.5077732863076099 0.15643446504023087
vn 0.8710633501197924 -0.4655930607576328 0.15643446504023087
vn 0.8928596848408651 -0.42229118074315486 0.15643446504023087
vn 0.9125050423758843 -0.3779719642859278 0.15643446504023087
vn 0.9299520953378181 -0.332742180260301 0.15643446504023087
vn 0.9451588122478993 -0.2867107911776552 0.15643446504023087
vn 0.958088558793141 -0.23998869068616305 0.15643446504023087
vn 0.9687101860816034 -0.19268843641828126 0.15643446504023087
vn 0.9769981056828042 -0.14492397882955413 0.15643446504023087
vn 0.9829323512724879 -0.09681038668198437 0.15643446504023087
vn 0.9864986267332503 -0.04846356983331022 0.15643446504023087
vn 0.9876883405951378 -2.4191387297299924e-16 0.15643446504023087
vn 0.9510565162951535 0.0 0.3090169943749474
vn 0.9499109270699199 0.04666613140853932 0.3090169943749474
vn 0.9464769192190041 0.09321984001904511 0.3090169943749474
vn 0.9407627655681029 0.13954897386985135 0.3090169943749474
vn 0.9327822320138617 0.18554192201955863 0.3090169943749474
vn 0.922554544360625 0.2310878834275678 0.3090169943749474
vn 0.9101043420037892 0.2760771338834919 0.3090169943749474
vn 0.8954616185713408 0.3204012903423898 0.3090169943749474
vn 0.8786616496665794 0.3639535720290143 0.3090169943749474
vn 0.8597449078861004 0.406629057682053 0.3090169943749474
vn 0.8387569653177638 0.4483249383186366 0.3090169943749474
vn 0.8157483837535432 0.48894076491018384 0.3090169943749474
vn 0.7907745928817406 0.5283786903729095 0.3090169943749474
vn 0.763895756752012 0.5665437052900195 0.3090169943749474
vn 0.7351766288349019 0.6033438667977181 0.3090169943749474
vn 0.7046863960250611 0.6386905200836196 0.3090169943749474
vn 0.6724985119639574 0.6724985119639573 0.3090169943749474
vn 0.6386905200836196 0.704686396025061 0.3090169943749474
vn 0.6033438667977181 0.7351766288349019 0.3090169943749474
vn 0.5665437052900196 0.7638957567520119 0.3090169943749474
vn 0.5283786903729096 0.7907745928817406 0.3090169943749474
vn 0.48894076491018384 0.8157483837535432 0.3090169943749474
vn 0.4483249383186368 0.8387569653177637 0.3090169943749474
vn 0.4066290576820531 0.8597449078861004 0.3090169943749474
vn 0.36395357202901435 0.8786616496665794 0.3090169943749474
vn 0.3204012903423898 0.8954616185713408 0.3090169943749474
vn 0.2760771338834919 0.9101043420037892 0.3090169943749474
vn 0.23108788342756792 0.922554544360625 0.3090169943749474
vn 0.1855419220195587 0.9327822320138617 0.3090169943749474
vn 0.13954897386985135 0.9407627655681029 0.3090169943749474
vn 0.09321984001904526 0.9464769192190041 0.3090169943749474
vn 0.046666131408539424 0.9499109270699199 0.3090169943749474
vn 5.823541592445462e-17 0.9510565162951535 0.3090169943749474
vn -0.04666613140853931 0.9499109270699199 0.3090169943749474
vn -0.09321984001904514 0.9464769192190041 0.3090169943749474
vn -0.13954897386985127 0.9407627655681029 0.3090169943749474
vn -0.18554192201955857 0.9327822320138617 0.3090169943749474
vn -0.2310878834275678 0.922554544360625 0.3090169943749474
vn -0.27607713388349175 0.9101043420037893 0.3090169943749474
vn -0.32040129034238973 0.8954616185713408 0.3090169943749474
vn -0.36395357202901424 0.8786616496665794 0.3090169943749474
vn -0.40662905768205276 0.8597449078861005 0.3090169943749474
vn -0.4483249383186367 0.8387569653177638 0.3090169943749474
vn -0.48894076491018384 0.8157483837535432 0.3090169943749474
vn -0.5283786903729093 0.7907745928817407 0.3090169943749474
vn -0.5665437052900195 0.763895756752012 0.3090169943749474
vn -0.603343866797718 0.735176628834902 0.3090169943749474
vn -0.6386905200836197 0.704686396025061 0.3090169943749474
vn -0.6724985119639573 0.6724985119639574 0.3090169943749474
vn -0.7046863960250608 0.6386905200836198 0.3090169943749474
vn -0.7351766288349019 0.6033438667977181 0.3090169943749474
vn -0.7638957567520119 0.5665437052900196 0.3090169943749474
vn -0.7907745928817407 0.5283786903729095 0.3090169943749474
vn -0.8157483837535431 0.48894076491018396 0.3090169943749474
vn -0.8387569653177637 0.44832493831863685 0.3090169943749474
vn -0.8597449078861004 0.40662905768205293 0.3090169943749474
vn -0.8786616496665794 0.3639535720290144 0.3090169943749474
vn -0.8954616185713407 0.32040129034239007 0.3090169943749474
vn -0.9101043420037892 0.276077133883492 0.3090169943749474
vn -0.922554544360625 0.231087883427568 0.3090169943749474
vn -0.9327822320138617 0.18554192201955896 0.3090169943749474
vn -0.9407627655681029 0.1395489738698514 0.3090169943749474
vn -0.9464769192190041 0.09321984001904532 0.3090169943749474
vn -0.9499109270699199 0.04666613140853927 0.3090169943749474
vn -0.9510565162951535 1.1647083184890923e-16 0.3090169943749474
vn -0.9499109270699199 -0.04666613140853904 0.3090169943749474
vn -0.9464769192190041 -0.0932198400190451 0.3090169943749474
vn -0.9407627655681029 -0.1395489738698512 0.3090169943749474
vn -0.9327822320138617 -0.18554192201955874 0.3090169943749474
vn -0.922554544360625 -0.23108788342756775 0.3090169943749474
vn -0.9101043420037893 -0.2760771338834917 0.3090169943749474
vn -0.8954616185713408 -0.3204012903423898 0.3090169943749474
vn -0.8786616496665796 -0.3639535720290142 0.3090169943749474
vn -0.8597449078861005 -0.4066290576820527 0.3090169943749474
vn -0.8387569653177638 -0.4483249383186366 0.3090169943749474
vn -0.8157483837535433 -0.48894076491018373 0.3090169943749474
vn -0.7907745928817408 -0.5283786903729093 0.3090169943749474
vn -0.763895756752012 -0.5665437052900195 0.3090169943749474
vn -0.735176628834902 -0.6033438667977179 0.3090169943749474
vn -0.704686396025061 -0.6386905200836197 0.3090169943749474
vn -0.6724985119639575 -0.6724985119639573 0.3090169943749474
vn -0.6386905200836199 -0.7046863960250608 0.3090169943749474
vn -0.6033438667977183 -0.7351766288349015 0.3090169943749474
vn -0.5665437052900194 -0.7638957567520122 0.3090169943749474
vn -0.5283786903729095 -0.7907745928817406 0.3090169943749474
vn -0.48894076491018396 -0.8157483837535431 0.3090169943749474
vn -0.4483249383186369 -0.8387569653177637 0.3090169943749474
vn -0.4066290576820533 -0.8597449078861003 0.3090169943749474
vn -0.36395357202901485 -0.8786616496665792 0.3090169943749474
vn -0.32040129034238973 -0.8954616185713408 0.3090169943749474
vn -0.27607713388349203 -0.9101043420037892 0.3090169943749474
vn -0.23108788342756806 -0.922554544360625 0.3090169943749474
vn -0.18554192201955902 -0.9327822320138616 0.3090169943749474
vn -0.13954897386985188 -0.9407627655681028 0.3090169943749474
vn -0.09321984001904496 -0.9464769192190041 0.3090169943749474
vn -0.046666131408539334 -0.9499109270699199 0.3090169943749474
vn -1.7470624777336384e-16 -0.9510565162951535 0.3090169943749474
vn 0.04666613140853898 -0.9499109270699199 0.3090169943749474
vn 0.09321984001904461 -0.9464769192190041 0.3090169943749474
vn 0.13954897386985154 -0.9407627655681028 0.3090169943749474
vn 0.18554192201955869 -0.9327822320138617 0.3090169943749474
vn 0.2310878834275677 -0.922554544360625 0.3090169943749474
vn 0.2760771338834917 -0.9101043420037893 0.3090169943749474
vn 0.3204012903423894 -0.8954616185713409 0.3090169943749474
vn 0.3639535720290145 -0.8786616496665793 0.3090169943749474
vn 0.40662905768205304 -0.8597449078861004 0.3090169943749474
vn 0.44832493831863657 -0.8387569653177638 0.3090169943749474
vn 0.48894076491018373 -0.8157483837535433 0.3090169943749474
vn 0.5283786903729092 -0.7907745928817408 0.3090169943749474
vn 0.5665437052900192 -0.7638957567520124 0.3090169943749474
vn 0.6033438667977181 -0.7351766288349018 0.3090169943749474
vn 0.6386905200836197 -0.704686396025061 0.3090169943749474
vn 0.6724985119639572 -0.6724985119639575 0.3090169943749474
vn 0.7046863960250607 -0.6386905200836199 0.3090169943749474
vn 0.7351766288349015 -0.6033438667977185 0.3090169943749474
vn 0.7638957567520122 -0.5665437052900195 0.3090169943749474
vn 0.7907745928817406 -0.5283786903729095 0.3090169943749474
vn 0.8157483837535431 -0.48894076491018407 0.3090169943749474
vn 0.8387569653177636 -0.44832493831863696 0.3090169943749474
vn 0.8597449078861003 -0.4066290576820534 0.3090169943749474
vn 0.8786616496665792 -0.36395357202901485 0.3090169943749474
vn 0.8954616185713408 -0.32040129034238973 0.3090169943749474
vn 0.9101043420037892 -0.2760771338834921 0.3090169943749474
vn 0.922554544360625 -0.2310878834275681 0.3090169943749474
vn 0.9327822320138616 -0.18554192201955907 0.3090169943749474
vn 0.9407627655681028 -0.13954897386985196 0.3090169943749474
vn 0.9464769192190041 -0.09321984001904501 0.3090169943749474
vn 0.9499109270699199 -0.04666613140853939 0.3090169943749474
vn 0.9510565162951535 -2.3294166369781847e-16 0.3090169943749474
vn 0.8910065241883679 0.0 0.4539904997395468
vn 0.8899332678085059 0.043719617952479535 0.4539904997395468
vn 0.8867160842375451 0.08733391151592529 0.4539904997395468
vn 0.8813627239525 0.13073781003698198 0.4539904997395468
vn 0.8738860836671961 0.17382674972237985 0.4539904997395468
vn 0.8643041752629572 0.21649692554227146 0.4539904997395468
vn 0.8526400823964052 0.25864554130564066 0.4539904997395468
vn 0.8389219048889095 0.30017105730533084 0.4539904997395468
vn 0.8231826910316559 0.340973434936093 0.4539904997395468
vn 0.805460357969419 0.38095437769634855 0.4539904997395468
vn 0.7857976003548386 0.42001756799307094 0.4539904997395468
vn 0.7642417874932627 0.45806889917930405 0.4539904997395468
vn 0.7408448492259406 0.49501670226531735 0.4539904997395468
vn 0.7156631508264886 0.5307719667572313 0.4539904997395468
vn 0.6887573572120067 0.5652485550910934 0.4539904997395468
vn 0.6601922867959819 0.598363410145815 0.4539904997395468
vn 0.6300367553350505 0.6300367553350504 0.4539904997395468
vn 0.598363410145815 0.6601922867959817 0.4539904997395468
vn 0.5652485550910934 0.6887573572120067 0.4539904997395468
vn 0.5307719667572314 0.7156631508264885 0.4539904997395468
vn 0.49501670226531747 0.7408448492259406 0.4539904997395468
vn 0.45806889917930405 0.7642417874932627 0.4539904997395468
vn 0.4200175679930711 0.7857976003548385 0.4539904997395468
vn 0.38095437769634866 0.805460357969419 0.4539904997395468
vn 0.34097343493609306 0.8231826910316559 0.4539904997395468
vn 0.30017105730533084 0.8389219048889095 0.4539904997395468
vn 0.25864554130564066 0.8526400823964052 0.4539904997395468
vn 0.21649692554227157 0.8643041752629572 0.4539904997395468
vn 0.17382674972237994 0.8738860836671961 0.4539904997395468
vn 0.13073781003698198 0.8813627239525 0.4539904997395468
vn 0.08733391151592544 0.886716084237545 0.4539904997395468
vn 0.04371961795247964 0.8899332678085059 0.4539904997395468
vn 5.4558414393334676e-17 0.8910065241883679 0.4539904997395468
vn -0.043719617952479535 0.8899332678085059 0.4539904997395468
vn -0.08733391151592533 0.8867160842375451 0.4539904997395468
vn -0.13073781003698187 0.8813627239525 0.4539904997395468
vn -0.1738267497223798 0.8738860836671961 0.4539904997395468
vn -0.21649692554227146 0.8643041752629572 0.4539904997395468
vn -0.2586455413056405 0.8526400823964053 0.4539904997395468
vn -0.3001710573053307 0.8389219048889095 0.4539904997395468
vn -0.34097343493609295 0.8231826910316559 0.4539904997395468
vn -0.3809543776963483 0.8054603579694191 0.4539904997395468
vn -0.420017567993071 0.7857976003548386 0.4539904997395468
vn -0.45806889917930405 0.7642417874932627 0.4539904997395468
vn -0.49501670226531713 0.7408448492259407 0.4539904997395468
vn -0.5307719667572313 0.7156631508264886 0.4539904997395468
vn -0.5652485550910933 0.6887573572120068 0.4539904997395468
vn -0.598363410145815 0.6601922867959817 0.4539904997395468
vn -0.6300367553350504 0.6300367553350505 0.4539904997395468
vn -0.6601922867959816 0.5983634101458151 0.4539904997395468
vn -0.6887573572120067 0.5652485550910934 0.4539904997395468
vn -0.7156631508264885 0.5307719667572314 0.4539904997395468
vn -0.7408448492259407 0.49501670226531735 0.4539904997395468
vn -0.7642417874932625 0.45806889917930416 0.4539904997395468
vn -0.7857976003548385 0.42001756799307116 0.4539904997395468
vn -0.805460357969419 0.3809543776963485 0.4539904997395468
vn -0.8231826910316559 0.3409734349360931 0.4539904997395468
vn -0.8389219048889094 0.30017105730533106 0.4539904997395468
vn -0.8526400823964052 0.2586455413056407 0.4539904997395468
vn -0.8643041752629572 0.21649692554227162 0.4539904997395468
vn -0.8738860836671961 0.17382674972238019 0.4539904997395468
vn -0.8813627239525 0.13073781003698204 0.4539904997395468
vn -0.886716084237545 0.08733391151592548 0.4539904997395468
vn -0.8899332678085059 0.04371961795247949 0.4539904997395468
vn -0.8910065241883679 1.0911682878666935e-16 0.4539904997395468
vn -0.8899332678085059 -0.04371961795247928 0.4539904997395468
vn -0.8867160842375451 -0.08733391151592527 0.4539904997395468
vn -0.8813627239525 -0.13073781003698182 0.4539904997395468
vn -0.8738860836671961 -0.17382674972237996 0.4539904997395468
vn -0.8643041752629572 -0.2164969255422714 0.4539904997395468
vn -0.8526400823964053 -0.25864554130564044 0.4539904997395468
vn -0.8389219048889095 -0.30017105730533084 0.4539904997395468
vn -0.823182691031656 -0.34097343493609295 0.4539904997395468
vn -0.8054603579694191 -0.38095437769634827 0.4539904997395468
vn -0.7857976003548386 -0.42001756799307094 0.4539904997395468
vn -0.7642417874932628 -0.458068899179304 0.4539904997395468
vn -0.7408448492259408 -0.49501670226531713 0.4539904997395468
vn -0.7156631508264886 -0.5307719667572312 0.4539904997395468
vn -0.6887573572120068 -0.5652485550910932 0.4539904997395468
vn -0.6601922867959817 -0.598363410145815 0.4539904997395468
vn -0.6300367553350507 -0.6300367553350504 0.4539904997395468
vn -0.5983634101458152 -0.6601922867959816 0.4539904997395468
vn -0.5652485550910936 -0.6887573572120065 0.4539904997395468
vn -0.530771966757231 -0.7156631508264887 0.4539904997395468
vn -0.49501670226531735 -0.7408448492259406 0.4539904997395468
vn -0.45806889917930416 -0.7642417874932625 0.4539904997395468
vn -0.4200175679930712 -0.7857976003548385 0.4539904997395468
vn -0.3809543776963489 -0.8054603579694187 0.4539904997395468
vn -0.3409734349360935 -0.8231826910316556 0.4539904997395468
vn -0.3001710573053307 -0.8389219048889095 0.4539904997395468
vn -0.25864554130564077 -0.8526400823964052 0.4539904997395468
vn -0.21649692554227168 -0.8643041752629572 0.4539904997395468
vn -0.1738267497223802 -0.873886083667196 0.4539904997395468
vn -0.13073781003698248 -0.8813627239524999 0.4539904997395468
vn -0.08733391151592515 -0.8867160842375451 0.4539904997395468
vn -0.04371961795247955 -0.8899332678085059 0.4539904997395468
vn -1.6367524318000401e-16 -0.8910065241883679 0.4539904997395468
vn 0.04371961795247922 -0.8899332678085059 0.4539904997395468
vn 0.08733391151592483 -0.8867160842375451 0.4539904997395468
vn 0.13073781003698215 -0.8813627239524999 0.4539904997395468
vn 0.1738267497223799 -0.8738860836671961 0.4539904997395468
vn 0.21649692554227137 -0.8643041752629572 0.4539904997395468
vn 0.25864554130564044 -0.8526400823964053 0.4539904997395468
vn 0.30017105730533045 -0.8389219048889096 0.4539904997395468
vn 0.3409734349360932 -0.8231826910316558 0.4539904997395468
vn 0.3809543776963486 -0.805460357969419 0.4539904997395468
vn 0.42001756799307094 -0.7857976003548386 0.4539904997395468
vn 0.458068899179304 -0.7642417874932628 0.4539904997395468
vn 0.4950167022653171 -0.7408448492259408 0.4539904997395468
vn 0.5307719667572308 -0.7156631508264888 0.4539904997395468
vn 0.5652485550910934 -0.6887573572120067 0.4539904997395468
vn 0.598363410145815 -0.6601922867959817 0.4539904997395468
vn 0.6300367553350503 -0.6300367553350507 0.4539904997395468
vn 0.6601922867959815 -0.5983634101458152 0.4539904997395468
vn 0.6887573572120065 -0.5652485550910937 0.4539904997395468
vn 0.7156631508264887 -0.5307719667572312 0.4539904997395468
vn 0.7408448492259406 -0.49501670226531735 0.4539904997395468
vn 0.7642417874932625 -0.45806889917930427 0.4539904997395468
vn 0.7857976003548384 -0.4200175679930713 0.4539904997395468
vn 0.8054603579694187 -0.38095437769634893 0.4539904997395468
vn 0.8231826910316556 -0.34097343493609356 0.4539904997395468
vn 0.8389219048889095 -0.3001710573053308 0.4539904997395468
vn 0.8526400823964052 -0.2586455413056408 0.4539904997395468
vn 0.8643041752629572 -0.21649692554227173 0.4539904997395468
vn 0.873886083667196 -0.17382674972238027 0.4539904997395468
vn 0.8813627239524999 -0.13073781003698254 0.4539904997395468
vn 0.8867160842375451 -0.0873339115159252 0.4539904997395468
vn 0.8899332678085059 -0.043719617952479604 0.4539904997395468
vn 0.8910065241883679 -2.182336575733387e-16 0.4539904997395468
vn 0.8090169943749475 0.0 0.5877852522924731
vn 0.808042497974463 0.039696582405336495 0.5877852522924731
vn 0.8051213564201943 0.07929753226664857 0.5877852522924731
vn 0.8002606069980074 0.11870744742708676 0.5877852522924731
vn 0.7934719596790115 0.1578313859491287 0.5877852522924731
vn 0.7847717689092136 0.19657509483802255 0.5877852522924731
vn 0.7741809942102247 0.23484523710550678 0.5877852522924731
vn 0.7617251496859371 0.27254961662679056 0.5877852522924731
vn 0.7474342425568128 0.30959740024909344 0.5877852522924731
vn 0.7313427008698615 0.34589933661666666 0.5877852522924731
vn 0.7134892905584597 0.3813679711851267 0.5877852522924731
vn 0.6939170220518216 0.41591785690711264 0.5877852522924731
vn 0.672673046659108 0.44946576008170774 0.5877852522924731
vn 0.6498085429777923 0.48193086087171505 0.5877852522924731
vn 0.625378593599937 0.5132349480057244 0.5877852522924731
vn 0.599442052413404 0.5433026071959158 0.5877852522924731
vn 0.5720614028176844 0.5720614028176843 0.5877852522924731
vn 0.5433026071959158 0.599442052413404 0.5877852522924731
vn 0.5132349480057244 0.625378593599937 0.5877852522924731
vn 0.48193086087171516 0.6498085429777922 0.5877852522924731
vn 0.44946576008170785 0.672673046659108 0.5877852522924731
vn 0.41591785690711264 0.6939170220518216 0.5877852522924731
vn 0.38136797118512683 0.7134892905584597 0.5877852522924731
vn 0.3458993366166667 0.7313427008698615 0.5877852522924731
vn 0.3095974002490935 0.7474342425568128 0.5877852522924731
vn 0.27254961662679056 0.7617251496859371 0.5877852522924731
vn 0.23484523710550678 0.7741809942102247 0.5877852522924731
vn 0.19657509483802263 0.7847717689092136 0.5877852522924731
vn 0.1578313859491288 0.7934719596790115 0.5877852522924731
vn 0.11870744742708676 0.8002606069980074 0.5877852522924731
vn 0.07929753226664871 0.8051213564201942 0.5877852522924731
vn 0.039696582405336585 0.808042497974463 0.5877852522924731
vn 4.953800363085458e-17 0.8090169943749475 0.5877852522924731
vn -0.03969658240533649 0.808042497974463 0.5877852522924731
vn -0.0792975322666486 0.8051213564201943 0.5877852522924731
vn -0.11870744742708668 0.8002606069980074 0.5877852522924731
vn -0.15783138594912866 0.7934719596790115 0.5877852522924731
vn -0.19657509483802255 0.7847717689092136 0.5877852522924731
vn -0.23484523710550664 0.7741809942102248 0.5877852522924731
vn -0.27254961662679045 0.7617251496859371 0.5877852522924731
vn -0.3095974002490934 0.7474342425568128 0.5877852522924731
vn -0.3458993366166665 0.7313427008698615 0.5877852522924731
vn -0.3813679711851268 0.7134892905584597 0.5877852522924731
vn -0.41591785690711264 0.6939170220518216 0.5877852522924731
vn -0.4494657600817076 0.6726730466591081 0.5877852522924731
vn -0.48193086087171505 0.6498085429777923 0.5877852522924731
vn -0.5132349480057243 0.6253785935999371 0.5877852522924731
vn -0.5433026071959159 0.599442052413404 0.5877852522924731
vn -0.5720614028176843 0.5720614028176844 0.5877852522924731
vn -0.5994420524134038 0.5433026071959159 0.5877852522924731
vn -0.625378593599937 0.5132349480057244 0.5877852522924731
vn -0.6498085429777922 0.48193086087171516 0.5877852522924731
vn -0.6726730466591081 0.44946576008170774 0.5877852522924731
vn -0.6939170220518216 0.41591785690711275 0.5877852522924731
vn -0.7134892905584597 0.3813679711851269 0.5877852522924731
vn -0.7313427008698615 0.3458993366166666 0.5877852522924731
vn -0.7474342425568128 0.3095974002490935 0.5877852522924731
vn -0.761725149685937 0.2725496166267908 0.5877852522924731
vn -0.7741809942102247 0.23484523710550684 0.5877852522924731
vn -0.7847717689092136 0.1965750948380227 0.5877852522924731
vn -0.7934719596790115 0.15783138594912902 0.5877852522924731
vn -0.8002606069980074 0.1187074474270868 0.5877852522924731
vn -0.8051213564201942 0.07929753226664875 0.5877852522924731
vn -0.808042497974463 0.03969658240533645 0.5877852522924731
vn -0.8090169943749475 9.907600726170916e-17 0.5877852522924731
vn -0.808042497974463 -0.03969658240533626 0.5877852522924731
vn -0.8051213564201943 -0.07929753226664855 0.5877852522924731
vn -0.8002606069980074 -0.11870744742708664 0.5877852522924731
vn -0.7934719596790115 -0.1578313859491288 0.5877852522924731
vn -0.7847717689092136 -0.1965750948380225 0.5877852522924731
vn -0.7741809942102248 -0.23484523710550662 0.5877852522924731
vn -0.7617251496859371 -0.27254961662679056 0.5877852522924731
vn -0.7474342425568128 -0.3095974002490933 0.5877852522924731
vn -0.7313427008698615 -0.34589933661666644 0.5877852522924731
vn -0.7134892905584597 -0.3813679711851267 0.5877852522924731
vn -0.6939170220518217 -0.4159178569071126 0.5877852522924731
vn -0.6726730466591082 -0.4494657600817076 0.5877852522924731
vn -0.6498085429777923 -0.481930860871715 0.5877852522924731
vn -0.6253785935999371 -0.5132349480057242 0.5877852522924731
vn -0.599442052413404 -0.5433026071959159 0.5877852522924731
vn -0.5720614028176845 -0.5720614028176843 0.5877852522924731
vn -0.543302607195916 -0.5994420524134038 0.5877852522924731
vn -0.5132349480057247 -0.6253785935999367 0.5877852522924731
vn -0.4819308608717149 -0.6498085429777924 0.5877852522924731
vn -0.44946576008170774 -0.672673046659108 0.5877852522924731
vn -0.41591785690711275 -0.6939170220518216 0.5877852522924731
vn -0.38136797118512694 -0.7134892905584597 0.5877852522924731
vn -0.34589933661666694 -0.7313427008698613 0.5877852522924731
vn -0.3095974002490939 -0.7474342425568126 0.5877852522924731
vn -0.27254961662679045 -0.7617251496859371 0.5877852522924731
vn -0.23484523710550687 -0.7741809942102247 0.5877852522924731
vn -0.19657509483802274 -0.7847717689092136 0.5877852522924731
vn -0.15783138594912904 -0.7934719596790114 0.5877852522924731
vn -0.11870744742708722 -0.8002606069980073 0.5877852522924731
vn -0.07929753226664844 -0.8051213564201943 0.5877852522924731
vn -0.0396965824053365 -0.808042497974463 0.5877852522924731
vn -1.4861401089256373e-16 -0.8090169943749475 0.5877852522924731
vn 0.03969658240533621 -0.808042497974463 0.5877852522924731
vn 0.07929753226664815 -0.8051213564201943 0.5877852522924731
vn 0.11870744742708693 -0.8002606069980073 0.5877852522924731
vn 0.15783138594912877 -0.7934719596790115 0.5877852522924731
vn 0.19657509483802246 -0.7847717689092136 0.5877852522924731
vn 0.23484523710550656 -0.7741809942102248 0.5877852522924731
vn 0.2725496166267902 -0.7617251496859372 0.5877852522924731
vn 0.3095974002490936 -0.7474342425568127 0.5877852522924731
vn 0.3458993366166667 -0.7313427008698615 0.5877852522924731
vn 0.38136797118512666 -0.7134892905584597 0.5877852522924731
vn 0.4159178569071126 -0.6939170220518217 0.5877852522924731
vn 0.44946576008170747 -0.6726730466591082 0.5877852522924731
vn 0.4819308608717147 -0.6498085429777927 0.5877852522924731
vn 0.5132349480057246 -0.6253785935999369 0.5877852522924731
vn 0.5433026071959159 -0.599442052413404 0.5877852522924731
vn 0.5720614028176841 -0.5720614028176845 0.5877852522924731
vn 0.5994420524134036 -0.543302607195916 0.5877852522924731
vn 0.6253785935999367 -0.5132349480057248 0.5877852522924731
vn 0.6498085429777924 -0.481930860871715 0.5877852522924731
vn 0.672673046659108 -0.44946576008170774 0.5877852522924731
vn 0.6939170220518216 -0.41591785690711286 0.5877852522924731
vn 0.7134892905584596 -0.381367971185127 0.5877852522924731
vn 0.7313427008698613 -0.345899336616667 0.5877852522924731
vn 0.7474342425568126 -0.30959740024909393 0.5877852522924731
vn 0.7617251496859371 -0.2725496166267905 0.5877852522924731
vn 0.7741809942102247 -0.23484523710550692 0.5877852522924731
vn 0.7847717689092136 -0.1965750948380228 0.5877852522924731
vn 0.7934719596790114 -0.1578313859491291 0.5877852522924731
vn 0.8002606069980073 -0.11870744742708728 0.5877852522924731
vn 0.8051213564201943 -0.07929753226664848 0.5877852522924731
vn 0.808042497974463 -0.03969658240533656 0.5877852522924731
vn 0.8090169943749475 -1.9815201452341832e-16 0.5877852522924731
vn 0.7071067811865476 0.0 0.7071067811865475
vn 0.7062550401009888 0.034696085253970346 0.7071067811865475
vn 0.7037018687631913 0.06930858459954574 0.7071067811865475
vn 0.6994534179865391 0.10375411349410579 0.7071067811865475
vn 0.6935199226610738 0.1379496896414715 0.7071067811865475
vn 0.685915677096747 0.17181293290352517 0.7071067811865475
vn 0.6766590005871763 0.20526226376117868 0.7071067811865475
vn 0.6657721932768628 0.23821709984658063 0.7071067811865475
vn 0.6532814824381883 0.2705980500730985 0.7071067811865475
vn 0.6392169592876205 0.3023271058954004 0.7071067811865475
vn 0.6236125064933357 0.3333278292388733 0.7071067811865475
vn 0.6065057165489041 0.36352553664564 0.7071067811865475
vn 0.5879378012096794 0.39284747919355106 0.7071067811865475
vn 0.5679534922100714 0.42122301775470966 0.7071067811865475
vn 0.5466009335008788 0.4485837931713182 0.7071067811865475
vn 0.5239315652662954 0.47486389093887715 0.7071067811865475
vn 0.5000000000000001 0.5 0.7071067811865475
vn 0.47486389093887715 0.5239315652662953 0.7071067811865475
vn 0.4485837931713182 0.5466009335008788 0.7071067811865475
vn 0.4212230177547097 0.5679534922100713 0.7071067811865475
vn 0.3928474791935512 0.5879378012096794 0.7071067811865475
vn 0.36352553664564 0.6065057165489041 0.7071067811865475
vn 0.3333278292388734 0.6236125064933355 0.7071067811865475
vn 0.30232710589540046 0.6392169592876205 0.7071067811865475
vn 0.27059805007309856 0.6532814824381883 0.7071067811865475
vn 0.23821709984658063 0.6657721932768628 0.7071067811865475
vn 0.20526226376117868 0.6766590005871763 0.7071067811865475
vn 0.17181293290352526 0.685915677096747 0.7071067811865475
vn 0.13794968964147156 0.6935199226610738 0.7071067811865475
vn 0.10375411349410579 0.6994534179865391 0.7071067811865475
vn 0.06930858459954585 0.7037018687631912 0.7071067811865475
vn 0.03469608525397043 0.7062550401009888 0.7071067811865475
vn 4.329780281177467e-17 0.7071067811865476 0.7071067811865475
vn -0.034696085253970346 0.7062550401009888 0.7071067811865475
vn -0.06930858459954577 0.7037018687631913 0.7071067811865475
vn -0.10375411349410571 0.6994534179865391 0.7071067811865475
vn -0.13794968964147147 0.6935199226610738 0.7071067811865475
vn -0.17181293290352517 0.685915677096747 0.7071067811865475
vn -0.20526226376117856 0.6766590005871764 0.7071067811865475
vn -0.23821709984658054 0.6657721932768628 0.7071067811865475
vn -0.2705980500730985 0.6532814824381883 0.7071067811865475
vn -0.30232710589540024 0.6392169592876206 0.7071067811865475
vn -0.33332782923887333 0.6236125064933357 0.7071067811865475
vn -0.36352553664564 0.6065057165489041 0.7071067811865475
vn -0.39284747919355095 0.5879378012096794 0.7071067811865475
vn -0.42122301775470966 0.5679534922100714 0.7071067811865475
vn -0.4485837931713181 0.5466009335008789 0.7071067811865475
vn -0.47486389093887726 0.5239315652662953 0.7071067811865475
vn -0.5 0.5000000000000001 0.7071067811865475
vn -0.5239315652662951 0.4748638909388773 0.7071067811865475
vn -0.5466009335008788 0.4485837931713182 0.7071067811865475
vn -0.5679534922100713 0.4212230177547097 0.7071067811865475
vn -0.5879378012096794 0.39284747919355106 0.7071067811865475
vn -0.606505716548904 0.36352553664564013 0.7071067811865475
vn -0.6236125064933355 0.33332782923887344 0.7071067811865475
vn -0.6392169592876205 0.30232710589540035 0.7071067811865475
vn -0.6532814824381883 0.2705980500730986 0.7071067811865475
vn -0.6657721932768627 0.23821709984658082 0.7071067811865475
vn -0.6766590005871763 0.20526226376117873 0.7071067811865475
vn -0.685915677096747 0.1718129329035253 0.7071067811865475
vn -0.6935199226610738 0.13794968964147175 0.7071067811865475
vn -0.6994534179865391 0.10375411349410582 0.7071067811865475
vn -0.7037018687631912 0.06930858459954589 0.7071067811865475
vn -0.7062550401009888 0.03469608525397031 0.7071067811865475
vn -0.7071067811865476 8.659560562354934e-17 0.7071067811865475
vn -0.7062550401009888 -0.034696085253970145 0.7071067811865475
vn -0.7037018687631913 -0.06930858459954573 0.7071067811865475
vn -0.6994534179865391 -0.10375411349410567 0.7071067811865475
vn -0.6935199226610738 -0.13794968964147158 0.7071067811865475
vn -0.685915677096747 -0.17181293290352512 0.7071067811865475
vn -0.6766590005871764 -0.2052622637611785 0.7071067811865475
vn -0.6657721932768628 -0.23821709984658063 0.7071067811865475
vn -0.6532814824381884 -0.27059805007309845 0.7071067811865475
vn -0.6392169592876206 -0.3023271058954002 0.7071067811865475
vn -0.6236125064933357 -0.3333278292388733 0.7071067811865475
vn -0.6065057165489041 -0.36352553664563997 0.7071067811865475
vn -0.5879378012096795 -0.39284747919355095 0.7071067811865475
vn -0.5679534922100714 -0.42122301775470955 0.7071067811865475
vn -0.5466009335008789 -0.448583793171318 0.7071067811865475
vn -0.5239315652662953 -0.47486389093887726 0.7071067811865475
vn -0.5000000000000001 -0.5 0.7071067811865475
vn -0.47486389093887743 -0.5239315652662951 0.7071067811865475
vn -0.4485837931713184 -0.5466009335008786 0.7071067811865475
vn -0.4212230177547095 -0.5679534922100715 0.7071067811865475
vn -0.39284747919355106 -0.5879378012096794 0.7071067811865475
vn -0.36352553664564013 -0.606505716548904 0.7071067811865475
vn -0.33332782923887344 -0.6236125064933355 0.7071067811865475
vn -0.3023271058954006 -0.6392169592876203 0.7071067811865475
vn -0.2705980500730989 -0.6532814824381882 0.7071067811865475
vn -0.23821709984658054 -0.6657721932768628 0.7071067811865475
vn -0.20526226376117876 -0.6766590005871763 0.7071067811865475
vn -0.17181293290352534 -0.685915677096747 0.7071067811865475
vn -0.1379496896414718 -0.6935199226610737 0.7071067811865475
vn -0.10375411349410618 -0.6994534179865391 0.7071067811865475
vn -0.06930858459954563 -0.7037018687631913 0.7071067811865475
vn -0.03469608525397036 -0.7062550401009888 0.7071067811865475
vn -1.29893408435324e-16 -0.7071067811865476 0.7071067811865475
vn 0.034696085253970096 -0.7062550401009888 0.7071067811865475
vn 0.06930858459954538 -0.7037018687631913 0.7071067811865475
vn 0.10375411349410593 -0.6994534179865391 0.7071067811865475
vn 0.13794968964147153 -0.6935199226610738 0.7071067811865475
vn 0.1718129329035251 -0.685915677096747 0.7071067811865475
vn 0.20526226376117848 -0.6766590005871764 0.7071067811865475
vn 0.23821709984658032 -0.6657721932768629 0.7071067811865475
vn 0.2705980500730987 -0.6532814824381882 0.7071067811865475
vn 0.3023271058954004 -0.6392169592876205 0.7071067811865475
vn 0.3333278292388732 -0.6236125064933357 0.7071067811865475
vn 0.36352553664563997 -0.6065057165489041 0.7071067811865475
vn 0.39284747919355084 -0.5879378012096795 0.7071067811865475
vn 0.42122301775470933 -0.5679534922100716 0.7071067811865475
vn 0.44858379317131825 -0.5466009335008787 0.7071067811865475
vn 0.47486389093887726 -0.5239315652662953 0.7071067811865475
vn 0.4999999999999999 -0.5000000000000001 0.7071067811865475
vn 0.523931565266295 -0.47486389093887743 0.7071067811865475
vn 0.5466009335008786 -0.44858379317131847 0.7071067811865475
vn 0.5679534922100715 -0.42122301775470955 0.7071067811865475
vn 0.5879378012096794 -0.39284747919355106 0.7071067811865475
vn 0.606505716548904 -0.3635255366456402 0.7071067811865475
vn 0.6236125064933355 -0.3333278292388735 0.7071067811865475
vn 0.6392169592876203 -0.3023271058954007 0.7071067811865475
vn 0.6532814824381882 -0.27059805007309895 0.7071067811865475
vn 0.6657721932768628 -0.2382170998465806 0.7071067811865475
vn 0.6766590005871763 -0.2052622637611788 0.7071067811865475
vn 0.685915677096747 -0.1718129329035254 0.7071067811865475
vn 0.6935199226610737 -0.13794968964147183 0.7071067811865475
vn 0.6994534179865391 -0.10375411349410624 0.7071067811865475
vn 0.7037018687631913 -0.06930858459954567 0.7071067811865475
vn 0.7062550401009888 -0.0346960852539704 0.7071067811865475
vn 0.7071067811865476 -1.7319121124709868e-16 0.7071067811865475
vn 0.5877852522924731 0.0 0.8090169943749475
vn 0.587077239214133 0.028841255333946304 0.8090169943749475
vn 0.5849549056446331 0.05761302955759752 0.8090169943749475
vn 0.5814233644714368 0.08624600894673909 0.8090169943749475
vn 0.5764911234865568 0.11467121414606977 0.8090169943749475
vn 0.5701700648905389 0.14282016634651046 0.8090169943749475
vn 0.5624754166672004 0.17062505225665328 0.8090169943749475
vn 0.5534257158980826 0.19801888747092036 0.8090169943749475
vn 0.5430427641049989 0.22493567784086388 0.8090169943749475
vn 0.5313515747282576 0.25131057846085025 0.8090169943749475
vn 0.5183803128670947 0.2770800498851176 0.8090169943749475
vn 0.5041602274274822 0.3021820111998656 0.8090169943749475
vn 0.48872557584077636 0.32655598958161497 0.8090169943749475
vn 0.4721135415345655 0.3501432659815357 0.8090169943749475
vn 0.4543641443545354 0.37288701658477896 0.8090169943749475
vn 0.4355201441531566 0.39473244970402427 0.8090169943749475
vn 0.41562693777745346 0.4156269377774534 0.8090169943749475
vn 0.39473244970402427 0.43552014415315654 0.8090169943749475
vn 0.37288701658477896 0.4543641443545354 0.8090169943749475
vn 0.3501432659815358 0.47211354153456536 0.8090169943749475
vn 0.326555989581615 0.48872557584077636 0.8090169943749475
vn 0.3021820111998656 0.5041602274274822 0.8090169943749475
vn 0.2770800498851177 0.5183803128670947 0.8090169943749475
vn 0.25131057846085036 0.5313515747282576 0.8090169943749475
vn 0.2249356778408639 0.5430427641049989 0.8090169943749475
vn 0.19801888747092036 0.5534257158980826 0.8090169943749475
vn 0.17062505225665328 0.5624754166672004 0.8090169943749475
vn 0.14282016634651054 0.5701700648905389 0.8090169943749475
vn 0.11467121414606982 0.5764911234865568 0.8090169943749475
vn 0.08624600894673909 0.5814233644714368 0.8090169943749475
vn 0.057613029557597624 0.5849549056446331 0.8090169943749475
vn 0.02884125533394637 0.587077239214133 0.8090169943749475
vn 3.599146639029983e-17 0.5877852522924731 0.8090169943749475
vn -0.0288412553339463 0.587077239214133 0.8090169943749475
vn -0.05761302955759755 0.5849549056446331 0.8090169943749475
vn -0.08624600894673902 0.5814233644714368 0.8090169943749475
vn -0.11467121414606973 0.5764911234865568 0.8090169943749475
vn -0.14282016634651046 0.5701700648905389 0.8090169943749475
vn -0.17062505225665317 0.5624754166672004 0.8090169943749475
vn -0.19801888747092028 0.5534257158980826 0.8090169943749475
vn -0.22493567784086385 0.5430427641049989 0.8090169943749475
vn -0.25131057846085014 0.5313515747282577 0.8090169943749475
vn -0.27708004988511764 0.5183803128670947 0.8090169943749475
vn -0.3021820111998656 0.5041602274274822 0.8090169943749475
vn -0.3265559895816148 0.4887255758407764 0.8090169943749475
vn -0.3501432659815357 0.4721135415345655 0.8090169943749475
vn -0.3728870165847789 0.4543641443545355 0.8090169943749475
vn -0.3947324497040243 0.43552014415315654 0.8090169943749475
vn -0.4156269377774534 0.41562693777745346 0.8090169943749475
vn -0.4355201441531564 0.3947324497040244 0.8090169943749475
vn -0.4543641443545354 0.37288701658477896 0.8090169943749475
vn -0.47211354153456536 0.3501432659815358 0.8090169943749475
vn -0.4887255758407764 0.32655598958161497 0.8090169943749475
vn -0.5041602274274822 0.30218201119986565 0.8090169943749475
vn -0.5183803128670947 0.2770800498851177 0.8090169943749475
vn -0.5313515747282576 0.25131057846085025 0.8090169943749475
vn -0.5430427641049989 0.22493567784086393 0.8090169943749475
vn -0.5534257158980825 0.1980188874709205 0.8090169943749475
vn -0.5624754166672004 0.1706250522566533 0.8090169943749475
vn -0.5701700648905389 0.14282016634651057 0.8090169943749475
vn -0.5764911234865568 0.11467121414606998 0.8090169943749475
vn -0.5814233644714368 0.08624600894673912 0.8090169943749475
vn -0.5849549056446331 0.05761302955759765 0.8090169943749475
vn -0.587077239214133 0.028841255333946277 0.8090169943749475
vn -0.5877852522924731 7.198293278059966e-17 0.8090169943749475
vn -0.587077239214133 -0.028841255333946134 0.8090169943749475
vn -0.5849549056446331 -0.05761302955759751 0.8090169943749475
vn -0.5814233644714368 -0.08624600894673899 0.8090169943749475
vn -0.5764911234865568 -0.11467121414606983 0.8090169943749475
vn -0.5701700648905389 -0.14282016634651043 0.8090169943749475
vn -0.5624754166672004 -0.17062505225665314 0.8090169943749475
vn -0.5534257158980826 -0.19801888747092036 0.8090169943749475
vn -0.5430427641049989 -0.22493567784086382 0.8090169943749475
vn -0.5313515747282577 -0.25131057846085014 0.8090169943749475
vn -0.5183803128670947 -0.2770800498851176 0.8090169943749475
vn -0.5041602274274823 -0.3021820111998655 0.8090169943749475
vn -0.4887255758407765 -0.3265559895816148 0.8090169943749475
vn -0.4721135415345655 -0.35014326598153567 0.8090169943749475
vn -0.4543641443545355 -0.37288701658477885 0.8090169943749475
vn -0.43552014415315654 -0.3947324497040243 0.8090169943749475
vn -0.4156269377774535 -0.4156269377774534 0.8090169943749475
vn -0.39473244970402444 -0.4355201441531564 0.8090169943749475
vn -0.3728870165847792 -0.4543641443545352 0.8090169943749475
vn -0.3501432659815356 -0.47211354153456553 0.8090169943749475
vn -0.32655598958161497 -0.48872557584077636 0.8090169943749475
vn -0.30218201119986565 -0.5041602274274822 0.8090169943749475
vn -0.27708004988511775 -0.5183803128670947 0.8090169943749475
vn -0.25131057846085053 -0.5313515747282574 0.8090169943749475
vn -0.2249356778408642 -0.5430427641049986 0.8090169943749475
vn -0.19801888747092028 -0.5534257158980826 0.8090169943749475
vn -0.17062505225665334 -0.5624754166672004 0.8090169943749475
vn -0.14282016634651062 -0.5701700648905389 0.8090169943749475
vn -0.11467121414607001 -0.5764911234865567 0.8090169943749475
vn -0.08624600894673942 -0.5814233644714368 0.8090169943749475
vn -0.05761302955759744 -0.5849549056446331 0.8090169943749475
vn -0.028841255333946315 -0.587077239214133 0.8090169943749475
vn -1.079743991708995e-16 -0.5877852522924731 0.8090169943749475
vn 0.028841255333946096 -0.587077239214133 0.8090169943749475
vn 0.05761302955759722 -0.5849549056446331 0.8090169943749475
vn 0.0862460089467392 -0.5814233644714368 0.8090169943749475
vn 0.1146712141460698 -0.5764911234865568 0.8090169943749475
vn 0.1428201663465104 -0.5701700648905389 0.8090169943749475
vn 0.17062505225665311 -0.5624754166672004 0.8090169943749475
vn 0.19801888747092009 -0.5534257158980828 0.8090169943749475
vn 0.22493567784086402 -0.5430427641049987 0.8090169943749475
vn 0.2513105784608503 -0.5313515747282576 0.8090169943749475
vn 0.27708004988511753 -0.5183803128670947 0.8090169943749475
vn 0.3021820111998655 -0.5041602274274823 0.8090169943749475
vn 0.32655598958161475 -0.4887255758407765 0.8090169943749475
vn 0.35014326598153545 -0.47211354153456564 0.8090169943749475
vn 0.372887016584779 -0.4543641443545353 0.8090169943749475
vn 0.3947324497040243 -0.43552014415315654 0.8090169943749475
vn 0.41562693777745335 -0.4156269377774535 0.8090169943749475
vn 0.4355201441531563 -0.39473244970402444 0.8090169943749475
vn 0.4543641443545352 -0.37288701658477924 0.8090169943749475
vn 0.47211354153456553 -0.35014326598153567 0.8090169943749475
vn 0.48872557584077636 -0.32655598958161497 0.8090169943749475
vn 0.5041602274274822 -0.3021820111998657 0.8090169943749475
vn 0.5183803128670946 -0.2770800498851178 0.8090169943749475
vn 0.5313515747282574 -0.25131057846085053 0.8090169943749475
vn 0.5430427641049986 -0.22493567784086424 0.8090169943749475
vn 0.5534257158980826 -0.1980188874709203 0.8090169943749475
vn 0.5624754166672004 -0.17062505225665336 0.8090169943749475
vn 0.5701700648905389 -0.14282016634651065 0.8090169943749475
vn 0.5764911234865567 -0.11467121414607005 0.8090169943749475
vn 0.5814233644714368 -0.08624600894673946 0.8090169943749475
vn 0.5849549056446331 -0.057613029557597464 0.8090169943749475
vn 0.587077239214133 -0.02884125533394635 0.8090169943749475
vn 0.5877852522924731 -1.4396586556119933e-16 0.8090169943749475
vn 0.45399049973954686 0.0 0.8910065241883679
vn 0.4534436483001749 0.022276257988961837 0.8910065241883679
vn 0.45180441139507505 0.04449885052125851 0.8910065241883679
vn 0.4490767380895318 0.06661424142501049 0.8910065241883679
vn 0.4452671995874542 0.08856915278645118 0.8910065241883679
vn 0.44038497340076993 0.11031069330108777 0.8910065241883679
vn 0.43444182123999525 0.13178648569348642 0.8910065241883679
vn 0.4274520606792441 0.15294479289871665 0.8910065241883679
vn 0.419432530663938 0.17373464270147218 0.8910065241883679
vn 0.4104025509443118 0.1941059505326024 0.8910065241883679
vn 0.4003838755324427 0.2140096401272263 0.8910065241883679
vn 0.38940064029493043 0.23339776175375312 0.8910065241883679
vn 0.37747930480747977 0.25222360772898567 0.8910065241883679
vn 0.3646485886114658 0.2704418249410203 0.8910065241883679
vn 0.3509394020260426 0.2880085241088658 0.8910065241883679
vn 0.33638477168247755 0.30488138551556565 0.8910065241883679
vn 0.32101976096010315 0.3210197609601031 0.8910065241883679
vn 0.30488138551556565 0.3363847716824775 0.8910065241883679
vn 0.2880085241088658 0.3509394020260426 0.8910065241883679
vn 0.27044182494102037 0.36464858861146576 0.8910065241883679
vn 0.2522236077289857 0.37747930480747977 0.8910065241883679
vn 0.23339776175375312 0.38940064029493043 0.8910065241883679
vn 0.2140096401272264 0.40038387553244265 0.8910065241883679
vn 0.19410595053260246 0.4104025509443118 0.8910065241883679
vn 0.1737346427014722 0.419432530663938 0.8910065241883679
vn 0.15294479289871665 0.4274520606792441 0.8910065241883679
vn 0.13178648569348642 0.43444182123999525 0.8910065241883679
vn 0.11031069330108782 0.44038497340076993 0.8910065241883679
vn 0.08856915278645122 0.4452671995874542 0.8910065241883679
vn 0.06661424142501049 0.4490767380895318 0.8910065241883679
vn 0.044498850521258584 0.451804411395075 0.8910065241883679
vn 0.02227625798896189 0.4534436483001749 0.8910065241883679
vn 2.7798900617467165e-17 0.45399049973954686 0.8910065241883679
vn -0.022276257988961837 0.4534436483001749 0.8910065241883679
vn -0.04449885052125853 0.45180441139507505 0.8910065241883679
vn -0.06661424142501045 0.4490767380895318 0.8910065241883679
vn -0.08856915278645115 0.4452671995874542 0.8910065241883679
vn -0.11031069330108777 0.44038497340076993 0.8910065241883679
vn -0.13178648569348636 0.4344418212399953 0.8910065241883679
vn -0.1529447928987166 0.4274520606792441 0.8910065241883679
vn -0.17373464270147215 0.419432530663938 0.8910065241883679
vn -0.19410595053260232 0.41040255094431183 0.8910065241883679
vn -0.21400964012722634 0.4003838755324427 0.8910065241883679
vn -0.23339776175375312 0.38940064029493043 0.8910065241883679
vn -0.2522236077289856 0.3774793048074798 0.8910065241883679
vn -0.2704418249410203 0.3646485886114658 0.8910065241883679
vn -0.28800852410886574 0.3509394020260427 0.8910065241883679
vn -0.3048813855155657 0.3363847716824775 0.8910065241883679
vn -0.3210197609601031 0.32101976096010315 0.8910065241883679
vn -0.33638477168247743 0.30488138551556576 0.8910065241883679
vn -0.3509394020260426 0.2880085241088658 0.8910065241883679
vn -0.36464858861146576 0.27044182494102037 0.8910065241883679
vn -0.3774793048074798 0.25222360772898567 0.8910065241883679
vn -0.3894006402949304 0.23339776175375318 0.8910065241883679
vn -0.40038387553244265 0.21400964012722642 0.8910065241883679
vn -0.4104025509443118 0.19410595053260238 0.8910065241883679
vn -0.419432530663938 0.17373464270147224 0.8910065241883679
vn -0.4274520606792441 0.1529447928987168 0.8910065241883679
vn -0.43444182123999525 0.13178648569348644 0.8910065241883679
vn -0.44038497340076993 0.11031069330108785 0.8910065241883679
vn -0.4452671995874542 0.08856915278645135 0.8910065241883679
vn -0.4490767380895318 0.06661424142501052 0.8910065241883679
vn -0.451804411395075 0.04449885052125861 0.8910065241883679
vn -0.4534436483001749 0.022276257988961816 0.8910065241883679
vn -0.45399049973954686 5.559780123493433e-17 0.8910065241883679
vn -0.4534436483001749 -0.022276257988961705 0.8910065241883679
vn -0.45180441139507505 -0.04449885052125851 0.8910065241883679
vn -0.4490767380895318 -0.06661424142501042 0.8910065241883679
vn -0.4452671995874542 -0.08856915278645124 0.8910065241883679
vn -0.44038497340076993 -0.11031069330108774 0.8910065241883679
vn -0.4344418212399953 -0.13178648569348633 0.8910065241883679
vn -0.4274520606792441 -0.15294479289871665 0.8910065241883679
vn -0.41943253066393804 -0.17373464270147215 0.8910065241883679
vn -0.41040255094431183 -0.1941059505326023 0.8910065241883679
vn -0.4003838755324427 -0.2140096401272263 0.8910065241883679
vn -0.3894006402949305 -0.23339776175375307 0.8910065241883679
vn -0.3774793048074799 -0.2522236077289856 0.8910065241883679
vn -0.3646485886114658 -0.27044182494102026 0.8910065241883679
vn -0.3509394020260427 -0.2880085241088657 0.8910065241883679
vn -0.3363847716824775 -0.3048813855155657 0.8910065241883679
vn -0.3210197609601032 -0.3210197609601031 0.8910065241883679
vn -0.30488138551556576 -0.33638477168247743 0.8910065241883679
vn -0.2880085241088659 -0.3509394020260425 0.8910065241883679
vn -0.2704418249410202 -0.3646485886114659 0.8910065241883679
vn -0.25222360772898567 -0.37747930480747977 0.8910065241883679
vn -0.23339776175375318 -0.3894006402949304 0.8910065241883679
vn -0.21400964012722645 -0.40038387553244265 0.8910065241883679
vn -0.1941059505326026 -0.41040255094431166 0.8910065241883679
vn -0.17373464270147243 -0.4194325306639379 0.8910065241883679
vn -0.1529447928987166 -0.4274520606792441 0.8910065241883679
vn -0.13178648569348647 -0.43444182123999525 0.8910065241883679
vn -0.11031069330108788 -0.44038497340076993 0.8910065241883679
vn -0.08856915278645137 -0.44526719958745414 0.8910065241883679
vn -0.06661424142501075 -0.44907673808953175 0.8910065241883679
vn -0.04449885052125844 -0.45180441139507505 0.8910065241883679
vn -0.022276257988961844 -0.4534436483001749 0.8910065241883679
vn -8.33967018524015e-17 -0.45399049973954686 0.8910065241883679
vn 0.022276257988961677 -0.4534436483001749 0.8910065241883679
vn 0.04449885052125828 -0.45180441139507505 0.8910065241883679
vn 0.06661424142501059 -0.44907673808953175 0.8910065241883679
vn 0.08856915278645121 -0.4452671995874542 0.8910065241883679
vn 0.11031069330108771 -0.44038497340076993 0.8910065241883679
vn 0.1317864856934863 -0.4344418212399953 0.8910065241883679
vn 0.15294479289871646 -0.42745206067924413 0.8910065241883679
vn 0.1737346427014723 -0.41943253066393793 0.8910065241883679
vn 0.19410595053260243 -0.4104025509443118 0.8910065241883679
vn 0.21400964012722629 -0.4003838755324427 0.8910065241883679
vn 0.23339776175375307 -0.3894006402949305 0.8910065241883679
vn 0.25222360772898555 -0.3774793048074799 0.8910065241883679
vn 0.2704418249410201 -0.364648588611466 0.8910065241883679
vn 0.28800852410886585 -0.3509394020260426 0.8910065241883679
vn 0.3048813855155657 -0.3363847716824775 0.8910065241883679
vn 0.32101976096010304 -0.3210197609601032 0.8910065241883679
vn 0.3363847716824774 -0.30488138551556576 0.8910065241883679
vn 0.3509394020260425 -0.28800852410886596 0.8910065241883679
vn 0.3646485886114659 -0.27044182494102026 0.8910065241883679
vn 0.37747930480747977 -0.25222360772898567 0.8910065241883679
vn 0.3894006402949304 -0.23339776175375324 0.8910065241883679
vn 0.40038387553244265 -0.21400964012722648 0.8910065241883679
vn 0.41040255094431166 -0.1941059505326026 0.8910065241883679
vn 0.4194325306639379 -0.17373464270147246 0.8910065241883679
vn 0.4274520606792441 -0.15294479289871662 0.8910065241883679
vn 0.43444182123999525 -0.1317864856934865 0.8910065241883679
vn 0.44038497340076993 -0.1103106933010879 0.8910065241883679
vn 0.44526719958745414 -0.0885691527864514 0.8910065241883679
vn 0.44907673808953175 -0.06661424142501078 0.8910065241883679
vn 0.45180441139507505 -0.044498850521258466 0.8910065241883679
vn 0.4534436483001749 -0.02227625798896187 0.8910065241883679
vn 0.45399049973954686 -1.1119560246986866e-16 0.8910065241883679
vn 0.30901699437494745 0.0 0.9510565162951535
vn 0.30864476987187683 0.015162745241627485 0.9510565162951535
vn 0.30752899308409587 0.030288962101868263 0.9510565162951535
vn 0.3056723520156169 0.04534221019940589 0.9510565162951535
vn 0.3030793194773963 0.06028622494106459 0.9510565162951535
vn 0.29975614231194164 0.07508500488639061 0.9510565162951535
vn 0.2957108263441203 0.08970289847827562 0.9510565162951535
vn 0.29095311709442667 0.10410468993068053 0.9510565162951535
vn 0.28549447630116936 0.11825568406654853 0.9510565162951535
vn 0.2793480543081398 0.13212178990152562 0.9510565162951535
vn 0.2725286583842822 0.1456696027721279 0.9510565162951535
vn 0.2650527170516856 0.15886648481050183 0.9510565162951535
vn 0.25693824050783537 0.17168064357190665 0.9510565162951535
vn 0.2482047772374699 0.1840812086254984 0.9510565162951535
vn 0.23887336691856847 0.19603830592390167 0.9510565162951535
vn 0.22896648973592443 0.20752312977240664 0.9510565162951535
vn 0.21850801222441057 0.21850801222441055 0.9510565162951535
vn 0.20752312977240664 0.22896648973592437 0.9510565162951535
vn 0.19603830592390167 0.23887336691856847 0.9510565162951535
vn 0.18408120862549843 0.24820477723746986 0.9510565162951535
vn 0.17168064357190668 0.25693824050783537 0.9510565162951535
vn 0.15886648481050183 0.2650527170516856 0.9510565162951535
vn 0.14566960277212795 0.27252865838428214 0.9510565162951535
vn 0.13212178990152565 0.2793480543081398 0.9510565162951535
vn 0.11825568406654854 0.28549447630116936 0.9510565162951535
vn 0.10410468993068053 0.29095311709442667 0.9510565162951535
vn 0.08970289847827562 0.2957108263441203 0.9510565162951535
vn 0.07508500488639065 0.29975614231194164 0.9510565162951535
vn 0.060286224941064614 0.3030793194773963 0.9510565162951535
vn 0.04534221019940589 0.3056723520156169 0.9510565162951535
vn 0.030288962101868315 0.30752899308409587 0.9510565162951535
vn 0.01516274524162752 0.30864476987187683 0.9510565162951535
vn 1.8921833652170753e-17 0.30901699437494745 0.9510565162951535
vn -0.015162745241627484 0.30864476987187683 0.9510565162951535
vn -0.030288962101868277 0.30752899308409587 0.9510565162951535
vn -0.04534221019940586 0.3056723520156169 0.9510565162951535
vn -0.06028622494106457 0.3030793194773963 0.9510565162951535
vn -0.07508500488639061 0.29975614231194164 0.9510565162951535
vn -0.08970289847827558 0.2957108263441203 0.9510565162951535
vn -0.1041046899306805 0.29095311709442667 0.9510565162951535
vn -0.11825568406654852 0.28549447630116936 0.9510565162951535
vn -0.13212178990152554 0.27934805430813986 0.9510565162951535
vn -0.14566960277212793 0.2725286583842822 0.9510565162951535
vn -0.15886648481050183 0.2650527170516856 0.9510565162951535
vn -0.17168064357190657 0.25693824050783537 0.9510565162951535
vn -0.1840812086254984 0.2482047772374699 0.9510565162951535
vn -0.19603830592390165 0.2388733669185685 0.9510565162951535
vn -0.2075231297724067 0.22896648973592437 0.9510565162951535
vn -0.21850801222441055 0.21850801222441057 0.9510565162951535
vn -0.22896648973592432 0.20752312977240672 0.9510565162951535
vn -0.23887336691856847 0.19603830592390167 0.9510565162951535
vn -0.24820477723746986 0.18408120862549843 0.9510565162951535
vn -0.25693824050783537 0.17168064357190665 0.9510565162951535
vn -0.26505271705168554 0.15886648481050186 0.9510565162951535
vn -0.27252865838428214 0.14566960277212795 0.9510565162951535
vn -0.2793480543081398 0.1321217899015256 0.9510565162951535
vn -0.28549447630116936 0.11825568406654857 0.9510565162951535
vn -0.29095311709442667 0.10410468993068062 0.9510565162951535
vn -0.2957108263441203 0.08970289847827564 0.9510565162951535
vn -0.29975614231194164 0.07508500488639067 0.9510565162951535
vn -0.3030793194773963 0.060286224941064705 0.9510565162951535
vn -0.3056723520156169 0.04534221019940591 0.9510565162951535
vn -0.30752899308409587 0.030288962101868332 0.9510565162951535
vn -0.30864476987187683 0.015162745241627472 0.9510565162951535
vn -0.30901699437494745 3.7843667304341506e-17 0.9510565162951535
vn -0.30864476987187683 -0.015162745241627397 0.9510565162951535
vn -0.30752899308409587 -0.03028896210186826 0.9510565162951535
vn -0.3056723520156169 -0.04534221019940584 0.9510565162951535
vn -0.3030793194773963 -0.06028622494106462 0.9510565162951535
vn -0.29975614231194164 -0.0750850048863906 0.9510565162951535
vn -0.2957108263441203 -0.08970289847827555 0.9510565162951535
vn -0.29095311709442667 -0.10410468993068053 0.9510565162951535
vn -0.2854944763011694 -0.1182556840665485 0.9510565162951535
vn -0.27934805430813986 -0.13212178990152554 0.9510565162951535
vn -0.2725286583842822 -0.1456696027721279 0.9510565162951535
vn -0.2650527170516856 -0.15886648481050178 0.9510565162951535
vn -0.2569382405078354 -0.17168064357190657 0.9510565162951535
vn -0.2482047772374699 -0.18408120862549834 0.9510565162951535
vn -0.2388733669185685 -0.19603830592390162 0.9510565162951535
vn -0.22896648973592437 -0.2075231297724067 0.9510565162951535
vn -0.2185080122244106 -0.21850801222441055 0.9510565162951535
vn -0.20752312977240675 -0.22896648973592432 0.9510565162951535
vn -0.19603830592390178 -0.23887336691856836 0.9510565162951535
vn -0.18408120862549832 -0.24820477723746992 0.9510565162951535
vn -0.17168064357190665 -0.25693824050783537 0.9510565162951535
vn -0.15886648481050186 -0.26505271705168554 0.9510565162951535
vn -0.14566960277212798 -0.27252865838428214 0.9510565162951535
vn -0.13212178990152573 -0.27934805430813975 0.9510565162951535
vn -0.11825568406654871 -0.2854944763011693 0.9510565162951535
vn -0.1041046899306805 -0.29095311709442667 0.9510565162951535
vn -0.08970289847827566 -0.2957108263441203 0.9510565162951535
vn -0.0750850048863907 -0.29975614231194164 0.9510565162951535
vn -0.06028622494106472 -0.3030793194773963 0.9510565162951535
vn -0.04534221019940606 -0.3056723520156169 0.9510565162951535
vn -0.030288962101868218 -0.30752899308409587 0.9510565162951535
vn -0.01516274524162749 -0.30864476987187683 0.9510565162951535
vn -5.676550095651226e-17 -0.30901699437494745 0.9510565162951535
vn 0.015162745241627376 -0.30864476987187683 0.9510565162951535
vn 0.030288962101868107 -0.30752899308409587 0.9510565162951535
vn 0.04534221019940595 -0.3056723520156169 0.9510565162951535
vn 0.06028622494106461 -0.3030793194773963 0.9510565162951535
vn 0.07508500488639058 -0.29975614231194164 0.9510565162951535
vn 0.08970289847827553 -0.2957108263441203 0.9510565162951535
vn 0.1041046899306804 -0.2909531170944267 0.9510565162951535
vn 0.1182556840665486 -0.28549447630116936 0.9510565162951535
vn 0.13212178990152562 -0.2793480543081398 0.9510565162951535
vn 0.14566960277212787 -0.2725286583842822 0.9510565162951535
vn 0.15886648481050178 -0.2650527170516856 0.9510565162951535
vn 0.17168064357190654 -0.2569382405078354 0.9510565162951535
vn 0.18408120862549826 -0.24820477723746998 0.9510565162951535
vn 0.1960383059239017 -0.23887336691856845 0.9510565162951535
vn 0.2075231297724067 -0.22896648973592437 0.9510565162951535
vn 0.2185080122244105 -0.2185080122244106 0.9510565162951535
vn 0.2289664897359243 -0.20752312977240675 0.9510565162951535
vn 0.23887336691856836 -0.1960383059239018 0.9510565162951535
vn 0.24820477723746992 -0.18408120862549834 0.9510565162951535
vn 0.25693824050783537 -0.17168064357190665 0.9510565162951535
vn 0.26505271705168554 -0.1588664848105019 0.9510565162951535
vn 0.2725286583842821 -0.145669602772128 0.9510565162951535
vn 0.27934805430813975 -0.13212178990152576 0.9510565162951535
vn 0.2854944763011693 -0.11825568406654872 0.9510565162951535
vn 0.29095311709442667 -0.10410468993068052 0.9510565162951535
vn 0.2957108263441203 -0.08970289847827567 0.9510565162951535
vn 0.29975614231194164 -0.07508500488639071 0.9510565162951535
vn 0.3030793194773963 -0.06028622494106473 0.9510565162951535
vn 0.3056723520156169 -0.04534221019940609 0.9510565162951535
vn 0.30752899308409587 -0.030288962101868235 0.9510565162951535
vn 0.30864476987187683 -0.01516274524162751 0.9510565162951535
vn 0.30901699437494745 -7.568733460868301e-17 0.9510565162951535
vn 0.15643446504023092 0.0 0.9876883405951378
vn 0.15624603287606953 0.0076758753841779095 0.9876883405951378
vn 0.15568119033317357 0.015333258912228058 0.9876883405951378
vn 0.15474129816670318 0.022953703276523785 0.9876883405951378
vn 0.15342862065921223 0.03051885015911941 0.9876883405951378
vn 0.15174632016579329 0.038010474458546155 0.9876883405951378
vn 0.14969844949568706 0.0454105281956779 0.9876883405951378
vn 0.14728994214871016 0.052701183992893766 0.9876883405951378
vn 0.14452660043002177 0.05986487802179221 0.9876883405951378
vn 0.14141508147186235 0.06688435231599213 0.9876883405951378
vn 0.137962881195939 0.07374269634708547 0.9876883405951378
vn 0.13417831625509344 0.08042338776358132 0.9876883405951378
vn 0.13007050399775688 0.0869103321946979 0.9876883405951378
vn 0.12564934050345913 0.09318790202311145 0.9876883405951378
vn 0.12092547674230614 0.09924097403325509 0.9876883405951378
vn 0.11591029291586014 0.10505496584446991 0.9876883405951378
vn 0.1106158710412372 0.11061587104123717 0.9876883405951378
vn 0.10505496584446991 0.11591029291586011 0.9876883405951378
vn 0.09924097403325509 0.12092547674230614 0.9876883405951378
vn 0.09318790202311146 0.1256493405034591 0.9876883405951378
vn 0.08691033219469792 0.13007050399775688 0.9876883405951378
vn 0.08042338776358132 0.13417831625509344 0.9876883405951378
vn 0.0737426963470855 0.137962881195939 0.9876883405951378
vn 0.06688435231599214 0.14141508147186235 0.9876883405951378
vn 0.059864878021792224 0.14452660043002177 0.9876883405951378
vn 0.052701183992893766 0.14728994214871016 0.9876883405951378
vn 0.0454105281956779 0.14969844949568706 0.9876883405951378
vn 0.03801047445854617 0.15174632016579329 0.9876883405951378
vn 0.03051885015911942 0.15342862065921223 0.9876883405951378
vn 0.022953703276523785 0.15474129816670318 0.9876883405951378
vn 0.015333258912228084 0.15568119033317354 0.9876883405951378
vn 0.007675875384177927 0.15624603287606953 0.9876883405951378
vn 9.578848344392366e-18 0.15643446504023092 0.9876883405951378
vn -0.007675875384177909 0.15624603287606953 0.9876883405951378
vn -0.015333258912228063 0.15568119033317357 0.9876883405951378
vn -0.022953703276523768 0.15474129816670318 0.9876883405951378
vn -0.0305188501591194 0.15342862065921223 0.9876883405951378
vn -0.038010474458546155 0.15174632016579329 0.9876883405951378
vn -0.045410528195677875 0.14969844949568709 0.9876883405951378
vn -0.05270118399289375 0.14728994214871016 0.9876883405951378
vn -0.0598648780217922 0.14452660043002177 0.9876883405951378
vn -0.0668843523159921 0.14141508147186238 0.9876883405951378
vn -0.07374269634708547 0.137962881195939 0.9876883405951378
vn -0.08042338776358132 0.13417831625509344 0.9876883405951378
vn -0.08691033219469788 0.13007050399775688 0.9876883405951378
vn -0.09318790202311145 0.12564934050345913 0.9876883405951378
vn -0.09924097403325506 0.12092547674230615 0.9876883405951378
vn -0.10505496584446992 0.11591029291586011 0.9876883405951378
vn -0.11061587104123717 0.1106158710412372 0.9876883405951378
vn -0.11591029291586008 0.10505496584446994 0.9876883405951378
vn -0.12092547674230614 0.09924097403325509 0.9876883405951378
vn -0.1256493405034591 0.09318790202311146 0.9876883405951378
vn -0.13007050399775688 0.0869103321946979 0.9876883405951378
vn -0.1341783162550934 0.08042338776358134 0.9876883405951378
vn -0.137962881195939 0.0737426963470855 0.9876883405951378
vn -0.14141508147186235 0.06688435231599212 0.9876883405951378
vn -0.14452660043002177 0.05986487802179223 0.9876883405951378
vn -0.14728994214871016 0.052701183992893814 0.9876883405951378
vn -0.14969844949568706 0.04541052819567791 0.9876883405951378
vn -0.15174632016579329 0.03801047445854618 0.9876883405951378
vn -0.15342862065921223 0.030518850159119464 0.9876883405951378
vn -0.15474129816670318 0.022953703276523792 0.9876883405951378
vn -0.15568119033317354 0.015333258912228092 0.9876883405951378
vn -0.15624603287606953 0.007675875384177903 0.9876883405951378
vn -0.15643446504023092 1.9157696688784732e-17 0.9876883405951378
vn -0.15624603287606953 -0.007675875384177864 0.9876883405951378
vn -0.15568119033317357 -0.015333258912228054 0.9876883405951378
vn -0.15474129816670318 -0.022953703276523758 0.9876883405951378
vn -0.15342862065921223 -0.030518850159119426 0.9876883405951378
vn -0.15174632016579329 -0.03801047445854614 0.9876883405951378
vn -0.14969844949568709 -0.04541052819567787 0.9876883405951378
vn -0.14728994214871016 -0.052701183992893766 0.9876883405951378
vn -0.1445266004300218 -0.059864878021792196 0.9876883405951378
vn -0.14141508147186238 -0.06688435231599209 0.9876883405951378
vn -0.137962881195939 -0.07374269634708547 0.9876883405951378
vn -0.13417831625509344 -0.0804233877635813 0.9876883405951378
vn -0.1300705039977569 -0.08691033219469788 0.9876883405951378
vn -0.12564934050345913 -0.09318790202311142 0.9876883405951378
vn -0.12092547674230615 -0.09924097403325505 0.9876883405951378
vn -0.11591029291586011 -0.10505496584446992 0.9876883405951378
vn -0.11061587104123721 -0.11061587104123717 0.9876883405951378
vn -0.10505496584446995 -0.11591029291586008 0.9876883405951378
vn -0.09924097403325513 -0.12092547674230608 0.9876883405951378
vn -0.0931879020231114 -0.12564934050345916 0.9876883405951378
vn -0.0869103321946979 -0.13007050399775688 0.9876883405951378
vn -0.08042338776358134 -0.1341783162550934 0.9876883405951378
vn -0.07374269634708551 -0.137962881195939 0.9876883405951378
vn -0.06688435231599218 -0.14141508147186233 0.9876883405951378
vn -0.0598648780217923 -0.14452660043002175 0.9876883405951378
vn -0.05270118399289375 -0.14728994214871016 0.9876883405951378
vn -0.045410528195677924 -0.14969844949568706 0.9876883405951378
vn -0.03801047445854619 -0.15174632016579329 0.9876883405951378
vn -0.030518850159119475 -0.15342862065921223 0.9876883405951378
vn -0.022953703276523872 -0.15474129816670315 0.9876883405951378
vn -0.015333258912228033 -0.15568119033317357 0.9876883405951378
vn -0.007675875384177912 -0.15624603287606953 0.9876883405951378
vn -2.87365450331771e-17 -0.15643446504023092 0.9876883405951378
vn 0.007675875384177855 -0.15624603287606953 0.9876883405951378
vn 0.015333258912227976 -0.15568119033317357 0.9876883405951378
vn 0.022953703276523813 -0.15474129816670315 0.9876883405951378
vn 0.030518850159119416 -0.15342862065921223 0.9876883405951378
vn 0.038010474458546134 -0.15174632016579329 0.9876883405951378
vn 0.04541052819567786 -0.14969844949568709 0.9876883405951378
vn 0.052701183992893696 -0.1472899421487102 0.9876883405951378
vn 0.059864878021792245 -0.14452660043002175 0.9876883405951378
vn 0.06688435231599214 -0.14141508147186235 0.9876883405951378
vn 0.07374269634708545 -0.137962881195939 0.9876883405951378
vn 0.0804233877635813 -0.13417831625509344 0.9876883405951378
vn 0.08691033219469785 -0.1300705039977569 0.9876883405951378
vn 0.09318790202311138 -0.1256493405034592 0.9876883405951378
vn 0.0992409740332551 -0.12092547674230612 0.9876883405951378
vn 0.10505496584446992 -0.11591029291586011 0.9876883405951378
vn 0.11061587104123716 -0.11061587104123721 0.9876883405951378
vn 0.11591029291586005 -0.10505496584446995 0.9876883405951378
vn 0.12092547674230608 -0.09924097403325516 0.9876883405951378
vn 0.12564934050345916 -0.09318790202311142 0.9876883405951378
vn 0.13007050399775688 -0.0869103321946979 0.9876883405951378
vn 0.1341783162550934 -0.08042338776358135 0.9876883405951378
vn 0.13796288119593897 -0.07374269634708552 0.9876883405951378
vn 0.14141508147186233 -0.0668843523159922 0.9876883405951378
vn 0.14452660043002175 -0.05986487802179231 0.9876883405951378
vn 0.14728994214871016 -0.05270118399289376 0.9876883405951378
vn 0.14969844949568706 -0.04541052819567793 0.9876883405951378
vn 0.15174632016579329 -0.0380104744585462 0.9876883405951378
vn 0.15342862065921223 -0.03051885015911948 0.9876883405951378
vn 0.15474129816670315 -0.022953703276523883 0.9876883405951378
vn 0.15568119033317357 -0.015333258912228042 0.9876883405951378
vn 0.15624603287606953 -0.007675875384177922 0.9876883405951378
vn 0.15643446504023092 -3.8315393377569464e-17 0.9876883405951378
vn 6.123233995736766e-17 0.0 1.0
vn 6.115858292222923e-17 3.0045285153338614e-18 1.0
vn 6.093748950397197e-17 6.001818858308667e-18 1.0
vn 6.056959233600595e-17 8.984650293956562e-18 1.0
vn 6.005577771483278e-17 1.1945836920083893e-17 1.0
vn 5.93972834648797e-17 1.4878244978739006e-17 1.0
vn 5.859569595647216e-17 1.777481004205999e-17 1.0
vn 5.765294628412867e-17 2.062855403110017e-17 1.0
vn 5.657130561438501e-17 2.3432602026631493e-17 1.0
vn 5.5353379714355165e-17 2.6180198831427125e-17 1.0
vn 5.400210267420999e-17 2.8864725244123264e-17 1.0
vn 5.2520729838697086e-17 3.147971400545497e-17 1.0
vn 5.091282996473014e-17 3.401886537845025e-17 1.0
vn 4.918227662394094e-17 3.647606232504815e-17 1.0
vn 4.733323887090601e-17 3.8845385242579287e-17 1.0
vn 4.5370171199529004e-17 4.1121126224607144e-17 1.0
vn 4.329780281177467e-17 4.329780281177466e-17 1.0
vn 4.1121126224607144e-17 4.5370171199529e-17 1.0
vn 3.8845385242579287e-17 4.733323887090601e-17 1.0
vn 3.647606232504816e-17 4.918227662394093e-17 1.0
vn 3.4018865378450254e-17 5.091282996473014e-17 1.0
vn 3.147971400545497e-17 5.2520729838697086e-17 1.0
vn 2.886472524412327e-17 5.4002102674209984e-17 1.0
vn 2.618019883142713e-17 5.5353379714355165e-17 1.0
vn 2.3432602026631496e-17 5.657130561438501e-17 1.0
vn 2.062855403110017e-17 5.765294628412867e-17 1.0
vn 1.777481004205999e-17 5.859569595647216e-17 1.0
vn 1.4878244978739015e-17 5.93972834648797e-17 1.0
vn 1.1945836920083898e-17 6.005577771483278e-17 1.0
vn 8.984650293956562e-18 6.056959233600595e-17 1.0
vn 6.001818858308677e-18 6.093748950397197e-17 1.0
vn 3.0045285153338683e-18 6.115858292222923e-17 1.0
vn 3.749399456654644e-33 6.123233995736766e-17 1.0
vn -3.004528515333861e-18 6.115858292222923e-17 1.0
vn -6.00181885830867e-18 6.093748950397197e-17 1.0
vn -8.984650293956556e-18 6.056959233600595e-17 1.0
vn -1.194583692008389e-17 6.005577771483278e-17 1.0
vn -1.4878244978739006e-17 5.93972834648797e-17 1.0
vn -1.7774810042059977e-17 5.859569595647216e-17 1.0
vn -2.0628554031100162e-17 5.765294628412867e-17 1.0
vn -2.3432602026631487e-17 5.657130561438501e-17 1.0
vn -2.6180198831427112e-17 5.535337971435517e-17 1.0
vn -2.8864725244123264e-17 5.400210267420999e-17 1.0
vn -3.147971400545497e-17 5.2520729838697086e-17 1.0
vn -3.4018865378450236e-17 5.0912829964730146e-17 1.0
vn -3.647606232504815e-17 4.918227662394094e-17 1.0
vn -3.884538524257928e-17 4.733323887090602e-17 1.0
vn -4.112112622460715e-17 4.5370171199529e-17 1.0
vn -4.329780281177466e-17 4.329780281177467e-17 1.0
vn -4.5370171199528986e-17 4.1121126224607157e-17 1.0
vn -4.733323887090601e-17 3.8845385242579287e-17 1.0
vn -4.918227662394093e-17 3.647606232504816e-17 1.0
vn -5.0912829964730146e-17 3.401886537845025e-17 1.0
vn -5.252072983869708e-17 3.1479714005454976e-17 1.0
vn -5.4002102674209984e-17 2.8864725244123276e-17 1.0
vn -5.5353379714355165e-17 2.618019883142712e-17 1.0
vn -5.657130561438501e-17 2.34326020266315e-17 1.0
vn -5.765294628412866e-17 2.0628554031100187e-17 1.0
vn -5.859569595647216e-17 1.7774810042059993e-17 1.0
vn -5.93972834648797e-17 1.4878244978739018e-17 1.0
vn -6.005577771483278e-17 1.1945836920083915e-17 1.0
vn -6.056959233600595e-17 8.984650293956565e-18 1.0
vn -6.093748950397197e-17 6.0018188583086806e-18 1.0
vn -6.115858292222923e-17 3.0045285153338587e-18 1.0
vn -6.123233995736766e-17 7.498798913309288e-33 1.0
vn -6.115858292222923e-17 -3.0045285153338436e-18 1.0
vn -6.093748950397197e-17 -6.001818858308666e-18 1.0
vn -6.056959233600595e-17 -8.984650293956551e-18 1.0
vn -6.005577771483278e-17 -1.1945836920083901e-17 1.0
vn -5.93972834648797e-17 -1.4878244978739003e-17 1.0
vn -5.859569595647216e-17 -1.7774810042059974e-17 1.0
vn -5.765294628412867e-17 -2.062855403110017e-17 1.0
vn -5.657130561438503e-17 -2.3432602026631484e-17 1.0
vn -5.535337971435517e-17 -2.618019883142711e-17 1.0
vn -5.400210267420999e-17 -2.8864725244123264e-17 1.0
vn -5.252072983869709e-17 -3.1479714005454964e-17 1.0
vn -5.091282996473015e-17 -3.4018865378450236e-17 1.0
vn -4.918227662394094e-17 -3.6476062325048145e-17 1.0
vn -4.733323887090602e-17 -3.8845385242579274e-17 1.0
vn -4.5370171199529e-17 -4.112112622460715e-17 1.0
vn -4.3297802811774677e-17 -4.329780281177466e-17 1.0
vn -4.112112622460716e-17 -4.5370171199528986e-17 1.0
vn -3.8845385242579305e-17 -4.733323887090599e-17 1.0
vn -3.647606232504814e-17 -4.9182276623940945e-17 1.0
vn -3.401886537845025e-17 -5.091282996473014e-17 1.0
vn -3.1479714005454976e-17 -5.252072983869708e-17 1.0
vn -2.886472524412328e-17 -5.4002102674209984e-17 1.0
vn -2.618019883142715e-17 -5.535337971435515e-17 1.0
vn -2.3432602026631527e-17 -5.6571305614385e-17 1.0
vn -2.0628554031100162e-17 -5.765294628412867e-17 1.0
vn -1.7774810042059996e-17 -5.859569595647216e-17 1.0
vn -1.487824497873902e-17 -5.93972834648797e-17 1.0
vn -1.194583692008392e-17 -6.005577771483276e-17 1.0
vn -8.984650293956596e-18 -6.056959233600594e-17 1.0
vn -6.0018188583086575e-18 -6.093748950397197e-17 1.0
vn -3.004528515333862e-18 -6.115858292222923e-17 1.0
vn -1.1248198369963932e-32 -6.123233995736766e-17 1.0
vn 3.0045285153338398e-18 -6.115858292222923e-17 1.0
vn 6.001818858308635e-18 -6.093748950397197e-17 1.0
vn 8.984650293956574e-18 -6.056959233600594e-17 1.0
vn 1.1945836920083896e-17 -6.005577771483278e-17 1.0
vn 1.4878244978739e-17 -5.93972834648797e-17 1.0
vn 1.777481004205997e-17 -5.859569595647216e-17 1.0
vn 2.062855403110014e-17 -5.765294628412867e-17 1.0
vn 2.3432602026631505e-17 -5.657130561438501e-17 1.0
vn 2.6180198831427128e-17 -5.5353379714355165e-17 1.0
vn 2.886472524412326e-17 -5.400210267420999e-17 1.0
vn 3.1479714005454964e-17 -5.252072983869709e-17 1.0
vn 3.401886537845023e-17 -5.091282996473015e-17 1.0
vn 3.6476062325048127e-17 -4.918227662394096e-17 1.0
vn 3.884538524257929e-17 -4.7333238870906005e-17 1.0
vn 4.112112622460715e-17 -4.5370171199529e-17 1.0
vn 4.329780281177465e-17 -4.3297802811774677e-17 1.0
vn 4.5370171199528973e-17 -4.112112622460716e-17 1.0
vn 4.733323887090599e-17 -3.884538524257931e-17 1.0
vn 4.9182276623940945e-17 -3.6476062325048145e-17 1.0
vn 5.091282996473014e-17 -3.401886537845025e-17 1.0
vn 5.252072983869708e-17 -3.147971400545498e-17 1.0
vn 5.400210267420998e-17 -2.886472524412328e-17 1.0
vn 5.535337971435515e-17 -2.6180198831427152e-17 1.0
vn 5.6571305614385e-17 -2.343260202663153e-17 1.0
vn 5.765294628412867e-17 -2.0628554031100165e-17 1.0
vn 5.859569595647216e-17 -1.777481004206e-17 1.0
vn 5.93972834648797e-17 -1.4878244978739024e-17 1.0
vn 6.005577771483276e-17 -1.1945836920083923e-17 1.0
vn 6.056959233600594e-17 -8.9846502939566e-18 1.0
vn 6.093748950397197e-17 -6.001818858308661e-18 1.0
vn 6.115858292222923e-17 -3.004528515333866e-18 1.0
vn 6.123233995736766e-17 -1.4997597826618576e-32 1.0
vn -0.15643446504023104 -0.0 0.9876883405951377
vn -0.15624603287606964 -0.007675875384177916 0.9876883405951377
vn -0.15568119033317368 -0.015333258912228068 0.9876883405951377
vn -0.1547412981667033 -0.0229537032765238 0.9876883405951377
vn -0.15342862065921234 -0.03051885015911943 0.9876883405951377
vn -0.1517463201657934 -0.03801047445854618 0.9876883405951377
vn -0.14969844949568717 -0.04541052819567794 0.9876883405951377
vn -0.14728994214871027 -0.05270118399289381 0.9876883405951377
vn -0.14452660043002188 -0.05986487802179226 0.9876883405951377
vn -0.14141508147186246 -0.06688435231599217 0.9876883405951377
vn -0.1379628811959391 -0.07374269634708552 0.9876883405951377
vn -0.13417831625509352 -0.08042338776358138 0.9876883405951377
vn -0.13007050399775696 -0.08691033219469797 0.9876883405951377
vn -0.12564934050345922 -0.0931879020231115 0.9876883405951377
vn -0.12092547674230622 -0.09924097403325516 0.9876883405951377
vn -0.1159102929158602 -0.10505496584446998 0.9876883405951377
vn -0.11061587104123727 -0.11061587104123725 0.9876883405951377
vn -0.10505496584446998 -0.11591029291586019 0.9876883405951377
vn -0.09924097403325516 -0.12092547674230622 0.9876883405951377
vn -0.09318790202311153 -0.1256493405034592 0.9876883405951377
vn -0.08691033219469799 -0.13007050399775696 0.9876883405951377
vn -0.08042338776358138 -0.13417831625509352 0.9876883405951377
vn -0.07374269634708554 -0.13796288119593908 0.9876883405951377
vn -0.0668843523159922 -0.14141508147186246 0.9876883405951377
vn -0.059864878021792266 -0.14452660043002188 0.9876883405951377
vn -0.05270118399289381 -0.14728994214871027 0.9876883405951377
vn -0.04541052819567794 -0.14969844949568717 0.9876883405951377
vn -0.038010474458546196 -0.1517463201657934 0.9876883405951377
vn -0.030518850159119443 -0.15342862065921234 0.9876883405951377
vn -0.0229537032765238 -0.1547412981667033 0.9876883405951377
vn -0.015333258912228094 -0.15568119033317365 0.9876883405951377
vn -0.007675875384177933 -0.15624603287606964 0.9876883405951377
vn -9.578848344392374e-18 -0.15643446504023104 0.9876883405951377
vn 0.007675875384177914 -0.15624603287606964 0.9876883405951377
vn 0.015333258912228075 -0.15568119033317368 0.9876883405951377
vn 0.022953703276523782 -0.1547412981667033 0.9876883405951377
vn 0.03051885015911942 -0.15342862065921234 0.9876883405951377
vn 0.03801047445854618 -0.1517463201657934 0.9876883405951377
vn 0.04541052819567791 -0.1496984494956872 0.9876883405951377
vn 0.05270118399289379 -0.14728994214871027 0.9876883405951377
vn 0.059864878021792245 -0.14452660043002188 0.9876883405951377
vn 0.06688435231599214 -0.1414150814718625 0.9876883405951377
vn 0.07374269634708552 -0.1379628811959391 0.9876883405951377
vn 0.08042338776358138 -0.13417831625509352 0.9876883405951377
vn 0.08691033219469793 -0.130070503997757 0.9876883405951377
vn 0.0931879020231115 -0.12564934050345922 0.9876883405951377
vn 0.09924097403325513 -0.12092547674230623 0.9876883405951377
vn 0.10505496584447 -0.11591029291586019 0.9876883405951377
vn 0.11061587104123725 -0.11061587104123727 0.9876883405951377
vn 0.11591029291586016 -0.10505496584447002 0.9876883405951377
vn 0.12092547674230622 -0.09924097403325516 0.9876883405951377
vn 0.1256493405034592 -0.09318790202311153 0.9876883405951377
vn 0.130070503997757 -0.08691033219469797 0.9876883405951377
vn 0.13417831625509352 -0.08042338776358139 0.9876883405951377
vn 0.13796288119593908 -0.07374269634708555 0.9876883405951377
vn 0.14141508147186246 -0.06688435231599217 0.9876883405951377
vn 0.14452660043002188 -0.05986487802179227 0.9876883405951377
vn 0.14728994214871027 -0.05270118399289385 0.9876883405951377
vn 0.14969844949568717 -0.045410528195677945 0.9876883405951377
vn 0.1517463201657934 -0.03801047445854621 0.9876883405951377
vn 0.15342862065921234 -0.030518850159119485 0.9876883405951377
vn 0.1547412981667033 -0.02295370327652381 0.9876883405951377
vn 0.15568119033317365 -0.015333258912228103 0.9876883405951377
vn 0.15624603287606964 -0.007675875384177908 0.9876883405951377
vn 0.15643446504023104 -1.9157696688784747e-17 0.9876883405951377
vn 0.15624603287606964 0.00767587538417787 0.9876883405951377
vn 0.15568119033317368 0.015333258912228066 0.9876883405951377
vn 0.1547412981667033 0.022953703276523775 0.9876883405951377
vn 0.15342862065921234 0.030518850159119447 0.9876883405951377
vn 0.1517463201657934 0.03801047445854617 0.9876883405951377
vn 0.1496984494956872 0.0454105281956779 0.9876883405951377
vn 0.14728994214871027 0.05270118399289381 0.9876883405951377
vn 0.14452660043002188 0.05986487802179224 0.9876883405951377
vn 0.1414150814718625 0.06688435231599213 0.9876883405951377
vn 0.1379628811959391 0.07374269634708552 0.9876883405951377
vn 0.13417831625509355 0.08042338776358135 0.9876883405951377
vn 0.130070503997757 0.08691033219469793 0.9876883405951377
vn 0.12564934050345922 0.09318790202311149 0.9876883405951377
vn 0.12092547674230623 0.09924097403325512 0.9876883405951377
vn 0.11591029291586019 0.10505496584447 0.9876883405951377
vn 0.1106158710412373 0.11061587104123725 0.9876883405951377
vn 0.10505496584447004 0.11591029291586016 0.9876883405951377
vn 0.0992409740332552 0.12092547674230616 0.9876883405951377
vn 0.09318790202311147 0.12564934050345924 0.9876883405951377
vn 0.08691033219469797 0.13007050399775696 0.9876883405951377
vn 0.08042338776358139 0.13417831625509352 0.9876883405951377
vn 0.07374269634708557 0.13796288119593908 0.9876883405951377
vn 0.06688435231599224 0.14141508147186244 0.9876883405951377
vn 0.05986487802179234 0.14452660043002186 0.9876883405951377
vn 0.05270118399289379 0.14728994214871027 0.9876883405951377
vn 0.04541052819567795 0.14969844949568717 0.9876883405951377
vn 0.03801047445854622 0.1517463201657934 0.9876883405951377
vn 0.030518850159119496 0.15342862065921234 0.9876883405951377
vn 0.022953703276523886 0.15474129816670326 0.9876883405951377
vn 0.015333258912228044 0.15568119033317368 0.9876883405951377
vn 0.007675875384177917 0.15624603287606964 0.9876883405951377
vn 2.8736545033177116e-17 0.15643446504023104 0.9876883405951377
vn -0.00767587538417786 0.15624603287606964 0.9876883405951377
vn -0.015333258912227988 0.15568119033317368 0.9876883405951377
vn -0.02295370327652383 0.15474129816670326 0.9876883405951377
vn -0.030518850159119437 0.15342862065921234 0.9876883405951377
vn -0.03801047445854616 0.1517463201657934 0.9876883405951377
vn -0.045410528195677896 0.1496984494956872 0.9876883405951377
vn -0.05270118399289374 0.1472899421487103 0.9876883405951377
vn -0.059864878021792294 0.14452660043002186 0.9876883405951377
vn -0.06688435231599218 0.14141508147186246 0.9876883405951377
vn -0.07374269634708551 0.1379628811959391 0.9876883405951377
vn -0.08042338776358135 0.13417831625509355 0.9876883405951377
vn -0.08691033219469792 0.130070503997757 0.9876883405951377
vn -0.09318790202311143 0.12564934050345927 0.9876883405951377
vn -0.09924097403325517 0.1209254767423062 0.9876883405951377
vn -0.10505496584447 0.11591029291586019 0.9876883405951377
vn -0.11061587104123724 0.1106158710412373 0.9876883405951377
vn -0.11591029291586014 0.10505496584447004 0.9876883405951377
vn -0.12092547674230616 0.09924097403325523 0.9876883405951377
vn -0.12564934050345924 0.09318790202311149 0.9876883405951377
vn -0.13007050399775696 0.08691033219469797 0.9876883405951377
vn -0.13417831625509352 0.0804233877635814 0.9876883405951377
vn -0.13796288119593908 0.07374269634708557 0.9876883405951377
vn -0.14141508147186244 0.06688435231599224 0.9876883405951377
vn -0.14452660043002186 0.05986487802179235 0.9876883405951377
vn -0.14728994214871027 0.0527011839928938 0.9876883405951377
vn -0.14969844949568717 0.045410528195677966 0.9876883405951377
vn -0.1517463201657934 0.038010474458546224 0.9876883405951377
vn -0.15342862065921234 0.030518850159119502 0.9876883405951377
vn -0.15474129816670326 0.0229537032765239 0.9876883405951377
vn -0.15568119033317368 0.015333258912228052 0.9876883405951377
vn -0.15624603287606964 0.007675875384177927 0.9876883405951377
vn -0.15643446504023104 3.8315393377569494e-17 0.9876883405951377
vn -0.30901699437494734 -0.0 0.9510565162951536
vn -0.3086447698718767 -0.01516274524162748 0.9510565162951536
vn -0.30752899308409576 -0.030288962101868253 0.9510565162951536
vn -0.30567235201561677 -0.045342210199405875 0.9510565162951536
vn -0.3030793194773962 -0.060286224941064566 0.9510565162951536
vn -0.29975614231194153 -0.07508500488639058 0.9510565162951536
vn -0.2957108263441202 -0.08970289847827559 0.9510565162951536
vn -0.2909531170944266 -0.10410468993068049 0.9510565162951536
vn -0.28549447630116925 -0.11825568406654849 0.9510565162951536
vn -0.2793480543081397 -0.13212178990152557 0.9510565162951536
vn -0.2725286583842821 -0.14566960277212784 0.9510565162951536
vn -0.2650527170516855 -0.15886648481050178 0.9510565162951536
vn -0.25693824050783526 -0.1716806435719066 0.9510565162951536
vn -0.2482047772374698 -0.18408120862549832 0.9510565162951536
vn -0.2388733669185684 -0.19603830592390162 0.9510565162951536
vn -0.22896648973592434 -0.20752312977240658 0.9510565162951536
vn -0.2185080122244105 -0.21850801222441046 0.9510565162951536
vn -0.20752312977240658 -0.2289664897359243 0.9510565162951536
vn -0.19603830592390162 -0.2388733669185684 0.9510565162951536
vn -0.18408120862549834 -0.24820477723746975 0.9510565162951536
vn -0.17168064357190663 -0.25693824050783526 0.9510565162951536
vn -0.15886648481050178 -0.2650527170516855 0.9510565162951536
vn -0.1456696027721279 -0.27252865838428203 0.9510565162951536
vn -0.1321217899015256 -0.2793480543081397 0.9510565162951536
vn -0.1182556840665485 -0.28549447630116925 0.9510565162951536
vn -0.10410468993068049 -0.2909531170944266 0.9510565162951536
vn -0.08970289847827559 -0.2957108263441202 0.9510565162951536
vn -0.07508500488639062 -0.29975614231194153 0.9510565162951536
vn -0.060286224941064594 -0.3030793194773962 0.9510565162951536
vn -0.045342210199405875 -0.30567235201561677 0.9510565162951536
vn -0.030288962101868305 -0.30752899308409576 0.9510565162951536
vn -0.015162745241627515 -0.3086447698718767 0.9510565162951536
vn -1.8921833652170747e-17 -0.30901699437494734 0.9510565162951536
vn 0.015162745241627478 -0.3086447698718767 0.9510565162951536
vn 0.030288962101868266 -0.30752899308409576 0.9510565162951536
vn 0.04534221019940584 -0.30567235201561677 0.9510565162951536
vn 0.06028622494106455 -0.3030793194773962 0.9510565162951536
vn 0.07508500488639058 -0.29975614231194153 0.9510565162951536
vn 0.08970289847827553 -0.2957108263441202 0.9510565162951536
vn 0.10410468993068046 -0.2909531170944266 0.9510565162951536
vn 0.11825568406654847 -0.28549447630116925 0.9510565162951536
vn 0.13212178990152548 -0.27934805430813975 0.9510565162951536
vn 0.14566960277212787 -0.2725286583842821 0.9510565162951536
vn 0.15886648481050178 -0.2650527170516855 0.9510565162951536
vn 0.17168064357190652 -0.2569382405078353 0.9510565162951536
vn 0.18408120862549832 -0.2482047772374698 0.9510565162951536
vn 0.19603830592390156 -0.23887336691856842 0.9510565162951536
vn 0.2075231297724066 -0.2289664897359243 0.9510565162951536
vn 0.21850801222441046 -0.2185080122244105 0.9510565162951536
vn 0.22896648973592423 -0.20752312977240664 0.9510565162951536
vn 0.2388733669185684 -0.19603830592390162 0.9510565162951536
vn 0.24820477723746975 -0.18408120862549834 0.9510565162951536
vn 0.2569382405078353 -0.1716806435719066 0.9510565162951536
vn 0.2650527170516855 -0.1588664848105018 0.9510565162951536
vn 0.27252865838428203 -0.14566960277212793 0.9510565162951536
vn 0.2793480543081397 -0.13212178990152554 0.9510565162951536
vn 0.28549447630116925 -0.11825568406654853 0.9510565162951536
vn 0.29095311709442656 -0.10410468993068059 0.9510565162951536
vn 0.2957108263441202 -0.0897028984782756 0.9510565162951536
vn 0.29975614231194153 -0.07508500488639064 0.9510565162951536
vn 0.3030793194773962 -0.06028622494106468 0.9510565162951536
vn 0.30567235201561677 -0.045342210199405895 0.9510565162951536
vn 0.30752899308409576 -0.030288962101868322 0.9510565162951536
vn 0.3086447698718767 -0.015162745241627466 0.9510565162951536
vn 0.30901699437494734 -3.7843667304341493e-17 0.9510565162951536
vn 0.3086447698718767 0.01516274524162739 0.9510565162951536
vn 0.30752899308409576 0.03028896210186825 0.9510565162951536
vn 0.30567235201561677 0.045342210199405826 0.9510565162951536
vn 0.3030793194773962 0.0602862249410646 0.9510565162951536
vn 0.29975614231194153 0.07508500488639057 0.9510565162951536
vn 0.2957108263441202 0.08970289847827552 0.9510565162951536
vn 0.2909531170944266 0.10410468993068049 0.9510565162951536
vn 0.2854944763011693 0.11825568406654846 0.9510565162951536
vn 0.27934805430813975 0.13212178990152548 0.9510565162951536
vn 0.2725286583842821 0.14566960277212784 0.9510565162951536
vn 0.26505271705168554 0.15886648481050172 0.9510565162951536
vn 0.2569382405078353 0.17168064357190652 0.9510565162951536
vn 0.2482047772374698 0.1840812086254983 0.9510565162951536
vn 0.23887336691856842 0.19603830592390153 0.9510565162951536
vn 0.2289664897359243 0.2075231297724066 0.9510565162951536
vn 0.21850801222441052 0.21850801222441046 0.9510565162951536
vn 0.2075231297724067 0.22896648973592423 0.9510565162951536
vn 0.1960383059239017 0.23887336691856828 0.9510565162951536
vn 0.18408120862549826 0.24820477723746984 0.9510565162951536
vn 0.1716806435719066 0.25693824050783526 0.9510565162951536
vn 0.1588664848105018 0.2650527170516855 0.9510565162951536
vn 0.14566960277212793 0.27252865838428203 0.9510565162951536
vn 0.13212178990152568 0.27934805430813964 0.9510565162951536
vn 0.11825568406654866 0.2854944763011692 0.9510565162951536
vn 0.10410468993068046 0.2909531170944266 0.9510565162951536
vn 0.08970289847827563 0.2957108263441202 0.9510565162951536
vn 0.07508500488639067 0.29975614231194153 0.9510565162951536
vn 0.0602862249410647 0.3030793194773962 0.9510565162951536
vn 0.04534221019940605 0.30567235201561677 0.9510565162951536
vn 0.030288962101868207 0.30752899308409576 0.9510565162951536
vn 0.015162745241627485 0.3086447698718767 0.9510565162951536
vn 5.676550095651223e-17 0.30901699437494734 0.9510565162951536
vn -0.015162745241627371 0.3086447698718767 0.9510565162951536
vn -0.030288962101868093 0.30752899308409576 0.9510565162951536
vn -0.04534221019940594 0.30567235201561677 0.9510565162951536
vn -0.06028622494106459 0.3030793194773962 0.9510565162951536
vn -0.07508500488639056 0.29975614231194153 0.9510565162951536
vn -0.0897028984782755 0.2957108263441202 0.9510565162951536
vn -0.10410468993068037 0.2909531170944266 0.9510565162951536
vn -0.11825568406654856 0.28549447630116925 0.9510565162951536
vn -0.1321217899015256 0.2793480543081397 0.9510565162951536
vn -0.14566960277212782 0.2725286583842821 0.9510565162951536
vn -0.15886648481050172 0.26505271705168554 0.9510565162951536
vn -0.1716806435719065 0.2569382405078353 0.9510565162951536
vn -0.18408120862549818 0.2482047772374699 0.9510565162951536
vn -0.19603830592390165 0.23887336691856836 0.9510565162951536
vn -0.2075231297724066 0.2289664897359243 0.9510565162951536
vn -0.21850801222441044 0.21850801222441052 0.9510565162951536
vn -0.2289664897359242 0.2075231297724067 0.9510565162951536
vn -0.23887336691856828 0.19603830592390176 0.9510565162951536
vn -0.24820477723746984 0.1840812086254983 0.9510565162951536
vn -0.25693824050783526 0.1716806435719066 0.9510565162951536
vn -0.2650527170516855 0.15886648481050183 0.9510565162951536
vn -0.27252865838428203 0.14566960277212795 0.9510565162951536
vn -0.27934805430813964 0.1321217899015257 0.9510565162951536
vn -0.2854944763011692 0.11825568406654868 0.9510565162951536
vn -0.2909531170944266 0.10410468993068048 0.9510565162951536
vn -0.2957108263441202 0.08970289847827564 0.9510565162951536
vn -0.29975614231194153 0.07508500488639068 0.9510565162951536
vn -0.3030793194773962 0.06028622494106471 0.9510565162951536
vn -0.30567235201561677 0.045342210199406076 0.9510565162951536
vn -0.30752899308409576 0.030288962101868225 0.9510565162951536
vn -0.3086447698718767 0.015162745241627505 0.9510565162951536
vn -0.30901699437494734 7.568733460868299e-17 0.9510565162951536
vn -0.45399049973954675 -0.0 0.8910065241883679
vn -0.4534436483001748 -0.022276257988961833 0.8910065241883679
vn -0.45180441139507493 -0.0444988505212585 0.8910065241883679
vn -0.4490767380895317 -0.06661424142501048 0.8910065241883679
vn -0.4452671995874541 -0.08856915278645117 0.8910065241883679
vn -0.4403849734007698 -0.11031069330108774 0.8910065241883679
vn -0.43444182123999514 -0.1317864856934864 0.8910065241883679
vn -0.427452060679244 -0.15294479289871662 0.8910065241883679
vn -0.4194325306639379 -0.17373464270147215 0.8910065241883679
vn -0.41040255094431166 -0.19410595053260238 0.8910065241883679
vn -0.40038387553244265 -0.21400964012722626 0.8910065241883679
vn -0.3894006402949303 -0.23339776175375307 0.8910065241883679
vn -0.3774793048074797 -0.2522236077289856 0.8910065241883679
vn -0.3646485886114657 -0.27044182494102026 0.8910065241883679
vn -0.35093940202604257 -0.2880085241088657 0.8910065241883679
vn -0.3363847716824775 -0.30488138551556554 0.8910065241883679
vn -0.32101976096010304 -0.32101976096010304 0.8910065241883679
vn -0.30488138551556554 -0.33638477168247743 0.8910065241883679
vn -0.2880085241088657 -0.35093940202604257 0.8910065241883679
vn -0.2704418249410203 -0.36464858861146565 0.8910065241883679
vn -0.25222360772898567 -0.3774793048074797 0.8910065241883679
vn -0.23339776175375307 -0.3894006402949303 0.8910065241883679
vn -0.21400964012722634 -0.4003838755324426 0.8910065241883679
vn -0.1941059505326024 -0.41040255094431166 0.8910065241883679
vn -0.17373464270147218 -0.4194325306639379 0.8910065241883679
vn -0.15294479289871662 -0.427452060679244 0.8910065241883679
vn -0.1317864856934864 -0.43444182123999514 0.8910065241883679
vn -0.1103106933010878 -0.4403849734007698 0.8910065241883679
vn -0.0885691527864512 -0.4452671995874541 0.8910065241883679
vn -0.06661424142501048 -0.4490767380895317 0.8910065241883679
vn -0.04449885052125858 -0.4518044113950749 0.8910065241883679
vn -0.022276257988961882 -0.4534436483001748 0.8910065241883679
vn -2.779890061746716e-17 -0.45399049973954675 0.8910065241883679
vn 0.02227625798896183 -0.4534436483001748 0.8910065241883679
vn 0.04449885052125852 -0.45180441139507493 0.8910065241883679
vn 0.06661424142501043 -0.4490767380895317 0.8910065241883679
vn 0.08856915278645114 -0.4452671995874541 0.8910065241883679
vn 0.11031069330108774 -0.4403849734007698 0.8910065241883679
vn 0.1317864856934863 -0.4344418212399952 0.8910065241883679
vn 0.15294479289871657 -0.427452060679244 0.8910065241883679
vn 0.17373464270147213 -0.4194325306639379 0.8910065241883679
vn 0.19410595053260227 -0.4104025509443117 0.8910065241883679
vn 0.21400964012722629 -0.40038387553244265 0.8910065241883679
vn 0.23339776175375307 -0.3894006402949303 0.8910065241883679
vn 0.25222360772898555 -0.37747930480747977 0.8910065241883679
vn 0.27044182494102026 -0.3646485886114657 0.8910065241883679
vn 0.2880085241088656 -0.3509394020260426 0.8910065241883679
vn 0.3048813855155656 -0.33638477168247743 0.8910065241883679
vn 0.32101976096010304 -0.32101976096010304 0.8910065241883679
vn 0.3363847716824773 -0.30488138551556565 0.8910065241883679
vn 0.35093940202604257 -0.2880085241088657 0.8910065241883679
vn 0.36464858861146565 -0.2704418249410203 0.8910065241883679
vn 0.37747930480747977 -0.2522236077289856 0.8910065241883679
vn 0.38940064029493027 -0.23339776175375312 0.8910065241883679
vn 0.4003838755324426 -0.21400964012722637 0.8910065241883679
vn 0.41040255094431166 -0.19410595053260235 0.8910065241883679
vn 0.4194325306639379 -0.1737346427014722 0.8910065241883679
vn 0.42745206067924396 -0.15294479289871674 0.8910065241883679
vn 0.43444182123999514 -0.13178648569348642 0.8910065241883679
vn 0.4403849734007698 -0.11031069330108782 0.8910065241883679
vn 0.4452671995874541 -0.08856915278645133 0.8910065241883679
vn 0.4490767380895317 -0.0666142414250105 0.8910065241883679
vn 0.4518044113950749 -0.0444988505212586 0.8910065241883679
vn 0.4534436483001748 -0.022276257988961812 0.8910065241883679
vn 0.45399049973954675 -5.559780123493432e-17 0.8910065241883679
vn 0.4534436483001748 0.0222762579889617 0.8910065241883679
vn 0.45180441139507493 0.044498850521258494 0.8910065241883679
vn 0.4490767380895317 0.0666142414250104 0.8910065241883679
vn 0.4452671995874541 0.08856915278645121 0.8910065241883679
vn 0.4403849734007698 0.11031069330108771 0.8910065241883679
vn 0.4344418212399952 0.1317864856934863 0.8910065241883679
vn 0.427452060679244 0.15294479289871662 0.8910065241883679
vn 0.41943253066393793 0.1737346427014721 0.8910065241883679
vn 0.4104025509443117 0.19410595053260224 0.8910065241883679
vn 0.40038387553244265 0.21400964012722626 0.8910065241883679
vn 0.3894006402949304 0.233397761753753 0.8910065241883679
vn 0.3774793048074798 0.25222360772898555 0.8910065241883679
vn 0.3646485886114657 0.2704418249410202 0.8910065241883679
vn 0.3509394020260426 0.2880085241088656 0.8910065241883679
vn 0.33638477168247743 0.3048813855155656 0.8910065241883679
vn 0.3210197609601031 0.32101976096010304 0.8910065241883679
vn 0.3048813855155657 0.3363847716824773 0.8910065241883679
vn 0.28800852410886585 0.3509394020260424 0.8910065241883679
vn 0.27044182494102015 0.36464858861146576 0.8910065241883679
vn 0.2522236077289856 0.3774793048074797 0.8910065241883679
vn 0.23339776175375312 0.38940064029493027 0.8910065241883679
vn 0.2140096401272264 0.4003838755324426 0.8910065241883679
vn 0.19410595053260254 0.41040255094431155 0.8910065241883679
vn 0.1737346427014724 0.4194325306639378 0.8910065241883679
vn 0.15294479289871657 0.427452060679244 0.8910065241883679
vn 0.13178648569348644 0.43444182123999514 0.8910065241883679
vn 0.11031069330108785 0.4403849734007698 0.8910065241883679
vn 0.08856915278645135 0.44526719958745403 0.8910065241883679
vn 0.06661424142501073 0.44907673808953164 0.8910065241883679
vn 0.04449885052125843 0.45180441139507493 0.8910065241883679
vn 0.02227625798896184 0.4534436483001748 0.8910065241883679
vn 8.339670185240148e-17 0.45399049973954675 0.8910065241883679
vn -0.022276257988961674 0.4534436483001748 0.8910065241883679
vn -0.044498850521258265 0.45180441139507493 0.8910065241883679
vn -0.06661424142501057 0.44907673808953164 0.8910065241883679
vn -0.0885691527864512 0.4452671995874541 0.8910065241883679
vn -0.11031069330108768 0.4403849734007698 0.8910065241883679
vn -0.13178648569348628 0.4344418212399952 0.8910065241883679
vn -0.15294479289871643 0.4274520606792441 0.8910065241883679
vn -0.17373464270147224 0.4194325306639378 0.8910065241883679
vn -0.19410595053260238 0.41040255094431166 0.8910065241883679
vn -0.21400964012722626 0.40038387553244265 0.8910065241883679
vn -0.233397761753753 0.3894006402949304 0.8910065241883679
vn -0.2522236077289855 0.3774793048074798 0.8910065241883679
vn -0.27044182494102004 0.3646485886114659 0.8910065241883679
vn -0.28800852410886574 0.3509394020260425 0.8910065241883679
vn -0.3048813855155656 0.33638477168247743 0.8910065241883679
vn -0.321019760960103 0.3210197609601031 0.8910065241883679
vn -0.33638477168247727 0.3048813855155657 0.8910065241883679
vn -0.3509394020260424 0.2880085241088659 0.8910065241883679
vn -0.36464858861146576 0.2704418249410202 0.8910065241883679
vn -0.3774793048074797 0.2522236077289856 0.8910065241883679
vn -0.38940064029493027 0.23339776175375318 0.8910065241883679
vn -0.40038387553244253 0.21400964012722642 0.8910065241883679
vn -0.41040255094431155 0.19410595053260257 0.8910065241883679
vn -0.4194325306639378 0.17373464270147243 0.8910065241883679
vn -0.427452060679244 0.1529447928987166 0.8910065241883679
vn -0.43444182123999514 0.13178648569348647 0.8910065241883679
vn -0.4403849734007698 0.11031069330108788 0.8910065241883679
vn -0.44526719958745403 0.08856915278645137 0.8910065241883679
vn -0.44907673808953164 0.06661424142501077 0.8910065241883679
vn -0.45180441139507493 0.04449885052125846 0.8910065241883679
vn -0.4534436483001748 0.022276257988961868 0.8910065241883679
vn -0.45399049973954675 1.1119560246986863e-16 0.8910065241883679
vn -0.587785252292473 -0.0 0.8090169943749475
vn -0.5870772392141329 -0.0288412553339463 0.8090169943749475
vn -0.584954905644633 -0.05761302955759751 0.8090169943749475
vn -0.5814233644714367 -0.08624600894673908 0.8090169943749475
vn -0.5764911234865567 -0.11467121414606975 0.8090169943749475
vn -0.5701700648905388 -0.14282016634651043 0.8090169943749475
vn -0.5624754166672002 -0.17062505225665325 0.8090169943749475
vn -0.5534257158980825 -0.1980188874709203 0.8090169943749475
vn -0.5430427641049987 -0.22493567784086382 0.8090169943749475
vn -0.5313515747282574 -0.25131057846085025 0.8090169943749475
vn -0.5183803128670946 -0.27708004988511753 0.8090169943749475
vn -0.5041602274274821 -0.30218201119986554 0.8090169943749475
vn -0.4887255758407763 -0.3265559895816149 0.8090169943749475
vn -0.47211354153456536 -0.35014326598153567 0.8090169943749475
vn -0.4543641443545353 -0.3728870165847789 0.8090169943749475
vn -0.4355201441531565 -0.39473244970402416 0.8090169943749475
vn -0.4156269377774534 -0.4156269377774533 0.8090169943749475
vn -0.39473244970402416 -0.43552014415315643 0.8090169943749475
vn -0.3728870165847789 -0.4543641443545353 0.8090169943749475
vn -0.3501432659815357 -0.4721135415345653 0.8090169943749475
vn -0.32655598958161497 -0.4887255758407763 0.8090169943749475
vn -0.30218201119986554 -0.5041602274274821 0.8090169943749475
vn -0.27708004988511764 -0.5183803128670946 0.8090169943749475
vn -0.2513105784608503 -0.5313515747282574 0.8090169943749475
vn -0.22493567784086388 -0.5430427641049987 0.8090169943749475
vn -0.1980188874709203 -0.5534257158980825 0.8090169943749475
vn -0.17062505225665325 -0.5624754166672002 0.8090169943749475
vn -0.1428201663465105 -0.5701700648905388 0.8090169943749475
vn -0.1146712141460698 -0.5764911234865567 0.8090169943749475
vn -0.08624600894673908 -0.5814233644714367 0.8090169943749475
vn -0.05761302955759761 -0.584954905644633 0.8090169943749475
vn -0.028841255333946363 -0.5870772392141329 0.8090169943749475
vn -3.5991466390299825e-17 -0.587785252292473 0.8090169943749475
vn 0.028841255333946294 -0.5870772392141329 0.8090169943749475
vn 0.057613029557597534 -0.584954905644633 0.8090169943749475
vn 0.086246008946739 -0.5814233644714367 0.8090169943749475
vn 0.11467121414606972 -0.5764911234865567 0.8090169943749475
vn 0.14282016634651043 -0.5701700648905388 0.8090169943749475
vn 0.17062505225665314 -0.5624754166672002 0.8090169943749475
vn 0.19801888747092025 -0.5534257158980825 0.8090169943749475
vn 0.2249356778408638 -0.5430427641049987 0.8090169943749475
vn 0.2513105784608501 -0.5313515747282576 0.8090169943749475
vn 0.2770800498851176 -0.5183803128670946 0.8090169943749475
vn 0.30218201119986554 -0.5041602274274821 0.8090169943749475
vn 0.32655598958161475 -0.48872557584077636 0.8090169943749475
vn 0.35014326598153567 -0.47211354153456536 0.8090169943749475
vn 0.37288701658477885 -0.45436414435453537 0.8090169943749475
vn 0.3947324497040242 -0.43552014415315643 0.8090169943749475
vn 0.4156269377774533 -0.4156269377774534 0.8090169943749475
vn 0.4355201441531563 -0.3947324497040243 0.8090169943749475
vn 0.4543641443545353 -0.3728870165847789 0.8090169943749475
vn 0.4721135415345653 -0.3501432659815357 0.8090169943749475
vn 0.48872557584077636 -0.3265559895816149 0.8090169943749475
vn 0.5041602274274821 -0.3021820111998656 0.8090169943749475
vn 0.5183803128670946 -0.27708004988511764 0.8090169943749475
vn 0.5313515747282574 -0.2513105784608502 0.8090169943749475
vn 0.5430427641049987 -0.2249356778408639 0.8090169943749475
vn 0.5534257158980825 -0.19801888747092047 0.8090169943749475
vn 0.5624754166672002 -0.17062505225665328 0.8090169943749475
vn 0.5701700648905388 -0.14282016634651054 0.8090169943749475
vn 0.5764911234865567 -0.11467121414606996 0.8090169943749475
vn 0.5814233644714367 -0.0862460089467391 0.8090169943749475
vn 0.584954905644633 -0.057613029557597645 0.8090169943749475
vn 0.5870772392141329 -0.02884125533394627 0.8090169943749475
vn 0.587785252292473 -7.198293278059965e-17 0.8090169943749475
vn 0.5870772392141329 0.028841255333946127 0.8090169943749475
vn 0.584954905644633 0.057613029557597506 0.8090169943749475
vn 0.5814233644714367 0.08624600894673898 0.8090169943749475
vn 0.5764911234865567 0.11467121414606982 0.8090169943749475
vn 0.5701700648905388 0.1428201663465104 0.8090169943749475
vn 0.5624754166672002 0.17062505225665311 0.8090169943749475
vn 0.5534257158980825 0.1980188874709203 0.8090169943749475
vn 0.5430427641049987 0.22493567784086377 0.8090169943749475
vn 0.5313515747282576 0.2513105784608501 0.8090169943749475
vn 0.5183803128670946 0.27708004988511753 0.8090169943749475
vn 0.5041602274274822 0.30218201119986543 0.8090169943749475
vn 0.4887255758407764 0.32655598958161475 0.8090169943749475
vn 0.47211354153456536 0.3501432659815356 0.8090169943749475
vn 0.45436414435453537 0.37288701658477874 0.8090169943749475
vn 0.43552014415315643 0.3947324497040242 0.8090169943749475
vn 0.41562693777745346 0.4156269377774533 0.8090169943749475
vn 0.3947324497040244 0.4355201441531563 0.8090169943749475
vn 0.3728870165847791 0.45436414435453515 0.8090169943749475
vn 0.3501432659815355 0.4721135415345654 0.8090169943749475
vn 0.3265559895816149 0.4887255758407763 0.8090169943749475
vn 0.3021820111998656 0.5041602274274821 0.8090169943749475
vn 0.2770800498851177 0.5183803128670946 0.8090169943749475
vn 0.2513105784608505 0.5313515747282573 0.8090169943749475
vn 0.22493567784086416 0.5430427641049986 0.8090169943749475
vn 0.19801888747092025 0.5534257158980825 0.8090169943749475
vn 0.1706250522566533 0.5624754166672002 0.8090169943749475
vn 0.1428201663465106 0.5701700648905388 0.8090169943749475
vn 0.11467121414607 0.5764911234865566 0.8090169943749475
vn 0.0862460089467394 0.5814233644714367 0.8090169943749475
vn 0.05761302955759742 0.584954905644633 0.8090169943749475
vn 0.028841255333946308 0.5870772392141329 0.8090169943749475
vn 1.0797439917089948e-16 0.587785252292473 0.8090169943749475
vn -0.028841255333946093 0.5870772392141329 0.8090169943749475
vn -0.05761302955759721 0.584954905644633 0.8090169943749475
vn -0.08624600894673919 0.5814233644714367 0.8090169943749475
vn -0.11467121414606977 0.5764911234865567 0.8090169943749475
vn -0.14282016634651037 0.5701700648905388 0.8090169943749475
vn -0.1706250522566531 0.5624754166672002 0.8090169943749475
vn -0.19801888747092006 0.5534257158980826 0.8090169943749475
vn -0.22493567784086396 0.5430427641049986 0.8090169943749475
vn -0.25131057846085025 0.5313515747282574 0.8090169943749475
vn -0.2770800498851175 0.5183803128670946 0.8090169943749475
vn -0.30218201119986543 0.5041602274274822 0.8090169943749475
vn -0.3265559895816147 0.4887255758407764 0.8090169943749475
vn -0.3501432659815354 0.47211354153456553 0.8090169943749475
vn -0.37288701658477896 0.45436414435453526 0.8090169943749475
vn -0.3947324497040242 0.43552014415315643 0.8090169943749475
vn -0.41562693777745324 0.41562693777745346 0.8090169943749475
vn -0.43552014415315626 0.3947324497040244 0.8090169943749475
vn -0.45436414435453515 0.37288701658477913 0.8090169943749475
vn -0.4721135415345654 0.3501432659815356 0.8090169943749475
vn -0.4887255758407763 0.3265559895816149 0.8090169943749475
vn -0.5041602274274821 0.30218201119986565 0.8090169943749475
vn -0.5183803128670945 0.27708004988511775 0.8090169943749475
vn -0.5313515747282573 0.2513105784608505 0.8090169943749475
vn -0.5430427641049986 0.22493567784086418 0.8090169943749475
vn -0.5534257158980825 0.19801888747092028 0.8090169943749475
vn -0.5624754166672002 0.17062505225665334 0.8090169943749475
vn -0.5701700648905388 0.14282016634651062 0.8090169943749475
vn -0.5764911234865566 0.11467121414607002 0.8090169943749475
vn -0.5814233644714367 0.08624600894673945 0.8090169943749475
vn -0.584954905644633 0.05761302955759746 0.8090169943749475
vn -0.5870772392141329 0.028841255333946346 0.8090169943749475
vn -0.587785252292473 1.439658655611993e-16 0.8090169943749475
vn -0.7071067811865475 -0.0 0.7071067811865476
vn -0.7062550401009887 -0.03469608525397034 0.7071067811865476
vn -0.7037018687631912 -0.06930858459954573 0.7071067811865476
vn -0.699453417986539 -0.10375411349410577 0.7071067811865476
vn -0.6935199226610737 -0.13794968964147147 0.7071067811865476
vn -0.6859156770967468 -0.17181293290352515 0.7071067811865476
vn -0.6766590005871762 -0.20526226376117865 0.7071067811865476
vn -0.6657721932768627 -0.2382170998465806 0.7071067811865476
vn -0.6532814824381882 -0.27059805007309845 0.7071067811865476
vn -0.6392169592876203 -0.30232710589540035 0.7071067811865476
vn -0.6236125064933355 -0.3333278292388732 0.7071067811865476
vn -0.606505716548904 -0.36352553664563997 0.7071067811865476
vn -0.5879378012096793 -0.392847479193551 0.7071067811865476
vn -0.5679534922100713 -0.4212230177547096 0.7071067811865476
vn -0.5466009335008787 -0.4485837931713181 0.7071067811865476
vn -0.5239315652662953 -0.4748638909388771 0.7071067811865476
vn -0.5 -0.4999999999999999 0.7071067811865476
vn -0.4748638909388771 -0.5239315652662951 0.7071067811865476
vn -0.4485837931713181 -0.5466009335008787 0.7071067811865476
vn -0.42122301775470966 -0.5679534922100713 0.7071067811865476
vn -0.3928474791935511 -0.5879378012096793 0.7071067811865476
vn -0.36352553664563997 -0.606505716548904 0.7071067811865476
vn -0.33332782923887333 -0.6236125064933355 0.7071067811865476
vn -0.3023271058954004 -0.6392169592876203 0.7071067811865476
vn -0.2705980500730985 -0.6532814824381882 0.7071067811865476
vn -0.2382170998465806 -0.6657721932768627 0.7071067811865476
vn -0.20526226376117865 -0.6766590005871762 0.7071067811865476
vn -0.17181293290352523 -0.6859156770967468 0.7071067811865476
vn -0.13794968964147153 -0.6935199226610737 0.7071067811865476
vn -0.10375411349410577 -0.699453417986539 0.7071067811865476
vn -0.06930858459954585 -0.7037018687631911 0.7071067811865476
vn -0.03469608525397042 -0.7062550401009887 0.7071067811865476
vn -4.329780281177466e-17 -0.7071067811865475 0.7071067811865476
vn 0.03469608525397034 -0.7062550401009887 0.7071067811865476
vn 0.06930858459954575 -0.7037018687631912 0.7071067811865476
vn 0.1037541134941057 -0.699453417986539 0.7071067811865476
vn 0.13794968964147145 -0.6935199226610737 0.7071067811865476
vn 0.17181293290352515 -0.6859156770967468 0.7071067811865476
vn 0.20526226376117854 -0.6766590005871763 0.7071067811865476
vn 0.23821709984658052 -0.6657721932768627 0.7071067811865476
vn 0.27059805007309845 -0.6532814824381882 0.7071067811865476
vn 0.3023271058954002 -0.6392169592876205 0.7071067811865476
vn 0.3333278292388733 -0.6236125064933355 0.7071067811865476
vn 0.36352553664563997 -0.606505716548904 0.7071067811865476
vn 0.39284747919355084 -0.5879378012096794 0.7071067811865476
vn 0.4212230177547096 -0.5679534922100713 0.7071067811865476
vn 0.448583793171318 -0.5466009335008788 0.7071067811865476
vn 0.47486389093887715 -0.5239315652662951 0.7071067811865476
vn 0.4999999999999999 -0.5 0.7071067811865476
vn 0.523931565266295 -0.47486389093887726 0.7071067811865476
vn 0.5466009335008787 -0.4485837931713181 0.7071067811865476
vn 0.5679534922100713 -0.42122301775470966 0.7071067811865476
vn 0.5879378012096794 -0.392847479193551 0.7071067811865476
vn 0.6065057165489038 -0.36352553664564 0.7071067811865476
vn 0.6236125064933355 -0.3333278292388734 0.7071067811865476
vn 0.6392169592876203 -0.3023271058954003 0.7071067811865476
vn 0.6532814824381882 -0.27059805007309856 0.7071067811865476
vn 0.6657721932768625 -0.2382170998465808 0.7071067811865476
vn 0.6766590005871762 -0.20526226376117868 0.7071067811865476
vn 0.6859156770967468 -0.17181293290352528 0.7071067811865476
vn 0.6935199226610737 -0.13794968964147172 0.7071067811865476
vn 0.699453417986539 -0.1037541134941058 0.7071067811865476
vn 0.7037018687631911 -0.06930858459954588 0.7071067811865476
vn 0.7062550401009887 -0.03469608525397031 0.7071067811865476
vn 0.7071067811865475 -8.659560562354932e-17 0.7071067811865476
vn 0.7062550401009887 0.03469608525397014 0.7071067811865476
vn 0.7037018687631912 0.06930858459954571 0.7071067811865476
vn 0.699453417986539 0.10375411349410565 0.7071067811865476
vn 0.6935199226610737 0.13794968964147156 0.7071067811865476
vn 0.6859156770967468 0.17181293290352512 0.7071067811865476
vn 0.6766590005871763 0.20526226376117848 0.7071067811865476
vn 0.6657721932768627 0.2382170998465806 0.7071067811865476
vn 0.6532814824381883 0.2705980500730984 0.7071067811865476
vn 0.6392169592876205 0.30232710589540013 0.7071067811865476
vn 0.6236125064933355 0.3333278292388732 0.7071067811865476
vn 0.606505716548904 0.3635255366456399 0.7071067811865476
vn 0.5879378012096794 0.39284747919355084 0.7071067811865476
vn 0.5679534922100713 0.4212230177547095 0.7071067811865476
vn 0.5466009335008788 0.4485837931713179 0.7071067811865476
vn 0.5239315652662951 0.47486389093887715 0.7071067811865476
vn 0.5000000000000001 0.4999999999999999 0.7071067811865476
vn 0.4748638909388773 0.523931565266295 0.7071067811865476
vn 0.44858379317131836 0.5466009335008785 0.7071067811865476
vn 0.42122301775470944 0.5679534922100714 0.7071067811865476
vn 0.392847479193551 0.5879378012096793 0.7071067811865476
vn 0.36352553664564 0.6065057165489038 0.7071067811865476
vn 0.3333278292388734 0.6236125064933355 0.7071067811865476
vn 0.3023271058954006 0.6392169592876202 0.7071067811865476
vn 0.2705980500730989 0.6532814824381881 0.7071067811865476
vn 0.23821709984658052 0.6657721932768627 0.7071067811865476
vn 0.20526226376117873 0.6766590005871762 0.7071067811865476
vn 0.1718129329035253 0.6859156770967468 0.7071067811865476
vn 0.13794968964147178 0.6935199226610735 0.7071067811865476
vn 0.10375411349410617 0.699453417986539 0.7071067811865476
vn 0.06930858459954561 0.7037018687631912 0.7071067811865476
vn 0.03469608525397035 0.7062550401009887 0.7071067811865476
vn 1.2989340843532398e-16 0.7071067811865475 0.7071067811865476
vn -0.03469608525397009 0.7062550401009887 0.7071067811865476
vn -0.06930858459954536 0.7037018687631912 0.7071067811865476
vn -0.1037541134941059 0.699453417986539 0.7071067811865476
vn -0.13794968964147153 0.6935199226610737 0.7071067811865476
vn -0.17181293290352506 0.6859156770967468 0.7071067811865476
vn -0.20526226376117845 0.6766590005871763 0.7071067811865476
vn -0.2382170998465803 0.6657721932768628 0.7071067811865476
vn -0.2705980500730986 0.6532814824381881 0.7071067811865476
vn -0.30232710589540035 0.6392169592876203 0.7071067811865476
vn -0.33332782923887316 0.6236125064933355 0.7071067811865476
vn -0.3635255366456399 0.606505716548904 0.7071067811865476
vn -0.3928474791935508 0.5879378012096794 0.7071067811865476
vn -0.4212230177547093 0.5679534922100715 0.7071067811865476
vn -0.4485837931713182 0.5466009335008787 0.7071067811865476
vn -0.47486389093887715 0.5239315652662951 0.7071067811865476
vn -0.49999999999999983 0.5000000000000001 0.7071067811865476
vn -0.5239315652662949 0.4748638909388773 0.7071067811865476
vn -0.5466009335008785 0.4485837931713184 0.7071067811865476
vn -0.5679534922100714 0.4212230177547095 0.7071067811865476
vn -0.5879378012096793 0.392847479193551 0.7071067811865476
vn -0.6065057165489038 0.36352553664564013 0.7071067811865476
vn -0.6236125064933354 0.33332782923887344 0.7071067811865476
vn -0.6392169592876202 0.3023271058954006 0.7071067811865476
vn -0.6532814824381881 0.2705980500730989 0.7071067811865476
vn -0.6657721932768627 0.23821709984658057 0.7071067811865476
vn -0.6766590005871762 0.20526226376117876 0.7071067811865476
vn -0.6859156770967468 0.17181293290352537 0.7071067811865476
vn -0.6935199226610735 0.1379496896414718 0.7071067811865476
vn -0.699453417986539 0.10375411349410622 0.7071067811865476
vn -0.7037018687631912 0.06930858459954566 0.7071067811865476
vn -0.7062550401009887 0.034696085253970395 0.7071067811865476
vn -0.7071067811865475 1.7319121124709863e-16 0.7071067811865476
vn -0.8090169943749473 -0.0 0.5877852522924732
vn -0.8080424979744629 -0.03969658240533649 0.5877852522924732
vn -0.8051213564201942 -0.07929753226664855 0.5877852522924732
vn -0.8002606069980073 -0.11870744742708675 0.5877852522924732
vn -0.7934719596790114 -0.15783138594912868 0.5877852522924732
vn -0.7847717689092135 -0.19657509483802252 0.5877852522924732
vn -0.7741809942102246 -0.23484523710550675 0.5877852522924732
vn -0.761725149685937 -0.2725496166267905 0.5877852522924732
vn -0.7474342425568127 -0.3095974002490934 0.5877852522924732
vn -0.7313427008698614 -0.3458993366166666 0.5877852522924732
vn -0.7134892905584596 -0.38136797118512666 0.5877852522924732
vn -0.6939170220518216 -0.4159178569071126 0.5877852522924732
vn -0.6726730466591079 -0.4494657600817077 0.5877852522924732
vn -0.6498085429777922 -0.481930860871715 0.5877852522924732
vn -0.6253785935999369 -0.5132349480057243 0.5877852522924732
vn -0.599442052413404 -0.5433026071959157 0.5877852522924732
vn -0.5720614028176843 -0.5720614028176841 0.5877852522924732
vn -0.5433026071959157 -0.5994420524134039 0.5877852522924732
vn -0.5132349480057243 -0.6253785935999369 0.5877852522924732
vn -0.4819308608717151 -0.6498085429777922 0.5877852522924732
vn -0.44946576008170774 -0.6726730466591079 0.5877852522924732
vn -0.4159178569071126 -0.6939170220518216 0.5877852522924732
vn -0.3813679711851268 -0.7134892905584596 0.5877852522924732
vn -0.3458993366166667 -0.7313427008698614 0.5877852522924732
vn -0.30959740024909344 -0.7474342425568127 0.5877852522924732
vn -0.2725496166267905 -0.761725149685937 0.5877852522924732
vn -0.23484523710550675 -0.7741809942102246 0.5877852522924732
vn -0.1965750948380226 -0.7847717689092135 0.5877852522924732
vn -0.15783138594912877 -0.7934719596790114 0.5877852522924732
vn -0.11870744742708675 -0.8002606069980073 0.5877852522924732
vn -0.0792975322666487 -0.8051213564201941 0.5877852522924732
vn -0.03969658240533658 -0.8080424979744629 0.5877852522924732
vn -4.9538003630854574e-17 -0.8090169943749473 0.5877852522924732
vn 0.03969658240533648 -0.8080424979744629 0.5877852522924732
vn 0.07929753226664858 -0.8051213564201942 0.5877852522924732
vn 0.11870744742708667 -0.8002606069980073 0.5877852522924732
vn 0.15783138594912866 -0.7934719596790114 0.5877852522924732
vn 0.19657509483802252 -0.7847717689092135 0.5877852522924732
vn 0.23484523710550662 -0.7741809942102247 0.5877852522924732
vn 0.27254961662679045 -0.761725149685937 0.5877852522924732
vn 0.3095974002490933 -0.7474342425568127 0.5877852522924732
vn 0.34589933661666644 -0.7313427008698614 0.5877852522924732
vn 0.3813679711851267 -0.7134892905584596 0.5877852522924732
vn 0.4159178569071126 -0.6939170220518216 0.5877852522924732
vn 0.4494657600817075 -0.672673046659108 0.5877852522924732
vn 0.481930860871715 -0.6498085429777922 0.5877852522924732
vn 0.5132349480057242 -0.625378593599937 0.5877852522924732
vn 0.5433026071959158 -0.5994420524134039 0.5877852522924732
vn 0.5720614028176841 -0.5720614028176843 0.5877852522924732
vn 0.5994420524134036 -0.5433026071959159 0.5877852522924732
vn 0.6253785935999369 -0.5132349480057243 0.5877852522924732
vn 0.6498085429777922 -0.4819308608717151 0.5877852522924732
vn 0.672673046659108 -0.4494657600817077 0.5877852522924732
vn 0.6939170220518215 -0.4159178569071127 0.5877852522924732
vn 0.7134892905584596 -0.38136797118512683 0.5877852522924732
vn 0.7313427008698614 -0.34589933661666655 0.5877852522924732
vn 0.7474342425568127 -0.3095974002490935 0.5877852522924732
vn 0.7617251496859369 -0.2725496166267907 0.5877852522924732
vn 0.7741809942102246 -0.2348452371055068 0.5877852522924732
vn 0.7847717689092135 -0.19657509483802268 0.5877852522924732
vn 0.7934719596790114 -0.157831385949129 0.5877852522924732
vn 0.8002606069980073 -0.11870744742708679 0.5877852522924732
vn 0.8051213564201941 -0.07929753226664873 0.5877852522924732
vn 0.8080424979744629 -0.039696582405336446 0.5877852522924732
vn 0.8090169943749473 -9.907600726170915e-17 0.5877852522924732
vn 0.8080424979744629 0.03969658240533625 0.5877852522924732
vn 0.8051213564201942 0.07929753226664854 0.5877852522924732
vn 0.8002606069980073 0.11870744742708661 0.5877852522924732
vn 0.7934719596790114 0.1578313859491288 0.5877852522924732
vn 0.7847717689092135 0.19657509483802246 0.5877852522924732
vn 0.7741809942102247 0.2348452371055066 0.5877852522924732
vn 0.761725149685937 0.2725496166267905 0.5877852522924732
vn 0.7474342425568127 0.30959740024909327 0.5877852522924732
vn 0.7313427008698614 0.3458993366166664 0.5877852522924732
vn 0.7134892905584596 0.38136797118512666 0.5877852522924732
vn 0.6939170220518216 0.4159178569071125 0.5877852522924732
vn 0.6726730466591081 0.4494657600817075 0.5877852522924732
vn 0.6498085429777922 0.4819308608717149 0.5877852522924732
vn 0.625378593599937 0.5132349480057242 0.5877852522924732
vn 0.5994420524134039 0.5433026071959158 0.5877852522924732
vn 0.5720614028176844 0.5720614028176841 0.5877852522924732
vn 0.543302607195916 0.5994420524134036 0.5877852522924732
vn 0.5132349480057247 0.6253785935999366 0.5877852522924732
vn 0.48193086087171483 0.6498085429777923 0.5877852522924732
vn 0.4494657600817077 0.6726730466591079 0.5877852522924732
vn 0.4159178569071127 0.6939170220518215 0.5877852522924732
vn 0.3813679711851269 0.7134892905584596 0.5877852522924732
vn 0.34589933661666694 0.7313427008698612 0.5877852522924732
vn 0.3095974002490938 0.7474342425568125 0.5877852522924732
vn 0.27254961662679045 0.761725149685937 0.5877852522924732
vn 0.23484523710550684 0.7741809942102246 0.5877852522924732
vn 0.1965750948380227 0.7847717689092135 0.5877852522924732
vn 0.15783138594912902 0.7934719596790113 0.5877852522924732
vn 0.11870744742708719 0.8002606069980072 0.5877852522924732
vn 0.07929753226664843 0.8051213564201942 0.5877852522924732
vn 0.0396965824053365 0.8080424979744629 0.5877852522924732
vn 1.4861401089256373e-16 0.8090169943749473 0.5877852522924732
vn -0.0396965824053362 0.8080424979744629 0.5877852522924732
vn -0.07929753226664814 0.8051213564201942 0.5877852522924732
vn -0.1187074474270869 0.8002606069980072 0.5877852522924732
vn -0.15783138594912874 0.7934719596790114 0.5877852522924732
vn -0.19657509483802243 0.7847717689092135 0.5877852522924732
vn -0.23484523710550653 0.7741809942102247 0.5877852522924732
vn -0.27254961662679017 0.7617251496859371 0.5877852522924732
vn -0.30959740024909355 0.7474342425568126 0.5877852522924732
vn -0.34589933661666666 0.7313427008698614 0.5877852522924732
vn -0.3813679711851266 0.7134892905584596 0.5877852522924732
vn -0.4159178569071125 0.6939170220518216 0.5877852522924732
vn -0.4494657600817074 0.6726730466591081 0.5877852522924732
vn -0.48193086087171466 0.6498085429777926 0.5877852522924732
vn -0.5132349480057244 0.6253785935999367 0.5877852522924732
vn -0.5433026071959158 0.5994420524134039 0.5877852522924732
vn -0.5720614028176841 0.5720614028176844 0.5877852522924732
vn -0.5994420524134035 0.543302607195916 0.5877852522924732
vn -0.6253785935999366 0.5132349480057247 0.5877852522924732
vn -0.6498085429777923 0.4819308608717149 0.5877852522924732
vn -0.6726730466591079 0.4494657600817077 0.5877852522924732
vn -0.6939170220518215 0.4159178569071128 0.5877852522924732
vn -0.7134892905584594 0.38136797118512694 0.5877852522924732
vn -0.7313427008698612 0.34589933661666694 0.5877852522924732
vn -0.7474342425568125 0.3095974002490939 0.5877852522924732
vn -0.761725149685937 0.2725496166267905 0.5877852522924732
vn -0.7741809942102246 0.2348452371055069 0.5877852522924732
vn -0.7847717689092135 0.19657509483802277 0.5877852522924732
vn -0.7934719596790113 0.15783138594912907 0.5877852522924732
vn -0.8002606069980072 0.11870744742708726 0.5877852522924732
vn -0.8051213564201942 0.07929753226664847 0.5877852522924732
vn -0.8080424979744629 0.03969658240533655 0.5877852522924732
vn -0.8090169943749473 1.981520145234183e-16 0.5877852522924732
vn -0.8910065241883678 -0.0 0.45399049973954686
vn -0.8899332678085058 -0.043719617952479535 0.45399049973954686
vn -0.886716084237545 -0.08733391151592527 0.45399049973954686
vn -0.8813627239524999 -0.13073781003698196 0.45399049973954686
vn -0.873886083667196 -0.17382674972237983 0.45399049973954686
vn -0.8643041752629571 -0.21649692554227143 0.45399049973954686
vn -0.8526400823964051 -0.2586455413056406 0.45399049973954686
vn -0.8389219048889094 -0.3001710573053308 0.45399049973954686
vn -0.8231826910316558 -0.340973434936093 0.45399049973954686
vn -0.8054603579694188 -0.3809543776963485 0.45399049973954686
vn -0.7857976003548385 -0.42001756799307094 0.45399049973954686
vn -0.7642417874932625 -0.458068899179304 0.45399049973954686
vn -0.7408448492259405 -0.4950167022653173 0.45399049973954686
vn -0.7156631508264885 -0.5307719667572312 0.45399049973954686
vn -0.6887573572120067 -0.5652485550910933 0.45399049973954686
vn -0.6601922867959819 -0.5983634101458148 0.45399049973954686
vn -0.6300367553350504 -0.6300367553350504 0.45399049973954686
vn -0.5983634101458148 -0.6601922867959817 0.45399049973954686
vn -0.5652485550910933 -0.6887573572120067 0.45399049973954686
vn -0.5307719667572313 -0.7156631508264883 0.45399049973954686
vn -0.4950167022653174 -0.7408448492259405 0.45399049973954686
vn -0.458068899179304 -0.7642417874932625 0.45399049973954686
vn -0.42001756799307105 -0.7857976003548384 0.45399049973954686
vn -0.3809543776963486 -0.8054603579694188 0.45399049973954686
vn -0.340973434936093 -0.8231826910316558 0.45399049973954686
vn -0.3001710573053308 -0.8389219048889094 0.45399049973954686
vn -0.2586455413056406 -0.8526400823964051 0.45399049973954686
vn -0.21649692554227154 -0.8643041752629571 0.45399049973954686
vn -0.1738267497223799 -0.873886083667196 0.45399049973954686
vn -0.13073781003698196 -0.8813627239524999 0.45399049973954686
vn -0.08733391151592543 -0.8867160842375449 0.45399049973954686
vn -0.04371961795247963 -0.8899332678085058 0.45399049973954686
vn -5.455841439333467e-17 -0.8910065241883678 0.45399049973954686
vn 0.04371961795247953 -0.8899332678085058 0.45399049973954686
vn 0.08733391151592532 -0.886716084237545 0.45399049973954686
vn 0.13073781003698187 -0.8813627239524999 0.45399049973954686
vn 0.1738267497223798 -0.873886083667196 0.45399049973954686
vn 0.21649692554227143 -0.8643041752629571 0.45399049973954686
vn 0.2586455413056405 -0.8526400823964052 0.45399049973954686
vn 0.30017105730533067 -0.8389219048889094 0.45399049973954686
vn 0.34097343493609295 -0.8231826910316558 0.45399049973954686
vn 0.38095437769634827 -0.805460357969419 0.45399049973954686
vn 0.42001756799307094 -0.7857976003548385 0.45399049973954686
vn 0.458068899179304 -0.7642417874932625 0.45399049973954686
vn 0.4950167022653171 -0.7408448492259406 0.45399049973954686
vn 0.5307719667572312 -0.7156631508264885 0.45399049973954686
vn 0.5652485550910932 -0.6887573572120068 0.45399049973954686
vn 0.598363410145815 -0.6601922867959817 0.45399049973954686
vn 0.6300367553350504 -0.6300367553350504 0.45399049973954686
vn 0.6601922867959815 -0.5983634101458151 0.45399049973954686
vn 0.6887573572120067 -0.5652485550910933 0.45399049973954686
vn 0.7156631508264883 -0.5307719667572313 0.45399049973954686
vn 0.7408448492259406 -0.4950167022653173 0.45399049973954686
vn 0.7642417874932624 -0.4580688991793041 0.45399049973954686
vn 0.7857976003548384 -0.4200175679930711 0.45399049973954686
vn 0.8054603579694188 -0.38095437769634843 0.45399049973954686
vn 0.8231826910316558 -0.34097343493609306 0.45399049973954686
vn 0.8389219048889093 -0.30017105730533106 0.45399049973954686
vn 0.8526400823964051 -0.25864554130564066 0.45399049973954686
vn 0.8643041752629571 -0.21649692554227162 0.45399049973954686
vn 0.873886083667196 -0.17382674972238016 0.45399049973954686
vn 0.8813627239524999 -0.130737810036982 0.45399049973954686
vn 0.8867160842375449 -0.08733391151592548 0.45399049973954686
vn 0.8899332678085058 -0.043719617952479486 0.45399049973954686
vn 0.8910065241883678 -1.0911682878666934e-16 0.45399049973954686
vn 0.8899332678085058 0.04371961795247927 0.45399049973954686
vn 0.886716084237545 0.08733391151592526 0.45399049973954686
vn 0.8813627239524999 0.13073781003698182 0.45399049973954686
vn 0.873886083667196 0.17382674972237994 0.45399049973954686
vn 0.8643041752629571 0.2164969255422714 0.45399049973954686
vn 0.8526400823964052 0.25864554130564044 0.45399049973954686
vn 0.8389219048889094 0.3001710573053308 0.45399049973954686
vn 0.8231826910316559 0.3409734349360929 0.45399049973954686
vn 0.805460357969419 0.3809543776963482 0.45399049973954686
vn 0.7857976003548385 0.42001756799307094 0.45399049973954686
vn 0.7642417874932627 0.45806889917930393 0.45399049973954686
vn 0.7408448492259407 0.4950167022653171 0.45399049973954686
vn 0.7156631508264885 0.530771966757231 0.45399049973954686
vn 0.6887573572120068 0.5652485550910931 0.45399049973954686
vn 0.6601922867959817 0.598363410145815 0.45399049973954686
vn 0.6300367553350505 0.6300367553350504 0.45399049973954686
vn 0.5983634101458152 0.6601922867959815 0.45399049973954686
vn 0.5652485550910936 0.6887573572120064 0.45399049973954686
vn 0.530771966757231 0.7156631508264886 0.45399049973954686
vn 0.4950167022653173 0.7408448492259405 0.45399049973954686
vn 0.4580688991793041 0.7642417874932624 0.45399049973954686
vn 0.42001756799307116 0.7857976003548384 0.45399049973954686
vn 0.3809543776963488 0.8054603579694186 0.45399049973954686
vn 0.34097343493609344 0.8231826910316555 0.45399049973954686
vn 0.30017105730533067 0.8389219048889094 0.45399049973954686
vn 0.2586455413056407 0.8526400823964051 0.45399049973954686
vn 0.21649692554227165 0.8643041752629571 0.45399049973954686
vn 0.1738267497223802 0.8738860836671959 0.45399049973954686
vn 0.13073781003698245 0.8813627239524998 0.45399049973954686
vn 0.08733391151592515 0.886716084237545 0.45399049973954686
vn 0.04371961795247954 0.8899332678085058 0.45399049973954686
vn 1.63675243180004e-16 0.8910065241883678 0.45399049973954686
vn -0.043719617952479216 0.8899332678085058 0.45399049973954686
vn -0.08733391151592482 0.886716084237545 0.45399049973954686
vn -0.13073781003698212 0.8813627239524998 0.45399049973954686
vn -0.17382674972237988 0.873886083667196 0.45399049973954686
vn -0.21649692554227135 0.8643041752629571 0.45399049973954686
vn -0.2586455413056404 0.8526400823964052 0.45399049973954686
vn -0.3001710573053304 0.8389219048889095 0.45399049973954686
vn -0.34097343493609317 0.8231826910316556 0.45399049973954686
vn -0.38095437769634855 0.8054603579694188 0.45399049973954686
vn -0.4200175679930709 0.7857976003548385 0.45399049973954686
vn -0.45806889917930393 0.7642417874932627 0.45399049973954686
vn -0.495016702265317 0.7408448492259407 0.45399049973954686
vn -0.5307719667572308 0.7156631508264888 0.45399049973954686
vn -0.5652485550910934 0.6887573572120066 0.45399049973954686
vn -0.598363410145815 0.6601922867959817 0.45399049973954686
vn -0.6300367553350503 0.6300367553350505 0.45399049973954686
vn -0.6601922867959814 0.5983634101458152 0.45399049973954686
vn -0.6887573572120064 0.5652485550910936 0.45399049973954686
vn -0.7156631508264886 0.530771966757231 0.45399049973954686
vn -0.7408448492259405 0.4950167022653173 0.45399049973954686
vn -0.7642417874932624 0.4580688991793042 0.45399049973954686
vn -0.7857976003548384 0.4200175679930712 0.45399049973954686
vn -0.8054603579694186 0.3809543776963489 0.45399049973954686
vn -0.8231826910316555 0.3409734349360935 0.45399049973954686
vn -0.8389219048889094 0.3001710573053307 0.45399049973954686
vn -0.8526400823964051 0.25864554130564077 0.45399049973954686
vn -0.8643041752629571 0.2164969255422717 0.45399049973954686
vn -0.8738860836671959 0.17382674972238024 0.45399049973954686
vn -0.8813627239524998 0.13073781003698254 0.45399049973954686
vn -0.886716084237545 0.08733391151592519 0.45399049973954686
vn -0.8899332678085058 0.0437196179524796 0.45399049973954686
vn -0.8910065241883678 2.1823365757333868e-16 0.45399049973954686
vn -0.9510565162951535 -0.0 0.3090169943749475
vn -0.9499109270699199 -0.04666613140853932 0.3090169943749475
vn -0.9464769192190041 -0.09321984001904511 0.3090169943749475
vn -0.9407627655681029 -0.13954897386985135 0.3090169943749475
vn -0.9327822320138617 -0.18554192201955863 0.3090169943749475
vn -0.922554544360625 -0.2310878834275678 0.3090169943749475
vn -0.9101043420037892 -0.2760771338834919 0.3090169943749475
vn -0.8954616185713408 -0.3204012903423898 0.3090169943749475
vn -0.8786616496665794 -0.3639535720290143 0.3090169943749475
vn -0.8597449078861004 -0.406629057682053 0.3090169943749475
vn -0.8387569653177638 -0.4483249383186366 0.3090169943749475
vn -0.8157483837535432 -0.48894076491018384 0.3090169943749475
vn -0.7907745928817406 -0.5283786903729095 0.3090169943749475
vn -0.763895756752012 -0.5665437052900195 0.3090169943749475
vn -0.7351766288349019 -0.6033438667977181 0.3090169943749475
vn -0.7046863960250611 -0.6386905200836196 0.3090169943749475
vn -0.6724985119639574 -0.6724985119639573 0.3090169943749475
vn -0.6386905200836196 -0.704686396025061 0.3090169943749475
vn -0.6033438667977181 -0.7351766288349019 0.3090169943749475
vn -0.5665437052900196 -0.7638957567520119 0.3090169943749475
vn -0.5283786903729096 -0.7907745928817406 0.3090169943749475
vn -0.48894076491018384 -0.8157483837535432 0.3090169943749475
vn -0.4483249383186368 -0.8387569653177637 0.3090169943749475
vn -0.4066290576820531 -0.8597449078861004 0.3090169943749475
vn -0.36395357202901435 -0.8786616496665794 0.3090169943749475
vn -0.3204012903423898 -0.8954616185713408 0.3090169943749475
vn -0.2760771338834919 -0.9101043420037892 0.3090169943749475
vn -0.23108788342756792 -0.922554544360625 0.3090169943749475
vn -0.1855419220195587 -0.9327822320138617 0.3090169943749475
vn -0.13954897386985135 -0.9407627655681029 0.3090169943749475
vn -0.09321984001904526 -0.9464769192190041 0.3090169943749475
vn -0.046666131408539424 -0.9499109270699199 0.3090169943749475
vn -5.823541592445462e-17 -0.9510565162951535 0.3090169943749475
vn 0.04666613140853931 -0.9499109270699199 0.3090169943749475
vn 0.09321984001904514 -0.9464769192190041 0.3090169943749475
vn 0.13954897386985127 -0.9407627655681029 0.3090169943749475
vn 0.18554192201955857 -0.9327822320138617 0.3090169943749475
vn 0.2310878834275678 -0.922554544360625 0.3090169943749475
vn 0.27607713388349175 -0.9101043420037893 0.3090169943749475
vn 0.32040129034238973 -0.8954616185713408 0.3090169943749475
vn 0.36395357202901424 -0.8786616496665794 0.3090169943749475
vn 0.40662905768205276 -0.8597449078861005 0.3090169943749475
vn 0.4483249383186367 -0.8387569653177638 0.3090169943749475
vn 0.48894076491018384 -0.8157483837535432 0.3090169943749475
vn 0.5283786903729093 -0.7907745928817407 0.3090169943749475
vn 0.5665437052900195 -0.763895756752012 0.3090169943749475
vn 0.603343866797718 -0.735176628834902 0.3090169943749475
vn 0.6386905200836197 -0.704686396025061 0.3090169943749475
vn 0.6724985119639573 -0.6724985119639574 0.3090169943749475
vn 0.7046863960250608 -0.6386905200836198 0.3090169943749475
vn 0.7351766288349019 -0.6033438667977181 0.3090169943749475
vn 0.7638957567520119 -0.5665437052900196 0.3090169943749475
vn 0.7907745928817407 -0.5283786903729095 0.3090169943749475
vn 0.8157483837535431 -0.48894076491018396 0.3090169943749475
vn 0.8387569653177637 -0.44832493831863685 0.3090169943749475
vn 0.8597449078861004 -0.40662905768205293 0.3090169943749475
vn 0.8786616496665794 -0.3639535720290144 0.3090169943749475
vn 0.8954616185713407 -0.32040129034239007 0.3090169943749475
vn 0.9101043420037892 -0.276077133883492 0.3090169943749475
vn 0.922554544360625 -0.231087883427568 0.3090169943749475
vn 0.9327822320138617 -0.18554192201955896 0.3090169943749475
vn 0.9407627655681029 -0.1395489738698514 0.3090169943749475
vn 0.9464769192190041 -0.09321984001904532 0.3090169943749475
vn 0.9499109270699199 -0.04666613140853927 0.3090169943749475
vn 0.9510565162951535 -1.1647083184890923e-16 0.3090169943749475
vn 0.9499109270699199 0.04666613140853904 0.3090169943749475
vn 0.9464769192190041 0.0932198400190451 0.3090169943749475
vn 0.9407627655681029 0.1395489738698512 0.3090169943749475
vn 0.9327822320138617 0.18554192201955874 0.3090169943749475
vn 0.922554544360625 0.23108788342756775 0.3090169943749475
vn 0.9101043420037893 0.2760771338834917 0.3090169943749475
vn 0.8954616185713408 0.3204012903423898 0.3090169943749475
vn 0.8786616496665796 0.3639535720290142 0.3090169943749475
vn 0.8597449078861005 0.4066290576820527 0.3090169943749475
vn 0.8387569653177638 0.4483249383186366 0.3090169943749475
vn 0.8157483837535433 0.48894076491018373 0.3090169943749475
vn 0.7907745928817408 0.5283786903729093 0.3090169943749475
vn 0.763895756752012 0.5665437052900195 0.3090169943749475
vn 0.735176628834902 0.6033438667977179 0.3090169943749475
vn 0.704686396025061 0.6386905200836197 0.3090169943749475
vn 0.6724985119639575 0.6724985119639573 0.3090169943749475
vn 0.6386905200836199 0.7046863960250608 0.3090169943749475
vn 0.6033438667977183 0.7351766288349015 0.3090169943749475
vn 0.5665437052900194 0.7638957567520122 0.3090169943749475
vn 0.5283786903729095 0.7907745928817406 0.3090169943749475
vn 0.48894076491018396 0.8157483837535431 0.3090169943749475
vn 0.4483249383186369 0.8387569653177637 0.3090169943749475
vn 0.4066290576820533 0.8597449078861003 0.3090169943749475
vn 0.36395357202901485 0.8786616496665792 0.3090169943749475
vn 0.32040129034238973 0.8954616185713408 0.3090169943749475
vn 0.27607713388349203 0.9101043420037892 0.3090169943749475
vn 0.23108788342756806 0.922554544360625 0.3090169943749475
vn 0.18554192201955902 0.9327822320138616 0.3090169943749475
vn 0.13954897386985188 0.9407627655681028 0.3090169943749475
vn 0.09321984001904496 0.9464769192190041 0.3090169943749475
vn 0.046666131408539334 0.9499109270699199 0.3090169943749475
vn 1.7470624777336384e-16 0.9510565162951535 0.3090169943749475
vn -0.04666613140853898 0.9499109270699199 0.3090169943749475
vn -0.09321984001904461 0.9464769192190041 0.3090169943749475
vn -0.13954897386985154 0.9407627655681028 0.3090169943749475
vn -0.18554192201955869 0.9327822320138617 0.3090169943749475
vn -0.2310878834275677 0.922554544360625 0.3090169943749475
vn -0.2760771338834917 0.9101043420037893 0.3090169943749475
vn -0.3204012903423894 0.8954616185713409 0.3090169943749475
vn -0.3639535720290145 0.8786616496665793 0.3090169943749475
vn -0.40662905768205304 0.8597449078861004 0.3090169943749475
vn -0.44832493831863657 0.8387569653177638 0.3090169943749475
vn -0.48894076491018373 0.8157483837535433 0.3090169943749475
vn -0.5283786903729092 0.7907745928817408 0.3090169943749475
vn -0.5665437052900192 0.7638957567520124 0.3090169943749475
vn -0.6033438667977181 0.7351766288349018 0.3090169943749475
vn -0.6386905200836197 0.704686396025061 0.3090169943749475
vn -0.6724985119639572 0.6724985119639575 0.3090169943749475
vn -0.7046863960250607 0.6386905200836199 0.3090169943749475
vn -0.7351766288349015 0.6033438667977185 0.3090169943749475
vn -0.7638957567520122 0.5665437052900195 0.3090169943749475
vn -0.7907745928817406 0.5283786903729095 0.3090169943749475
vn -0.8157483837535431 0.48894076491018407 0.3090169943749475
vn -0.8387569653177636 0.44832493831863696 0.3090169943749475
vn -0.8597449078861003 0.4066290576820534 0.3090169943749475
vn -0.8786616496665792 0.36395357202901485 0.3090169943749475
vn -0.8954616185713408 0.32040129034238973 0.3090169943749475
vn -0.9101043420037892 0.2760771338834921 0.3090169943749475
vn -0.922554544360625 0.2310878834275681 0.3090169943749475
vn -0.9327822320138616 0.18554192201955907 0.3090169943749475
vn -0.9407627655681028 0.13954897386985196 0.3090169943749475
vn -0.9464769192190041 0.09321984001904501 0.3090169943749475
vn -0.9499109270699199 0.04666613140853939 0.3090169943749475
vn -0.9510565162951535 2.3294166369781847e-16 0.3090169943749475
vn -0.9876883405951377 -0.0 0.15643446504023098
vn -0.9864986267332502 -0.048463569833310134 0.15643446504023098
vn -0.9829323512724878 -0.09681038668198445 0.15643446504023098
vn -0.9769981056828042 -0.1449239788295535 0.15643446504023098
vn -0.9687101860816034 -0.19268843641828076 0.15643446504023098
vn -0.9580885587931409 -0.23998869068616271 0.15643446504023098
vn -0.9451588122478992 -0.286710791177655 0.15643446504023098
vn -0.929952095337818 -0.33274218026030106 0.15643446504023098
vn -0.9125050423758844 -0.3779719642859271 0.15643446504023098
vn -0.8928596848408652 -0.42229118074315436 0.15643446504023098
vn -0.8710633501197925 -0.4655930607576324 0.15643446504023098
vn -0.8471685474921428 -0.5077732863076097 0.15643446504023098
vn -0.8212328416303833 -0.5487302415351848 0.15643446504023098
vn -0.793318713921635 -0.5883652575478091 0.15643446504023098
vn -0.7634934119445368 -0.6265828501202906 0.15643446504023098
vn -0.7318287874639395 -0.6632909497246565 0.15643446504023098
vn -0.6984011233337103 -0.6984011233337102 0.15643446504023098
vn -0.6632909497246565 -0.7318287874639394 0.15643446504023098
vn -0.6265828501202906 -0.7634934119445368 0.15643446504023098
vn -0.5883652575478092 -0.7933187139216349 0.15643446504023098
vn -0.5487302415351849 -0.8212328416303833 0.15643446504023098
vn -0.5077732863076097 -0.8471685474921428 0.15643446504023098
vn -0.46559306075763257 -0.8710633501197924 0.15643446504023098
vn -0.42229118074315447 -0.8928596848408652 0.15643446504023098
vn -0.37797196428592716 -0.9125050423758844 0.15643446504023098
vn -0.33274218026030106 -0.929952095337818 0.15643446504023098
vn -0.286710791177655 -0.9451588122478992 0.15643446504023098
vn -0.23998869068616283 -0.9580885587931409 0.15643446504023098
vn -0.19268843641828085 -0.9687101860816034 0.15643446504023098
vn -0.1449239788295535 -0.9769981056828042 0.15643446504023098
vn -0.09681038668198462 -0.9829323512724877 0.15643446504023098
vn -0.048463569833310245 -0.9864986267332502 0.15643446504023098
vn -6.047846824324981e-17 -0.9876883405951377 0.15643446504023098
vn 0.04846356983331013 -0.9864986267332502 0.15643446504023098
vn 0.0968103866819845 -0.9829323512724878 0.15643446504023098
vn 0.14492397882955338 -0.9769981056828042 0.15643446504023098
vn 0.1926884364182807 -0.9687101860816034 0.15643446504023098
vn 0.23998869068616271 -0.9580885587931409 0.15643446504023098
vn 0.28671079117765486 -0.9451588122478993 0.15643446504023098
vn 0.33274218026030095 -0.929952095337818 0.15643446504023098
vn 0.37797196428592705 -0.9125050423758844 0.15643446504023098
vn 0.42229118074315414 -0.8928596848408653 0.15643446504023098
vn 0.46559306075763246 -0.8710633501197925 0.15643446504023098
vn 0.5077732863076097 -0.8471685474921428 0.15643446504023098
vn 0.5487302415351846 -0.8212328416303835 0.15643446504023098
vn 0.5883652575478091 -0.793318713921635 0.15643446504023098
vn 0.6265828501202906 -0.7634934119445369 0.15643446504023098
vn 0.6632909497246566 -0.7318287874639394 0.15643446504023098
vn 0.6984011233337102 -0.6984011233337103 0.15643446504023098
vn 0.7318287874639392 -0.6632909497246567 0.15643446504023098
vn 0.7634934119445368 -0.6265828501202906 0.15643446504023098
vn 0.7933187139216349 -0.5883652575478092 0.15643446504023098
vn 0.8212328416303835 -0.5487302415351848 0.15643446504023098
vn 0.8471685474921427 -0.5077732863076098 0.15643446504023098
vn 0.8710633501197924 -0.4655930607576326 0.15643446504023098
vn 0.8928596848408652 -0.4222911807431543 0.15643446504023098
vn 0.9125050423758844 -0.3779719642859272 0.15643446504023098
vn 0.9299520953378179 -0.3327421802603013 0.15643446504023098
vn 0.9451588122478992 -0.2867107911776551 0.15643446504023098
vn 0.9580885587931409 -0.2399886906861629 0.15643446504023098
vn 0.9687101860816034 -0.19268843641828112 0.15643446504023098
vn 0.9769981056828042 -0.14492397882955355 0.15643446504023098
vn 0.9829323512724877 -0.09681038668198468 0.15643446504023098
vn 0.9864986267332502 -0.048463569833310086 0.15643446504023098
vn 0.9876883405951377 -1.2095693648649962e-16 0.15643446504023098
vn 0.9864986267332502 0.04846356983330985 0.15643446504023098
vn 0.9829323512724878 0.09681038668198444 0.15643446504023098
vn 0.9769981056828042 0.14492397882955332 0.15643446504023098
vn 0.9687101860816034 0.19268843641828087 0.15643446504023098
vn 0.9580885587931409 0.23998869068616266 0.15643446504023098
vn 0.9451588122478993 0.2867107911776548 0.15643446504023098
vn 0.929952095337818 0.33274218026030106 0.15643446504023098
vn 0.9125050423758845 0.377971964285927 0.15643446504023098
vn 0.8928596848408653 0.4222911807431541 0.15643446504023098
vn 0.8710633501197925 0.4655930607576324 0.15643446504023098
vn 0.8471685474921429 0.5077732863076095 0.15643446504023098
vn 0.8212328416303836 0.5487302415351846 0.15643446504023098
vn 0.793318713921635 0.588365257547809 0.15643446504023098
vn 0.7634934119445369 0.6265828501202905 0.15643446504023098
vn 0.7318287874639394 0.6632909497246566 0.15643446504023098
vn 0.6984011233337104 0.6984011233337102 0.15643446504023098
vn 0.6632909497246569 0.7318287874639392 0.15643446504023098
vn 0.6265828501202909 0.7634934119445365 0.15643446504023098
vn 0.5883652575478089 0.7933187139216351 0.15643446504023098
vn 0.5487302415351848 0.8212328416303833 0.15643446504023098
vn 0.5077732863076098 0.8471685474921427 0.15643446504023098
vn 0.4655930607576327 0.8710633501197924 0.15643446504023098
vn 0.42229118074315475 0.892859684840865 0.15643446504023098
vn 0.37797196428592766 0.9125050423758841 0.15643446504023098
vn 0.33274218026030095 0.929952095337818 0.15643446504023098
vn 0.28671079117765513 0.9451588122478992 0.15643446504023098
vn 0.23998869068616296 0.9580885587931409 0.15643446504023098
vn 0.19268843641828118 0.9687101860816033 0.15643446504023098
vn 0.14492397882955402 0.9769981056828041 0.15643446504023098
vn 0.0968103866819843 0.9829323512724878 0.15643446504023098
vn 0.04846356983331015 0.9864986267332502 0.15643446504023098
vn 1.814354047297494e-16 0.9876883405951377 0.15643446504023098
vn -0.04846356983330979 0.9864986267332502 0.15643446504023098
vn -0.09681038668198395 0.9829323512724878 0.15643446504023098
vn -0.14492397882955368 0.9769981056828041 0.15643446504023098
vn -0.19268843641828082 0.9687101860816034 0.15643446504023098
vn -0.2399886906861626 0.9580885587931409 0.15643446504023098
vn -0.28671079117765474 0.9451588122478993 0.15643446504023098
vn -0.3327421802603006 0.9299520953378181 0.15643446504023098
vn -0.37797196428592733 0.9125050423758843 0.15643446504023098
vn -0.4222911807431544 0.8928596848408652 0.15643446504023098
vn -0.46559306075763235 0.8710633501197925 0.15643446504023098
vn -0.5077732863076095 0.8471685474921429 0.15643446504023098
vn -0.5487302415351845 0.8212328416303836 0.15643446504023098
vn -0.5883652575478087 0.7933187139216353 0.15643446504023098
vn -0.6265828501202907 0.7634934119445367 0.15643446504023098
vn -0.6632909497246566 0.7318287874639394 0.15643446504023098
vn -0.6984011233337101 0.6984011233337104 0.15643446504023098
vn -0.7318287874639391 0.6632909497246569 0.15643446504023098
vn -0.7634934119445365 0.626582850120291 0.15643446504023098
vn -0.7933187139216351 0.588365257547809 0.15643446504023098
vn -0.8212328416303833 0.5487302415351848 0.15643446504023098
vn -0.8471685474921427 0.5077732863076099 0.15643446504023098
vn -0.8710633501197923 0.46559306075763274 0.15643446504023098
vn -0.892859684840865 0.4222911807431548 0.15643446504023098
vn -0.9125050423758841 0.3779719642859277 0.15643446504023098
vn -0.929952095337818 0.332742180260301 0.15643446504023098
vn -0.9451588122478992 0.2867107911776552 0.15643446504023098
vn -0.9580885587931409 0.23998869068616302 0.15643446504023098
vn -0.9687101860816033 0.19268843641828123 0.15643446504023098
vn -0.9769981056828041 0.1449239788295541 0.15643446504023098
vn -0.9829323512724878 0.09681038668198436 0.15643446504023098
vn -0.9864986267332502 0.04846356983331021 0.15643446504023098
vn -0.9876883405951377 2.4191387297299924e-16 0.15643446504023098
vn -1.0 -0.0 1.2246467991473532e-16
vn -0.9987954562051724 -0.049067674327418015 1.2246467991473532e-16
vn -0.9951847266721969 -0.0980171403295606 1.2246467991473532e-16
vn -0.989176509964781 -0.14673047445536175 1.2246467991473532e-16
vn -0.9807852804032304 -0.19509032201612825 1.2246467991473532e-16
vn -0.970031253194544 -0.24298017990326387 1.2246467991473532e-16
vn -0.9569403357322088 -0.29028467725446233 1.2246467991473532e-16
vn -0.9415440651830208 -0.33688985339222005 1.2246467991473532e-16
vn -0.9238795325112867 -0.3826834323650898 1.2246467991473532e-16
vn -0.9039892931234433 -0.4275550934302821 1.2246467991473532e-16
vn -0.881921264348355 -0.47139673682599764 1.2246467991473532e-16
vn -0.8577286100002721 -0.5141027441932217 1.2246467991473532e-16
vn -0.8314696123025452 -0.5555702330196022 1.2246467991473532e-16
vn -0.8032075314806449 -0.5956993044924334 1.2246467991473532e-16
vn -0.773010453362737 -0.6343932841636455 1.2246467991473532e-16
vn -0.7409511253549592 -0.6715589548470183 1.2246467991473532e-16
vn -0.7071067811865476 -0.7071067811865475 1.2246467991473532e-16
vn -0.6715589548470183 -0.7409511253549591 1.2246467991473532e-16
vn -0.6343932841636455 -0.773010453362737 1.2246467991473532e-16
vn -0.5956993044924335 -0.8032075314806448 1.2246467991473532e-16
vn -0.5555702330196023 -0.8314696123025452 1.2246467991473532e-16
vn -0.5141027441932217 -0.8577286100002721 1.2246467991473532e-16
vn -0.4713967368259978 -0.8819212643483549 1.2246467991473532e-16
vn -0.4275550934302822 -0.9039892931234433 1.2246467991473532e-16
vn -0.38268343236508984 -0.9238795325112867 1.2246467991473532e-16
vn -0.33688985339222005 -0.9415440651830208 1.2246467991473532e-16
vn -0.29028467725446233 -0.9569403357322088 1.2246467991473532e-16
vn -0.24298017990326398 -0.970031253194544 1.2246467991473532e-16
vn -0.19509032201612833 -0.9807852804032304 1.2246467991473532e-16
vn -0.14673047445536175 -0.989176509964781 1.2246467991473532e-16
vn -0.09801714032956077 -0.9951847266721968 1.2246467991473532e-16
vn -0.049067674327418126 -0.9987954562051724 1.2246467991473532e-16
vn -6.123233995736766e-17 -1.0 1.2246467991473532e-16
vn 0.04906767432741801 -0.9987954562051724 1.2246467991473532e-16
vn 0.09801714032956065 -0.9951847266721969 1.2246467991473532e-16
vn 0.14673047445536164 -0.989176509964781 1.2246467991473532e-16
vn 0.1950903220161282 -0.9807852804032304 1.2246467991473532e-16
vn 0.24298017990326387 -0.970031253194544 1.2246467991473532e-16
vn 0.29028467725446216 -0.9569403357322089 1.2246467991473532e-16
vn 0.33688985339221994 -0.9415440651830208 1.2246467991473532e-16
vn 0.3826834323650897 -0.9238795325112867 1.2246467991473532e-16
vn 0.42755509343028186 -0.9039892931234434 1.2246467991473532e-16
vn 0.4713967368259977 -0.881921264348355 1.2246467991473532e-16
vn 0.5141027441932217 -0.8577286100002721 1.2246467991473532e-16
vn 0.555570233019602 -0.8314696123025453 1.2246467991473532e-16
vn 0.5956993044924334 -0.8032075314806449 1.2246467991473532e-16
vn 0.6343932841636454 -0.7730104533627371 1.2246467991473532e-16
vn 0.6715589548470184 -0.7409511253549591 1.2246467991473532e-16
vn 0.7071067811865475 -0.7071067811865476 1.2246467991473532e-16
vn 0.7409511253549589 -0.6715589548470186 1.2246467991473532e-16
vn 0.773010453362737 -0.6343932841636455 1.2246467991473532e-16
vn 0.8032075314806448 -0.5956993044924335 1.2246467991473532e-16
vn 0.8314696123025453 -0.5555702330196022 1.2246467991473532e-16
vn 0.857728610000272 -0.5141027441932218 1.2246467991473532e-16
vn 0.8819212643483549 -0.47139673682599786 1.2246467991473532e-16
vn 0.9039892931234433 -0.42755509343028203 1.2246467991473532e-16
vn 0.9238795325112867 -0.3826834323650899 1.2246467991473532e-16
vn 0.9415440651830207 -0.33688985339222033 1.2246467991473532e-16
vn 0.9569403357322088 -0.2902846772544624 1.2246467991473532e-16
vn 0.970031253194544 -0.24298017990326407 1.2246467991473532e-16
vn 0.9807852804032304 -0.1950903220161286 1.2246467991473532e-16
vn 0.989176509964781 -0.1467304744553618 1.2246467991473532e-16
vn 0.9951847266721968 -0.09801714032956083 1.2246467991473532e-16
vn 0.9987954562051724 -0.049067674327417966 1.2246467991473532e-16
vn 1.0 -1.2246467991473532e-16 1.2246467991473532e-16
vn 0.9987954562051724 0.049067674327417724 1.2246467991473532e-16
vn 0.9951847266721969 0.09801714032956059 1.2246467991473532e-16
vn 0.989176509964781 0.14673047445536158 1.2246467991473532e-16
vn 0.9807852804032304 0.19509032201612836 1.2246467991473532e-16
vn 0.970031253194544 0.24298017990326382 1.2246467991473532e-16
vn 0.9569403357322089 0.2902846772544621 1.2246467991473532e-16
vn 0.9415440651830208 0.33688985339222005 1.2246467991473532e-16
vn 0.9238795325112868 0.38268343236508967 1.2246467991473532e-16
vn 0.9039892931234434 0.4275550934302818 1.2246467991473532e-16
vn 0.881921264348355 0.47139673682599764 1.2246467991473532e-16
vn 0.8577286100002722 0.5141027441932216 1.2246467991473532e-16
vn 0.8314696123025455 0.555570233019602 1.2246467991473532e-16
vn 0.8032075314806449 0.5956993044924332 1.2246467991473532e-16
vn 0.7730104533627371 0.6343932841636453 1.2246467991473532e-16
vn 0.7409511253549591 0.6715589548470184 1.2246467991473532e-16
vn 0.7071067811865477 0.7071067811865475 1.2246467991473532e-16
vn 0.6715589548470187 0.7409511253549589 1.2246467991473532e-16
vn 0.6343932841636458 0.7730104533627367 1.2246467991473532e-16
vn 0.5956993044924331 0.803207531480645 1.2246467991473532e-16
vn 0.5555702330196022 0.8314696123025452 1.2246467991473532e-16
vn 0.5141027441932218 0.857728610000272 1.2246467991473532e-16
vn 0.4713967368259979 0.8819212643483549 1.2246467991473532e-16
vn 0.4275550934302825 0.9039892931234431 1.2246467991473532e-16
vn 0.38268343236509034 0.9238795325112865 1.2246467991473532e-16
vn 0.33688985339221994 0.9415440651830208 1.2246467991473532e-16
vn 0.29028467725446244 0.9569403357322088 1.2246467991473532e-16
vn 0.24298017990326412 0.970031253194544 1.2246467991473532e-16
vn 0.19509032201612866 0.9807852804032303 1.2246467991473532e-16
vn 0.1467304744553623 0.9891765099647809 1.2246467991473532e-16
vn 0.09801714032956045 0.9951847266721969 1.2246467991473532e-16
vn 0.04906767432741803 0.9987954562051724 1.2246467991473532e-16
vn 1.8369701987210297e-16 1.0 1.2246467991473532e-16
vn -0.04906767432741766 0.9987954562051724 1.2246467991473532e-16
vn -0.09801714032956009 0.9951847266721969 1.2246467991473532e-16
vn -0.14673047445536194 0.9891765099647809 1.2246467991473532e-16
vn -0.1950903220161283 0.9807852804032304 1.2246467991473532e-16
vn -0.24298017990326376 0.970031253194544 1.2246467991473532e-16
vn -0.29028467725446205 0.9569403357322089 1.2246467991473532e-16
vn -0.3368898533922196 0.9415440651830209 1.2246467991473532e-16
vn -0.38268343236509 0.9238795325112866 1.2246467991473532e-16
vn -0.42755509343028214 0.9039892931234433 1.2246467991473532e-16
vn -0.4713967368259976 0.881921264348355 1.2246467991473532e-16
vn -0.5141027441932216 0.8577286100002722 1.2246467991473532e-16
vn -0.5555702330196018 0.8314696123025455 1.2246467991473532e-16
vn -0.5956993044924329 0.8032075314806453 1.2246467991473532e-16
vn -0.6343932841636456 0.7730104533627369 1.2246467991473532e-16
vn -0.6715589548470184 0.7409511253549591 1.2246467991473532e-16
vn -0.7071067811865474 0.7071067811865477 1.2246467991473532e-16
vn -0.7409511253549588 0.6715589548470187 1.2246467991473532e-16
vn -0.7730104533627367 0.6343932841636459 1.2246467991473532e-16
vn -0.803207531480645 0.5956993044924332 1.2246467991473532e-16
vn -0.8314696123025452 0.5555702330196022 1.2246467991473532e-16
vn -0.857728610000272 0.5141027441932219 1.2246467991473532e-16
vn -0.8819212643483548 0.471396736825998 1.2246467991473532e-16
vn -0.9039892931234431 0.42755509343028253 1.2246467991473532e-16
vn -0.9238795325112865 0.3826834323650904 1.2246467991473532e-16
vn -0.9415440651830208 0.33688985339222 1.2246467991473532e-16
vn -0.9569403357322088 0.2902846772544625 1.2246467991473532e-16
vn -0.970031253194544 0.24298017990326418 1.2246467991473532e-16
vn -0.9807852804032303 0.19509032201612872 1.2246467991473532e-16
vn -0.9891765099647809 0.1467304744553624 1.2246467991473532e-16
vn -0.9951847266721969 0.0980171403295605 1.2246467991473532e-16
vn -0.9987954562051724 0.04906767432741809 1.2246467991473532e-16
vn -1.0 2.4492935982947064e-16 1.2246467991473532e-16
vn -0.9876883405951378 -0.0 -0.15643446504023073
vn -0.9864986267332503 -0.04846356983331014 -0.15643446504023073
vn -0.9829323512724879 -0.09681038668198447 -0.15643446504023073
vn -0.9769981056828043 -0.1449239788295535 -0.15643446504023073
vn -0.9687101860816035 -0.1926884364182808 -0.15643446504023073
vn -0.958088558793141 -0.23998869068616274 -0.15643446504023073
vn -0.9451588122478993 -0.286710791177655 -0.15643446504023073
vn -0.9299520953378181 -0.33274218026030106 -0.15643446504023073
vn -0.9125050423758845 -0.37797196428592716 -0.15643446504023073
vn -0.8928596848408653 -0.4222911807431544 -0.15643446504023073
vn -0.8710633501197926 -0.46559306075763246 -0.15643446504023073
vn -0.8471685474921429 -0.5077732863076097 -0.15643446504023073
vn -0.8212328416303835 -0.5487302415351849 -0.15643446504023073
vn -0.7933187139216351 -0.5883652575478092 -0.15643446504023073
vn -0.7634934119445368 -0.6265828501202907 -0.15643446504023073
vn -0.7318287874639395 -0.6632909497246566 -0.15643446504023073
vn -0.6984011233337104 -0.6984011233337103 -0.15643446504023073
vn -0.6632909497246566 -0.7318287874639394 -0.15643446504023073
vn -0.6265828501202907 -0.7634934119445368 -0.15643446504023073
vn -0.5883652575478093 -0.793318713921635 -0.15643446504023073
vn -0.548730241535185 -0.8212328416303835 -0.15643446504023073
vn -0.5077732863076097 -0.8471685474921429 -0.15643446504023073
vn -0.4655930607576326 -0.8710633501197925 -0.15643446504023073
vn -0.4222911807431545 -0.8928596848408653 -0.15643446504023073
vn -0.3779719642859272 -0.9125050423758845 -0.15643446504023073
vn -0.33274218026030106 -0.9299520953378181 -0.15643446504023073
vn -0.286710791177655 -0.9451588122478993 -0.15643446504023073
vn -0.23998869068616285 -0.958088558793141 -0.15643446504023073
vn -0.19268843641828087 -0.9687101860816035 -0.15643446504023073
vn -0.1449239788295535 -0.9769981056828043 -0.15643446504023073
vn -0.09681038668198463 -0.9829323512724878 -0.15643446504023073
vn -0.04846356983331025 -0.9864986267332503 -0.15643446504023073
vn -6.047846824324981e-17 -0.9876883405951378 -0.15643446504023073
vn 0.048463569833310134 -0.9864986267332503 -0.15643446504023073
vn 0.09681038668198451 -0.9829323512724879 -0.15643446504023073
vn 0.14492397882955338 -0.9769981056828043 -0.15643446504023073
vn 0.19268843641828073 -0.9687101860816035 -0.15643446504023073
vn 0.23998869068616274 -0.958088558793141 -0.15643446504023073
vn 0.28671079117765486 -0.9451588122478994 -0.15643446504023073
vn 0.33274218026030095 -0.9299520953378181 -0.15643446504023073
vn 0.3779719642859271 -0.9125050423758845 -0.15643446504023073
vn 0.4222911807431542 -0.8928596848408654 -0.15643446504023073
vn 0.4655930607576325 -0.8710633501197926 -0.15643446504023073
vn 0.5077732863076097 -0.8471685474921429 -0.15643446504023073
vn 0.5487302415351847 -0.8212328416303836 -0.15643446504023073
vn 0.5883652575478092 -0.7933187139216351 -0.15643446504023073
vn 0.6265828501202906 -0.7634934119445369 -0.15643446504023073
vn 0.6632909497246567 -0.7318287874639394 -0.15643446504023073
vn 0.6984011233337103 -0.6984011233337104 -0.15643446504023073
vn 0.7318287874639392 -0.6632909497246569 -0.15643446504023073
vn 0.7634934119445368 -0.6265828501202907 -0.15643446504023073
vn 0.793318713921635 -0.5883652575478093 -0.15643446504023073
vn 0.8212328416303836 -0.5487302415351849 -0.15643446504023073
vn 0.8471685474921428 -0.5077732863076098 -0.15643446504023073
vn 0.8710633501197925 -0.4655930607576327 -0.15643446504023073
vn 0.8928596848408653 -0.42229118074315436 -0.15643446504023073
vn 0.9125050423758845 -0.3779719642859273 -0.15643446504023073
vn 0.929952095337818 -0.33274218026030133 -0.15643446504023073
vn 0.9451588122478993 -0.2867107911776551 -0.15643446504023073
vn 0.958088558793141 -0.23998869068616294 -0.15643446504023073
vn 0.9687101860816035 -0.19268843641828115 -0.15643446504023073
vn 0.9769981056828043 -0.14492397882955355 -0.15643446504023073
vn 0.9829323512724878 -0.09681038668198469 -0.15643446504023073
vn 0.9864986267332503 -0.04846356983331009 -0.15643446504023073
vn 0.9876883405951378 -1.2095693648649962e-16 -0.15643446504023073
vn 0.9864986267332503 0.04846356983330986 -0.15643446504023073
vn 0.9829323512724879 0.09681038668198445 -0.15643446504023073
vn 0.9769981056828043 0.14492397882955332 -0.15643446504023073
vn 0.9687101860816035 0.1926884364182809 -0.15643446504023073
vn 0.958088558793141 0.2399886906861627 -0.15643446504023073
vn 0.9451588122478994 0.2867107911776548 -0.15643446504023073
vn 0.9299520953378181 0.33274218026030106 -0.15643446504023073
vn 0.9125050423758846 0.37797196428592705 -0.15643446504023073
vn 0.8928596848408654 0.42229118074315414 -0.15643446504023073
vn 0.8710633501197926 0.46559306075763246 -0.15643446504023073
vn 0.847168547492143 0.5077732863076095 -0.15643446504023073
vn 0.8212328416303837 0.5487302415351847 -0.15643446504023073
vn 0.7933187139216351 0.5883652575478091 -0.15643446504023073
vn 0.7634934119445369 0.6265828501202905 -0.15643446504023073
vn 0.7318287874639394 0.6632909497246567 -0.15643446504023073
vn 0.6984011233337105 0.6984011233337103 -0.15643446504023073
vn 0.663290949724657 0.7318287874639392 -0.15643446504023073
vn 0.626582850120291 0.7634934119445365 -0.15643446504023073
vn 0.588365257547809 0.7933187139216352 -0.15643446504023073
vn 0.5487302415351849 0.8212328416303835 -0.15643446504023073
vn 0.5077732863076098 0.8471685474921428 -0.15643446504023073
vn 0.46559306075763274 0.8710633501197925 -0.15643446504023073
vn 0.4222911807431548 0.8928596848408651 -0.15643446504023073
vn 0.3779719642859277 0.9125050423758843 -0.15643446504023073
vn 0.33274218026030095 0.9299520953378181 -0.15643446504023073
vn 0.28671079117765513 0.9451588122478993 -0.15643446504023073
vn 0.239988690686163 0.958088558793141 -0.15643446504023073
vn 0.1926884364182812 0.9687101860816034 -0.15643446504023073
vn 0.14492397882955405 0.9769981056828042 -0.15643446504023073
vn 0.09681038668198431 0.9829323512724879 -0.15643446504023073
vn 0.048463569833310155 0.9864986267332503 -0.15643446504023073
vn 1.8143540472974943e-16 0.9876883405951378 -0.15643446504023073
vn -0.048463569833309794 0.9864986267332503 -0.15643446504023073
vn -0.09681038668198397 0.9829323512724879 -0.15643446504023073
vn -0.14492397882955368 0.9769981056828042 -0.15643446504023073
vn -0.19268843641828085 0.9687101860816035 -0.15643446504023073
vn -0.23998869068616263 0.958088558793141 -0.15643446504023073
vn -0.28671079117765474 0.9451588122478994 -0.15643446504023073
vn -0.3327421802603006 0.9299520953378182 -0.15643446504023073
vn -0.3779719642859274 0.9125050423758844 -0.15643446504023073
vn -0.42229118074315447 0.8928596848408653 -0.15643446504023073
vn -0.4655930607576324 0.8710633501197926 -0.15643446504023073
vn -0.5077732863076095 0.847168547492143 -0.15643446504023073
vn -0.5487302415351846 0.8212328416303837 -0.15643446504023073
vn -0.5883652575478088 0.7933187139216354 -0.15643446504023073
vn -0.6265828501202908 0.7634934119445367 -0.15643446504023073
vn -0.6632909497246567 0.7318287874639394 -0.15643446504023073
vn -0.6984011233337102 0.6984011233337105 -0.15643446504023073
vn -0.7318287874639391 0.663290949724657 -0.15643446504023073
vn -0.7634934119445365 0.6265828501202911 -0.15643446504023073
vn -0.7933187139216352 0.5883652575478091 -0.15643446504023073
vn -0.8212328416303835 0.5487302415351849 -0.15643446504023073
vn -0.8471685474921428 0.5077732863076099 -0.15643446504023073
vn -0.8710633501197924 0.4655930607576328 -0.15643446504023073
vn -0.8928596848408651 0.42229118074315486 -0.15643446504023073
vn -0.9125050423758843 0.3779719642859278 -0.15643446504023073
vn -0.9299520953378181 0.332742180260301 -0.15643446504023073
vn -0.9451588122478993 0.2867107911776552 -0.15643446504023073
vn -0.958088558793141 0.23998869068616305 -0.15643446504023073
vn -0.9687101860816034 0.19268843641828126 -0.15643446504023073
vn -0.9769981056828042 0.14492397882955413 -0.15643446504023073
vn -0.9829323512724879 0.09681038668198437 -0.15643446504023073
vn -0.9864986267332503 0.04846356983331022 -0.15643446504023073
vn -0.9876883405951378 2.4191387297299924e-16 -0.15643446504023073
vn -0.9510565162951535 -0.0 -0.30901699437494773
vn -0.9499109270699199 -0.04666613140853932 -0.30901699437494773
vn -0.9464769192190041 -0.09321984001904511 -0.30901699437494773
vn -0.9407627655681029 -0.13954897386985135 -0.30901699437494773
vn -0.9327822320138617 -0.18554192201955863 -0.30901699437494773
vn -0.922554544360625 -0.2310878834275678 -0.30901699437494773
vn -0.9101043420037892 -0.2760771338834919 -0.30901699437494773
vn -0.8954616185713408 -0.3204012903423898 -0.30901699437494773
vn -0.8786616496665794 -0.3639535720290143 -0.30901699437494773
vn -0.8597449078861004 -0.406629057682053 -0.30901699437494773
vn -0.8387569653177638 -0.4483249383186366 -0.30901699437494773
vn -0.8157483837535432 -0.48894076491018384 -0.30901699437494773
vn -0.7907745928817406 -0.5283786903729095 -0.30901699437494773
vn -0.763895756752012 -0.5665437052900195 -0.30901699437494773
vn -0.7351766288349019 -0.6033438667977181 -0.30901699437494773
vn -0.7046863960250611 -0.6386905200836196 -0.30901699437494773
vn -0.6724985119639574 -0.6724985119639573 -0.30901699437494773
vn -0.6386905200836196 -0.704686396025061 -0.30901699437494773
vn -0.6033438667977181 -0.7351766288349019 -0.30901699437494773
vn -0.5665437052900196 -0.7638957567520119 -0.30901699437494773
vn -0.5283786903729096 -0.7907745928817406 -0.30901699437494773
vn -0.48894076491018384 -0.8157483837535432 -0.30901699437494773
vn -0.4483249383186368 -0.8387569653177637 -0.30901699437494773
vn -0.4066290576820531 -0.8597449078861004 -0.30901699437494773
vn -0.36395357202901435 -0.8786616496665794 -0.30901699437494773
vn -0.3204012903423898 -0.8954616185713408 -0.30901699437494773
vn -0.2760771338834919 -0.9101043420037892 -0.30901699437494773
vn -0.23108788342756792 -0.922554544360625 -0.30901699437494773
vn -0.1855419220195587 -0.9327822320138617 -0.30901699437494773
vn -0.13954897386985135 -0.9407627655681029 -0.30901699437494773
vn -0.09321984001904526 -0.9464769192190041 -0.30901699437494773
vn -0.046666131408539424 -0.9499109270699199 -0.30901699437494773
vn -5.823541592445462e-17 -0.9510565162951535 -0.30901699437494773
vn 0.04666613140853931 -0.9499109270699199 -0.30901699437494773
vn 0.09321984001904514 -0.9464769192190041 -0.30901699437494773
vn 0.13954897386985127 -0.9407627655681029 -0.30901699437494773
vn 0.18554192201955857 -0.9327822320138617 -0.30901699437494773
vn 0.2310878834275678 -0.922554544360625 -0.30901699437494773
vn 0.27607713388349175 -0.9101043420037893 -0.30901699437494773
vn 0.32040129034238973 -0.8954616185713408 -0.30901699437494773
vn 0.36395357202901424 -0.8786616496665794 -0.30901699437494773
vn 0.40662905768205276 -0.8597449078861005 -0.30901699437494773
vn 0.4483249383186367 -0.8387569653177638 -0.30901699437494773
vn 0.48894076491018384 -0.8157483837535432 -0.30901699437494773
vn 0.5283786903729093 -0.7907745928817407 -0.30901699437494773
vn 0.5665437052900195 -0.763895756752012 -0.30901699437494773
vn 0.603343866797718 -0.735176628834902 -0.30901699437494773
vn 0.6386905200836197 -0.704686396025061 -0.30901699437494773
vn 0.6724985119639573 -0.6724985119639574 -0.30901699437494773
vn 0.7046863960250608 -0.6386905200836198 -0.30901699437494773
vn 0.7351766288349019 -0.6033438667977181 -0.30901699437494773
vn 0.7638957567520119 -0.5665437052900196 -0.30901699437494773
vn 0.7907745928817407 -0.5283786903729095 -0.30901699437494773
vn 0.8157483837535431 -0.48894076491018396 -0.30901699437494773
vn 0.8387569653177637 -0.44832493831863685 -0.30901699437494773
vn 0.8597449078861004 -0.40662905768205293 -0.30901699437494773
vn 0.8786616496665794 -0.3639535720290144 -0.30901699437494773
vn 0.8954616185713407 -0.32040129034239007 -0.30901699437494773
vn 0.9101043420037892 -0.276077133883492 -0.30901699437494773
vn 0.922554544360625 -0.231087883427568 -0.30901699437494773
vn 0.9327822320138617 -0.18554192201955896 -0.30901699437494773
vn 0.9407627655681029 -0.1395489738698514 -0.30901699437494773
vn 0.9464769192190041 -0.09321984001904532 -0.30901699437494773
vn 0.9499109270699199 -0.04666613140853927 -0.30901699437494773
vn 0.9510565162951535 -1.1647083184890923e-16 -0.30901699437494773
vn 0.9499109270699199 0.04666613140853904 -0.30901699437494773
vn 0.9464769192190041 0.0932198400190451 -0.30901699437494773
vn 0.9407627655681029 0.1395489738698512 -0.30901699437494773
vn 0.9327822320138617 0.18554192201955874 -0.30901699437494773
vn 0.922554544360625 0.23108788342756775 -0.30901699437494773
vn 0.9101043420037893 0.2760771338834917 -0.30901699437494773
vn 0.8954616185713408 0.3204012903423898 -0.30901699437494773
vn 0.8786616496665796 0.3639535720290142 -0.30901699437494773
vn 0.8597449078861005 0.4066290576820527 -0.30901699437494773
vn 0.8387569653177638 0.4483249383186366 -0.30901699437494773
vn 0.8157483837535433 0.48894076491018373 -0.30901699437494773
vn 0.7907745928817408 0.5283786903729093 -0.30901699437494773
vn 0.763895756752012 0.5665437052900195 -0.30901699437494773
vn 0.735176628834902 0.6033438667977179 -0.30901699437494773
vn 0.704686396025061 0.6386905200836197 -0.30901699437494773
vn 0.6724985119639575 0.6724985119639573 -0.30901699437494773
vn 0.6386905200836199 0.7046863960250608 -0.30901699437494773
vn 0.6033438667977183 0.7351766288349015 -0.30901699437494773
vn 0.5665437052900194 0.7638957567520122 -0.30901699437494773
vn 0.5283786903729095 0.7907745928817406 -0.30901699437494773
vn 0.48894076491018396 0.8157483837535431 -0.30901699437494773
vn 0.4483249383186369 0.8387569653177637 -0.30901699437494773
vn 0.4066290576820533 0.8597449078861003 -0.30901699437494773
vn 0.36395357202901485 0.8786616496665792 -0.30901699437494773
vn 0.32040129034238973 0.8954616185713408 -0.30901699437494773
vn 0.27607713388349203 0.9101043420037892 -0.30901699437494773
vn 0.23108788342756806 0.922554544360625 -0.30901699437494773
vn 0.18554192201955902 0.9327822320138616 -0.30901699437494773
vn 0.13954897386985188 0.9407627655681028 -0.30901699437494773
vn 0.09321984001904496 0.9464769192190041 -0.30901699437494773
vn 0.046666131408539334 0.9499109270699199 -0.30901699437494773
vn 1.7470624777336384e-16 0.9510565162951535 -0.30901699437494773
vn -0.04666613140853898 0.9499109270699199 -0.30901699437494773
vn -0.09321984001904461 0.9464769192190041 -0.30901699437494773
vn -0.13954897386985154 0.9407627655681028 -0.30901699437494773
vn -0.18554192201955869 0.9327822320138617 -0.30901699437494773
vn -0.2310878834275677 0.922554544360625 -0.30901699437494773
vn -0.2760771338834917 0.9101043420037893 -0.30901699437494773
vn -0.3204012903423894 0.8954616185713409 -0.30901699437494773
vn -0.3639535720290145 0.8786616496665793 -0.30901699437494773
vn -0.40662905768205304 0.8597449078861004 -0.30901699437494773
vn -0.44832493831863657 0.8387569653177638 -0.30901699437494773
vn -0.48894076491018373 0.8157483837535433 -0.30901699437494773
vn -0.5283786903729092 0.7907745928817408 -0.30901699437494773
vn -0.5665437052900192 0.7638957567520124 -0.30901699437494773
vn -0.6033438667977181 0.7351766288349018 -0.30901699437494773
vn -0.6386905200836197 0.704686396025061 -0.30901699437494773
vn -0.6724985119639572 0.6724985119639575 -0.30901699437494773
vn -0.7046863960250607 0.6386905200836199 -0.30901699437494773
vn -0.7351766288349015 0.6033438667977185 -0.30901699437494773
vn -0.7638957567520122 0.5665437052900195 -0.30901699437494773
vn -0.7907745928817406 0.5283786903729095 -0.30901699437494773
vn -0.8157483837535431 0.48894076491018407 -0.30901699437494773
vn -0.8387569653177636 0.44832493831863696 -0.30901699437494773
vn -0.8597449078861003 0.4066290576820534 -0.30901699437494773
vn -0.8786616496665792 0.36395357202901485 -0.30901699437494773
vn -0.8954616185713408 0.32040129034238973 -0.30901699437494773
vn -0.9101043420037892 0.2760771338834921 -0.30901699437494773
vn -0.922554544360625 0.2310878834275681 -0.30901699437494773
vn -0.9327822320138616 0.18554192201955907 -0.30901699437494773
vn -0.9407627655681028 0.13954897386985196 -0.30901699437494773
vn -0.9464769192190041 0.09321984001904501 -0.30901699437494773
vn -0.9499109270699199 0.04666613140853939 -0.30901699437494773
vn -0.9510565162951535 2.3294166369781847e-16 -0.30901699437494773
vn -0.8910065241883681 -0.0 -0.45399049973954625
vn -0.8899332678085061 -0.04371961795247955 -0.45399049973954625
vn -0.8867160842375453 -0.08733391151592532 -0.45399049973954625
vn -0.8813627239525003 -0.130737810036982 -0.45399049973954625
vn -0.8738860836671963 -0.1738267497223799 -0.45399049973954625
vn -0.8643041752629574 -0.2164969255422715 -0.45399049973954625
vn -0.8526400823964054 -0.2586455413056407 -0.45399049973954625
vn -0.8389219048889097 -0.3001710573053309 -0.45399049973954625
vn -0.8231826910316561 -0.3409734349360931 -0.45399049973954625
vn -0.8054603579694191 -0.3809543776963486 -0.45399049973954625
vn -0.7857976003548388 -0.42001756799307105 -0.45399049973954625
vn -0.7642417874932629 -0.4580688991793042 -0.45399049973954625
vn -0.7408448492259408 -0.49501670226531747 -0.45399049973954625
vn -0.7156631508264887 -0.5307719667572314 -0.45399049973954625
vn -0.6887573572120069 -0.5652485550910935 -0.45399049973954625
vn -0.6601922867959821 -0.5983634101458151 -0.45399049973954625
vn -0.6300367553350508 -0.6300367553350507 -0.45399049973954625
vn -0.5983634101458151 -0.660192286795982 -0.45399049973954625
vn -0.5652485550910935 -0.6887573572120069 -0.45399049973954625
vn -0.5307719667572315 -0.7156631508264886 -0.45399049973954625
vn -0.4950167022653176 -0.7408448492259408 -0.45399049973954625
vn -0.4580688991793042 -0.7642417874932629 -0.45399049973954625
vn -0.4200175679930712 -0.7857976003548387 -0.45399049973954625
vn -0.3809543776963487 -0.8054603579694191 -0.45399049973954625
vn -0.34097343493609317 -0.8231826910316561 -0.45399049973954625
vn -0.3001710573053309 -0.8389219048889097 -0.45399049973954625
vn -0.2586455413056407 -0.8526400823964054 -0.45399049973954625
vn -0.21649692554227162 -0.8643041752629574 -0.45399049973954625
vn -0.17382674972237996 -0.8738860836671963 -0.45399049973954625
vn -0.130737810036982 -0.8813627239525003 -0.45399049973954625
vn -0.08733391151592546 -0.8867160842375452 -0.45399049973954625
vn -0.043719617952479646 -0.8899332678085061 -0.45399049973954625
vn -5.455841439333469e-17 -0.8910065241883681 -0.45399049973954625
vn 0.04371961795247954 -0.8899332678085061 -0.45399049973954625
vn 0.08733391151592534 -0.8867160842375453 -0.45399049973954625
vn 0.1307378100369819 -0.8813627239525003 -0.45399049973954625
vn 0.17382674972237985 -0.8738860836671963 -0.45399049973954625
vn 0.2164969255422715 -0.8643041752629574 -0.45399049973954625
vn 0.2586455413056406 -0.8526400823964055 -0.45399049973954625
vn 0.3001710573053308 -0.8389219048889097 -0.45399049973954625
vn 0.34097343493609306 -0.8231826910316561 -0.45399049973954625
vn 0.38095437769634843 -0.8054603579694192 -0.45399049973954625
vn 0.4200175679930711 -0.7857976003548388 -0.45399049973954625
vn 0.4580688991793042 -0.7642417874932629 -0.45399049973954625
vn 0.4950167022653173 -0.740844849225941 -0.45399049973954625
vn 0.5307719667572314 -0.7156631508264887 -0.45399049973954625
vn 0.5652485550910934 -0.688757357212007 -0.45399049973954625
vn 0.5983634101458152 -0.660192286795982 -0.45399049973954625
vn 0.6300367553350507 -0.6300367553350508 -0.45399049973954625
vn 0.6601922867959817 -0.5983634101458153 -0.45399049973954625
vn 0.6887573572120069 -0.5652485550910935 -0.45399049973954625
vn 0.7156631508264886 -0.5307719667572315 -0.45399049973954625
vn 0.740844849225941 -0.49501670226531747 -0.45399049973954625
vn 0.7642417874932628 -0.45806889917930427 -0.45399049973954625
vn 0.7857976003548387 -0.4200175679930713 -0.45399049973954625
vn 0.8054603579694191 -0.3809543776963486 -0.45399049973954625
vn 0.8231826910316561 -0.3409734349360932 -0.45399049973954625
vn 0.8389219048889096 -0.30017105730533117 -0.45399049973954625
vn 0.8526400823964054 -0.25864554130564077 -0.45399049973954625
vn 0.8643041752629574 -0.21649692554227168 -0.45399049973954625
vn 0.8738860836671963 -0.1738267497223802 -0.45399049973954625
vn 0.8813627239525003 -0.13073781003698207 -0.45399049973954625
vn 0.8867160842375452 -0.08733391151592551 -0.45399049973954625
vn 0.8899332678085061 -0.04371961795247951 -0.45399049973954625
vn 0.8910065241883681 -1.0911682878666938e-16 -0.45399049973954625
vn 0.8899332678085061 0.04371961795247929 -0.45399049973954625
vn 0.8867160842375453 0.0873339115159253 -0.45399049973954625
vn 0.8813627239525003 0.13073781003698187 -0.45399049973954625
vn 0.8738860836671963 0.17382674972238 -0.45399049973954625
vn 0.8643041752629574 0.21649692554227146 -0.45399049973954625
vn 0.8526400823964055 0.25864554130564055 -0.45399049973954625
vn 0.8389219048889097 0.3001710573053309 -0.45399049973954625
vn 0.8231826910316561 0.340973434936093 -0.45399049973954625
vn 0.8054603579694192 0.3809543776963484 -0.45399049973954625
vn 0.7857976003548388 0.42001756799307105 -0.45399049973954625
vn 0.7642417874932629 0.4580688991793041 -0.45399049973954625
vn 0.7408448492259411 0.4950167022653173 -0.45399049973954625
vn 0.7156631508264887 0.5307719667572313 -0.45399049973954625
vn 0.688757357212007 0.5652485550910933 -0.45399049973954625
vn 0.660192286795982 0.5983634101458152 -0.45399049973954625
vn 0.6300367553350508 0.6300367553350507 -0.45399049973954625
vn 0.5983634101458154 0.6601922867959817 -0.45399049973954625
vn 0.5652485550910937 0.6887573572120066 -0.45399049973954625
vn 0.5307719667572312 0.7156631508264888 -0.45399049973954625
vn 0.49501670226531747 0.7408448492259408 -0.45399049973954625
vn 0.45806889917930427 0.7642417874932628 -0.45399049973954625
vn 0.42001756799307133 0.7857976003548387 -0.45399049973954625
vn 0.380954377696349 0.805460357969419 -0.45399049973954625
vn 0.3409734349360936 0.8231826910316559 -0.45399049973954625
vn 0.3001710573053308 0.8389219048889097 -0.45399049973954625
vn 0.2586455413056408 0.8526400823964054 -0.45399049973954625
vn 0.21649692554227173 0.8643041752629574 -0.45399049973954625
vn 0.17382674972238027 0.8738860836671962 -0.45399049973954625
vn 0.1307378100369825 0.8813627239525001 -0.45399049973954625
vn 0.08733391151592518 0.8867160842375453 -0.45399049973954625
vn 0.04371961795247956 0.8899332678085061 -0.45399049973954625
vn 1.6367524318000406e-16 0.8910065241883681 -0.45399049973954625
vn -0.04371961795247924 0.8899332678085061 -0.45399049973954625
vn -0.08733391151592486 0.8867160842375453 -0.45399049973954625
vn -0.13073781003698218 0.8813627239525001 -0.45399049973954625
vn -0.17382674972237994 0.8738860836671963 -0.45399049973954625
vn -0.21649692554227143 0.8643041752629574 -0.45399049973954625
vn -0.2586455413056405 0.8526400823964055 -0.45399049973954625
vn -0.3001710573053305 0.8389219048889098 -0.45399049973954625
vn -0.3409734349360933 0.823182691031656 -0.45399049973954625
vn -0.38095437769634866 0.8054603579694191 -0.45399049973954625
vn -0.420017567993071 0.7857976003548388 -0.45399049973954625
vn -0.4580688991793041 0.7642417874932629 -0.45399049973954625
vn -0.4950167022653172 0.7408448492259411 -0.45399049973954625
vn -0.530771966757231 0.715663150826489 -0.45399049973954625
vn -0.5652485550910936 0.6887573572120068 -0.45399049973954625
vn -0.5983634101458152 0.660192286795982 -0.45399049973954625
vn -0.6300367553350505 0.6300367553350508 -0.45399049973954625
vn -0.6601922867959816 0.5983634101458154 -0.45399049973954625
vn -0.6887573572120066 0.5652485550910938 -0.45399049973954625
vn -0.7156631508264888 0.5307719667572313 -0.45399049973954625
vn -0.7408448492259408 0.49501670226531747 -0.45399049973954625
vn -0.7642417874932628 0.4580688991793044 -0.45399049973954625
vn -0.7857976003548386 0.4200175679930714 -0.45399049973954625
vn -0.805460357969419 0.38095437769634904 -0.45399049973954625
vn -0.8231826910316559 0.34097343493609367 -0.45399049973954625
vn -0.8389219048889097 0.30017105730533084 -0.45399049973954625
vn -0.8526400823964054 0.2586455413056409 -0.45399049973954625
vn -0.8643041752629574 0.2164969255422718 -0.45399049973954625
vn -0.8738860836671962 0.17382674972238032 -0.45399049973954625
vn -0.8813627239525001 0.13073781003698257 -0.45399049973954625
vn -0.8867160842375453 0.08733391151592522 -0.45399049973954625
vn -0.8899332678085061 0.04371961795247962 -0.45399049973954625
vn -0.8910065241883681 2.1823365757333875e-16 -0.45399049973954625
vn -0.8090169943749475 -0.0 -0.587785252292473
vn -0.808042497974463 -0.039696582405336495 -0.587785252292473
vn -0.8051213564201943 -0.07929753226664857 -0.587785252292473
vn -0.8002606069980074 -0.11870744742708676 -0.587785252292473
vn -0.7934719596790115 -0.1578313859491287 -0.587785252292473
vn -0.7847717689092136 -0.19657509483802255 -0.587785252292473
vn -0.7741809942102247 -0.23484523710550678 -0.587785252292473
vn -0.7617251496859371 -0.27254961662679056 -0.587785252292473
vn -0.7474342425568128 -0.30959740024909344 -0.587785252292473
vn -0.7313427008698615 -0.34589933661666666 -0.587785252292473
vn -0.7134892905584597 -0.3813679711851267 -0.587785252292473
vn -0.6939170220518216 -0.41591785690711264 -0.587785252292473
vn -0.672673046659108 -0.44946576008170774 -0.587785252292473
vn -0.6498085429777923 -0.48193086087171505 -0.587785252292473
vn -0.625378593599937 -0.5132349480057244 -0.587785252292473
vn -0.599442052413404 -0.5433026071959158 -0.587785252292473
vn -0.5720614028176844 -0.5720614028176843 -0.587785252292473
vn -0.5433026071959158 -0.599442052413404 -0.587785252292473
vn -0.5132349480057244 -0.625378593599937 -0.587785252292473
vn -0.48193086087171516 -0.6498085429777922 -0.587785252292473
vn -0.44946576008170785 -0.672673046659108 -0.587785252292473
vn -0.41591785690711264 -0.6939170220518216 -0.587785252292473
vn -0.38136797118512683 -0.7134892905584597 -0.587785252292473
vn -0.3458993366166667 -0.7313427008698615 -0.587785252292473
vn -0.3095974002490935 -0.7474342425568128 -0.587785252292473
vn -0.27254961662679056 -0.7617251496859371 -0.587785252292473
vn -0.23484523710550678 -0.7741809942102247 -0.587785252292473
vn -0.19657509483802263 -0.7847717689092136 -0.587785252292473
vn -0.1578313859491288 -0.7934719596790115 -0.587785252292473
vn -0.11870744742708676 -0.8002606069980074 -0.587785252292473
vn -0.07929753226664871 -0.8051213564201942 -0.587785252292473
vn -0.039696582405336585 -0.808042497974463 -0.587785252292473
vn -4.953800363085458e-17 -0.8090169943749475 -0.587785252292473
vn 0.03969658240533649 -0.808042497974463 -0.587785252292473
vn 0.0792975322666486 -0.8051213564201943 -0.587785252292473
vn 0.11870744742708668 -0.8002606069980074 -0.587785252292473
vn 0.15783138594912866 -0.7934719596790115 -0.587785252292473
vn 0.19657509483802255 -0.7847717689092136 -0.587785252292473
vn 0.23484523710550664 -0.7741809942102248 -0.587785252292473
vn 0.27254961662679045 -0.7617251496859371 -0.587785252292473
vn 0.3095974002490934 -0.7474342425568128 -0.587785252292473
vn 0.3458993366166665 -0.7313427008698615 -0.587785252292473
vn 0.3813679711851268 -0.7134892905584597 -0.587785252292473
vn 0.41591785690711264 -0.6939170220518216 -0.587785252292473
vn 0.4494657600817076 -0.6726730466591081 -0.587785252292473
vn 0.48193086087171505 -0.6498085429777923 -0.587785252292473
vn 0.5132349480057243 -0.6253785935999371 -0.587785252292473
vn 0.5433026071959159 -0.599442052413404 -0.587785252292473
vn 0.5720614028176843 -0.5720614028176844 -0.587785252292473
vn 0.5994420524134038 -0.5433026071959159 -0.587785252292473
vn 0.625378593599937 -0.5132349480057244 -0.587785252292473
vn 0.6498085429777922 -0.48193086087171516 -0.587785252292473
vn 0.6726730466591081 -0.44946576008170774 -0.587785252292473
vn 0.6939170220518216 -0.41591785690711275 -0.587785252292473
vn 0.7134892905584597 -0.3813679711851269 -0.587785252292473
vn 0.7313427008698615 -0.3458993366166666 -0.587785252292473
vn 0.7474342425568128 -0.3095974002490935 -0.587785252292473
vn 0.761725149685937 -0.2725496166267908 -0.587785252292473
vn 0.7741809942102247 -0.23484523710550684 -0.587785252292473
vn 0.7847717689092136 -0.1965750948380227 -0.587785252292473
vn 0.7934719596790115 -0.15783138594912902 -0.587785252292473
vn 0.8002606069980074 -0.1187074474270868 -0.587785252292473
vn 0.8051213564201942 -0.07929753226664875 -0.587785252292473
vn 0.808042497974463 -0.03969658240533645 -0.587785252292473
vn 0.8090169943749475 -9.907600726170916e-17 -0.587785252292473
vn 0.808042497974463 0.03969658240533626 -0.587785252292473
vn 0.8051213564201943 0.07929753226664855 -0.587785252292473
vn 0.8002606069980074 0.11870744742708664 -0.587785252292473
vn 0.7934719596790115 0.1578313859491288 -0.587785252292473
vn 0.7847717689092136 0.1965750948380225 -0.587785252292473
vn 0.7741809942102248 0.23484523710550662 -0.587785252292473
vn 0.7617251496859371 0.27254961662679056 -0.587785252292473
vn 0.7474342425568128 0.3095974002490933 -0.587785252292473
vn 0.7313427008698615 0.34589933661666644 -0.587785252292473
vn 0.7134892905584597 0.3813679711851267 -0.587785252292473
vn 0.6939170220518217 0.4159178569071126 -0.587785252292473
vn 0.6726730466591082 0.4494657600817076 -0.587785252292473
vn 0.6498085429777923 0.481930860871715 -0.587785252292473
vn 0.6253785935999371 0.5132349480057242 -0.587785252292473
vn 0.599442052413404 0.5433026071959159 -0.587785252292473
vn 0.5720614028176845 0.5720614028176843 -0.587785252292473
vn 0.543302607195916 0.5994420524134038 -0.587785252292473
vn 0.5132349480057247 0.6253785935999367 -0.587785252292473
vn 0.4819308608717149 0.6498085429777924 -0.587785252292473
vn 0.44946576008170774 0.672673046659108 -0.587785252292473
vn 0.41591785690711275 0.6939170220518216 -0.587785252292473
vn 0.38136797118512694 0.7134892905584597 -0.587785252292473
vn 0.34589933661666694 0.7313427008698613 -0.587785252292473
vn 0.3095974002490939 0.7474342425568126 -0.587785252292473
vn 0.27254961662679045 0.7617251496859371 -0.587785252292473
vn 0.23484523710550687 0.7741809942102247 -0.587785252292473
vn 0.19657509483802274 0.7847717689092136 -0.587785252292473
vn 0.15783138594912904 0.7934719596790114 -0.587785252292473
vn 0.11870744742708722 0.8002606069980073 -0.587785252292473
vn 0.07929753226664844 0.8051213564201943 -0.587785252292473
vn 0.0396965824053365 0.808042497974463 -0.587785252292473
vn 1.4861401089256373e-16 0.8090169943749475 -0.587785252292473
vn -0.03969658240533621 0.808042497974463 -0.587785252292473
vn -0.07929753226664815 0.8051213564201943 -0.587785252292473
vn -0.11870744742708693 0.8002606069980073 -0.587785252292473
vn -0.15783138594912877 0.7934719596790115 -0.587785252292473
vn -0.19657509483802246 0.7847717689092136 -0.587785252292473
vn -0.23484523710550656 0.7741809942102248 -0.587785252292473
vn -0.2725496166267902 0.7617251496859372 -0.587785252292473
vn -0.3095974002490936 0.7474342425568127 -0.587785252292473
vn -0.3458993366166667 0.7313427008698615 -0.587785252292473
vn -0.38136797118512666 0.7134892905584597 -0.587785252292473
vn -0.4159178569071126 0.6939170220518217 -0.587785252292473
vn -0.44946576008170747 0.6726730466591082 -0.587785252292473
vn -0.4819308608717147 0.6498085429777927 -0.587785252292473
vn -0.5132349480057246 0.6253785935999369 -0.587785252292473
vn -0.5433026071959159 0.599442052413404 -0.587785252292473
vn -0.5720614028176841 0.5720614028176845 -0.587785252292473
vn -0.5994420524134036 0.543302607195916 -0.587785252292473
vn -0.6253785935999367 0.5132349480057248 -0.587785252292473
vn -0.6498085429777924 0.481930860871715 -0.587785252292473
vn -0.672673046659108 0.44946576008170774 -0.587785252292473
vn -0.6939170220518216 0.41591785690711286 -0.587785252292473
vn -0.7134892905584596 0.381367971185127 -0.587785252292473
vn -0.7313427008698613 0.345899336616667 -0.587785252292473
vn -0.7474342425568126 0.30959740024909393 -0.587785252292473
vn -0.7617251496859371 0.2725496166267905 -0.587785252292473
vn -0.7741809942102247 0.23484523710550692 -0.587785252292473
vn -0.7847717689092136 0.1965750948380228 -0.587785252292473
vn -0.7934719596790114 0.1578313859491291 -0.587785252292473
vn -0.8002606069980073 0.11870744742708728 -0.587785252292473
vn -0.8051213564201943 0.07929753226664848 -0.587785252292473
vn -0.808042497974463 0.03969658240533656 -0.587785252292473
vn -0.8090169943749475 1.9815201452341832e-16 -0.587785252292473
vn -0.7071067811865477 -0.0 -0.7071067811865475
vn -0.7062550401009889 -0.03469608525397035 -0.7071067811865475
vn -0.7037018687631914 -0.06930858459954575 -0.7071067811865475
vn -0.6994534179865393 -0.1037541134941058 -0.7071067811865475
vn -0.6935199226610739 -0.13794968964147153 -0.7071067811865475
vn -0.6859156770967471 -0.1718129329035252 -0.7071067811865475
vn -0.6766590005871764 -0.2052622637611787 -0.7071067811865475
vn -0.6657721932768629 -0.23821709984658068 -0.7071067811865475
vn -0.6532814824381884 -0.27059805007309856 -0.7071067811865475
vn -0.6392169592876206 -0.3023271058954004 -0.7071067811865475
vn -0.6236125064933358 -0.33332782923887333 -0.7071067811865475
vn -0.6065057165489041 -0.3635255366456401 -0.7071067811865475
vn -0.5879378012096795 -0.3928474791935511 -0.7071067811865475
vn -0.5679534922100715 -0.4212230177547097 -0.7071067811865475
vn -0.5466009335008789 -0.44858379317131825 -0.7071067811865475
vn -0.5239315652662954 -0.47486389093887726 -0.7071067811865475
vn -0.5000000000000001 -0.5000000000000001 -0.7071067811865475
vn -0.47486389093887726 -0.5239315652662954 -0.7071067811865475
vn -0.44858379317131825 -0.5466009335008789 -0.7071067811865475
vn -0.42122301775470977 -0.5679534922100714 -0.7071067811865475
vn -0.39284747919355123 -0.5879378012096795 -0.7071067811865475
vn -0.3635255366456401 -0.6065057165489041 -0.7071067811865475
vn -0.33332782923887344 -0.6236125064933357 -0.7071067811865475
vn -0.3023271058954005 -0.6392169592876206 -0.7071067811865475
vn -0.2705980500730986 -0.6532814824381884 -0.7071067811865475
vn -0.23821709984658068 -0.6657721932768629 -0.7071067811865475
vn -0.2052622637611787 -0.6766590005871764 -0.7071067811865475
vn -0.17181293290352528 -0.6859156770967471 -0.7071067811865475
vn -0.13794968964147158 -0.6935199226610739 -0.7071067811865475
vn -0.1037541134941058 -0.6994534179865393 -0.7071067811865475
vn -0.06930858459954586 -0.7037018687631913 -0.7071067811865475
vn -0.03469608525397043 -0.7062550401009889 -0.7071067811865475
vn -4.3297802811774677e-17 -0.7071067811865477 -0.7071067811865475
vn 0.034696085253970346 -0.7062550401009889 -0.7071067811865475
vn 0.06930858459954578 -0.7037018687631914 -0.7071067811865475
vn 0.10375411349410572 -0.6994534179865393 -0.7071067811865475
vn 0.13794968964147147 -0.6935199226610739 -0.7071067811865475
vn 0.1718129329035252 -0.6859156770967471 -0.7071067811865475
vn 0.2052622637611786 -0.6766590005871765 -0.7071067811865475
vn 0.2382170998465806 -0.6657721932768629 -0.7071067811865475
vn 0.2705980500730985 -0.6532814824381884 -0.7071067811865475
vn 0.3023271058954003 -0.6392169592876207 -0.7071067811865475
vn 0.3333278292388734 -0.6236125064933358 -0.7071067811865475
vn 0.3635255366456401 -0.6065057165489041 -0.7071067811865475
vn 0.392847479193551 -0.5879378012096795 -0.7071067811865475
vn 0.4212230177547097 -0.5679534922100715 -0.7071067811865475
vn 0.44858379317131813 -0.546600933500879 -0.7071067811865475
vn 0.4748638909388773 -0.5239315652662954 -0.7071067811865475
vn 0.5000000000000001 -0.5000000000000001 -0.7071067811865475
vn 0.5239315652662951 -0.47486389093887743 -0.7071067811865475
vn 0.5466009335008789 -0.44858379317131825 -0.7071067811865475
vn 0.5679534922100714 -0.42122301775470977 -0.7071067811865475
vn 0.5879378012096795 -0.3928474791935511 -0.7071067811865475
vn 0.6065057165489041 -0.3635255366456402 -0.7071067811865475
vn 0.6236125064933357 -0.3333278292388735 -0.7071067811865475
vn 0.6392169592876206 -0.3023271058954004 -0.7071067811865475
vn 0.6532814824381884 -0.2705980500730986 -0.7071067811865475
vn 0.6657721932768628 -0.23821709984658088 -0.7071067811865475
vn 0.6766590005871764 -0.20526226376117876 -0.7071067811865475
vn 0.6859156770967471 -0.17181293290352534 -0.7071067811865475
vn 0.6935199226610739 -0.13794968964147178 -0.7071067811865475
vn 0.6994534179865393 -0.10375411349410585 -0.7071067811865475
vn 0.7037018687631913 -0.0693085845995459 -0.7071067811865475
vn 0.7062550401009889 -0.03469608525397032 -0.7071067811865475
vn 0.7071067811865477 -8.659560562354935e-17 -0.7071067811865475
vn 0.7062550401009889 0.034696085253970145 -0.7071067811865475
vn 0.7037018687631914 0.06930858459954574 -0.7071067811865475
vn 0.6994534179865393 0.10375411349410568 -0.7071067811865475
vn 0.6935199226610739 0.1379496896414716 -0.7071067811865475
vn 0.6859156770967471 0.17181293290352515 -0.7071067811865475
vn 0.6766590005871765 0.20526226376117856 -0.7071067811865475
vn 0.6657721932768629 0.23821709984658068 -0.7071067811865475
vn 0.6532814824381885 0.2705980500730985 -0.7071067811865475
vn 0.6392169592876207 0.30232710589540024 -0.7071067811865475
vn 0.6236125064933358 0.33332782923887333 -0.7071067811865475
vn 0.6065057165489042 0.36352553664564 -0.7071067811865475
vn 0.5879378012096796 0.392847479193551 -0.7071067811865475
vn 0.5679534922100715 0.42122301775470966 -0.7071067811865475
vn 0.546600933500879 0.4485837931713181 -0.7071067811865475
vn 0.5239315652662954 0.4748638909388773 -0.7071067811865475
vn 0.5000000000000002 0.5000000000000001 -0.7071067811865475
vn 0.4748638909388775 0.5239315652662951 -0.7071067811865475
vn 0.44858379317131847 0.5466009335008787 -0.7071067811865475
vn 0.42122301775470955 0.5679534922100716 -0.7071067811865475
vn 0.3928474791935511 0.5879378012096795 -0.7071067811865475
vn 0.3635255366456402 0.6065057165489041 -0.7071067811865475
vn 0.3333278292388735 0.6236125064933357 -0.7071067811865475
vn 0.3023271058954007 0.6392169592876205 -0.7071067811865475
vn 0.27059805007309895 0.6532814824381883 -0.7071067811865475
vn 0.2382170998465806 0.6657721932768629 -0.7071067811865475
vn 0.2052622637611788 0.6766590005871764 -0.7071067811865475
vn 0.17181293290352537 0.6859156770967471 -0.7071067811865475
vn 0.1379496896414718 0.6935199226610738 -0.7071067811865475
vn 0.1037541134941062 0.6994534179865393 -0.7071067811865475
vn 0.06930858459954564 0.7037018687631914 -0.7071067811865475
vn 0.03469608525397036 0.7062550401009889 -0.7071067811865475
vn 1.29893408435324e-16 0.7071067811865477 -0.7071067811865475
vn -0.0346960852539701 0.7062550401009889 -0.7071067811865475
vn -0.06930858459954538 0.7037018687631914 -0.7071067811865475
vn -0.10375411349410595 0.6994534179865393 -0.7071067811865475
vn -0.13794968964147156 0.6935199226610739 -0.7071067811865475
vn -0.17181293290352512 0.6859156770967471 -0.7071067811865475
vn -0.2052622637611785 0.6766590005871765 -0.7071067811865475
vn -0.23821709984658035 0.665772193276863 -0.7071067811865475
vn -0.27059805007309873 0.6532814824381883 -0.7071067811865475
vn -0.30232710589540046 0.6392169592876206 -0.7071067811865475
vn -0.3333278292388733 0.6236125064933358 -0.7071067811865475
vn -0.36352553664564 0.6065057165489042 -0.7071067811865475
vn -0.3928474791935509 0.5879378012096796 -0.7071067811865475
vn -0.4212230177547094 0.5679534922100717 -0.7071067811865475
vn -0.4485837931713183 0.5466009335008788 -0.7071067811865475
vn -0.4748638909388773 0.5239315652662954 -0.7071067811865475
vn -0.5 0.5000000000000002 -0.7071067811865475
vn -0.5239315652662951 0.4748638909388775 -0.7071067811865475
vn -0.5466009335008787 0.4485837931713185 -0.7071067811865475
vn -0.5679534922100716 0.42122301775470966 -0.7071067811865475
vn -0.5879378012096795 0.3928474791935511 -0.7071067811865475
vn -0.6065057165489041 0.36352553664564025 -0.7071067811865475
vn -0.6236125064933357 0.33332782923887355 -0.7071067811865475
vn -0.6392169592876205 0.30232710589540074 -0.7071067811865475
vn -0.6532814824381883 0.270598050073099 -0.7071067811865475
vn -0.6657721932768629 0.23821709984658063 -0.7071067811865475
vn -0.6766590005871764 0.20526226376117884 -0.7071067811865475
vn -0.6859156770967471 0.17181293290352542 -0.7071067811865475
vn -0.6935199226610738 0.13794968964147186 -0.7071067811865475
vn -0.6994534179865393 0.10375411349410625 -0.7071067811865475
vn -0.7037018687631914 0.06930858459954568 -0.7071067811865475
vn -0.7062550401009889 0.03469608525397041 -0.7071067811865475
vn -0.7071067811865477 1.731912112470987e-16 -0.7071067811865475
vn -0.5877852522924732 -0.0 -0.8090169943749473
vn -0.5870772392141331 -0.02884125533394631 -0.8090169943749473
vn -0.5849549056446333 -0.057613029557597534 -0.8090169943749473
vn -0.5814233644714369 -0.0862460089467391 -0.8090169943749473
vn -0.576491123486557 -0.11467121414606979 -0.8090169943749473
vn -0.570170064890539 -0.14282016634651049 -0.8090169943749473
vn -0.5624754166672005 -0.1706250522566533 -0.8090169943749473
vn -0.5534257158980828 -0.1980188874709204 -0.8090169943749473
vn -0.543042764104999 -0.2249356778408639 -0.8090169943749473
vn -0.5313515747282577 -0.2513105784608503 -0.8090169943749473
vn -0.5183803128670949 -0.27708004988511764 -0.8090169943749473
vn -0.5041602274274823 -0.30218201119986565 -0.8090169943749473
vn -0.48872557584077647 -0.326555989581615 -0.8090169943749473
vn -0.47211354153456553 -0.3501432659815358 -0.8090169943749473
vn -0.4543641443545355 -0.372887016584779 -0.8090169943749473
vn -0.43552014415315665 -0.3947324497040243 -0.8090169943749473
vn -0.4156269377774535 -0.41562693777745346 -0.8090169943749473
vn -0.3947324497040243 -0.4355201441531566 -0.8090169943749473
vn -0.372887016584779 -0.4543641443545355 -0.8090169943749473
vn -0.35014326598153583 -0.4721135415345655 -0.8090169943749473
vn -0.3265559895816151 -0.48872557584077647 -0.8090169943749473
vn -0.30218201119986565 -0.5041602274274823 -0.8090169943749473
vn -0.27708004988511775 -0.5183803128670949 -0.8090169943749473
vn -0.25131057846085036 -0.5313515747282577 -0.8090169943749473
vn -0.22493567784086396 -0.543042764104999 -0.8090169943749473
vn -0.1980188874709204 -0.5534257158980828 -0.8090169943749473
vn -0.1706250522566533 -0.5624754166672005 -0.8090169943749473
vn -0.14282016634651057 -0.570170064890539 -0.8090169943749473
vn -0.11467121414606984 -0.576491123486557 -0.8090169943749473
vn -0.0862460089467391 -0.5814233644714369 -0.8090169943749473
vn -0.05761302955759763 -0.5849549056446333 -0.8090169943749473
vn -0.028841255333946377 -0.5870772392141331 -0.8090169943749473
vn -3.599146639029984e-17 -0.5877852522924732 -0.8090169943749473
vn 0.028841255333946308 -0.5870772392141331 -0.8090169943749473
vn 0.05761302955759756 -0.5849549056446333 -0.8090169943749473
vn 0.08624600894673905 -0.5814233644714369 -0.8090169943749473
vn 0.11467121414606976 -0.576491123486557 -0.8090169943749473
vn 0.14282016634651049 -0.570170064890539 -0.8090169943749473
vn 0.17062505225665323 -0.5624754166672005 -0.8090169943749473
vn 0.19801888747092034 -0.5534257158980828 -0.8090169943749473
vn 0.22493567784086388 -0.543042764104999 -0.8090169943749473
vn 0.2513105784608502 -0.5313515747282578 -0.8090169943749473
vn 0.2770800498851177 -0.5183803128670949 -0.8090169943749473
vn 0.30218201119986565 -0.5041602274274823 -0.8090169943749473
vn 0.3265559895816149 -0.4887255758407765 -0.8090169943749473
vn 0.3501432659815358 -0.47211354153456553 -0.8090169943749473
vn 0.37288701658477896 -0.45436414435453554 -0.8090169943749473
vn 0.3947324497040244 -0.4355201441531566 -0.8090169943749473
vn 0.41562693777745346 -0.4156269377774535 -0.8090169943749473
vn 0.4355201441531565 -0.39473244970402444 -0.8090169943749473
vn 0.4543641443545355 -0.372887016584779 -0.8090169943749473
vn 0.4721135415345655 -0.35014326598153583 -0.8090169943749473
vn 0.4887255758407765 -0.326555989581615 -0.8090169943749473
vn 0.5041602274274822 -0.3021820111998657 -0.8090169943749473
vn 0.5183803128670949 -0.27708004988511775 -0.8090169943749473
vn 0.5313515747282577 -0.2513105784608503 -0.8090169943749473
vn 0.543042764104999 -0.224935677840864 -0.8090169943749473
vn 0.5534257158980826 -0.19801888747092056 -0.8090169943749473
vn 0.5624754166672005 -0.17062505225665334 -0.8090169943749473
vn 0.570170064890539 -0.1428201663465106 -0.8090169943749473
vn 0.576491123486557 -0.11467121414607 -0.8090169943749473
vn 0.5814233644714369 -0.08624600894673914 -0.8090169943749473
vn 0.5849549056446333 -0.057613029557597666 -0.8090169943749473
vn 0.5870772392141331 -0.028841255333946283 -0.8090169943749473
vn 0.5877852522924732 -7.198293278059968e-17 -0.8090169943749473
vn 0.5870772392141331 0.028841255333946138 -0.8090169943749473
vn 0.5849549056446333 0.05761302955759753 -0.8090169943749473
vn 0.5814233644714369 0.086246008946739 -0.8090169943749473
vn 0.576491123486557 0.11467121414606986 -0.8090169943749473
vn 0.570170064890539 0.14282016634651046 -0.8090169943749473
vn 0.5624754166672005 0.17062505225665317 -0.8090169943749473
vn 0.5534257158980828 0.1980188874709204 -0.8090169943749473
vn 0.543042764104999 0.22493567784086385 -0.8090169943749473
vn 0.5313515747282578 0.25131057846085014 -0.8090169943749473
vn 0.5183803128670949 0.27708004988511764 -0.8090169943749473
vn 0.5041602274274825 0.30218201119986554 -0.8090169943749473
vn 0.4887255758407766 0.3265559895816149 -0.8090169943749473
vn 0.47211354153456553 0.3501432659815357 -0.8090169943749473
vn 0.45436414435453554 0.3728870165847789 -0.8090169943749473
vn 0.4355201441531566 0.3947324497040244 -0.8090169943749473
vn 0.41562693777745363 0.41562693777745346 -0.8090169943749473
vn 0.3947324497040245 0.4355201441531565 -0.8090169943749473
vn 0.37288701658477924 0.4543641443545353 -0.8090169943749473
vn 0.35014326598153567 0.4721135415345656 -0.8090169943749473
vn 0.326555989581615 0.48872557584077647 -0.8090169943749473
vn 0.3021820111998657 0.5041602274274822 -0.8090169943749473
vn 0.2770800498851178 0.5183803128670949 -0.8090169943749473
vn 0.25131057846085053 0.5313515747282576 -0.8090169943749473
vn 0.22493567784086424 0.5430427641049987 -0.8090169943749473
vn 0.19801888747092034 0.5534257158980828 -0.8090169943749473
vn 0.17062505225665336 0.5624754166672005 -0.8090169943749473
vn 0.14282016634651065 0.570170064890539 -0.8090169943749473
vn 0.11467121414607004 0.5764911234865568 -0.8090169943749473
vn 0.08624600894673944 0.5814233644714369 -0.8090169943749473
vn 0.057613029557597444 0.5849549056446333 -0.8090169943749473
vn 0.028841255333946318 0.5870772392141331 -0.8090169943749473
vn 1.0797439917089951e-16 0.5877852522924732 -0.8090169943749473
vn -0.028841255333946103 0.5870772392141331 -0.8090169943749473
vn -0.057613029557597235 0.5849549056446333 -0.8090169943749473
vn -0.08624600894673921 0.5814233644714369 -0.8090169943749473
vn -0.11467121414606982 0.576491123486557 -0.8090169943749473
vn -0.14282016634651043 0.570170064890539 -0.8090169943749473
vn -0.17062505225665314 0.5624754166672005 -0.8090169943749473
vn -0.1980188874709201 0.5534257158980829 -0.8090169943749473
vn -0.22493567784086405 0.5430427641049989 -0.8090169943749473
vn -0.25131057846085036 0.5313515747282577 -0.8090169943749473
vn -0.2770800498851176 0.5183803128670949 -0.8090169943749473
vn -0.30218201119986554 0.5041602274274825 -0.8090169943749473
vn -0.3265559895816148 0.4887255758407766 -0.8090169943749473
vn -0.3501432659815355 0.47211354153456575 -0.8090169943749473
vn -0.37288701658477913 0.4543641443545354 -0.8090169943749473
vn -0.3947324497040244 0.4355201441531566 -0.8090169943749473
vn -0.4156269377774534 0.41562693777745363 -0.8090169943749473
vn -0.43552014415315643 0.3947324497040245 -0.8090169943749473
vn -0.4543641443545353 0.3728870165847793 -0.8090169943749473
vn -0.4721135415345656 0.3501432659815357 -0.8090169943749473
vn -0.48872557584077647 0.326555989581615 -0.8090169943749473
vn -0.5041602274274822 0.30218201119986576 -0.8090169943749473
vn -0.5183803128670947 0.2770800498851178 -0.8090169943749473
vn -0.5313515747282576 0.2513105784608506 -0.8090169943749473
vn -0.5430427641049987 0.22493567784086427 -0.8090169943749473
vn -0.5534257158980828 0.19801888747092036 -0.8090169943749473
vn -0.5624754166672005 0.17062505225665342 -0.8090169943749473
vn -0.570170064890539 0.14282016634651068 -0.8090169943749473
vn -0.5764911234865568 0.11467121414607007 -0.8090169943749473
vn -0.5814233644714369 0.08624600894673948 -0.8090169943749473
vn -0.5849549056446333 0.05761302955759748 -0.8090169943749473
vn -0.5870772392141331 0.028841255333946356 -0.8090169943749473
vn -0.5877852522924732 1.4396586556119935e-16 -0.8090169943749473
vn -0.45399049973954697 -0.0 -0.8910065241883678
vn -0.45344364830017503 -0.022276257988961844 -0.8910065241883678
vn -0.45180441139507516 -0.04449885052125852 -0.8910065241883678
vn -0.4490767380895319 -0.06661424142501052 -0.8910065241883678
vn -0.4452671995874543 -0.08856915278645121 -0.8910065241883678
vn -0.44038497340077004 -0.1103106933010878 -0.8910065241883678
vn -0.43444182123999536 -0.13178648569348644 -0.8910065241883678
vn -0.4274520606792442 -0.15294479289871668 -0.8910065241883678
vn -0.4194325306639381 -0.17373464270147224 -0.8910065241883678
vn -0.41040255094431183 -0.19410595053260246 -0.8910065241883678
vn -0.4003838755324428 -0.21400964012722637 -0.8910065241883678
vn -0.38940064029493054 -0.23339776175375318 -0.8910065241883678
vn -0.3774793048074799 -0.2522236077289858 -0.8910065241883678
vn -0.36464858861146593 -0.27044182494102037 -0.8910065241883678
vn -0.35093940202604273 -0.28800852410886585 -0.8910065241883678
vn -0.33638477168247766 -0.3048813855155657 -0.8910065241883678
vn -0.3210197609601032 -0.32101976096010315 -0.8910065241883678
vn -0.3048813855155657 -0.3363847716824776 -0.8910065241883678
vn -0.28800852410886585 -0.35093940202604273 -0.8910065241883678
vn -0.2704418249410204 -0.3646485886114659 -0.8910065241883678
vn -0.2522236077289858 -0.3774793048074799 -0.8910065241883678
vn -0.23339776175375318 -0.38940064029493054 -0.8910065241883678
vn -0.21400964012722645 -0.40038387553244276 -0.8910065241883678
vn -0.19410595053260252 -0.41040255094431183 -0.8910065241883678
vn -0.17373464270147226 -0.4194325306639381 -0.8910065241883678
vn -0.15294479289871668 -0.4274520606792442 -0.8910065241883678
vn -0.13178648569348644 -0.43444182123999536 -0.8910065241883678
vn -0.11031069330108784 -0.44038497340077004 -0.8910065241883678
vn -0.08856915278645125 -0.4452671995874543 -0.8910065241883678
vn -0.06661424142501052 -0.4490767380895319 -0.8910065241883678
vn -0.0444988505212586 -0.4518044113950751 -0.8910065241883678
vn -0.022276257988961896 -0.45344364830017503 -0.8910065241883678
vn -2.779890061746718e-17 -0.45399049973954697 -0.8910065241883678
vn 0.02227625798896184 -0.45344364830017503 -0.8910065241883678
vn 0.04449885052125854 -0.45180441139507516 -0.8910065241883678
vn 0.06661424142501046 -0.4490767380895319 -0.8910065241883678
vn 0.08856915278645118 -0.4452671995874543 -0.8910065241883678
vn 0.1103106933010878 -0.44038497340077004 -0.8910065241883678
vn 0.1317864856934864 -0.4344418212399954 -0.8910065241883678
vn 0.15294479289871665 -0.4274520606792442 -0.8910065241883678
vn 0.1737346427014722 -0.4194325306639381 -0.8910065241883678
vn 0.19410595053260235 -0.4104025509443119 -0.8910065241883678
vn 0.2140096401272264 -0.4003838755324428 -0.8910065241883678
vn 0.23339776175375318 -0.38940064029493054 -0.8910065241883678
vn 0.25222360772898567 -0.37747930480747993 -0.8910065241883678
vn 0.27044182494102037 -0.36464858861146593 -0.8910065241883678
vn 0.2880085241088658 -0.3509394020260428 -0.8910065241883678
vn 0.30488138551556576 -0.3363847716824776 -0.8910065241883678
vn 0.32101976096010315 -0.3210197609601032 -0.8910065241883678
vn 0.3363847716824775 -0.3048813855155658 -0.8910065241883678
vn 0.35093940202604273 -0.28800852410886585 -0.8910065241883678
vn 0.3646485886114659 -0.2704418249410204 -0.8910065241883678
vn 0.37747930480747993 -0.2522236077289858 -0.8910065241883678
vn 0.3894006402949305 -0.23339776175375324 -0.8910065241883678
vn 0.40038387553244276 -0.21400964012722648 -0.8910065241883678
vn 0.41040255094431183 -0.19410595053260243 -0.8910065241883678
vn 0.4194325306639381 -0.1737346427014723 -0.8910065241883678
vn 0.42745206067924413 -0.15294479289871682 -0.8910065241883678
vn 0.43444182123999536 -0.13178648569348647 -0.8910065241883678
vn 0.44038497340077004 -0.11031069330108788 -0.8910065241883678
vn 0.4452671995874543 -0.08856915278645137 -0.8910065241883678
vn 0.4490767380895319 -0.06661424142501053 -0.8910065241883678
vn 0.4518044113950751 -0.044498850521258626 -0.8910065241883678
vn 0.45344364830017503 -0.022276257988961823 -0.8910065241883678
vn 0.45399049973954697 -5.559780123493435e-17 -0.8910065241883678
vn 0.45344364830017503 0.022276257988961712 -0.8910065241883678
vn 0.45180441139507516 0.044498850521258515 -0.8910065241883678
vn 0.4490767380895319 0.06661424142501043 -0.8910065241883678
vn 0.4452671995874543 0.08856915278645126 -0.8910065241883678
vn 0.44038497340077004 0.11031069330108777 -0.8910065241883678
vn 0.4344418212399954 0.13178648569348636 -0.8910065241883678
vn 0.4274520606792442 0.15294479289871668 -0.8910065241883678
vn 0.41943253066393815 0.17373464270147218 -0.8910065241883678
vn 0.4104025509443119 0.19410595053260232 -0.8910065241883678
vn 0.4003838755324428 0.21400964012722637 -0.8910065241883678
vn 0.3894006402949306 0.23339776175375312 -0.8910065241883678
vn 0.37747930480748 0.25222360772898567 -0.8910065241883678
vn 0.36464858861146593 0.2704418249410203 -0.8910065241883678
vn 0.3509394020260428 0.28800852410886574 -0.8910065241883678
vn 0.3363847716824776 0.30488138551556576 -0.8910065241883678
vn 0.32101976096010326 0.32101976096010315 -0.8910065241883678
vn 0.3048813855155659 0.3363847716824775 -0.8910065241883678
vn 0.288008524108866 0.35093940202604257 -0.8910065241883678
vn 0.27044182494102026 0.36464858861146593 -0.8910065241883678
vn 0.2522236077289858 0.3774793048074799 -0.8910065241883678
vn 0.23339776175375324 0.3894006402949305 -0.8910065241883678
vn 0.2140096401272265 0.40038387553244276 -0.8910065241883678
vn 0.19410595053260263 0.4104025509443118 -0.8910065241883678
vn 0.17373464270147249 0.419432530663938 -0.8910065241883678
vn 0.15294479289871665 0.4274520606792442 -0.8910065241883678
vn 0.1317864856934865 0.43444182123999536 -0.8910065241883678
vn 0.1103106933010879 0.44038497340077004 -0.8910065241883678
vn 0.08856915278645139 0.44526719958745425 -0.8910065241883678
vn 0.06661424142501077 0.44907673808953186 -0.8910065241883678
vn 0.04449885052125845 0.45180441139507516 -0.8910065241883678
vn 0.02227625798896185 0.45344364830017503 -0.8910065241883678
vn 8.339670185240151e-17 0.45399049973954697 -0.8910065241883678
vn -0.022276257988961684 0.45344364830017503 -0.8910065241883678
vn -0.044498850521258286 0.45180441139507516 -0.8910065241883678
vn -0.0666142414250106 0.44907673808953186 -0.8910065241883678
vn -0.08856915278645124 0.4452671995874543 -0.8910065241883678
vn -0.11031069330108774 0.44038497340077004 -0.8910065241883678
vn -0.13178648569348633 0.4344418212399954 -0.8910065241883678
vn -0.1529447928987165 0.42745206067924424 -0.8910065241883678
vn -0.17373464270147235 0.41943253066393804 -0.8910065241883678
vn -0.1941059505326025 0.41040255094431183 -0.8910065241883678
vn -0.21400964012722634 0.4003838755324428 -0.8910065241883678
vn -0.23339776175375312 0.3894006402949306 -0.8910065241883678
vn -0.2522236077289856 0.37747930480748 -0.8910065241883678
vn -0.2704418249410202 0.36464858861146604 -0.8910065241883678
vn -0.2880085241088659 0.3509394020260427 -0.8910065241883678
vn -0.30488138551556576 0.3363847716824776 -0.8910065241883678
vn -0.3210197609601031 0.32101976096010326 -0.8910065241883678
vn -0.33638477168247743 0.3048813855155659 -0.8910065241883678
vn -0.35093940202604257 0.28800852410886607 -0.8910065241883678
vn -0.36464858861146593 0.2704418249410203 -0.8910065241883678
vn -0.3774793048074799 0.2522236077289858 -0.8910065241883678
vn -0.3894006402949305 0.2333977617537533 -0.8910065241883678
vn -0.4003838755324427 0.21400964012722654 -0.8910065241883678
vn -0.4104025509443118 0.19410595053260266 -0.8910065241883678
vn -0.419432530663938 0.1737346427014725 -0.8910065241883678
vn -0.4274520606792442 0.15294479289871668 -0.8910065241883678
vn -0.43444182123999536 0.13178648569348653 -0.8910065241883678
vn -0.44038497340077004 0.11031069330108793 -0.8910065241883678
vn -0.44526719958745425 0.08856915278645142 -0.8910065241883678
vn -0.44907673808953186 0.0666142414250108 -0.8910065241883678
vn -0.45180441139507516 0.04449885052125848 -0.8910065241883678
vn -0.45344364830017503 0.02227625798896188 -0.8910065241883678
vn -0.45399049973954697 1.111956024698687e-16 -0.8910065241883678
vn -0.30901699437494756 -0.0 -0.9510565162951535
vn -0.30864476987187695 -0.015162745241627492 -0.9510565162951535
vn -0.307528993084096 -0.030288962101868273 -0.9510565162951535
vn -0.305672352015617 -0.04534221019940591 -0.9510565162951535
vn -0.3030793194773964 -0.060286224941064614 -0.9510565162951535
vn -0.29975614231194175 -0.07508500488639064 -0.9510565162951535
vn -0.2957108263441204 -0.08970289847827566 -0.9510565162951535
vn -0.2909531170944268 -0.10410468993068057 -0.9510565162951535
vn -0.2854944763011695 -0.11825568406654857 -0.9510565162951535
vn -0.2793480543081399 -0.13212178990152565 -0.9510565162951535
vn -0.27252865838428225 -0.14566960277212795 -0.9510565162951535
vn -0.2650527170516857 -0.1588664848105019 -0.9510565162951535
vn -0.2569382405078354 -0.1716806435719067 -0.9510565162951535
vn -0.24820477723746998 -0.18408120862549845 -0.9510565162951535
vn -0.23887336691856856 -0.19603830592390176 -0.9510565162951535
vn -0.2289664897359245 -0.20752312977240672 -0.9510565162951535
vn -0.21850801222441066 -0.2185080122244106 -0.9510565162951535
vn -0.20752312977240672 -0.22896648973592446 -0.9510565162951535
vn -0.19603830592390176 -0.23887336691856856 -0.9510565162951535
vn -0.18408120862549848 -0.24820477723746995 -0.9510565162951535
vn -0.17168064357190674 -0.2569382405078354 -0.9510565162951535
vn -0.1588664848105019 -0.2650527170516857 -0.9510565162951535
vn -0.145669602772128 -0.27252865838428225 -0.9510565162951535
vn -0.1321217899015257 -0.2793480543081399 -0.9510565162951535
vn -0.11825568406654859 -0.2854944763011695 -0.9510565162951535
vn -0.10410468993068057 -0.2909531170944268 -0.9510565162951535
vn -0.08970289847827566 -0.2957108263441204 -0.9510565162951535
vn -0.07508500488639067 -0.29975614231194175 -0.9510565162951535
vn -0.060286224941064635 -0.3030793194773964 -0.9510565162951535
vn -0.04534221019940591 -0.305672352015617 -0.9510565162951535
vn -0.030288962101868325 -0.307528993084096 -0.9510565162951535
vn -0.015162745241627525 -0.30864476987187695 -0.9510565162951535
vn -1.892183365217076e-17 -0.30901699437494756 -0.9510565162951535
vn 0.015162745241627489 -0.30864476987187695 -0.9510565162951535
vn 0.030288962101868287 -0.307528993084096 -0.9510565162951535
vn 0.045342210199405875 -0.305672352015617 -0.9510565162951535
vn 0.060286224941064594 -0.3030793194773964 -0.9510565162951535
vn 0.07508500488639064 -0.29975614231194175 -0.9510565162951535
vn 0.0897028984782756 -0.29571082634412044 -0.9510565162951535
vn 0.10410468993068053 -0.2909531170944268 -0.9510565162951535
vn 0.11825568406654856 -0.2854944763011695 -0.9510565162951535
vn 0.1321217899015256 -0.27934805430813997 -0.9510565162951535
vn 0.14566960277212795 -0.27252865838428225 -0.9510565162951535
vn 0.1588664848105019 -0.2650527170516857 -0.9510565162951535
vn 0.17168064357190665 -0.2569382405078355 -0.9510565162951535
vn 0.18408120862549845 -0.24820477723746998 -0.9510565162951535
vn 0.1960383059239017 -0.23887336691856859 -0.9510565162951535
vn 0.20752312977240675 -0.22896648973592446 -0.9510565162951535
vn 0.2185080122244106 -0.21850801222441066 -0.9510565162951535
vn 0.2289664897359244 -0.2075231297724068 -0.9510565162951535
vn 0.23887336691856856 -0.19603830592390176 -0.9510565162951535
vn 0.24820477723746995 -0.18408120862549848 -0.9510565162951535
vn 0.2569382405078355 -0.1716806435719067 -0.9510565162951535
vn 0.26505271705168565 -0.15886648481050192 -0.9510565162951535
vn 0.27252865838428225 -0.145669602772128 -0.9510565162951535
vn 0.2793480543081399 -0.13212178990152565 -0.9510565162951535
vn 0.2854944763011695 -0.11825568406654861 -0.9510565162951535
vn 0.2909531170944268 -0.10410468993068066 -0.9510565162951535
vn 0.2957108263441204 -0.08970289847827567 -0.9510565162951535
vn 0.29975614231194175 -0.0750850048863907 -0.9510565162951535
vn 0.3030793194773964 -0.060286224941064726 -0.9510565162951535
vn 0.305672352015617 -0.04534221019940592 -0.9510565162951535
vn 0.307528993084096 -0.030288962101868343 -0.9510565162951535
vn 0.30864476987187695 -0.015162745241627477 -0.9510565162951535
vn 0.30901699437494756 -3.784366730434152e-17 -0.9510565162951535
vn 0.30864476987187695 0.015162745241627402 -0.9510565162951535
vn 0.307528993084096 0.03028896210186827 -0.9510565162951535
vn 0.305672352015617 0.045342210199405854 -0.9510565162951535
vn 0.3030793194773964 0.06028622494106464 -0.9510565162951535
vn 0.29975614231194175 0.07508500488639062 -0.9510565162951535
vn 0.29571082634412044 0.08970289847827559 -0.9510565162951535
vn 0.2909531170944268 0.10410468993068057 -0.9510565162951535
vn 0.28549447630116953 0.11825568406654854 -0.9510565162951535
vn 0.27934805430813997 0.13212178990152557 -0.9510565162951535
vn 0.27252865838428225 0.14566960277212795 -0.9510565162951535
vn 0.2650527170516857 0.15886648481050186 -0.9510565162951535
vn 0.25693824050783554 0.17168064357190665 -0.9510565162951535
vn 0.24820477723746998 0.18408120862549843 -0.9510565162951535
vn 0.23887336691856859 0.19603830592390167 -0.9510565162951535
vn 0.22896648973592446 0.20752312977240675 -0.9510565162951535
vn 0.21850801222441069 0.2185080122244106 -0.9510565162951535
vn 0.20752312977240683 0.2289664897359244 -0.9510565162951535
vn 0.19603830592390184 0.23887336691856845 -0.9510565162951535
vn 0.18408120862549837 0.24820477723747 -0.9510565162951535
vn 0.1716806435719067 0.2569382405078354 -0.9510565162951535
vn 0.15886648481050192 0.26505271705168565 -0.9510565162951535
vn 0.14566960277212804 0.27252865838428225 -0.9510565162951535
vn 0.1321217899015258 0.27934805430813986 -0.9510565162951535
vn 0.11825568406654875 0.2854944763011694 -0.9510565162951535
vn 0.10410468993068053 0.2909531170944268 -0.9510565162951535
vn 0.08970289847827569 0.2957108263441204 -0.9510565162951535
vn 0.07508500488639072 0.29975614231194175 -0.9510565162951535
vn 0.06028622494106474 0.3030793194773964 -0.9510565162951535
vn 0.04534221019940608 0.305672352015617 -0.9510565162951535
vn 0.03028896210186823 0.307528993084096 -0.9510565162951535
vn 0.015162745241627496 0.30864476987187695 -0.9510565162951535
vn 5.676550095651227e-17 0.30901699437494756 -0.9510565162951535
vn -0.015162745241627383 0.30864476987187695 -0.9510565162951535
vn -0.030288962101868117 0.307528993084096 -0.9510565162951535
vn -0.045342210199405965 0.305672352015617 -0.9510565162951535
vn -0.06028622494106463 0.3030793194773964 -0.9510565162951535
vn -0.07508500488639061 0.29975614231194175 -0.9510565162951535
vn -0.08970289847827558 0.29571082634412044 -0.9510565162951535
vn -0.10410468993068044 0.29095311709442684 -0.9510565162951535
vn -0.11825568406654864 0.2854944763011694 -0.9510565162951535
vn -0.13212178990152568 0.2793480543081399 -0.9510565162951535
vn -0.14566960277212793 0.27252865838428225 -0.9510565162951535
vn -0.15886648481050186 0.2650527170516857 -0.9510565162951535
vn -0.1716806435719066 0.25693824050783554 -0.9510565162951535
vn -0.18408120862549832 0.2482047772374701 -0.9510565162951535
vn -0.19603830592390178 0.23887336691856853 -0.9510565162951535
vn -0.20752312977240675 0.22896648973592446 -0.9510565162951535
vn -0.21850801222441057 0.21850801222441069 -0.9510565162951535
vn -0.22896648973592437 0.20752312977240683 -0.9510565162951535
vn -0.23887336691856845 0.1960383059239019 -0.9510565162951535
vn -0.24820477723747 0.18408120862549843 -0.9510565162951535
vn -0.2569382405078354 0.1716806435719067 -0.9510565162951535
vn -0.26505271705168565 0.15886648481050195 -0.9510565162951535
vn -0.2725286583842822 0.14566960277212807 -0.9510565162951535
vn -0.27934805430813986 0.1321217899015258 -0.9510565162951535
vn -0.2854944763011694 0.11825568406654877 -0.9510565162951535
vn -0.2909531170944268 0.10410468993068056 -0.9510565162951535
vn -0.2957108263441204 0.0897028984782757 -0.9510565162951535
vn -0.29975614231194175 0.07508500488639074 -0.9510565162951535
vn -0.3030793194773964 0.06028622494106476 -0.9510565162951535
vn -0.305672352015617 0.045342210199406104 -0.9510565162951535
vn -0.307528993084096 0.030288962101868246 -0.9510565162951535
vn -0.30864476987187695 0.015162745241627515 -0.9510565162951535
vn -0.30901699437494756 7.568733460868304e-17 -0.9510565162951535
vn -0.15643446504023104 -0.0 -0.9876883405951377
vn -0.15624603287606964 -0.007675875384177916 -0.9876883405951377
vn -0.15568119033317368 -0.015333258912228068 -0.9876883405951377
vn -0.1547412981667033 -0.0229537032765238 -0.9876883405951377
vn -0.15342862065921234 -0.03051885015911943 -0.9876883405951377
vn -0.1517463201657934 -0.03801047445854618 -0.9876883405951377
vn -0.14969844949568717 -0.04541052819567794 -0.9876883405951377
vn -0.14728994214871027 -0.05270118399289381 -0.9876883405951377
vn -0.14452660043002188 -0.05986487802179226 -0.9876883405951377
vn -0.14141508147186246 -0.06688435231599217 -0.9876883405951377
vn -0.1379628811959391 -0.07374269634708552 -0.9876883405951377
vn -0.13417831625509352 -0.08042338776358138 -0.9876883405951377
vn -0.13007050399775696 -0.08691033219469797 -0.9876883405951377
vn -0.12564934050345922 -0.0931879020231115 -0.9876883405951377
vn -0.12092547674230622 -0.09924097403325516 -0.9876883405951377
vn -0.1159102929158602 -0.10505496584446998 -0.9876883405951377
vn -0.11061587104123727 -0.11061587104123725 -0.9876883405951377
vn -0.10505496584446998 -0.11591029291586019 -0.9876883405951377
vn -0.09924097403325516 -0.12092547674230622 -0.9876883405951377
vn -0.09318790202311153 -0.1256493405034592 -0.9876883405951377
vn -0.08691033219469799 -0.13007050399775696 -0.9876883405951377
vn -0.08042338776358138 -0.13417831625509352 -0.9876883405951377
vn -0.07374269634708554 -0.13796288119593908 -0.9876883405951377
vn -0.0668843523159922 -0.14141508147186246 -0.9876883405951377
vn -0.059864878021792266 -0.14452660043002188 -0.9876883405951377
vn -0.05270118399289381 -0.14728994214871027 -0.9876883405951377
vn -0.04541052819567794 -0.14969844949568717 -0.9876883405951377
vn -0.038010474458546196 -0.1517463201657934 -0.9876883405951377
vn -0.030518850159119443 -0.15342862065921234 -0.9876883405951377
vn -0.0229537032765238 -0.1547412981667033 -0.9876883405951377
vn -0.015333258912228094 -0.15568119033317365 -0.9876883405951377
vn -0.007675875384177933 -0.15624603287606964 -0.9876883405951377
vn -9.578848344392374e-18 -0.15643446504023104 -0.9876883405951377
vn 0.007675875384177914 -0.15624603287606964 -0.9876883405951377
vn 0.015333258912228075 -0.15568119033317368 -0.9876883405951377
vn 0.022953703276523782 -0.1547412981667033 -0.9876883405951377
vn 0.03051885015911942 -0.15342862065921234 -0.9876883405951377
vn 0.03801047445854618 -0.1517463201657934 -0.9876883405951377
vn 0.04541052819567791 -0.1496984494956872 -0.9876883405951377
vn 0.05270118399289379 -0.14728994214871027 -0.9876883405951377
vn 0.059864878021792245 -0.14452660043002188 -0.9876883405951377
vn 0.06688435231599214 -0.1414150814718625 -0.9876883405951377
vn 0.07374269634708552 -0.1379628811959391 -0.9876883405951377
vn 0.08042338776358138 -0.13417831625509352 -0.9876883405951377
vn 0.08691033219469793 -0.130070503997757 -0.9876883405951377
vn 0.0931879020231115 -0.12564934050345922 -0.9876883405951377
vn 0.09924097403325513 -0.12092547674230623 -0.9876883405951377
vn 0.10505496584447 -0.11591029291586019 -0.9876883405951377
vn 0.11061587104123725 -0.11061587104123727 -0.9876883405951377
vn 0.11591029291586016 -0.10505496584447002 -0.9876883405951377
vn 0.12092547674230622 -0.09924097403325516 -0.9876883405951377
vn 0.1256493405034592 -0.09318790202311153 -0.9876883405951377
vn 0.130070503997757 -0.08691033219469797 -0.9876883405951377
vn 0.13417831625509352 -0.08042338776358139 -0.9876883405951377
vn 0.13796288119593908 -0.07374269634708555 -0.9876883405951377
vn 0.14141508147186246 -0.06688435231599217 -0.9876883405951377
vn 0.14452660043002188 -0.05986487802179227 -0.9876883405951377
vn 0.14728994214871027 -0.05270118399289385 -0.9876883405951377
vn 0.14969844949568717 -0.045410528195677945 -0.9876883405951377
vn 0.1517463201657934 -0.03801047445854621 -0.9876883405951377
vn 0.15342862065921234 -0.030518850159119485 -0.9876883405951377
vn 0.1547412981667033 -0.02295370327652381 -0.9876883405951377
vn 0.15568119033317365 -0.015333258912228103 -0.9876883405951377
vn 0.15624603287606964 -0.007675875384177908 -0.9876883405951377
vn 0.15643446504023104 -1.9157696688784747e-17 -0.9876883405951377
vn 0.15624603287606964 0.00767587538417787 -0.9876883405951377
vn 0.15568119033317368 0.015333258912228066 -0.9876883405951377
vn 0.1547412981667033 0.022953703276523775 -0.9876883405951377
vn 0.15342862065921234 0.030518850159119447 -0.9876883405951377
vn 0.1517463201657934 0.03801047445854617 -0.9876883405951377
vn 0.1496984494956872 0.0454105281956779 -0.9876883405951377
vn 0.14728994214871027 0.05270118399289381 -0.9876883405951377
vn 0.14452660043002188 0.05986487802179224 -0.9876883405951377
vn 0.1414150814718625 0.06688435231599213 -0.9876883405951377
vn 0.1379628811959391 0.07374269634708552 -0.9876883405951377
vn 0.13417831625509355 0.08042338776358135 -0.9876883405951377
vn 0.130070503997757 0.08691033219469793 -0.9876883405951377
vn 0.12564934050345922 0.09318790202311149 -0.9876883405951377
vn 0.12092547674230623 0.09924097403325512 -0.9876883405951377
vn 0.11591029291586019 0.10505496584447 -0.9876883405951377
vn 0.1106158710412373 0.11061587104123725 -0.9876883405951377
vn 0.10505496584447004 0.11591029291586016 -0.9876883405951377
vn 0.0992409740332552 0.12092547674230616 -0.9876883405951377
vn 0.09318790202311147 0.12564934050345924 -0.9876883405951377
vn 0.08691033219469797 0.13007050399775696 -0.9876883405951377
vn 0.08042338776358139 0.13417831625509352 -0.9876883405951377
vn 0.07374269634708557 0.13796288119593908 -0.9876883405951377
vn 0.06688435231599224 0.14141508147186244 -0.9876883405951377
vn 0.05986487802179234 0.14452660043002186 -0.9876883405951377
vn 0.05270118399289379 0.14728994214871027 -0.9876883405951377
vn 0.04541052819567795 0.14969844949568717 -0.9876883405951377
vn 0.03801047445854622 0.1517463201657934 -0.9876883405951377
vn 0.030518850159119496 0.15342862065921234 -0.9876883405951377
vn 0.022953703276523886 0.15474129816670326 -0.9876883405951377
vn 0.015333258912228044 0.15568119033317368 -0.9876883405951377
vn 0.007675875384177917 0.15624603287606964 -0.9876883405951377
vn 2.8736545033177116e-17 0.15643446504023104 -0.9876883405951377
vn -0.00767587538417786 0.15624603287606964 -0.9876883405951377
vn -0.015333258912227988 0.15568119033317368 -0.9876883405951377
vn -0.02295370327652383 0.15474129816670326 -0.9876883405951377
vn -0.030518850159119437 0.15342862065921234 -0.9876883405951377
vn -0.03801047445854616 0.1517463201657934 -0.9876883405951377
vn -0.045410528195677896 0.1496984494956872 -0.9876883405951377
vn -0.05270118399289374 0.1472899421487103 -0.9876883405951377
vn -0.059864878021792294 0.14452660043002186 -0.9876883405951377
vn -0.06688435231599218 0.14141508147186246 -0.9876883405951377
vn -0.07374269634708551 0.1379628811959391 -0.9876883405951377
vn -0.08042338776358135 0.13417831625509355 -0.9876883405951377
vn -0.08691033219469792 0.130070503997757 -0.9876883405951377
vn -0.09318790202311143 0.12564934050345927 -0.9876883405951377
vn -0.09924097403325517 0.1209254767423062 -0.9876883405951377
vn -0.10505496584447 0.11591029291586019 -0.9876883405951377
vn -0.11061587104123724 0.1106158710412373 -0.9876883405951377
vn -0.11591029291586014 0.10505496584447004 -0.9876883405951377
vn -0.12092547674230616 0.09924097403325523 -0.9876883405951377
vn -0.12564934050345924 0.09318790202311149 -0.9876883405951377
vn -0.13007050399775696 0.08691033219469797 -0.9876883405951377
vn -0.13417831625509352 0.0804233877635814 -0.9876883405951377
vn -0.13796288119593908 0.07374269634708557 -0.9876883405951377
vn -0.14141508147186244 0.06688435231599224 -0.9876883405951377
vn -0.14452660043002186 0.05986487802179235 -0.9876883405951377
vn -0.14728994214871027 0.0527011839928938 -0.9876883405951377
vn -0.14969844949568717 0.045410528195677966 -0.9876883405951377
vn -0.1517463201657934 0.038010474458546224 -0.9876883405951377
vn -0.15342862065921234 0.030518850159119502 -0.9876883405951377
vn -0.15474129816670326 0.0229537032765239 -0.9876883405951377
vn -0.15568119033317368 0.015333258912228052 -0.9876883405951377
vn -0.15624603287606964 0.007675875384177927 -0.9876883405951377
vn -0.15643446504023104 3.8315393377569494e-17 -0.9876883405951377
vn -1.8369701987210297e-16 -0.0 -1.0
vn -1.8347574876668771e-16 -9.013585546001584e-18 -1.0
vn -1.8281246851191592e-16 -1.8005456574926e-17 -1.0
vn -1.8170877700801785e-16 -2.6953950881869683e-17 -1.0
vn -1.8016733314449831e-16 -3.583751076025168e-17 -1.0
vn -1.7819185039463909e-16 -4.4634734936217017e-17 -1.0
vn -1.7578708786941646e-16 -5.3324430126179966e-17 -1.0
vn -1.7295883885238598e-16 -6.18856620933005e-17 -1.0
vn -1.6971391684315505e-16 -7.029780607989448e-17 -1.0
vn -1.6606013914306548e-16 -7.854059649428137e-17 -1.0
vn -1.6200630802262996e-16 -8.659417573236978e-17 -1.0
vn -1.5756218951609124e-16 -9.44391420163649e-17 -1.0
vn -1.527384898941904e-16 -1.0205659613535074e-16 -1.0
vn -1.475468298718228e-16 -1.0942818697514445e-16 -1.0
vn -1.4199971661271801e-16 -1.1653615572773786e-16 -1.0
vn -1.36110513598587e-16 -1.2336337867382143e-16 -1.0
vn -1.29893408435324e-16 -1.2989340843532398e-16 -1.0
vn -1.2336337867382143e-16 -1.3611051359858699e-16 -1.0
vn -1.1653615572773786e-16 -1.4199971661271801e-16 -1.0
vn -1.0942818697514447e-16 -1.4754682987182278e-16 -1.0
vn -1.0205659613535076e-16 -1.527384898941904e-16 -1.0
vn -9.44391420163649e-17 -1.5756218951609124e-16 -1.0
vn -8.659417573236982e-17 -1.6200630802262993e-16 -1.0
vn -7.854059649428139e-17 -1.6606013914306548e-16 -1.0
vn -7.029780607989448e-17 -1.6971391684315505e-16 -1.0
vn -6.18856620933005e-17 -1.7295883885238598e-16 -1.0
vn -5.3324430126179966e-17 -1.7578708786941646e-16 -1.0
vn -4.4634734936217035e-17 -1.7819185039463909e-16 -1.0
vn -3.583751076025169e-17 -1.8016733314449831e-16 -1.0
vn -2.6953950881869683e-17 -1.8170877700801785e-16 -1.0
vn -1.800545657492603e-17 -1.828124685119159e-16 -1.0
vn -9.013585546001604e-18 -1.8347574876668771e-16 -1.0
vn -1.1248198369963932e-32 -1.8369701987210297e-16 -1.0
vn 9.013585546001582e-18 -1.8347574876668771e-16 -1.0
vn 1.8005456574926008e-17 -1.8281246851191592e-16 -1.0
vn 2.6953950881869664e-17 -1.8170877700801785e-16 -1.0
vn 3.583751076025167e-17 -1.8016733314449831e-16 -1.0
vn 4.4634734936217017e-17 -1.7819185039463909e-16 -1.0
vn 5.3324430126179935e-17 -1.7578708786941646e-16 -1.0
vn 6.188566209330048e-17 -1.7295883885238598e-16 -1.0
vn 7.029780607989446e-17 -1.6971391684315505e-16 -1.0
vn 7.854059649428132e-17 -1.660601391430655e-16 -1.0
vn 8.659417573236979e-17 -1.6200630802262996e-16 -1.0
vn 9.44391420163649e-17 -1.5756218951609124e-16 -1.0
vn 1.020565961353507e-16 -1.5273848989419043e-16 -1.0
vn 1.0942818697514445e-16 -1.475468298718228e-16 -1.0
vn 1.1653615572773784e-16 -1.4199971661271804e-16 -1.0
vn 1.2336337867382146e-16 -1.3611051359858699e-16 -1.0
vn 1.2989340843532398e-16 -1.29893408435324e-16 -1.0
vn 1.3611051359858694e-16 -1.2336337867382146e-16 -1.0
vn 1.4199971661271801e-16 -1.1653615572773786e-16 -1.0
vn 1.4754682987182278e-16 -1.0942818697514447e-16 -1.0
vn 1.5273848989419043e-16 -1.0205659613535074e-16 -1.0
vn 1.5756218951609121e-16 -9.443914201636493e-17 -1.0
vn 1.6200630802262993e-16 -8.659417573236982e-17 -1.0
vn 1.6606013914306548e-16 -7.854059649428136e-17 -1.0
vn 1.6971391684315505e-16 -7.029780607989449e-17 -1.0
vn 1.7295883885238598e-16 -6.188566209330055e-17 -1.0
vn 1.7578708786941646e-16 -5.332443012617997e-17 -1.0
vn 1.7819185039463909e-16 -4.4634734936217054e-17 -1.0
vn 1.8016733314449831e-16 -3.583751076025174e-17 -1.0
vn 1.8170877700801785e-16 -2.6953950881869695e-17 -1.0
vn 1.828124685119159e-16 -1.8005456574926042e-17 -1.0
vn 1.8347574876668771e-16 -9.013585546001574e-18 -1.0
vn 1.8369701987210297e-16 -2.2496396739927864e-32 -1.0
vn 1.8347574876668771e-16 9.01358554600153e-18 -1.0
vn 1.8281246851191592e-16 1.8005456574925996e-17 -1.0
vn 1.8170877700801785e-16 2.6953950881869655e-17 -1.0
vn 1.8016733314449831e-16 3.58375107602517e-17 -1.0
vn 1.7819185039463909e-16 4.4634734936217004e-17 -1.0
vn 1.7578708786941646e-16 5.332443012617992e-17 -1.0
vn 1.7295883885238598e-16 6.18856620933005e-17 -1.0
vn 1.6971391684315505e-16 7.029780607989445e-17 -1.0
vn 1.660601391430655e-16 7.854059649428132e-17 -1.0
vn 1.6200630802262996e-16 8.659417573236978e-17 -1.0
vn 1.5756218951609126e-16 9.443914201636489e-17 -1.0
vn 1.5273848989419045e-16 1.020565961353507e-16 -1.0
vn 1.475468298718228e-16 1.0942818697514443e-16 -1.0
vn 1.4199971661271804e-16 1.165361557277378e-16 -1.0
vn 1.3611051359858699e-16 1.2336337867382146e-16 -1.0
vn 1.29893408435324e-16 1.2989340843532398e-16 -1.0
vn 1.2336337867382148e-16 1.3611051359858694e-16 -1.0
vn 1.165361557277379e-16 1.4199971661271796e-16 -1.0
vn 1.094281869751444e-16 1.4754682987182283e-16 -1.0
vn 1.0205659613535074e-16 1.527384898941904e-16 -1.0
vn 9.443914201636493e-17 1.5756218951609121e-16 -1.0
vn 8.659417573236983e-17 1.6200630802262993e-16 -1.0
vn 7.854059649428144e-17 1.6606013914306546e-16 -1.0
vn 7.029780607989457e-17 1.69713916843155e-16 -1.0
vn 6.188566209330048e-17 1.7295883885238598e-16 -1.0
vn 5.3324430126179985e-17 1.7578708786941646e-16 -1.0
vn 4.4634734936217066e-17 1.7819185039463909e-16 -1.0
vn 3.5837510760251754e-17 1.801673331444983e-16 -1.0
vn 2.6953950881869787e-17 1.8170877700801782e-16 -1.0
vn 1.800545657492597e-17 1.8281246851191592e-16 -1.0
vn 9.013585546001587e-18 1.8347574876668771e-16 -1.0
vn 3.374459510989179e-32 1.8369701987210297e-16 -1.0
vn -9.013585546001519e-18 1.8347574876668771e-16 -1.0
vn -1.8005456574925906e-17 1.8281246851191592e-16 -1.0
vn -2.695395088186972e-17 1.8170877700801782e-16 -1.0
vn -3.5837510760251686e-17 1.8016733314449831e-16 -1.0
vn -4.4634734936217e-17 1.7819185039463909e-16 -1.0
vn -5.332443012617991e-17 1.7578708786941646e-16 -1.0
vn -6.188566209330042e-17 1.72958838852386e-16 -1.0
vn -7.029780607989451e-17 1.6971391684315503e-16 -1.0
vn -7.854059649428139e-17 1.6606013914306548e-16 -1.0
vn -8.659417573236977e-17 1.6200630802262996e-16 -1.0
vn -9.443914201636489e-17 1.5756218951609126e-16 -1.0
vn -1.0205659613535068e-16 1.5273848989419045e-16 -1.0
vn -1.0942818697514437e-16 1.4754682987182288e-16 -1.0
vn -1.1653615572773786e-16 1.4199971661271801e-16 -1.0
vn -1.2336337867382146e-16 1.3611051359858699e-16 -1.0
vn -1.2989340843532396e-16 1.29893408435324e-16 -1.0
vn -1.3611051359858691e-16 1.2336337867382148e-16 -1.0
vn -1.4199971661271796e-16 1.1653615572773793e-16 -1.0
vn -1.4754682987182283e-16 1.0942818697514443e-16 -1.0
vn -1.527384898941904e-16 1.0205659613535074e-16 -1.0
vn -1.5756218951609121e-16 9.443914201636495e-17 -1.0
vn -1.620063080226299e-16 8.659417573236984e-17 -1.0
vn -1.6606013914306546e-16 7.854059649428145e-17 -1.0
vn -1.69713916843155e-16 7.029780607989459e-17 -1.0
vn -1.7295883885238598e-16 6.188566209330049e-17 -1.0
vn -1.7578708786941646e-16 5.3324430126179997e-17 -1.0
vn -1.7819185039463909e-16 4.463473493621707e-17 -1.0
vn -1.801673331444983e-16 3.5837510760251766e-17 -1.0
vn -1.8170877700801782e-16 2.6953950881869803e-17 -1.0
vn -1.8281246851191592e-16 1.800545657492598e-17 -1.0
vn -1.8347574876668771e-16 9.013585546001598e-18 -1.0
vn -1.8369701987210297e-16 4.499279347985573e-32 -1.0
vn 0.15643446504023067 0.0 -0.9876883405951378
vn 0.15624603287606928 0.007675875384177897 -0.9876883405951378
vn 0.15568119033317332 0.015333258912228032 -0.9876883405951378
vn 0.15474129816670293 0.022953703276523747 -0.9876883405951378
vn 0.15342862065921198 0.03051885015911936 -0.9876883405951378
vn 0.15174632016579304 0.03801047445854609 -0.9876883405951378
vn 0.14969844949568684 0.045410528195677834 -0.9876883405951378
vn 0.14728994214870994 0.05270118399289368 -0.9876883405951378
vn 0.14452660043002155 0.05986487802179212 -0.9876883405951378
vn 0.14141508147186213 0.06688435231599202 -0.9876883405951378
vn 0.13796288119593877 0.07374269634708534 -0.9876883405951378
vn 0.13417831625509322 0.08042338776358118 -0.9876883405951378
vn 0.13007050399775666 0.08691033219469776 -0.9876883405951378
vn 0.12564934050345894 0.0931879020231113 -0.9876883405951378
vn 0.12092547674230594 0.09924097403325492 -0.9876883405951378
vn 0.11591029291585994 0.10505496584446974 -0.9876883405951378
vn 0.11061587104123702 0.110615871041237 -0.9876883405951378
vn 0.10505496584446974 0.11591029291585993 -0.9876883405951378
vn 0.09924097403325492 0.12092547674230594 -0.9876883405951378
vn 0.09318790202311131 0.1256493405034589 -0.9876883405951378
vn 0.08691033219469778 0.13007050399775666 -0.9876883405951378
vn 0.08042338776358118 0.13417831625509322 -0.9876883405951378
vn 0.07374269634708537 0.13796288119593877 -0.9876883405951378
vn 0.06688435231599205 0.14141508147186213 -0.9876883405951378
vn 0.05986487802179213 0.14452660043002155 -0.9876883405951378
vn 0.05270118399289368 0.14728994214870994 -0.9876883405951378
vn 0.045410528195677834 0.14969844949568684 -0.9876883405951378
vn 0.038010474458546106 0.15174632016579304 -0.9876883405951378
vn 0.03051885015911937 0.15342862065921198 -0.9876883405951378
vn 0.022953703276523747 0.15474129816670293 -0.9876883405951378
vn 0.015333258912228058 0.1556811903331733 -0.9876883405951378
vn 0.007675875384177915 0.15624603287606928 -0.9876883405951378
vn 9.57884834439235e-18 0.15643446504023067 -0.9876883405951378
vn -0.0076758753841778965 0.15624603287606928 -0.9876883405951378
vn -0.015333258912228039 0.15568119033317332 -0.9876883405951378
vn -0.02295370327652373 0.15474129816670293 -0.9876883405951378
vn -0.03051885015911935 0.15342862065921198 -0.9876883405951378
vn -0.03801047445854609 0.15174632016579304 -0.9876883405951378
vn -0.045410528195677806 0.14969844949568684 -0.9876883405951378
vn -0.05270118399289367 0.14728994214870994 -0.9876883405951378
vn -0.059864878021792106 0.14452660043002155 -0.9876883405951378
vn -0.06688435231599199 0.14141508147186216 -0.9876883405951378
vn -0.07374269634708536 0.13796288119593877 -0.9876883405951378
vn -0.08042338776358118 0.13417831625509322 -0.9876883405951378
vn -0.08691033219469774 0.1300705039977567 -0.9876883405951378
vn -0.0931879020231113 0.12564934050345894 -0.9876883405951378
vn -0.09924097403325491 0.12092547674230596 -0.9876883405951378
vn -0.10505496584446976 0.11591029291585993 -0.9876883405951378
vn -0.110615871041237 0.11061587104123702 -0.9876883405951378
vn -0.11591029291585989 0.10505496584446977 -0.9876883405951378
vn -0.12092547674230594 0.09924097403325492 -0.9876883405951378
vn -0.1256493405034589 0.09318790202311131 -0.9876883405951378
vn -0.1300705039977567 0.08691033219469776 -0.9876883405951378
vn -0.1341783162550932 0.08042338776358121 -0.9876883405951378
vn -0.13796288119593877 0.07374269634708538 -0.9876883405951378
vn -0.14141508147186213 0.06688435231599202 -0.9876883405951378
vn -0.14452660043002155 0.059864878021792134 -0.9876883405951378
vn -0.1472899421487099 0.05270118399289373 -0.9876883405951378
vn -0.14969844949568684 0.04541052819567784 -0.9876883405951378
vn -0.15174632016579304 0.03801047445854612 -0.9876883405951378
vn -0.15342862065921198 0.030518850159119416 -0.9876883405951378
vn -0.15474129816670293 0.022953703276523758 -0.9876883405951378
vn -0.1556811903331733 0.015333258912228066 -0.9876883405951378
vn -0.15624603287606928 0.00767587538417789 -0.9876883405951378
vn -0.15643446504023067 1.91576966887847e-17 -0.9876883405951378
vn -0.15624603287606928 -0.007675875384177852 -0.9876883405951378
vn -0.15568119033317332 -0.01533325891222803 -0.9876883405951378
vn -0.15474129816670293 -0.022953703276523723 -0.9876883405951378
vn -0.15342862065921198 -0.030518850159119378 -0.9876883405951378
vn -0.15174632016579304 -0.038010474458546085 -0.9876883405951378
vn -0.14969844949568684 -0.0454105281956778 -0.9876883405951378
vn -0.14728994214870994 -0.05270118399289368 -0.9876883405951378
vn -0.14452660043002155 -0.0598648780217921 -0.9876883405951378
vn -0.14141508147186216 -0.06688435231599198 -0.9876883405951378
vn -0.13796288119593877 -0.07374269634708534 -0.9876883405951378
vn -0.13417831625509324 -0.08042338776358117 -0.9876883405951378
vn -0.1300705039977567 -0.08691033219469774 -0.9876883405951378
vn -0.12564934050345894 -0.09318790202311128 -0.9876883405951378
vn -0.12092547674230596 -0.0992409740332549 -0.9876883405951378
vn -0.11591029291585993 -0.10505496584446976 -0.9876883405951378
vn -0.11061587104123703 -0.110615871041237 -0.9876883405951378
vn -0.10505496584446979 -0.11591029291585989 -0.9876883405951378
vn -0.09924097403325498 -0.12092547674230589 -0.9876883405951378
vn -0.09318790202311125 -0.12564934050345894 -0.9876883405951378
vn -0.08691033219469776 -0.13007050399775666 -0.9876883405951378
vn -0.08042338776358121 -0.1341783162550932 -0.9876883405951378
vn -0.07374269634708538 -0.13796288119593877 -0.9876883405951378
vn -0.06688435231599209 -0.1414150814718621 -0.9876883405951378
vn -0.0598648780217922 -0.1445266004300215 -0.9876883405951378
vn -0.05270118399289367 -0.14728994214870994 -0.9876883405951378
vn -0.04541052819567785 -0.14969844949568684 -0.9876883405951378
vn -0.038010474458546134 -0.15174632016579304 -0.9876883405951378
vn -0.030518850159119423 -0.15342862065921198 -0.9876883405951378
vn -0.022953703276523834 -0.1547412981667029 -0.9876883405951378
vn -0.015333258912228009 -0.15568119033317332 -0.9876883405951378
vn -0.0076758753841779 -0.15624603287606928 -0.9876883405951378
vn -2.873654503317705e-17 -0.15643446504023067 -0.9876883405951378
vn 0.007675875384177842 -0.15624603287606928 -0.9876883405951378
vn 0.015333258912227952 -0.15568119033317332 -0.9876883405951378
vn 0.02295370327652378 -0.1547412981667029 -0.9876883405951378
vn 0.030518850159119367 -0.15342862065921198 -0.9876883405951378
vn 0.03801047445854607 -0.15174632016579304 -0.9876883405951378
vn 0.04541052819567779 -0.14969844949568684 -0.9876883405951378
vn 0.05270118399289361 -0.14728994214870997 -0.9876883405951378
vn 0.059864878021792155 -0.14452660043002152 -0.9876883405951378
vn 0.06688435231599203 -0.14141508147186213 -0.9876883405951378
vn 0.07374269634708534 -0.13796288119593877 -0.9876883405951378
vn 0.08042338776358117 -0.13417831625509324 -0.9876883405951378
vn 0.08691033219469771 -0.1300705039977567 -0.9876883405951378
vn 0.09318790202311122 -0.125649340503459 -0.9876883405951378
vn 0.09924097403325494 -0.12092547674230593 -0.9876883405951378
vn 0.10505496584446976 -0.11591029291585993 -0.9876883405951378
vn 0.11061587104123698 -0.11061587104123703 -0.9876883405951378
vn 0.11591029291585987 -0.10505496584446979 -0.9876883405951378
vn 0.12092547674230589 -0.09924097403325499 -0.9876883405951378
vn 0.12564934050345894 -0.09318790202311128 -0.9876883405951378
vn 0.13007050399775666 -0.08691033219469776 -0.9876883405951378
vn 0.1341783162550932 -0.08042338776358122 -0.9876883405951378
vn 0.13796288119593875 -0.0737426963470854 -0.9876883405951378
vn 0.1414150814718621 -0.06688435231599209 -0.9876883405951378
vn 0.1445266004300215 -0.05986487802179221 -0.9876883405951378
vn 0.14728994214870994 -0.052701183992893676 -0.9876883405951378
vn 0.14969844949568684 -0.04541052819567786 -0.9876883405951378
vn 0.15174632016579304 -0.03801047445854614 -0.9876883405951378
vn 0.15342862065921198 -0.030518850159119433 -0.9876883405951378
vn 0.1547412981667029 -0.022953703276523848 -0.9876883405951378
vn 0.15568119033317332 -0.015333258912228018 -0.9876883405951378
vn 0.15624603287606928 -0.0076758753841779095 -0.9876883405951378
vn 0.15643446504023067 -3.83153933775694e-17 -0.9876883405951378
vn 0.30901699437494723 0.0 -0.9510565162951536
vn 0.3086447698718766 0.015162745241627475 -0.9510565162951536
vn 0.30752899308409565 0.030288962101868242 -0.9510565162951536
vn 0.30567235201561666 0.04534221019940586 -0.9510565162951536
vn 0.3030793194773961 0.060286224941064545 -0.9510565162951536
vn 0.2997561423119414 0.07508500488639056 -0.9510565162951536
vn 0.2957108263441201 0.08970289847827556 -0.9510565162951536
vn 0.2909531170944265 0.10410468993068046 -0.9510565162951536
vn 0.28549447630116914 0.11825568406654845 -0.9510565162951536
vn 0.27934805430813964 0.1321217899015255 -0.9510565162951536
vn 0.272528658384282 0.1456696027721278 -0.9510565162951536
vn 0.26505271705168537 0.15886648481050172 -0.9510565162951536
vn 0.25693824050783515 0.17168064357190652 -0.9510565162951536
vn 0.2482047772374697 0.18408120862549826 -0.9510565162951536
vn 0.2388733669185683 0.19603830592390153 -0.9510565162951536
vn 0.22896648973592426 0.2075231297724065 -0.9510565162951536
vn 0.2185080122244104 0.21850801222441038 -0.9510565162951536
vn 0.2075231297724065 0.2289664897359242 -0.9510565162951536
vn 0.19603830592390153 0.2388733669185683 -0.9510565162951536
vn 0.1840812086254983 0.24820477723746967 -0.9510565162951536
vn 0.17168064357190657 0.25693824050783515 -0.9510565162951536
vn 0.15886648481050172 0.26505271705168537 -0.9510565162951536
vn 0.14566960277212784 0.2725286583842819 -0.9510565162951536
vn 0.13212178990152554 0.27934805430813964 -0.9510565162951536
vn 0.11825568406654846 0.28549447630116914 -0.9510565162951536
vn 0.10410468993068046 0.2909531170944265 -0.9510565162951536
vn 0.08970289847827556 0.2957108263441201 -0.9510565162951536
vn 0.0750850048863906 0.2997561423119414 -0.9510565162951536
vn 0.06028622494106457 0.3030793194773961 -0.9510565162951536
vn 0.04534221019940586 0.30567235201561666 -0.9510565162951536
vn 0.030288962101868294 0.30752899308409565 -0.9510565162951536
vn 0.01516274524162751 0.3086447698718766 -0.9510565162951536
vn 1.8921833652170737e-17 0.30901699437494723 -0.9510565162951536
vn -0.015162745241627473 0.3086447698718766 -0.9510565162951536
vn -0.030288962101868256 0.30752899308409565 -0.9510565162951536
vn -0.045342210199405826 0.30567235201561666 -0.9510565162951536
vn -0.06028622494106453 0.3030793194773961 -0.9510565162951536
vn -0.07508500488639056 0.2997561423119414 -0.9510565162951536
vn -0.0897028984782755 0.2957108263441201 -0.9510565162951536
vn -0.10410468993068042 0.2909531170944265 -0.9510565162951536
vn -0.11825568406654843 0.28549447630116914 -0.9510565162951536
vn -0.13212178990152545 0.27934805430813964 -0.9510565162951536
vn -0.14566960277212782 0.272528658384282 -0.9510565162951536
vn -0.15886648481050172 0.26505271705168537 -0.9510565162951536
vn -0.17168064357190646 0.2569382405078352 -0.9510565162951536
vn -0.18408120862549826 0.2482047772374697 -0.9510565162951536
vn -0.1960383059239015 0.23887336691856834 -0.9510565162951536
vn -0.20752312977240653 0.2289664897359242 -0.9510565162951536
vn -0.21850801222441038 0.2185080122244104 -0.9510565162951536
vn -0.22896648973592415 0.20752312977240658 -0.9510565162951536
vn -0.2388733669185683 0.19603830592390153 -0.9510565162951536
vn -0.24820477723746967 0.1840812086254983 -0.9510565162951536
vn -0.2569382405078352 0.17168064357190652 -0.9510565162951536
vn -0.26505271705168537 0.15886648481050175 -0.9510565162951536
vn -0.2725286583842819 0.14566960277212787 -0.9510565162951536
vn -0.27934805430813964 0.1321217899015255 -0.9510565162951536
vn -0.28549447630116914 0.11825568406654849 -0.9510565162951536
vn -0.29095311709442645 0.10410468993068055 -0.9510565162951536
vn -0.2957108263441201 0.08970289847827558 -0.9510565162951536
vn -0.2997561423119414 0.07508500488639061 -0.9510565162951536
vn -0.3030793194773961 0.060286224941064656 -0.9510565162951536
vn -0.30567235201561666 0.045342210199405875 -0.9510565162951536
vn -0.30752899308409565 0.03028896210186831 -0.9510565162951536
vn -0.3086447698718766 0.015162745241627461 -0.9510565162951536
vn -0.30901699437494723 3.7843667304341475e-17 -0.9510565162951536
vn -0.3086447698718766 -0.015162745241627385 -0.9510565162951536
vn -0.30752899308409565 -0.03028896210186824 -0.9510565162951536
vn -0.30567235201561666 -0.045342210199405805 -0.9510565162951536
vn -0.3030793194773961 -0.06028622494106458 -0.9510565162951536
vn -0.2997561423119414 -0.07508500488639054 -0.9510565162951536
vn -0.2957108263441201 -0.08970289847827549 -0.9510565162951536
vn -0.2909531170944265 -0.10410468993068046 -0.9510565162951536
vn -0.2854944763011692 -0.11825568406654842 -0.9510565162951536
vn -0.27934805430813964 -0.13212178990152543 -0.9510565162951536
vn -0.272528658384282 -0.1456696027721278 -0.9510565162951536
vn -0.2650527170516854 -0.15886648481050167 -0.9510565162951536
vn -0.25693824050783526 -0.17168064357190646 -0.9510565162951536
vn -0.2482047772374697 -0.18408120862549823 -0.9510565162951536
vn -0.23887336691856834 -0.19603830592390148 -0.9510565162951536
vn -0.2289664897359242 -0.20752312977240653 -0.9510565162951536
vn -0.21850801222441044 -0.21850801222441038 -0.9510565162951536
vn -0.2075231297724066 -0.22896648973592415 -0.9510565162951536
vn -0.19603830592390165 -0.2388733669185682 -0.9510565162951536
vn -0.18408120862549818 -0.24820477723746975 -0.9510565162951536
vn -0.17168064357190652 -0.25693824050783515 -0.9510565162951536
vn -0.15886648481050175 -0.26505271705168537 -0.9510565162951536
vn -0.14566960277212787 -0.2725286583842819 -0.9510565162951536
vn -0.13212178990152565 -0.2793480543081395 -0.9510565162951536
vn -0.11825568406654861 -0.2854944763011691 -0.9510565162951536
vn -0.10410468993068042 -0.2909531170944265 -0.9510565162951536
vn -0.08970289847827559 -0.2957108263441201 -0.9510565162951536
vn -0.07508500488639064 -0.2997561423119414 -0.9510565162951536
vn -0.06028622494106468 -0.3030793194773961 -0.9510565162951536
vn -0.045342210199406034 -0.30567235201561666 -0.9510565162951536
vn -0.030288962101868194 -0.30752899308409565 -0.9510565162951536
vn -0.01516274524162748 -0.3086447698718766 -0.9510565162951536
vn -5.676550095651222e-17 -0.30901699437494723 -0.9510565162951536
vn 0.015162745241627366 -0.3086447698718766 -0.9510565162951536
vn 0.030288962101868083 -0.30752899308409565 -0.9510565162951536
vn 0.045342210199405916 -0.30567235201561666 -0.9510565162951536
vn 0.060286224941064566 -0.3030793194773961 -0.9510565162951536
vn 0.07508500488639053 -0.2997561423119414 -0.9510565162951536
vn 0.08970289847827548 -0.2957108263441201 -0.9510565162951536
vn 0.10410468993068032 -0.2909531170944265 -0.9510565162951536
vn 0.11825568406654852 -0.28549447630116914 -0.9510565162951536
vn 0.13212178990152554 -0.27934805430813964 -0.9510565162951536
vn 0.1456696027721278 -0.272528658384282 -0.9510565162951536
vn 0.15886648481050167 -0.2650527170516854 -0.9510565162951536
vn 0.17168064357190643 -0.25693824050783526 -0.9510565162951536
vn 0.18408120862549812 -0.2482047772374698 -0.9510565162951536
vn 0.19603830592390156 -0.23887336691856828 -0.9510565162951536
vn 0.20752312977240653 -0.2289664897359242 -0.9510565162951536
vn 0.21850801222441035 -0.21850801222441044 -0.9510565162951536
vn 0.22896648973592412 -0.2075231297724066 -0.9510565162951536
vn 0.2388733669185682 -0.19603830592390167 -0.9510565162951536
vn 0.24820477723746975 -0.18408120862549823 -0.9510565162951536
vn 0.25693824050783515 -0.17168064357190652 -0.9510565162951536
vn 0.26505271705168537 -0.15886648481050178 -0.9510565162951536
vn 0.2725286583842819 -0.1456696027721279 -0.9510565162951536
vn 0.2793480543081395 -0.13212178990152565 -0.9510565162951536
vn 0.2854944763011691 -0.11825568406654864 -0.9510565162951536
vn 0.2909531170944265 -0.10410468993068045 -0.9510565162951536
vn 0.2957108263441201 -0.0897028984782756 -0.9510565162951536
vn 0.2997561423119414 -0.07508500488639065 -0.9510565162951536
vn 0.3030793194773961 -0.06028622494106469 -0.9510565162951536
vn 0.30567235201561666 -0.045342210199406055 -0.9510565162951536
vn 0.30752899308409565 -0.03028896210186821 -0.9510565162951536
vn 0.3086447698718766 -0.0151627452416275 -0.9510565162951536
vn 0.30901699437494723 -7.568733460868295e-17 -0.9510565162951536
vn 0.45399049973954664 0.0 -0.8910065241883679
vn 0.4534436483001747 0.022276257988961826 -0.8910065241883679
vn 0.4518044113950748 0.04449885052125849 -0.8910065241883679
vn 0.4490767380895316 0.06661424142501046 -0.8910065241883679
vn 0.445267199587454 0.08856915278645114 -0.8910065241883679
vn 0.4403849734007697 0.11031069330108771 -0.8910065241883679
vn 0.43444182123999503 0.13178648569348636 -0.8910065241883679
vn 0.4274520606792439 0.15294479289871657 -0.8910065241883679
vn 0.4194325306639378 0.1737346427014721 -0.8910065241883679
vn 0.41040255094431155 0.19410595053260232 -0.8910065241883679
vn 0.40038387553244253 0.21400964012722623 -0.8910065241883679
vn 0.3894006402949302 0.233397761753753 -0.8910065241883679
vn 0.3774793048074796 0.25222360772898555 -0.8910065241883679
vn 0.36464858861146565 0.2704418249410202 -0.8910065241883679
vn 0.35093940202604246 0.2880085241088656 -0.8910065241883679
vn 0.3363847716824774 0.3048813855155655 -0.8910065241883679
vn 0.321019760960103 0.32101976096010293 -0.8910065241883679
vn 0.3048813855155655 0.3363847716824773 -0.8910065241883679
vn 0.2880085241088656 0.35093940202604246 -0.8910065241883679
vn 0.2704418249410202 0.3646485886114656 -0.8910065241883679
vn 0.2522236077289856 0.3774793048074796 -0.8910065241883679
vn 0.233397761753753 0.3894006402949302 -0.8910065241883679
vn 0.21400964012722629 0.4003838755324425 -0.8910065241883679
vn 0.19410595053260238 0.41040255094431155 -0.8910065241883679
vn 0.17373464270147213 0.4194325306639378 -0.8910065241883679
vn 0.15294479289871657 0.4274520606792439 -0.8910065241883679
vn 0.13178648569348636 0.43444182123999503 -0.8910065241883679
vn 0.11031069330108777 0.4403849734007697 -0.8910065241883679
vn 0.08856915278645118 0.445267199587454 -0.8910065241883679
vn 0.06661424142501046 0.4490767380895316 -0.8910065241883679
vn 0.044498850521258564 0.45180441139507477 -0.8910065241883679
vn 0.02227625798896188 0.4534436483001747 -0.8910065241883679
vn 2.779890061746715e-17 0.45399049973954664 -0.8910065241883679
vn -0.022276257988961823 0.4534436483001747 -0.8910065241883679
vn -0.04449885052125851 0.4518044113950748 -0.8910065241883679
vn -0.0666142414250104 0.4490767380895316 -0.8910065241883679
vn -0.08856915278645111 0.445267199587454 -0.8910065241883679
vn -0.11031069330108771 0.4403849734007697 -0.8910065241883679
vn -0.13178648569348628 0.4344418212399951 -0.8910065241883679
vn -0.15294479289871654 0.4274520606792439 -0.8910065241883679
vn -0.17373464270147207 0.4194325306639378 -0.8910065241883679
vn -0.1941059505326022 0.4104025509443116 -0.8910065241883679
vn -0.21400964012722623 0.40038387553244253 -0.8910065241883679
vn -0.233397761753753 0.3894006402949302 -0.8910065241883679
vn -0.25222360772898544 0.37747930480747965 -0.8910065241883679
vn -0.2704418249410202 0.36464858861146565 -0.8910065241883679
vn -0.28800852410886557 0.3509394020260425 -0.8910065241883679
vn -0.30488138551556554 0.3363847716824773 -0.8910065241883679
vn -0.32101976096010293 0.321019760960103 -0.8910065241883679
vn -0.33638477168247727 0.3048813855155656 -0.8910065241883679
vn -0.35093940202604246 0.2880085241088656 -0.8910065241883679
vn -0.3646485886114656 0.2704418249410202 -0.8910065241883679
vn -0.37747930480747965 0.25222360772898555 -0.8910065241883679
vn -0.3894006402949302 0.23339776175375307 -0.8910065241883679
vn -0.4003838755324425 0.2140096401272263 -0.8910065241883679
vn -0.41040255094431155 0.1941059505326023 -0.8910065241883679
vn -0.4194325306639378 0.17373464270147215 -0.8910065241883679
vn -0.42745206067924385 0.1529447928987167 -0.8910065241883679
vn -0.43444182123999503 0.1317864856934864 -0.8910065241883679
vn -0.4403849734007697 0.1103106933010878 -0.8910065241883679
vn -0.445267199587454 0.0885691527864513 -0.8910065241883679
vn -0.4490767380895316 0.06661424142501049 -0.8910065241883679
vn -0.45180441139507477 0.04449885052125859 -0.8910065241883679
vn -0.4534436483001747 0.022276257988961806 -0.8910065241883679
vn -0.45399049973954664 5.55978012349343e-17 -0.8910065241883679
vn -0.4534436483001747 -0.022276257988961694 -0.8910065241883679
vn -0.4518044113950748 -0.04449885052125848 -0.8910065241883679
vn -0.4490767380895316 -0.06661424142501039 -0.8910065241883679
vn -0.445267199587454 -0.0885691527864512 -0.8910065241883679
vn -0.4403849734007697 -0.11031069330108768 -0.8910065241883679
vn -0.4344418212399951 -0.13178648569348625 -0.8910065241883679
vn -0.4274520606792439 -0.15294479289871657 -0.8910065241883679
vn -0.4194325306639378 -0.17373464270147204 -0.8910065241883679
vn -0.4104025509443116 -0.19410595053260218 -0.8910065241883679
vn -0.40038387553244253 -0.21400964012722623 -0.8910065241883679
vn -0.38940064029493027 -0.23339776175375296 -0.8910065241883679
vn -0.3774793048074797 -0.25222360772898544 -0.8910065241883679
vn -0.36464858861146565 -0.27044182494102015 -0.8910065241883679
vn -0.3509394020260425 -0.2880085241088655 -0.8910065241883679
vn -0.3363847716824773 -0.30488138551556554 -0.8910065241883679
vn -0.32101976096010304 -0.32101976096010293 -0.8910065241883679
vn -0.30488138551556565 -0.33638477168247727 -0.8910065241883679
vn -0.2880085241088658 -0.35093940202604235 -0.8910065241883679
vn -0.2704418249410201 -0.3646485886114657 -0.8910065241883679
vn -0.25222360772898555 -0.3774793048074796 -0.8910065241883679
vn -0.23339776175375307 -0.3894006402949302 -0.8910065241883679
vn -0.21400964012722634 -0.4003838755324425 -0.8910065241883679
vn -0.1941059505326025 -0.41040255094431144 -0.8910065241883679
vn -0.17373464270147235 -0.4194325306639377 -0.8910065241883679
vn -0.15294479289871654 -0.4274520606792439 -0.8910065241883679
vn -0.13178648569348642 -0.43444182123999503 -0.8910065241883679
vn -0.11031069330108782 -0.4403849734007697 -0.8910065241883679
vn -0.08856915278645133 -0.4452671995874539 -0.8910065241883679
vn -0.06661424142501071 -0.4490767380895315 -0.8910065241883679
vn -0.04449885052125842 -0.4518044113950748 -0.8910065241883679
vn -0.022276257988961833 -0.4534436483001747 -0.8910065241883679
vn -8.339670185240145e-17 -0.45399049973954664 -0.8910065241883679
vn 0.022276257988961667 -0.4534436483001747 -0.8910065241883679
vn 0.04449885052125826 -0.4518044113950748 -0.8910065241883679
vn 0.06661424142501055 -0.4490767380895315 -0.8910065241883679
vn 0.08856915278645117 -0.445267199587454 -0.8910065241883679
vn 0.11031069330108766 -0.4403849734007697 -0.8910065241883679
vn 0.13178648569348622 -0.4344418212399951 -0.8910065241883679
vn 0.15294479289871638 -0.42745206067924396 -0.8910065241883679
vn 0.1737346427014722 -0.41943253066393776 -0.8910065241883679
vn 0.19410595053260235 -0.41040255094431155 -0.8910065241883679
vn 0.2140096401272262 -0.40038387553244253 -0.8910065241883679
vn 0.23339776175375296 -0.38940064029493027 -0.8910065241883679
vn 0.25222360772898544 -0.3774793048074797 -0.8910065241883679
vn 0.27044182494102 -0.36464858861146576 -0.8910065241883679
vn 0.2880085241088657 -0.3509394020260424 -0.8910065241883679
vn 0.30488138551556554 -0.3363847716824773 -0.8910065241883679
vn 0.3210197609601029 -0.32101976096010304 -0.8910065241883679
vn 0.3363847716824772 -0.30488138551556565 -0.8910065241883679
vn 0.35093940202604235 -0.28800852410886585 -0.8910065241883679
vn 0.3646485886114657 -0.27044182494102015 -0.8910065241883679
vn 0.3774793048074796 -0.25222360772898555 -0.8910065241883679
vn 0.3894006402949302 -0.23339776175375312 -0.8910065241883679
vn 0.4003838755324424 -0.21400964012722637 -0.8910065241883679
vn 0.41040255094431144 -0.19410595053260252 -0.8910065241883679
vn 0.4194325306639377 -0.17373464270147237 -0.8910065241883679
vn 0.4274520606792439 -0.15294479289871657 -0.8910065241883679
vn 0.43444182123999503 -0.13178648569348644 -0.8910065241883679
vn 0.4403849734007697 -0.11031069330108785 -0.8910065241883679
vn 0.4452671995874539 -0.08856915278645136 -0.8910065241883679
vn 0.4490767380895315 -0.06661424142501075 -0.8910065241883679
vn 0.4518044113950748 -0.044498850521258446 -0.8910065241883679
vn 0.4534436483001747 -0.02227625798896186 -0.8910065241883679
vn 0.45399049973954664 -1.111956024698686e-16 -0.8910065241883679
vn 0.5877852522924729 0.0 -0.8090169943749476
vn 0.5870772392141328 0.028841255333946294 -0.8090169943749476
vn 0.5849549056446329 0.0576130295575975 -0.8090169943749476
vn 0.5814233644714366 0.08624600894673906 -0.8090169943749476
vn 0.5764911234865566 0.11467121414606972 -0.8090169943749476
vn 0.5701700648905387 0.1428201663465104 -0.8090169943749476
vn 0.5624754166672001 0.17062505225665323 -0.8090169943749476
vn 0.5534257158980824 0.19801888747092028 -0.8090169943749476
vn 0.5430427641049986 0.2249356778408638 -0.8090169943749476
vn 0.5313515747282574 0.2513105784608502 -0.8090169943749476
vn 0.5183803128670945 0.2770800498851175 -0.8090169943749476
vn 0.504160227427482 0.3021820111998655 -0.8090169943749476
vn 0.4887255758407762 0.32655598958161486 -0.8090169943749476
vn 0.47211354153456525 0.3501432659815356 -0.8090169943749476
vn 0.4543641443545352 0.37288701658477885 -0.8090169943749476
vn 0.43552014415315643 0.3947324497040241 -0.8090169943749476
vn 0.4156269377774533 0.41562693777745324 -0.8090169943749476
vn 0.3947324497040241 0.4355201441531564 -0.8090169943749476
vn 0.37288701658477885 0.4543641443545352 -0.8090169943749476
vn 0.35014326598153567 0.4721135415345652 -0.8090169943749476
vn 0.3265559895816149 0.4887255758407762 -0.8090169943749476
vn 0.3021820111998655 0.504160227427482 -0.8090169943749476
vn 0.2770800498851176 0.5183803128670945 -0.8090169943749476
vn 0.25131057846085025 0.5313515747282574 -0.8090169943749476
vn 0.22493567784086382 0.5430427641049986 -0.8090169943749476
vn 0.19801888747092028 0.5534257158980824 -0.8090169943749476
vn 0.17062505225665323 0.5624754166672001 -0.8090169943749476
vn 0.14282016634651049 0.5701700648905387 -0.8090169943749476
vn 0.11467121414606977 0.5764911234865566 -0.8090169943749476
vn 0.08624600894673906 0.5814233644714366 -0.8090169943749476
vn 0.057613029557597596 0.5849549056446329 -0.8090169943749476
vn 0.02884125533394636 0.5870772392141328 -0.8090169943749476
vn 3.599146639029982e-17 0.5877852522924729 -0.8090169943749476
vn -0.02884125533394629 0.5870772392141328 -0.8090169943749476
vn -0.05761302955759753 0.5849549056446329 -0.8090169943749476
vn -0.08624600894673899 0.5814233644714366 -0.8090169943749476
vn -0.11467121414606969 0.5764911234865566 -0.8090169943749476
vn -0.1428201663465104 0.5701700648905387 -0.8090169943749476
vn -0.17062505225665311 0.5624754166672001 -0.8090169943749476
vn -0.1980188874709202 0.5534257158980824 -0.8090169943749476
vn -0.22493567784086377 0.5430427641049986 -0.8090169943749476
vn -0.25131057846085003 0.5313515747282574 -0.8090169943749476
vn -0.27708004988511753 0.5183803128670945 -0.8090169943749476
vn -0.3021820111998655 0.504160227427482 -0.8090169943749476
vn -0.3265559895816147 0.48872557584077625 -0.8090169943749476
vn -0.3501432659815356 0.47211354153456525 -0.8090169943749476
vn -0.37288701658477874 0.4543641443545353 -0.8090169943749476
vn -0.39473244970402416 0.4355201441531564 -0.8090169943749476
vn -0.41562693777745324 0.4156269377774533 -0.8090169943749476
vn -0.4355201441531562 0.3947324497040242 -0.8090169943749476
vn -0.4543641443545352 0.37288701658477885 -0.8090169943749476
vn -0.4721135415345652 0.35014326598153567 -0.8090169943749476
vn -0.48872557584077625 0.32655598958161486 -0.8090169943749476
vn -0.504160227427482 0.30218201119986554 -0.8090169943749476
vn -0.5183803128670945 0.2770800498851176 -0.8090169943749476
vn -0.5313515747282574 0.25131057846085014 -0.8090169943749476
vn -0.5430427641049986 0.22493567784086385 -0.8090169943749476
vn -0.5534257158980824 0.19801888747092045 -0.8090169943749476
vn -0.5624754166672001 0.17062505225665325 -0.8090169943749476
vn -0.5701700648905387 0.1428201663465105 -0.8090169943749476
vn -0.5764911234865566 0.11467121414606994 -0.8090169943749476
vn -0.5814233644714366 0.08624600894673909 -0.8090169943749476
vn -0.5849549056446329 0.05761302955759763 -0.8090169943749476
vn -0.5870772392141328 0.028841255333946266 -0.8090169943749476
vn -0.5877852522924729 7.198293278059964e-17 -0.8090169943749476
vn -0.5870772392141328 -0.028841255333946124 -0.8090169943749476
vn -0.5849549056446329 -0.05761302955759749 -0.8090169943749476
vn -0.5814233644714366 -0.08624600894673896 -0.8090169943749476
vn -0.5764911234865566 -0.11467121414606979 -0.8090169943749476
vn -0.5701700648905387 -0.14282016634651037 -0.8090169943749476
vn -0.5624754166672001 -0.1706250522566531 -0.8090169943749476
vn -0.5534257158980824 -0.19801888747092028 -0.8090169943749476
vn -0.5430427641049986 -0.22493567784086374 -0.8090169943749476
vn -0.5313515747282574 -0.25131057846085003 -0.8090169943749476
vn -0.5183803128670945 -0.2770800498851175 -0.8090169943749476
vn -0.5041602274274821 -0.3021820111998654 -0.8090169943749476
vn -0.4887255758407763 -0.3265559895816147 -0.8090169943749476
vn -0.47211354153456525 -0.3501432659815355 -0.8090169943749476
vn -0.4543641443545353 -0.3728870165847787 -0.8090169943749476
vn -0.4355201441531564 -0.39473244970402416 -0.8090169943749476
vn -0.41562693777745335 -0.41562693777745324 -0.8090169943749476
vn -0.39473244970402427 -0.4355201441531562 -0.8090169943749476
vn -0.372887016584779 -0.45436414435453504 -0.8090169943749476
vn -0.35014326598153545 -0.47211354153456536 -0.8090169943749476
vn -0.32655598958161486 -0.4887255758407762 -0.8090169943749476
vn -0.30218201119986554 -0.504160227427482 -0.8090169943749476
vn -0.27708004988511764 -0.5183803128670945 -0.8090169943749476
vn -0.2513105784608504 -0.5313515747282572 -0.8090169943749476
vn -0.22493567784086413 -0.5430427641049985 -0.8090169943749476
vn -0.1980188874709202 -0.5534257158980824 -0.8090169943749476
vn -0.17062505225665328 -0.5624754166672001 -0.8090169943749476
vn -0.14282016634651057 -0.5701700648905387 -0.8090169943749476
vn -0.11467121414606997 -0.5764911234865565 -0.8090169943749476
vn -0.08624600894673938 -0.5814233644714366 -0.8090169943749476
vn -0.05761302955759741 -0.5849549056446329 -0.8090169943749476
vn -0.0288412553339463 -0.5870772392141328 -0.8090169943749476
vn -1.0797439917089945e-16 -0.5877852522924729 -0.8090169943749476
vn 0.028841255333946086 -0.5870772392141328 -0.8090169943749476
vn 0.0576130295575972 -0.5849549056446329 -0.8090169943749476
vn 0.08624600894673917 -0.5814233644714366 -0.8090169943749476
vn 0.11467121414606976 -0.5764911234865566 -0.8090169943749476
vn 0.14282016634651035 -0.5701700648905387 -0.8090169943749476
vn 0.17062505225665306 -0.5624754166672001 -0.8090169943749476
vn 0.19801888747092 -0.5534257158980825 -0.8090169943749476
vn 0.22493567784086393 -0.5430427641049985 -0.8090169943749476
vn 0.2513105784608502 -0.5313515747282574 -0.8090169943749476
vn 0.2770800498851175 -0.5183803128670945 -0.8090169943749476
vn 0.3021820111998654 -0.5041602274274821 -0.8090169943749476
vn 0.32655598958161464 -0.4887255758407763 -0.8090169943749476
vn 0.35014326598153533 -0.4721135415345655 -0.8090169943749476
vn 0.3728870165847789 -0.45436414435453515 -0.8090169943749476
vn 0.39473244970402416 -0.4355201441531564 -0.8090169943749476
vn 0.4156269377774532 -0.41562693777745335 -0.8090169943749476
vn 0.43552014415315615 -0.39473244970402427 -0.8090169943749476
vn 0.45436414435453504 -0.3728870165847791 -0.8090169943749476
vn 0.47211354153456536 -0.3501432659815355 -0.8090169943749476
vn 0.4887255758407762 -0.32655598958161486 -0.8090169943749476
vn 0.504160227427482 -0.3021820111998656 -0.8090169943749476
vn 0.5183803128670944 -0.2770800498851177 -0.8090169943749476
vn 0.5313515747282572 -0.2513105784608504 -0.8090169943749476
vn 0.5430427641049985 -0.22493567784086416 -0.8090169943749476
vn 0.5534257158980824 -0.19801888747092025 -0.8090169943749476
vn 0.5624754166672001 -0.1706250522566533 -0.8090169943749476
vn 0.5701700648905387 -0.1428201663465106 -0.8090169943749476
vn 0.5764911234865565 -0.11467121414607 -0.8090169943749476
vn 0.5814233644714366 -0.08624600894673944 -0.8090169943749476
vn 0.5849549056446329 -0.057613029557597444 -0.8090169943749476
vn 0.5870772392141328 -0.02884125533394634 -0.8090169943749476
vn 0.5877852522924729 -1.4396586556119928e-16 -0.8090169943749476
vn 0.7071067811865474 0.0 -0.7071067811865477
vn 0.7062550401009886 0.03469608525397034 -0.7071067811865477
vn 0.7037018687631911 0.06930858459954571 -0.7071067811865477
vn 0.699453417986539 0.10375411349410575 -0.7071067811865477
vn 0.6935199226610735 0.13794968964147145 -0.7071067811865477
vn 0.6859156770967467 0.17181293290352512 -0.7071067811865477
vn 0.6766590005871761 0.20526226376117862 -0.7071067811865477
vn 0.6657721932768625 0.23821709984658057 -0.7071067811865477
vn 0.6532814824381881 0.27059805007309845 -0.7071067811865477
vn 0.6392169592876202 0.3023271058954003 -0.7071067811865477
vn 0.6236125064933354 0.33332782923887316 -0.7071067811865477
vn 0.6065057165489038 0.3635255366456399 -0.7071067811865477
vn 0.5879378012096792 0.39284747919355095 -0.7071067811865477
vn 0.5679534922100713 0.4212230177547095 -0.7071067811865477
vn 0.5466009335008787 0.448583793171318 -0.7071067811865477
vn 0.5239315652662951 0.47486389093887704 -0.7071067811865477
vn 0.4999999999999999 0.49999999999999983 -0.7071067811865477
vn 0.47486389093887704 0.5239315652662951 -0.7071067811865477
vn 0.448583793171318 0.5466009335008787 -0.7071067811865477
vn 0.4212230177547096 0.5679534922100712 -0.7071067811865477
vn 0.39284747919355106 0.5879378012096792 -0.7071067811865477
vn 0.3635255366456399 0.6065057165489038 -0.7071067811865477
vn 0.3333278292388733 0.6236125064933354 -0.7071067811865477
vn 0.30232710589540035 0.6392169592876202 -0.7071067811865477
vn 0.27059805007309845 0.6532814824381881 -0.7071067811865477
vn 0.23821709984658057 0.6657721932768625 -0.7071067811865477
vn 0.20526226376117862 0.6766590005871761 -0.7071067811865477
vn 0.1718129329035252 0.6859156770967467 -0.7071067811865477
vn 0.13794968964147153 0.6935199226610735 -0.7071067811865477
vn 0.10375411349410575 0.699453417986539 -0.7071067811865477
vn 0.06930858459954584 0.703701868763191 -0.7071067811865477
vn 0.034696085253970416 0.7062550401009886 -0.7071067811865477
vn 4.329780281177465e-17 0.7071067811865474 -0.7071067811865477
vn -0.03469608525397033 0.7062550401009886 -0.7071067811865477
vn -0.06930858459954574 0.7037018687631911 -0.7071067811865477
vn -0.10375411349410568 0.699453417986539 -0.7071067811865477
vn -0.13794968964147142 0.6935199226610735 -0.7071067811865477
vn -0.17181293290352512 0.6859156770967467 -0.7071067811865477
vn -0.2052622637611785 0.6766590005871762 -0.7071067811865477
vn -0.2382170998465805 0.6657721932768625 -0.7071067811865477
vn -0.2705980500730984 0.6532814824381881 -0.7071067811865477
vn -0.30232710589540013 0.6392169592876203 -0.7071067811865477
vn -0.3333278292388732 0.6236125064933354 -0.7071067811865477
vn -0.3635255366456399 0.6065057165489038 -0.7071067811865477
vn -0.3928474791935508 0.5879378012096793 -0.7071067811865477
vn -0.4212230177547095 0.5679534922100713 -0.7071067811865477
vn -0.44858379317131797 0.5466009335008787 -0.7071067811865477
vn -0.4748638909388771 0.5239315652662951 -0.7071067811865477
vn -0.49999999999999983 0.4999999999999999 -0.7071067811865477
vn -0.5239315652662949 0.47486389093887715 -0.7071067811865477
vn -0.5466009335008787 0.448583793171318 -0.7071067811865477
vn -0.5679534922100712 0.4212230177547096 -0.7071067811865477
vn -0.5879378012096793 0.39284747919355095 -0.7071067811865477
vn -0.6065057165489037 0.36352553664563997 -0.7071067811865477
vn -0.6236125064933354 0.33332782923887333 -0.7071067811865477
vn -0.6392169592876202 0.30232710589540024 -0.7071067811865477
vn -0.6532814824381881 0.2705980500730985 -0.7071067811865477
vn -0.6657721932768625 0.23821709984658077 -0.7071067811865477
vn -0.6766590005871761 0.20526226376117865 -0.7071067811865477
vn -0.6859156770967467 0.17181293290352526 -0.7071067811865477
vn -0.6935199226610735 0.13794968964147172 -0.7071067811865477
vn -0.699453417986539 0.10375411349410579 -0.7071067811865477
vn -0.703701868763191 0.06930858459954588 -0.7071067811865477
vn -0.7062550401009886 0.034696085253970305 -0.7071067811865477
vn -0.7071067811865474 8.65956056235493e-17 -0.7071067811865477
vn -0.7062550401009886 -0.03469608525397013 -0.7071067811865477
vn -0.7037018687631911 -0.06930858459954571 -0.7071067811865477
vn -0.699453417986539 -0.10375411349410564 -0.7071067811865477
vn -0.6935199226610735 -0.13794968964147153 -0.7071067811865477
vn -0.6859156770967467 -0.1718129329035251 -0.7071067811865477
vn -0.6766590005871762 -0.20526226376117845 -0.7071067811865477
vn -0.6657721932768625 -0.23821709984658057 -0.7071067811865477
vn -0.6532814824381882 -0.27059805007309834 -0.7071067811865477
vn -0.6392169592876203 -0.3023271058954001 -0.7071067811865477
vn -0.6236125064933354 -0.33332782923887316 -0.7071067811865477
vn -0.606505716548904 -0.36352553664563986 -0.7071067811865477
vn -0.5879378012096794 -0.3928474791935508 -0.7071067811865477
vn -0.5679534922100713 -0.42122301775470944 -0.7071067811865477
vn -0.5466009335008787 -0.44858379317131786 -0.7071067811865477
vn -0.5239315652662951 -0.4748638909388771 -0.7071067811865477
vn -0.5 -0.49999999999999983 -0.7071067811865477
vn -0.47486389093887726 -0.5239315652662949 -0.7071067811865477
vn -0.44858379317131825 -0.5466009335008783 -0.7071067811865477
vn -0.4212230177547094 -0.5679534922100713 -0.7071067811865477
vn -0.39284747919355095 -0.5879378012096792 -0.7071067811865477
vn -0.36352553664563997 -0.6065057165489037 -0.7071067811865477
vn -0.3333278292388734 -0.6236125064933354 -0.7071067811865477
vn -0.30232710589540057 -0.6392169592876201 -0.7071067811865477
vn -0.27059805007309884 -0.653281482438188 -0.7071067811865477
vn -0.2382170998465805 -0.6657721932768625 -0.7071067811865477
vn -0.2052622637611787 -0.6766590005871761 -0.7071067811865477
vn -0.17181293290352528 -0.6859156770967467 -0.7071067811865477
vn -0.13794968964147175 -0.6935199226610734 -0.7071067811865477
vn -0.10375411349410615 -0.6994534179865389 -0.7071067811865477
vn -0.06930858459954561 -0.7037018687631911 -0.7071067811865477
vn -0.034696085253970346 -0.7062550401009886 -0.7071067811865477
vn -1.2989340843532396e-16 -0.7071067811865474 -0.7071067811865477
vn 0.03469608525397009 -0.7062550401009886 -0.7071067811865477
vn 0.06930858459954535 -0.7037018687631911 -0.7071067811865477
vn 0.10375411349410589 -0.6994534179865389 -0.7071067811865477
vn 0.1379496896414715 -0.6935199226610735 -0.7071067811865477
vn 0.17181293290352503 -0.6859156770967467 -0.7071067811865477
vn 0.20526226376117843 -0.6766590005871762 -0.7071067811865477
vn 0.23821709984658024 -0.6657721932768627 -0.7071067811865477
vn 0.2705980500730986 -0.6532814824381881 -0.7071067811865477
vn 0.30232710589540035 -0.6392169592876202 -0.7071067811865477
vn 0.3333278292388731 -0.6236125064933354 -0.7071067811865477
vn 0.36352553664563986 -0.606505716548904 -0.7071067811865477
vn 0.39284747919355073 -0.5879378012096794 -0.7071067811865477
vn 0.4212230177547092 -0.5679534922100715 -0.7071067811865477
vn 0.4485837931713181 -0.5466009335008786 -0.7071067811865477
vn 0.4748638909388771 -0.5239315652662951 -0.7071067811865477
vn 0.4999999999999998 -0.5 -0.7071067811865477
vn 0.5239315652662948 -0.47486389093887726 -0.7071067811865477
vn 0.5466009335008783 -0.44858379317131836 -0.7071067811865477
vn 0.5679534922100713 -0.42122301775470944 -0.7071067811865477
vn 0.5879378012096792 -0.39284747919355095 -0.7071067811865477
vn 0.6065057165489037 -0.3635255366456401 -0.7071067811865477
vn 0.6236125064933353 -0.3333278292388734 -0.7071067811865477
vn 0.6392169592876201 -0.30232710589540057 -0.7071067811865477
vn 0.653281482438188 -0.27059805007309884 -0.7071067811865477
vn 0.6657721932768625 -0.23821709984658052 -0.7071067811865477
vn 0.6766590005871761 -0.20526226376117873 -0.7071067811865477
vn 0.6859156770967467 -0.17181293290352534 -0.7071067811865477
vn 0.6935199226610734 -0.13794968964147178 -0.7071067811865477
vn 0.6994534179865389 -0.10375411349410621 -0.7071067811865477
vn 0.7037018687631911 -0.06930858459954564 -0.7071067811865477
vn 0.7062550401009886 -0.03469608525397039 -0.7071067811865477
vn 0.7071067811865474 -1.731912112470986e-16 -0.7071067811865477
vn 0.8090169943749473 0.0 -0.5877852522924734
vn 0.8080424979744629 0.03969658240533649 -0.5877852522924734
vn 0.8051213564201942 0.07929753226664855 -0.5877852522924734
vn 0.8002606069980073 0.11870744742708675 -0.5877852522924734
vn 0.7934719596790114 0.15783138594912868 -0.5877852522924734
vn 0.7847717689092135 0.19657509483802252 -0.5877852522924734
vn 0.7741809942102246 0.23484523710550675 -0.5877852522924734
vn 0.761725149685937 0.2725496166267905 -0.5877852522924734
vn 0.7474342425568127 0.3095974002490934 -0.5877852522924734
vn 0.7313427008698614 0.3458993366166666 -0.5877852522924734
vn 0.7134892905584596 0.38136797118512666 -0.5877852522924734
vn 0.6939170220518216 0.4159178569071126 -0.5877852522924734
vn 0.6726730466591079 0.4494657600817077 -0.5877852522924734
vn 0.6498085429777922 0.481930860871715 -0.5877852522924734
vn 0.6253785935999369 0.5132349480057243 -0.5877852522924734
vn 0.599442052413404 0.5433026071959157 -0.5877852522924734
vn 0.5720614028176843 0.5720614028176841 -0.5877852522924734
vn 0.5433026071959157 0.5994420524134039 -0.5877852522924734
vn 0.5132349480057243 0.6253785935999369 -0.5877852522924734
vn 0.4819308608717151 0.6498085429777922 -0.5877852522924734
vn 0.44946576008170774 0.6726730466591079 -0.5877852522924734
vn 0.4159178569071126 0.6939170220518216 -0.5877852522924734
vn 0.3813679711851268 0.7134892905584596 -0.5877852522924734
vn 0.3458993366166667 0.7313427008698614 -0.5877852522924734
vn 0.30959740024909344 0.7474342425568127 -0.5877852522924734
vn 0.2725496166267905 0.761725149685937 -0.5877852522924734
vn 0.23484523710550675 0.7741809942102246 -0.5877852522924734
vn 0.1965750948380226 0.7847717689092135 -0.5877852522924734
vn 0.15783138594912877 0.7934719596790114 -0.5877852522924734
vn 0.11870744742708675 0.8002606069980073 -0.5877852522924734
vn 0.0792975322666487 0.8051213564201941 -0.5877852522924734
vn 0.03969658240533658 0.8080424979744629 -0.5877852522924734
vn 4.9538003630854574e-17 0.8090169943749473 -0.5877852522924734
vn -0.03969658240533648 0.8080424979744629 -0.5877852522924734
vn -0.07929753226664858 0.8051213564201942 -0.5877852522924734
vn -0.11870744742708667 0.8002606069980073 -0.5877852522924734
vn -0.15783138594912866 0.7934719596790114 -0.5877852522924734
vn -0.19657509483802252 0.7847717689092135 -0.5877852522924734
vn -0.23484523710550662 0.7741809942102247 -0.5877852522924734
vn -0.27254961662679045 0.761725149685937 -0.5877852522924734
vn -0.3095974002490933 0.7474342425568127 -0.5877852522924734
vn -0.34589933661666644 0.7313427008698614 -0.5877852522924734
vn -0.3813679711851267 0.7134892905584596 -0.5877852522924734
vn -0.4159178569071126 0.6939170220518216 -0.5877852522924734
vn -0.4494657600817075 0.672673046659108 -0.5877852522924734
vn -0.481930860871715 0.6498085429777922 -0.5877852522924734
vn -0.5132349480057242 0.625378593599937 -0.5877852522924734
vn -0.5433026071959158 0.5994420524134039 -0.5877852522924734
vn -0.5720614028176841 0.5720614028176843 -0.5877852522924734
vn -0.5994420524134036 0.5433026071959159 -0.5877852522924734
vn -0.6253785935999369 0.5132349480057243 -0.5877852522924734
vn -0.6498085429777922 0.4819308608717151 -0.5877852522924734
vn -0.672673046659108 0.4494657600817077 -0.5877852522924734
vn -0.6939170220518215 0.4159178569071127 -0.5877852522924734
vn -0.7134892905584596 0.38136797118512683 -0.5877852522924734
vn -0.7313427008698614 0.34589933661666655 -0.5877852522924734
vn -0.7474342425568127 0.3095974002490935 -0.5877852522924734
vn -0.7617251496859369 0.2725496166267907 -0.5877852522924734
vn -0.7741809942102246 0.2348452371055068 -0.5877852522924734
vn -0.7847717689092135 0.19657509483802268 -0.5877852522924734
vn -0.7934719596790114 0.157831385949129 -0.5877852522924734
vn -0.8002606069980073 0.11870744742708679 -0.5877852522924734
vn -0.8051213564201941 0.07929753226664873 -0.5877852522924734
vn -0.8080424979744629 0.039696582405336446 -0.5877852522924734
vn -0.8090169943749473 9.907600726170915e-17 -0.5877852522924734
vn -0.8080424979744629 -0.03969658240533625 -0.5877852522924734
vn -0.8051213564201942 -0.07929753226664854 -0.5877852522924734
vn -0.8002606069980073 -0.11870744742708661 -0.5877852522924734
vn -0.7934719596790114 -0.1578313859491288 -0.5877852522924734
vn -0.7847717689092135 -0.19657509483802246 -0.5877852522924734
vn -0.7741809942102247 -0.2348452371055066 -0.5877852522924734
vn -0.761725149685937 -0.2725496166267905 -0.5877852522924734
vn -0.7474342425568127 -0.30959740024909327 -0.5877852522924734
vn -0.7313427008698614 -0.3458993366166664 -0.5877852522924734
vn -0.7134892905584596 -0.38136797118512666 -0.5877852522924734
vn -0.6939170220518216 -0.4159178569071125 -0.5877852522924734
vn -0.6726730466591081 -0.4494657600817075 -0.5877852522924734
vn -0.6498085429777922 -0.4819308608717149 -0.5877852522924734
vn -0.625378593599937 -0.5132349480057242 -0.5877852522924734
vn -0.5994420524134039 -0.5433026071959158 -0.5877852522924734
vn -0.5720614028176844 -0.5720614028176841 -0.5877852522924734
vn -0.543302607195916 -0.5994420524134036 -0.5877852522924734
vn -0.5132349480057247 -0.6253785935999366 -0.5877852522924734
vn -0.48193086087171483 -0.6498085429777923 -0.5877852522924734
vn -0.4494657600817077 -0.6726730466591079 -0.5877852522924734
vn -0.4159178569071127 -0.6939170220518215 -0.5877852522924734
vn -0.3813679711851269 -0.7134892905584596 -0.5877852522924734
vn -0.34589933661666694 -0.7313427008698612 -0.5877852522924734
vn -0.3095974002490938 -0.7474342425568125 -0.5877852522924734
vn -0.27254961662679045 -0.761725149685937 -0.5877852522924734
vn -0.23484523710550684 -0.7741809942102246 -0.5877852522924734
vn -0.1965750948380227 -0.7847717689092135 -0.5877852522924734
vn -0.15783138594912902 -0.7934719596790113 -0.5877852522924734
vn -0.11870744742708719 -0.8002606069980072 -0.5877852522924734
vn -0.07929753226664843 -0.8051213564201942 -0.5877852522924734
vn -0.0396965824053365 -0.8080424979744629 -0.5877852522924734
vn -1.4861401089256373e-16 -0.8090169943749473 -0.5877852522924734
vn 0.0396965824053362 -0.8080424979744629 -0.5877852522924734
vn 0.07929753226664814 -0.8051213564201942 -0.5877852522924734
vn 0.1187074474270869 -0.8002606069980072 -0.5877852522924734
vn 0.15783138594912874 -0.7934719596790114 -0.5877852522924734
vn 0.19657509483802243 -0.7847717689092135 -0.5877852522924734
vn 0.23484523710550653 -0.7741809942102247 -0.5877852522924734
vn 0.27254961662679017 -0.7617251496859371 -0.5877852522924734
vn 0.30959740024909355 -0.7474342425568126 -0.5877852522924734
vn 0.34589933661666666 -0.7313427008698614 -0.5877852522924734
vn 0.3813679711851266 -0.7134892905584596 -0.5877852522924734
vn 0.4159178569071125 -0.6939170220518216 -0.5877852522924734
vn 0.4494657600817074 -0.6726730466591081 -0.5877852522924734
vn 0.48193086087171466 -0.6498085429777926 -0.5877852522924734
vn 0.5132349480057244 -0.6253785935999367 -0.5877852522924734
vn 0.5433026071959158 -0.5994420524134039 -0.5877852522924734
vn 0.5720614028176841 -0.5720614028176844 -0.5877852522924734
vn 0.5994420524134035 -0.543302607195916 -0.5877852522924734
vn 0.6253785935999366 -0.5132349480057247 -0.5877852522924734
vn 0.6498085429777923 -0.4819308608717149 -0.5877852522924734
vn 0.6726730466591079 -0.4494657600817077 -0.5877852522924734
vn 0.6939170220518215 -0.4159178569071128 -0.5877852522924734
vn 0.7134892905584594 -0.38136797118512694 -0.5877852522924734
vn 0.7313427008698612 -0.34589933661666694 -0.5877852522924734
vn 0.7474342425568125 -0.3095974002490939 -0.5877852522924734
vn 0.761725149685937 -0.2725496166267905 -0.5877852522924734
vn 0.7741809942102246 -0.2348452371055069 -0.5877852522924734
vn 0.7847717689092135 -0.19657509483802277 -0.5877852522924734
vn 0.7934719596790113 -0.15783138594912907 -0.5877852522924734
vn 0.8002606069980072 -0.11870744742708726 -0.5877852522924734
vn 0.8051213564201942 -0.07929753226664847 -0.5877852522924734
vn 0.8080424979744629 -0.03969658240533655 -0.5877852522924734
vn 0.8090169943749473 -1.981520145234183e-16 -0.5877852522924734
vn 0.8910065241883678 0.0 -0.45399049973954697
vn 0.8899332678085058 0.043719617952479535 -0.45399049973954697
vn 0.886716084237545 0.08733391151592527 -0.45399049973954697
vn 0.8813627239524999 0.13073781003698196 -0.45399049973954697
vn 0.873886083667196 0.17382674972237983 -0.45399049973954697
vn 0.8643041752629571 0.21649692554227143 -0.45399049973954697
vn 0.8526400823964051 0.2586455413056406 -0.45399049973954697
vn 0.8389219048889094 0.3001710573053308 -0.45399049973954697
vn 0.8231826910316558 0.340973434936093 -0.45399049973954697
vn 0.8054603579694188 0.3809543776963485 -0.45399049973954697
vn 0.7857976003548385 0.42001756799307094 -0.45399049973954697
vn 0.7642417874932625 0.458068899179304 -0.45399049973954697
vn 0.7408448492259405 0.4950167022653173 -0.45399049973954697
vn 0.7156631508264885 0.5307719667572312 -0.45399049973954697
vn 0.6887573572120067 0.5652485550910933 -0.45399049973954697
vn 0.6601922867959819 0.5983634101458148 -0.45399049973954697
vn 0.6300367553350504 0.6300367553350504 -0.45399049973954697
vn 0.5983634101458148 0.6601922867959817 -0.45399049973954697
vn 0.5652485550910933 0.6887573572120067 -0.45399049973954697
vn 0.5307719667572313 0.7156631508264883 -0.45399049973954697
vn 0.4950167022653174 0.7408448492259405 -0.45399049973954697
vn 0.458068899179304 0.7642417874932625 -0.45399049973954697
vn 0.42001756799307105 0.7857976003548384 -0.45399049973954697
vn 0.3809543776963486 0.8054603579694188 -0.45399049973954697
vn 0.340973434936093 0.8231826910316558 -0.45399049973954697
vn 0.3001710573053308 0.8389219048889094 -0.45399049973954697
vn 0.2586455413056406 0.8526400823964051 -0.45399049973954697
vn 0.21649692554227154 0.8643041752629571 -0.45399049973954697
vn 0.1738267497223799 0.873886083667196 -0.45399049973954697
vn 0.13073781003698196 0.8813627239524999 -0.45399049973954697
vn 0.08733391151592543 0.8867160842375449 -0.45399049973954697
vn 0.04371961795247963 0.8899332678085058 -0.45399049973954697
vn 5.455841439333467e-17 0.8910065241883678 -0.45399049973954697
vn -0.04371961795247953 0.8899332678085058 -0.45399049973954697
vn -0.08733391151592532 0.886716084237545 -0.45399049973954697
vn -0.13073781003698187 0.8813627239524999 -0.45399049973954697
vn -0.1738267497223798 0.873886083667196 -0.45399049973954697
vn -0.21649692554227143 0.8643041752629571 -0.45399049973954697
vn -0.2586455413056405 0.8526400823964052 -0.45399049973954697
vn -0.30017105730533067 0.8389219048889094 -0.45399049973954697
vn -0.34097343493609295 0.8231826910316558 -0.45399049973954697
vn -0.38095437769634827 0.805460357969419 -0.45399049973954697
vn -0.42001756799307094 0.7857976003548385 -0.45399049973954697
vn -0.458068899179304 0.7642417874932625 -0.45399049973954697
vn -0.4950167022653171 0.7408448492259406 -0.45399049973954697
vn -0.5307719667572312 0.7156631508264885 -0.45399049973954697
vn -0.5652485550910932 0.6887573572120068 -0.45399049973954697
vn -0.598363410145815 0.6601922867959817 -0.45399049973954697
vn -0.6300367553350504 0.6300367553350504 -0.45399049973954697
vn -0.6601922867959815 0.5983634101458151 -0.45399049973954697
vn -0.6887573572120067 0.5652485550910933 -0.45399049973954697
vn -0.7156631508264883 0.5307719667572313 -0.45399049973954697
vn -0.7408448492259406 0.4950167022653173 -0.45399049973954697
vn -0.7642417874932624 0.4580688991793041 -0.45399049973954697
vn -0.7857976003548384 0.4200175679930711 -0.45399049973954697
vn -0.8054603579694188 0.38095437769634843 -0.45399049973954697
vn -0.8231826910316558 0.34097343493609306 -0.45399049973954697
vn -0.8389219048889093 0.30017105730533106 -0.45399049973954697
vn -0.8526400823964051 0.25864554130564066 -0.45399049973954697
vn -0.8643041752629571 0.21649692554227162 -0.45399049973954697
vn -0.873886083667196 0.17382674972238016 -0.45399049973954697
vn -0.8813627239524999 0.130737810036982 -0.45399049973954697
vn -0.8867160842375449 0.08733391151592548 -0.45399049973954697
vn -0.8899332678085058 0.043719617952479486 -0.45399049973954697
vn -0.8910065241883678 1.0911682878666934e-16 -0.45399049973954697
vn -0.8899332678085058 -0.04371961795247927 -0.45399049973954697
vn -0.886716084237545 -0.08733391151592526 -0.45399049973954697
vn -0.8813627239524999 -0.13073781003698182 -0.45399049973954697
vn -0.873886083667196 -0.17382674972237994 -0.45399049973954697
vn -0.8643041752629571 -0.2164969255422714 -0.45399049973954697
vn -0.8526400823964052 -0.25864554130564044 -0.45399049973954697
vn -0.8389219048889094 -0.3001710573053308 -0.45399049973954697
vn -0.8231826910316559 -0.3409734349360929 -0.45399049973954697
vn -0.805460357969419 -0.3809543776963482 -0.45399049973954697
vn -0.7857976003548385 -0.42001756799307094 -0.45399049973954697
vn -0.7642417874932627 -0.45806889917930393 -0.45399049973954697
vn -0.7408448492259407 -0.4950167022653171 -0.45399049973954697
vn -0.7156631508264885 -0.530771966757231 -0.45399049973954697
vn -0.6887573572120068 -0.5652485550910931 -0.45399049973954697
vn -0.6601922867959817 -0.598363410145815 -0.45399049973954697
vn -0.6300367553350505 -0.6300367553350504 -0.45399049973954697
vn -0.5983634101458152 -0.6601922867959815 -0.45399049973954697
vn -0.5652485550910936 -0.6887573572120064 -0.45399049973954697
vn -0.530771966757231 -0.7156631508264886 -0.45399049973954697
vn -0.4950167022653173 -0.7408448492259405 -0.45399049973954697
vn -0.4580688991793041 -0.7642417874932624 -0.45399049973954697
vn -0.42001756799307116 -0.7857976003548384 -0.45399049973954697
vn -0.3809543776963488 -0.8054603579694186 -0.45399049973954697
vn -0.34097343493609344 -0.8231826910316555 -0.45399049973954697
vn -0.30017105730533067 -0.8389219048889094 -0.45399049973954697
vn -0.2586455413056407 -0.8526400823964051 -0.45399049973954697
vn -0.21649692554227165 -0.8643041752629571 -0.45399049973954697
vn -0.1738267497223802 -0.8738860836671959 -0.45399049973954697
vn -0.13073781003698245 -0.8813627239524998 -0.45399049973954697
vn -0.08733391151592515 -0.886716084237545 -0.45399049973954697
vn -0.04371961795247954 -0.8899332678085058 -0.45399049973954697
vn -1.63675243180004e-16 -0.8910065241883678 -0.45399049973954697
vn 0.043719617952479216 -0.8899332678085058 -0.45399049973954697
vn 0.08733391151592482 -0.886716084237545 -0.45399049973954697
vn 0.13073781003698212 -0.8813627239524998 -0.45399049973954697
vn 0.17382674972237988 -0.873886083667196 -0.45399049973954697
vn 0.21649692554227135 -0.8643041752629571 -0.45399049973954697
vn 0.2586455413056404 -0.8526400823964052 -0.45399049973954697
vn 0.3001710573053304 -0.8389219048889095 -0.45399049973954697
vn 0.34097343493609317 -0.8231826910316556 -0.45399049973954697
vn 0.38095437769634855 -0.8054603579694188 -0.45399049973954697
vn 0.4200175679930709 -0.7857976003548385 -0.45399049973954697
vn 0.45806889917930393 -0.7642417874932627 -0.45399049973954697
vn 0.495016702265317 -0.7408448492259407 -0.45399049973954697
vn 0.5307719667572308 -0.7156631508264888 -0.45399049973954697
vn 0.5652485550910934 -0.6887573572120066 -0.45399049973954697
vn 0.598363410145815 -0.6601922867959817 -0.45399049973954697
vn 0.6300367553350503 -0.6300367553350505 -0.45399049973954697
vn 0.6601922867959814 -0.5983634101458152 -0.45399049973954697
vn 0.6887573572120064 -0.5652485550910936 -0.45399049973954697
vn 0.7156631508264886 -0.530771966757231 -0.45399049973954697
vn 0.7408448492259405 -0.4950167022653173 -0.45399049973954697
vn 0.7642417874932624 -0.4580688991793042 -0.45399049973954697
vn 0.7857976003548384 -0.4200175679930712 -0.45399049973954697
vn 0.8054603579694186 -0.3809543776963489 -0.45399049973954697
vn 0.8231826910316555 -0.3409734349360935 -0.45399049973954697
vn 0.8389219048889094 -0.3001710573053307 -0.45399049973954697
vn 0.8526400823964051 -0.25864554130564077 -0.45399049973954697
vn 0.8643041752629571 -0.2164969255422717 -0.45399049973954697
vn 0.8738860836671959 -0.17382674972238024 -0.45399049973954697
vn 0.8813627239524998 -0.13073781003698254 -0.45399049973954697
vn 0.886716084237545 -0.08733391151592519 -0.45399049973954697
vn 0.8899332678085058 -0.0437196179524796 -0.45399049973954697
vn 0.8910065241883678 -2.1823365757333868e-16 -0.45399049973954697
vn 0.9510565162951535 0.0 -0.3090169943749477
vn 0.9499109270699199 0.04666613140853932 -0.3090169943749477
vn 0.9464769192190041 0.09321984001904511 -0.3090169943749477
vn 0.9407627655681029 0.13954897386985135 -0.3090169943749477
vn 0.9327822320138617 0.18554192201955863 -0.3090169943749477
vn 0.922554544360625 0.2310878834275678 -0.3090169943749477
vn 0.9101043420037892 0.2760771338834919 -0.3090169943749477
vn 0.8954616185713408 0.3204012903423898 -0.3090169943749477
vn 0.8786616496665794 0.3639535720290143 -0.3090169943749477
vn 0.8597449078861004 0.406629057682053 -0.3090169943749477
vn 0.8387569653177638 0.4483249383186366 -0.3090169943749477
vn 0.8157483837535432 0.48894076491018384 -0.3090169943749477
vn 0.7907745928817406 0.5283786903729095 -0.3090169943749477
vn 0.763895756752012 0.5665437052900195 -0.3090169943749477
vn 0.7351766288349019 0.6033438667977181 -0.3090169943749477
vn 0.7046863960250611 0.6386905200836196 -0.3090169943749477
vn 0.6724985119639574 0.6724985119639573 -0.3090169943749477
vn 0.6386905200836196 0.704686396025061 -0.3090169943749477
vn 0.6033438667977181 0.7351766288349019 -0.3090169943749477
vn 0.5665437052900196 0.7638957567520119 -0.3090169943749477
vn 0.5283786903729096 0.7907745928817406 -0.3090169943749477
vn 0.48894076491018384 0.8157483837535432 -0.3090169943749477
vn 0.4483249383186368 0.8387569653177637 -0.3090169943749477
vn 0.4066290576820531 0.8597449078861004 -0.3090169943749477
vn 0.36395357202901435 0.8786616496665794 -0.3090169943749477
vn 0.3204012903423898 0.8954616185713408 -0.3090169943749477
vn 0.2760771338834919 0.9101043420037892 -0.3090169943749477
vn 0.23108788342756792 0.922554544360625 -0.3090169943749477
vn 0.1855419220195587 0.9327822320138617 -0.3090169943749477
vn 0.13954897386985135 0.9407627655681029 -0.3090169943749477
vn 0.09321984001904526 0.9464769192190041 -0.3090169943749477
vn 0.046666131408539424 0.9499109270699199 -0.3090169943749477
vn 5.823541592445462e-17 0.9510565162951535 -0.3090169943749477
vn -0.04666613140853931 0.9499109270699199 -0.3090169943749477
vn -0.09321984001904514 0.9464769192190041 -0.3090169943749477
vn -0.13954897386985127 0.9407627655681029 -0.3090169943749477
vn -0.18554192201955857 0.9327822320138617 -0.3090169943749477
vn -0.2310878834275678 0.922554544360625 -0.3090169943749477
vn -0.27607713388349175 0.9101043420037893 -0.3090169943749477
vn -0.32040129034238973 0.8954616185713408 -0.3090169943749477
vn -0.36395357202901424 0.8786616496665794 -0.3090169943749477
vn -0.40662905768205276 0.8597449078861005 -0.3090169943749477
vn -0.4483249383186367 0.8387569653177638 -0.3090169943749477
vn -0.48894076491018384 0.8157483837535432 -0.3090169943749477
vn -0.5283786903729093 0.7907745928817407 -0.3090169943749477
vn -0.5665437052900195 0.763895756752012 -0.3090169943749477
vn -0.603343866797718 0.735176628834902 -0.3090169943749477
vn -0.6386905200836197 0.704686396025061 -0.3090169943749477
vn -0.6724985119639573 0.6724985119639574 -0.3090169943749477
vn -0.7046863960250608 0.6386905200836198 -0.3090169943749477
vn -0.7351766288349019 0.6033438667977181 -0.3090169943749477
vn -0.7638957567520119 0.5665437052900196 -0.3090169943749477
vn -0.7907745928817407 0.5283786903729095 -0.3090169943749477
vn -0.8157483837535431 0.48894076491018396 -0.3090169943749477
vn -0.8387569653177637 0.44832493831863685 -0.3090169943749477
vn -0.8597449078861004 0.40662905768205293 -0.3090169943749477
vn -0.8786616496665794 0.3639535720290144 -0.3090169943749477
vn -0.8954616185713407 0.32040129034239007 -0.3090169943749477
vn -0.9101043420037892 0.276077133883492 -0.3090169943749477
vn -0.922554544360625 0.231087883427568 -0.3090169943749477
vn -0.9327822320138617 0.18554192201955896 -0.3090169943749477
vn -0.9407627655681029 0.1395489738698514 -0.3090169943749477
vn -0.9464769192190041 0.09321984001904532 -0.3090169943749477
vn -0.9499109270699199 0.04666613140853927 -0.3090169943749477
vn -0.9510565162951535 1.1647083184890923e-16 -0.3090169943749477
vn -0.9499109270699199 -0.04666613140853904 -0.3090169943749477
vn -0.9464769192190041 -0.0932198400190451 -0.3090169943749477
vn -0.9407627655681029 -0.1395489738698512 -0.3090169943749477
vn -0.9327822320138617 -0.18554192201955874 -0.3090169943749477
vn -0.922554544360625 -0.23108788342756775 -0.3090169943749477
vn -0.9101043420037893 -0.2760771338834917 -0.3090169943749477
vn -0.8954616185713408 -0.3204012903423898 -0.3090169943749477
vn -0.8786616496665796 -0.3639535720290142 -0.3090169943749477
vn -0.8597449078861005 -0.4066290576820527 -0.3090169943749477
vn -0.8387569653177638 -0.4483249383186366 -0.3090169943749477
vn -0.8157483837535433 -0.48894076491018373 -0.3090169943749477
vn -0.7907745928817408 -0.5283786903729093 -0.3090169943749477
vn -0.763895756752012 -0.5665437052900195 -0.3090169943749477
vn -0.735176628834902 -0.6033438667977179 -0.3090169943749477
vn -0.704686396025061 -0.6386905200836197 -0.3090169943749477
vn -0.6724985119639575 -0.6724985119639573 -0.3090169943749477
vn -0.6386905200836199 -0.7046863960250608 -0.3090169943749477
vn -0.6033438667977183 -0.7351766288349015 -0.3090169943749477
vn -0.5665437052900194 -0.7638957567520122 -0.3090169943749477
vn -0.5283786903729095 -0.7907745928817406 -0.3090169943749477
vn -0.48894076491018396 -0.8157483837535431 -0.3090169943749477
vn -0.4483249383186369 -0.8387569653177637 -0.3090169943749477
vn -0.4066290576820533 -0.8597449078861003 -0.3090169943749477
vn -0.36395357202901485 -0.8786616496665792 -0.3090169943749477
vn -0.32040129034238973 -0.8954616185713408 -0.3090169943749477
vn -0.27607713388349203 -0.9101043420037892 -0.3090169943749477
vn -0.23108788342756806 -0.922554544360625 -0.3090169943749477
vn -0.18554192201955902 -0.9327822320138616 -0.3090169943749477
vn -0.13954897386985188 -0.9407627655681028 -0.3090169943749477
vn -0.09321984001904496 -0.9464769192190041 -0.3090169943749477
vn -0.046666131408539334 -0.9499109270699199 -0.3090169943749477
vn -1.7470624777336384e-16 -0.9510565162951535 -0.3090169943749477
vn 0.04666613140853898 -0.9499109270699199 -0.3090169943749477
vn 0.09321984001904461 -0.9464769192190041 -0.3090169943749477
vn 0.13954897386985154 -0.9407627655681028 -0.3090169943749477
vn 0.18554192201955869 -0.9327822320138617 -0.3090169943749477
vn 0.2310878834275677 -0.922554544360625 -0.3090169943749477
vn 0.2760771338834917 -0.9101043420037893 -0.3090169943749477
vn 0.3204012903423894 -0.8954616185713409 -0.3090169943749477
vn 0.3639535720290145 -0.8786616496665793 -0.3090169943749477
vn 0.40662905768205304 -0.8597449078861004 -0.3090169943749477
vn 0.44832493831863657 -0.8387569653177638 -0.3090169943749477
vn 0.48894076491018373 -0.8157483837535433 -0.3090169943749477
vn 0.5283786903729092 -0.7907745928817408 -0.3090169943749477
vn 0.5665437052900192 -0.7638957567520124 -0.3090169943749477
vn 0.6033438667977181 -0.7351766288349018 -0.3090169943749477
vn 0.6386905200836197 -0.704686396025061 -0.3090169943749477
vn 0.6724985119639572 -0.6724985119639575 -0.3090169943749477
vn 0.7046863960250607 -0.6386905200836199 -0.3090169943749477
vn 0.7351766288349015 -0.6033438667977185 -0.3090169943749477
vn 0.7638957567520122 -0.5665437052900195 -0.3090169943749477
vn 0.7907745928817406 -0.5283786903729095 -0.3090169943749477
vn 0.8157483837535431 -0.48894076491018407 -0.3090169943749477
vn 0.8387569653177636 -0.44832493831863696 -0.3090169943749477
vn 0.8597449078861003 -0.4066290576820534 -0.3090169943749477
vn 0.8786616496665792 -0.36395357202901485 -0.3090169943749477
vn 0.8954616185713408 -0.32040129034238973 -0.3090169943749477
vn 0.9101043420037892 -0.2760771338834921 -0.3090169943749477
vn 0.922554544360625 -0.2310878834275681 -0.3090169943749477
vn 0.9327822320138616 -0.18554192201955907 -0.3090169943749477
vn 0.9407627655681028 -0.13954897386985196 -0.3090169943749477
vn 0.9464769192190041 -0.09321984001904501 -0.3090169943749477
vn 0.9499109270699199 -0.04666613140853939 -0.3090169943749477
vn 0.9510565162951535 -2.3294166369781847e-16 -0.3090169943749477
vn 0.9876883405951377 0.0 -0.15643446504023112
vn 0.9864986267332502 0.048463569833310134 -0.15643446504023112
vn 0.9829323512724878 0.09681038668198445 -0.15643446504023112
vn 0.9769981056828042 0.1449239788295535 -0.15643446504023112
vn 0.9687101860816034 0.19268843641828076 -0.15643446504023112
vn 0.9580885587931409 0.23998869068616271 -0.15643446504023112
vn 0.9451588122478992 0.286710791177655 -0.15643446504023112
vn 0.929952095337818 0.33274218026030106 -0.15643446504023112
vn 0.9125050423758844 0.3779719642859271 -0.15643446504023112
vn 0.8928596848408652 0.42229118074315436 -0.15643446504023112
vn 0.8710633501197925 0.4655930607576324 -0.15643446504023112
vn 0.8471685474921428 0.5077732863076097 -0.15643446504023112
vn 0.8212328416303833 0.5487302415351848 -0.15643446504023112
vn 0.793318713921635 0.5883652575478091 -0.15643446504023112
vn 0.7634934119445368 0.6265828501202906 -0.15643446504023112
vn 0.7318287874639395 0.6632909497246565 -0.15643446504023112
vn 0.6984011233337103 0.6984011233337102 -0.15643446504023112
vn 0.6632909497246565 0.7318287874639394 -0.15643446504023112
vn 0.6265828501202906 0.7634934119445368 -0.15643446504023112
vn 0.5883652575478092 0.7933187139216349 -0.15643446504023112
vn 0.5487302415351849 0.8212328416303833 -0.15643446504023112
vn 0.5077732863076097 0.8471685474921428 -0.15643446504023112
vn 0.46559306075763257 0.8710633501197924 -0.15643446504023112
vn 0.42229118074315447 0.8928596848408652 -0.15643446504023112
vn 0.37797196428592716 0.9125050423758844 -0.15643446504023112
vn 0.33274218026030106 0.929952095337818 -0.15643446504023112
vn 0.286710791177655 0.9451588122478992 -0.15643446504023112
vn 0.23998869068616283 0.9580885587931409 -0.15643446504023112
vn 0.19268843641828085 0.9687101860816034 -0.15643446504023112
vn 0.1449239788295535 0.9769981056828042 -0.15643446504023112
vn 0.09681038668198462 0.9829323512724877 -0.15643446504023112
vn 0.048463569833310245 0.9864986267332502 -0.15643446504023112
vn 6.047846824324981e-17 0.9876883405951377 -0.15643446504023112
vn -0.04846356983331013 0.9864986267332502 -0.15643446504023112
vn -0.0968103866819845 0.9829323512724878 -0.15643446504023112
vn -0.14492397882955338 0.9769981056828042 -0.15643446504023112
vn -0.1926884364182807 0.9687101860816034 -0.15643446504023112
vn -0.23998869068616271 0.9580885587931409 -0.15643446504023112
vn -0.28671079117765486 0.9451588122478993 -0.15643446504023112
vn -0.33274218026030095 0.929952095337818 -0.15643446504023112
vn -0.37797196428592705 0.9125050423758844 -0.15643446504023112
vn -0.42229118074315414 0.8928596848408653 -0.15643446504023112
vn -0.46559306075763246 0.8710633501197925 -0.15643446504023112
vn -0.5077732863076097 0.8471685474921428 -0.15643446504023112
vn -0.5487302415351846 0.8212328416303835 -0.15643446504023112
vn -0.5883652575478091 0.793318713921635 -0.15643446504023112
vn -0.6265828501202906 0.7634934119445369 -0.15643446504023112
vn -0.6632909497246566 0.7318287874639394 -0.15643446504023112
vn -0.6984011233337102 0.6984011233337103 -0.15643446504023112
vn -0.7318287874639392 0.6632909497246567 -0.15643446504023112
vn -0.7634934119445368 0.6265828501202906 -0.15643446504023112
vn -0.7933187139216349 0.5883652575478092 -0.15643446504023112
vn -0.8212328416303835 0.5487302415351848 -0.15643446504023112
vn -0.8471685474921427 0.5077732863076098 -0.15643446504023112
vn -0.8710633501197924 0.4655930607576326 -0.15643446504023112
vn -0.8928596848408652 0.4222911807431543 -0.15643446504023112
vn -0.9125050423758844 0.3779719642859272 -0.15643446504023112
vn -0.9299520953378179 0.3327421802603013 -0.15643446504023112
vn -0.9451588122478992 0.2867107911776551 -0.15643446504023112
vn -0.9580885587931409 0.2399886906861629 -0.15643446504023112
vn -0.9687101860816034 0.19268843641828112 -0.15643446504023112
vn -0.9769981056828042 0.14492397882955355 -0.15643446504023112
vn -0.9829323512724877 0.09681038668198468 -0.15643446504023112
vn -0.9864986267332502 0.048463569833310086 -0.15643446504023112
vn -0.9876883405951377 1.2095693648649962e-16 -0.15643446504023112
vn -0.9864986267332502 -0.04846356983330985 -0.15643446504023112
vn -0.9829323512724878 -0.09681038668198444 -0.15643446504023112
vn -0.9769981056828042 -0.14492397882955332 -0.15643446504023112
vn -0.9687101860816034 -0.19268843641828087 -0.15643446504023112
vn -0.9580885587931409 -0.23998869068616266 -0.15643446504023112
vn -0.9451588122478993 -0.2867107911776548 -0.15643446504023112
vn -0.929952095337818 -0.33274218026030106 -0.15643446504023112
vn -0.9125050423758845 -0.377971964285927 -0.15643446504023112
vn -0.8928596848408653 -0.4222911807431541 -0.15643446504023112
vn -0.8710633501197925 -0.4655930607576324 -0.15643446504023112
vn -0.8471685474921429 -0.5077732863076095 -0.15643446504023112
vn -0.8212328416303836 -0.5487302415351846 -0.15643446504023112
vn -0.793318713921635 -0.588365257547809 -0.15643446504023112
vn -0.7634934119445369 -0.6265828501202905 -0.15643446504023112
vn -0.7318287874639394 -0.6632909497246566 -0.15643446504023112
vn -0.6984011233337104 -0.6984011233337102 -0.15643446504023112
vn -0.6632909497246569 -0.7318287874639392 -0.15643446504023112
vn -0.6265828501202909 -0.7634934119445365 -0.15643446504023112
vn -0.5883652575478089 -0.7933187139216351 -0.15643446504023112
vn -0.5487302415351848 -0.8212328416303833 -0.15643446504023112
vn -0.5077732863076098 -0.8471685474921427 -0.15643446504023112
vn -0.4655930607576327 -0.8710633501197924 -0.15643446504023112
vn -0.42229118074315475 -0.892859684840865 -0.15643446504023112
vn -0.37797196428592766 -0.9125050423758841 -0.15643446504023112
vn -0.33274218026030095 -0.929952095337818 -0.15643446504023112
vn -0.28671079117765513 -0.9451588122478992 -0.15643446504023112
vn -0.23998869068616296 -0.9580885587931409 -0.15643446504023112
vn -0.19268843641828118 -0.9687101860816033 -0.15643446504023112
vn -0.14492397882955402 -0.9769981056828041 -0.15643446504023112
vn -0.0968103866819843 -0.9829323512724878 -0.15643446504023112
vn -0.04846356983331015 -0.9864986267332502 -0.15643446504023112
vn -1.814354047297494e-16 -0.9876883405951377 -0.15643446504023112
vn 0.04846356983330979 -0.9864986267332502 -0.15643446504023112
vn 0.09681038668198395 -0.9829323512724878 -0.15643446504023112
vn 0.14492397882955368 -0.9769981056828041 -0.15643446504023112
vn 0.19268843641828082 -0.9687101860816034 -0.15643446504023112
vn 0.2399886906861626 -0.9580885587931409 -0.15643446504023112
vn 0.28671079117765474 -0.9451588122478993 -0.15643446504023112
vn 0.3327421802603006 -0.9299520953378181 -0.15643446504023112
vn 0.37797196428592733 -0.9125050423758843 -0.15643446504023112
vn 0.4222911807431544 -0.8928596848408652 -0.15643446504023112
vn 0.46559306075763235 -0.8710633501197925 -0.15643446504023112
vn 0.5077732863076095 -0.8471685474921429 -0.15643446504023112
vn 0.5487302415351845 -0.8212328416303836 -0.15643446504023112
vn 0.5883652575478087 -0.7933187139216353 -0.15643446504023112
vn 0.6265828501202907 -0.7634934119445367 -0.15643446504023112
vn 0.6632909497246566 -0.7318287874639394 -0.15643446504023112
vn 0.6984011233337101 -0.6984011233337104 -0.15643446504023112
vn 0.7318287874639391 -0.6632909497246569 -0.15643446504023112
vn 0.7634934119445365 -0.626582850120291 -0.15643446504023112
vn 0.7933187139216351 -0.588365257547809 -0.15643446504023112
vn 0.8212328416303833 -0.5487302415351848 -0.15643446504023112
vn 0.8471685474921427 -0.5077732863076099 -0.15643446504023112
vn 0.8710633501197923 -0.46559306075763274 -0.15643446504023112
vn 0.892859684840865 -0.4222911807431548 -0.15643446504023112
vn 0.9125050423758841 -0.3779719642859277 -0.15643446504023112
vn 0.929952095337818 -0.332742180260301 -0.15643446504023112
vn 0.9451588122478992 -0.2867107911776552 -0.15643446504023112
vn 0.9580885587931409 -0.23998869068616302 -0.15643446504023112
vn 0.9687101860816033 -0.19268843641828123 -0.15643446504023112
vn 0.9769981056828041 -0.1449239788295541 -0.15643446504023112
vn 0.9829323512724878 -0.09681038668198436 -0.15643446504023112
vn 0.9864986267332502 -0.04846356983331021 -0.15643446504023112
vn 0.9876883405951377 -2.4191387297299924e-16 -0.15643446504023112
vn 1.0 0.0 -2.4492935982947064e-16
vn 0.9987954562051724 0.049067674327418015 -2.4492935982947064e-16
vn 0.9951847266721969 0.0980171403295606 -2.4492935982947064e-16
vn 0.989176509964781 0.14673047445536175 -2.4492935982947064e-16
vn 0.9807852804032304 0.19509032201612825 -2.4492935982947064e-16
vn 0.970031253194544 0.24298017990326387 -2.4492935982947064e-16
vn 0.9569403357322088 0.29028467725446233 -2.4492935982947064e-16
vn 0.9415440651830208 0.33688985339222005 -2.4492935982947064e-16
vn 0.9238795325112867 0.3826834323650898 -2.4492935982947064e-16
vn 0.9039892931234433 0.4275550934302821 -2.4492935982947064e-16
vn 0.881921264348355 0.47139673682599764 -2.4492935982947064e-16
vn 0.8577286100002721 0.5141027441932217 -2.4492935982947064e-16
vn 0.8314696123025452 0.5555702330196022 -2.4492935982947064e-16
vn 0.8032075314806449 0.5956993044924334 -2.4492935982947064e-16
vn 0.773010453362737 0.6343932841636455 -2.4492935982947064e-16
vn 0.7409511253549592 0.6715589548470183 -2.4492935982947064e-16
vn 0.7071067811865476 0.7071067811865475 -2.4492935982947064e-16
vn 0.6715589548470183 0.7409511253549591 -2.4492935982947064e-16
vn 0.6343932841636455 0.773010453362737 -2.4492935982947064e-16
vn 0.5956993044924335 0.8032075314806448 -2.4492935982947064e-16
vn 0.5555702330196023 0.8314696123025452 -2.4492935982947064e-16
vn 0.5141027441932217 0.8577286100002721 -2.4492935982947064e-16
vn 0.4713967368259978 0.8819212643483549 -2.4492935982947064e-16
vn 0.4275550934302822 0.9039892931234433 -2.4492935982947064e-16
vn 0.38268343236508984 0.9238795325112867 -2.4492935982947064e-16
vn 0.33688985339222005 0.9415440651830208 -2.4492935982947064e-16
vn 0.29028467725446233 0.9569403357322088 -2.4492935982947064e-16
vn 0.24298017990326398 0.970031253194544 -2.4492935982947064e-16
vn 0.19509032201612833 0.9807852804032304 -2.4492935982947064e-16
vn 0.14673047445536175 0.989176509964781 -2.4492935982947064e-16
vn 0.09801714032956077 0.9951847266721968 -2.4492935982947064e-16
vn 0.049067674327418126 0.9987954562051724 -2.4492935982947064e-16
vn 6.123233995736766e-17 1.0 -2.4492935982947064e-16
vn -0.04906767432741801 0.9987954562051724 -2.4492935982947064e-16
vn -0.09801714032956065 0.9951847266721969 -2.4492935982947064e-16
vn -0.14673047445536164 0.989176509964781 -2.4492935982947064e-16
vn -0.1950903220161282 0.9807852804032304 -2.4492935982947064e-16
vn -0.24298017990326387 0.970031253194544 -2.4492935982947064e-16
vn -0.29028467725446216 0.9569403357322089 -2.4492935982947064e-16
vn -0.33688985339221994 0.9415440651830208 -2.4492935982947064e-16
vn -0.3826834323650897 0.9238795325112867 -2.4492935982947064e-16
vn -0.42755509343028186 0.9039892931234434 -2.4492935982947064e-16
vn -0.4713967368259977 0.881921264348355 -2.4492935982947064e-16
vn -0.5141027441932217 0.8577286100002721 -2.4492935982947064e-16
vn -0.555570233019602 0.8314696123025453 -2.4492935982947064e-16
vn -0.5956993044924334 0.8032075314806449 -2.4492935982947064e-16
vn -0.6343932841636454 0.7730104533627371 -2.4492935982947064e-16
vn -0.6715589548470184 0.7409511253549591 -2.4492935982947064e-16
vn -0.7071067811865475 0.7071067811865476 -2.4492935982947064e-16
vn -0.7409511253549589 0.6715589548470186 -2.4492935982947064e-16
vn -0.773010453362737 0.6343932841636455 -2.4492935982947064e-16
vn -0.8032075314806448 0.5956993044924335 -2.4492935982947064e-16
vn -0.8314696123025453 0.5555702330196022 -2.4492935982947064e-16
vn -0.857728610000272 0.5141027441932218 -2.4492935982947064e-16
vn -0.8819212643483549 0.47139673682599786 -2.4492935982947064e-16
vn -0.9039892931234433 0.42755509343028203 -2.4492935982947064e-16
vn -0.9238795325112867 0.3826834323650899 -2.4492935982947064e-16
vn -0.9415440651830207 0.33688985339222033 -2.4492935982947064e-16
vn -0.9569403357322088 0.2902846772544624 -2.4492935982947064e-16
vn -0.970031253194544 0.24298017990326407 -2.4492935982947064e-16
vn -0.9807852804032304 0.1950903220161286 -2.4492935982947064e-16
vn -0.989176509964781 0.1467304744553618 -2.4492935982947064e-16
vn -0.9951847266721968 0.09801714032956083 -2.4492935982947064e-16
vn -0.9987954562051724 0.049067674327417966 -2.4492935982947064e-16
vn -1.0 1.2246467991473532e-16 -2.4492935982947064e-16
vn -0.9987954562051724 -0.049067674327417724 -2.4492935982947064e-16
vn -0.9951847266721969 -0.09801714032956059 -2.4492935982947064e-16
vn -0.989176509964781 -0.14673047445536158 -2.4492935982947064e-16
vn -0.9807852804032304 -0.19509032201612836 -2.4492935982947064e-16
vn -0.970031253194544 -0.24298017990326382 -2.4492935982947064e-16
vn -0.9569403357322089 -0.2902846772544621 -2.4492935982947064e-16
vn -0.9415440651830208 -0.33688985339222005 -2.4492935982947064e-16
vn -0.9238795325112868 -0.38268343236508967 -2.4492935982947064e-16
vn -0.9039892931234434 -0.4275550934302818 -2.4492935982947064e-16
vn -0.881921264348355 -0.47139673682599764 -2.4492935982947064e-16
vn -0.8577286100002722 -0.5141027441932216 -2.4492935982947064e-16
vn -0.8314696123025455 -0.555570233019602 -2.4492935982947064e-16
vn -0.8032075314806449 -0.5956993044924332 -2.4492935982947064e-16
vn -0.7730104533627371 -0.6343932841636453 -2.4492935982947064e-16
vn -0.7409511253549591 -0.6715589548470184 -2.4492935982947064e-16
vn -0.7071067811865477 -0.7071067811865475 -2.4492935982947064e-16
vn -0.6715589548470187 -0.7409511253549589 -2.4492935982947064e-16
vn -0.6343932841636458 -0.7730104533627367 -2.4492935982947064e-16
vn -0.5956993044924331 -0.803207531480645 -2.4492935982947064e-16
vn -0.5555702330196022 -0.8314696123025452 -2.4492935982947064e-16
vn -0.5141027441932218 -0.857728610000272 -2.4492935982947064e-16
vn -0.4713967368259979 -0.8819212643483549 -2.4492935982947064e-16
vn -0.4275550934302825 -0.9039892931234431 -2.4492935982947064e-16
vn -0.38268343236509034 -0.9238795325112865 -2.4492935982947064e-16
vn -0.33688985339221994 -0.9415440651830208 -2.4492935982947064e-16
vn -0.29028467725446244 -0.9569403357322088 -2.4492935982947064e-16
vn -0.24298017990326412 -0.970031253194544 -2.4492935982947064e-16
vn -0.19509032201612866 -0.9807852804032303 -2.4492935982947064e-16
vn -0.1467304744553623 -0.9891765099647809 -2.4492935982947064e-16
vn -0.09801714032956045 -0.9951847266721969 -2.4492935982947064e-16
vn -0.04906767432741803 -0.9987954562051724 -2.4492935982947064e-16
vn -1.8369701987210297e-16 -1.0 -2.4492935982947064e-16
vn 0.04906767432741766 -0.9987954562051724 -2.4492935982947064e-16
vn 0.09801714032956009 -0.9951847266721969 -2.4492935982947064e-16
vn 0.14673047445536194 -0.9891765099647809 -2.4492935982947064e-16
vn 0.1950903220161283 -0.9807852804032304 -2.4492935982947064e-16
vn 0.24298017990326376 -0.970031253194544 -2.4492935982947064e-16
vn 0.29028467725446205 -0.9569403357322089 -2.4492935982947064e-16
vn 0.3368898533922196 -0.9415440651830209 -2.4492935982947064e-16
vn 0.38268343236509 -0.9238795325112866 -2.4492935982947064e-16
vn 0.42755509343028214 -0.9039892931234433 -2.4492935982947064e-16
vn 0.4713967368259976 -0.881921264348355 -2.4492935982947064e-16
vn 0.5141027441932216 -0.8577286100002722 -2.4492935982947064e-16
vn 0.5555702330196018 -0.8314696123025455 -2.4492935982947064e-16
vn 0.5956993044924329 -0.8032075314806453 -2.4492935982947064e-16
vn 0.6343932841636456 -0.7730104533627369 -2.4492935982947064e-16
vn 0.6715589548470184 -0.7409511253549591 -2.4492935982947064e-16
vn 0.7071067811865474 -0.7071067811865477 -2.4492935982947064e-16
vn 0.7409511253549588 -0.6715589548470187 -2.4492935982947064e-16
vn 0.7730104533627367 -0.6343932841636459 -2.4492935982947064e-16
vn 0.803207531480645 -0.5956993044924332 -2.4492935982947064e-16
vn 0.8314696123025452 -0.5555702330196022 -2.4492935982947064e-16
vn 0.857728610000272 -0.5141027441932219 -2.4492935982947064e-16
vn 0.8819212643483548 -0.471396736825998 -2.4492935982947064e-16
vn 0.9039892931234431 -0.42755509343028253 -2.4492935982947064e-16
vn 0.9238795325112865 -0.3826834323650904 -2.4492935982947064e-16
vn 0.9415440651830208 -0.33688985339222 -2.4492935982947064e-16
vn 0.9569403357322088 -0.2902846772544625 -2.4492935982947064e-16
vn 0.970031253194544 -0.24298017990326418 -2.4492935982947064e-16
vn 0.9807852804032303 -0.19509032201612872 -2.4492935982947064e-16
vn 0.9891765099647809 -0.1467304744553624 -2.4492935982947064e-16
vn 0.9951847266721969 -0.0980171403295605 -2.4492935982947064e-16
vn 0.9987954562051724 -0.04906767432741809 -2.4492935982947064e-16
vn 1.0 -2.4492935982947064e-16 -2.4492935982947064e-16
f 1//1 2//2 131//131
f 1//1 131//131 130//130
f 2//2 3//3 132//132
f 2//2 132//132 131//131
f 3//3 4//4 133//133
f 3//3 133//133 132//132
f 4//4 5//5 134//134
f 4//4 134//134 133//133
f 5//5 6//6 135//135
f 5//5 135//135 134//134
f 6//6 7//7 136//136
f 6//6 136//136 135//135
f 7//7 8//8 137//137
f 7//7 137//137 136//136
f 8//8 9//9 138//138
f 8//8 138//138 137//137
f 9//9 10//10 139//139
f 9//9 139//139 138//138
f 10//10 11//11 140//140
f 10//10 140//140 139//139
f 11//11 12//12 141//141
f 11//11 141//141 140//140
f 12//12 13//13 142//142
f 12//12 142//142 141//141
f 13//13 14//14 143//143
f 13//13 143//143 142//142
f 14//14 15//15 144//144
f 14//14 144//144 143//143
f 15//15 16//16 145//145
f 15//15 145//145 144//144
f 16//16 17//17 146//146
f 16//16 146//146 145//145
f 17//17 18//18 147//147
f 17//17 147//147 146//146
f 18//18 19//19 148//148
f 18//18 148//148 147//147
f 19//19 20//20 149//149
f 19//19 149//149 148//148
f 20//20 21//21 150//150
f 20//20 150//150 149//149
f 21//21 22//22 151//151
f 21//21 151//151 150//150
f 22//22 23//23 152//152
f 22//22 152//152 151//151
f 23//23 24//24 153//153
f 23//23 153//153 152//152
f 24//24 25//25 154//154
f 24//24 154//154 153//153
f 25//25 26//26 155//155
f 25//25 155//155 154//154
f 26//26 27//27 156//156
f 26//26 156//156 155//155
f 27//27 28//28 157//157
f 27//27 157//157 156//156
f 28//28 29//29 158//158
f 28//28 158//158 157//157
f 29//29 30//30 159//159
f 29//29 159//159 158//158
f 30//30 31//31 160//160
f 30//30 160//160 159//159
f 31//31 32//32 161//161
f 31//31 161//161 160//160
f 32//32 33//33 162//162
f 32//32 162//162 161//161
f 33//33 34//34 163//163
f 33//33 163//163 162//162
f 34//34 35//35 164//164
f 34//34 164//164 163//163
f 35//35 36//36 165//165
f 35//35 165//165 164//164
f 36//36 37//37 166//166
f 36//36 166//166 165//165
f 37//37 38//38 167//167
f 37//37 167//167 166//166
f 38//38 39//39 168//168
f 38//38 168//168 167//167
f 39//39 40//40 169//169
f 39//39 169//169 168//168
f 40//40 41//41 170//170
f 40//40 170//170 169//169
f 41//41 42//42 171//171
f 41//41 171//171 170//170
f 42//42 43//43 172//172
f 42//42 172//172 171//171
f 43//43 44//44 173//173
f 43//43 173//173 172//172
f 44//44 45//45 174//174
f 44//44 174//174 173//173
f 45//45 46//46 175//175
f 45//45 175//175 174//174
f 46//46 47//47 176//176
f 46//46 176//176 175//175
f 47//47 48//48 177//177
f 47//47 177//177 176//176
f 48//48 49//49 178//178
f 48//48 178//178 177//177
f 49//49 50//50 179//179
f 49//49 179//179 178//178
f 50//50 51//51 180//180
f 50//50 180//180 179//179
f 51//51 52//52 181//181
f 51//51 181//181 180//180
f 52//52 53//53 182//182
f 52//52 182//182 181//181
f 53//53 54//54 183//183
f 53//53 183//183 182//182
f 54//54 55//55 184//184
f 54//54 184//184 183//183
f 55//55 56//56 185//185
f 55//55 185//185 184//184
f 56//56 57//57 186//186
f 56//56 186//186 185//185
f 57//57 58//58 187//187
f 57//57 187//187 186//186
f 58//58 59//59 188//188
f 58//58 188//188 187//187
f 59//59 60//60 189//189
f 59//59 189//189 188//188
f 60//60 61//61 190//190
f 60//60 190//190 189//189
f 61//61 62//62 191//191
f 61//61 191//191 190//190
f 62//62 63//63 192//192
f 62//62 192//192 191//191
f 63//63 64//64 193//193
f 63//63 193//193 192//192
f 64//64 65//65 194//194
f 64//64 194//194 193//193
f 65//65 66//66 195//195
f 65//65 195//195 194//194
f 66//66 67//67 196//196
f 66//66 196//196 195//195
f 67//67 68//68 197//197
f 67//67 197//197 196//196
f 68//68 69//69 198//198
f 68//68 198//198 197//197
f 69//69 70//70 199//199
f 69//69 199//199 198//198
f 70//70 71//71 200//200
f 70//70 200//200 199//199
f 71//71 72//72 201//201
f 71//71 201//201 200//200
f 72//72 73//73 202//202
f 72//72 202//202 201//201
f 73//73 74//74 203//203
f 73//73 203//203 202//202
f 74//74 75//75 204//204
f 74//74 204//204 203//203
f 75//75 76//76 205//205
f 75//75 205//205 204//204
f 76//76 77//77 206//206
f 76//76 206//206 205//205
f 77//77 78//78 207//207
f 77//77 207//207 206//206
f 78//78 79//79 208//208
f 78//78 208//208 207//207
f 79//79 80//80 209//209
f 79//79 209//209 208//208
f 80//80 81//81 210//210
f 80//80 210//210 209//209
f 81//81 82//82 211//211
f 81//81 211//211 210//210
f 82//82 83//83 212//212
f 82//82 212//212 211//211
f 83//83 84//84 213//213
f 83//83 213//213 212//212
f 84//84 85//85 214//214
f 84//84 214//214 213//213
f 85//85 86//86 215//215
f 85//85 215//215 214//214
f 86//86 87//87 216//216
f 86//86 216//216 215//215
f 87//87 88//88 217//217
f 87//87 217//217 216//216
f 88//88 89//89 218//218
f 88//88 218//218 217//217
f 89//89 90//90 219//219
f 89//89 219//219 218//218
f 90//90 91//91 220//220
f 90//90 220//220 219//219
f 91//91 92//92 221//221
f 91//91 221//221 220//220
f 92//92 93//93 222//222
f 92//92 222//222 221//221
f 93//93 94//94 223//223
f 93//93 223//223 222//222
f 94//94 95//95 224//224
f 94//94 224//224 223//223
f 95//95 96//96 225//225
f 95//95 225//225 224//224
f 96//96 97//97 226//226
f 96//96 226//226 225//225
f 97//97 98//98 227//227
f 97//97 227//227 226//226
f 98//98 99//99 228//228
f 98//98 228//228 227//227
f 99//99 100//100 229//229
f 99//99 229//229 228//228
f 100//100 101//101 230//230
f 100//100 230//230 229//229
f 101//101 102//102 231//231
f 101//101 231//231 230//230
f 102//102 103//103 232//232
f 102//102 232//232 231//231
f 103//103 104//104 233//233
f 103//103 233//233 232//232
f 104//104 105//105 234//234
f 104//104 234//234 233//233
f 105//105 106//106 235//235
f 105//105 235//235 234//234
f 106//106 107//107 236//236
f 106//106 236//236 235//235
f 107//107 108//108 237//237
f 107//107 237//237 236//236
f 108//108 109//109 238//238
f 108//108 238//238 237//237
f 109//109 110//110 239//239
f 109//109 239//239 238//238
f 110//110 111//111 240//240
f 110//110 240//240 239//239
f 111//111 112//112 241//241
f 111//111 241//241 240//240
f 112//112 113//113 242//242
f 112//112 242//242 241//241
f 113//113 114//114 243//243
f 113//113 243//243 242//242
f 114//114 115//115 244//244
f 114//114 244//244 243//243
f 115//115 116//116 245//245
f 115//115 245//245 244//244
f 116//116 117//117 246//246
f 116//116 246//246 245//245
f 117//117 118//118 247//247
f 117//117 247//247 246//246
f 118//118 119//119 248//248
f 118//118 248//248 247//247
f 119//119 120//120 249//249
f 119//119 249//249 248//248
f 120//120 121//121 250//250
f 120//120 250//250 249//249
f 121//121 122//122 251//251
f 121//121 251//251 250//250
f 122//122 123//123 252//252
f 122//122 252//252 251//251
f 123//123 124//124 253//253
f 123//123 253//253 252//252
f 124//124 125//125 254//254
f 124//124 254//254 253//253
f 125//125 126//126 255//255
f 125//125 255//255 254//254
f 126//126 127//127 256//256
f 126//126 256//256 255//255
f 127//127 128//128 257//257
f 127//127 257//257 256//256
f 128//128 129//129 258//258
f 128//128 258//258 257//257
f 130//130 131//131 260//260
f 130//130 260//260 259//259
f 131//131 132//132 261//261
f 131//131 261//261 260//260
f 132//132 133//133 262//262
f 132//132 262//262 261//261
f 133//133 134//134 263//263
f 133//133 263//263 262//262
f 134//134 135//135 264//264
f 134//134 264//264 263//263
f 135//135 136//136 265//265
f 135//135 265//265 264//264
f 136//136 137//137 266//266
f 136//136 266//266 265//265
f 137//137 138//138 267//267
f 137//137 267//267 266//266
f 138//138 139//139 268//268
f 138//138 268//268 267//267
f 139//139 140//140 269//269
f 139//139 269//269 268//268
f 140//140 141//141 270//270
f 140//140 270//270 269//269
f 141//141 142//142 271//271
f 141//141 271//271 270//270
f 142//142 143//143 272//272
f 142//142 272//272 271//271
f 143//143 144//144 273//273
f 143//143 273//273 272//272
f 144//144 145//145 274//274
f 144//144 274//274 273//273
f 145//145 146//146 275//275
f 145//145 275//275 274//274
f 146//146 147//147 276//276
f 146//146 276//276 275//275
f 147//147 148//148 277//277
f 147//147 277//277 276//276
f 148//148 149//149 278//278
f 148//148 278//278 277//277
f 149//149 150//150 279//279
f 149//149 279//279 278//278
f 150//150 151//151 280//280
f 150//150 280//280 279//279
f 151//151 152//152 281//281
f 151//151 281//281 280//280
f 152//152 153//153 282//282
f 152//152 282//282 281//281
f 153//153 154//154 283//283
f 153//153 283//283 282//282
f 154//154 155//155 284//284
f 154//154 284//284 283//283
f 155//155 156//156 285//285
f 155//155 285//285 284//284
f 156//156 157//157 286//286
f 156//156 286//286 285//285
f 157//157 158//158 287//287
f 157//157 287//287 286//286
f 158//158 159//159 288//288
f 158//158 288//288 287//287
f 159//159 160//160 289//289
f 159//159 289//289 288//288
f 160//160 161//161 290//290
f 160//160 290//290 289//289
f 161//161 162//162 291//291
f 161//161 291//291 290//290
f 162//162 163//163 292//292
f 162//162 292//292 291//291
f 163//163 164//164 293//293
f 163//163 293//293 292//292
f 164//164 165//165 294//294
f 164//164 294//294 293//293
f 165//165 166//166 295//295
f 165//165 295//295 294//294
f 166//166 167//167 296//296
f 166//166 296//296 295//295
f 167//167 168//168 297//297
f 167//167 297//297 296//296
f 168//168 169//169 298//298
f 168//168 298//298 297//297
f 169//169 170//170 299//299
f 169//169 299//299 298//298
f 170//170 171//171 300//300
f 170//170 300//300 299//299
f 171//171 172//172 301//301
f 171//171 301//301 300//300
f 172//172 173//173 302//302
f 172//172 302//302 301//301
f 173//173 174//174 303//303
f 173//173 303//303 302//302
f 174//174 175//175 304//304
f 174//174 304//304 303//303
f 175//175 176//176 305//305
f 175//175 305//305 304//304
f 176//176 177//177 306//306
f 176//176 306//306 305//305
f 177//177 178//178 307//307
f 177//177 307//307 306//306
f 178//178 179//179 308//308
f 178//178 308//308 307//307
f 179//179 180//180 309//309
f 179//179 309//309 308//308
f 180//180 181//181 310//310
f 180//180 310//310 309//309
f 181//181 182//182 311//311
f 181//181 311//311 310//310
f 182//182 183//183 312//312
f 182//182 312//312 311//311
f 183//183 184//184 313//313
f 183//183 313//313 312//312
f 184//184 185//185 314//314
f 184//184 314//314 313//313
f 185//185 186//186 315//315
f 185//185 315//315 314//314
f 186//186 187//187 316//316
f 186//186 316//316 315//315
f 187//187 188//188 317//317
f 187//187 317//317 316//316
f 188//188 189//189 318//318
f 188//188 318//318 317//317
f 189//189 190//190 319//319
f 189//189 319//319 318//318
f 190//190 191//191 320//320
f 190//190 320//320 319//319
f 191//191 192//192 321//321
f 191//191 321//321 320//320
f 192//192 193//193 322//322
f 192//192 322//322 321//321
f 193//193 194//194 323//323
f 193//193 323//323 322//322
f 194//194 195//195 324//324
f 194//194 324//324 323//323
f 195//195 196//196 325//325
f 195//195 325//325 324//324
f 196//196 197//197 326//326
f 196//196 326//326 325//325
f 197//197 198//198 327//327
f 197//197 327//327 326//326
f 198//198 199//199 328//328
f 198//198 328//328 327//327
f 199//199 200//200 329//329
f 199//199 329//329 328//328
f 200//200 201//201 330//330
f 200//200 330//330 329//329
f 201//201 202//202 331//331
f 201//201 331//331 330//330
f 202//202 203//203 332//332
f 202//202 332//332 331//331
f 203//203 204//204 333//333
f 203//203 333//333 332//332
f 204//204 205//205 334//334
f 204//204 334//334 333//333
f 205//205 206//206 335//335
f 205//205 335//335 334//334
f 206//206 207//207 336//336
f 206//206 336//336 335//335
f 207//207 208//208 337//337
f 207//207 337//337 336//336
f 208//208 209//209 338//338
f 208//208 338//338 337//337
f 209//209 210//210 339//339
f 209//209 339//339 338//338
f 210//210 211//211 340//340
f 210//210 340//340 339//339
f 211//211 212//212 341//341
f 211//211 341//341 340//340
f 212//212 213//213 342//342
f 212//212 342//342 341//341
f 213//213 214//214 343//343
f 213//213 343//343 342//342
f 214//214 215//215 344//344
f 214//214 344//344 343//343
f 215//215 216//216 345//345
f 215//215 345//345 344//344
f 216//216 217//217 346//346
f 216//216 346//346 345//345
f 217//217 218//218 347//347
f 217//217 347//347 346//346
f 218//218 219//219 348//348
f 218//218 348//348 347//347
f 219//219 220//220 349//349
f 219//219 349//349 348//348
f 220//220 221//221 350//350
f 220//220 350//350 349//349
f 221//221 222//222 351//351
f 221//221 351//351 350//350
f 222//222 223//223 352//352
f 222//222 352//352 351//351
f 223//223 224//224 353//353
f 223//223 353//353 352//352
f 224//224 225//225 354//354
f 224//224 354//354 353//353
f 225//225 226//226 355//355
f 225//225 355//355 354//354
f 226//226 227//227 356//356
f 226//226 356//356 355//355
f 227//227 228//228 357//357
f 227//227 357//357 356//356
f 228//228 229//229 358//358
f 228//228 358//358 357//357
f 229//229 230//230 359//359
f 229//229 359//359 358//358
f 230//230 231//231 360//360
f 230//230 360//360 359//359
f 231//231 232//232 361//361
f 231//231 361//361 360//360
f 232//232 233//233 362//362
f 232//232 362//362 361//361
f 233//233 234//234 363//363
f 233//233 363//363 362//362
f 234//234 235//235 364//364
f 234//234 364//364 363//363
f 235//235 236//236 365//365
f 235//235 365//365 364//364
f 236//236 237//237 366//366
f 236//236 366//366 365//365
f 237//237 238//238 367//367
f 237//237 367//367 366//366
f 238//238 239//239 368//368
f 238//238 368//368 367//367
f 239//239 240//240 369//369
f 239//239 369//369 368//368
f 240//240 241//241 370//370
f 240//240 370//370 369//369
f 241//241 242//242 371//371
f 241//241 371//371 370//370
f 242//242 243//243 372//372
f 242//242 372//372 371//371
f 243//243 244//244 373//373
f 243//243 373//373 372//372
f 244//244 245//245 374//374
f 244//244 374//374 373//373
f 245//245 246//246 375//375
f 245//245 375//375 374//374
f 246//246 247//247 376//376
f 246//246 376//376 375//375
f 247//247 248//248 377//377
f 247//247 377//377 376//376
f 248//248 249//249 378//378
f 248//248 378//378 377//377
f 249//249 250//250 379//379
f 249//249 379//379 378//378
f 250//250 251//251 380//380
f 250//250 380//380 379//379
f 251//251 252//252 381//381
f 251//251 381//381 380//380
f 252//252 253//253 382//382
f 252//252 382//382 381//381
f 253//253 254//254 383//383
f 253//253 383//383 382//382
f 254//254 255//255 384//384
f 254//254 384//384 383//383
f 255//255 256//256 385//385
f 255//255 385//385 384//384
f 256//256 257//257 386//386
f 256//256 386//386 385//385
f 257//257 258//258 387//387
f 257//257 387//387 386//386
f 259//259 260//260 389//389
f 259//259 389//389 388//388
f 260//260 261//261 390//390
f 260//260 390//390 389//389
f 261//261 262//262 391//391
f 261//261 391//391 390//390
f 262//262 263//263 392//392
f 262//262 392//392 391//391
f 263//263 264//264 393//393
f 263//263 393//393 392//392
f 264//264 265//265 394//394
f 264//264 394//394 393//393
f 265//265 266//266 395//395
f 265//265 395//395 394//394
f 266//266 267//267 396//396
f 266//266 396//396 395//395
f 267//267 268//268 397//397
f 267//267 397//397 396//396
f 268//268 269//269 398//398
f 268//268 398//398 397//397
f 269//269 270//270 399//399
f 269//269 399//399 398//398
f 270//270 271//271 400//400
f 270//270 400//400 399//399
f 271//271 272//272 401//401
f 271//271 401//401 400//400
f 272//272 273//273 402//402
f 272//272 402//402 401//401
f 273//273 274//274 403//403
f 273//273 403//403 402//402
f 274//274 275//275 404//404
f 274//274 404//404 403//403
f 275//275 276//276 405//405
f 275//275 405//405 404//404
f 276//276 277//277 406//406
f 276//276 406//406 405//405
f 277//277 278//278 407//407
f 277//277 407//407 406//406
f 278//278 279//279 408//408
f 278//278 408//408 407//407
f 279//279 280//280 409//409
f 279//279 409//409 408//408
f 280//280 281//281 410//410
f 280//280 410//410 409//409
f 281//281 282//282 411//411
f 281//281 411//411 410//410
f 282//282 283//283 412//412
f 282//282 412//412 411//411
f 283//283 284//284 413//413
f 283//283 413//413 412//412
f 284//284 285//285 414//414
f 284//284 414//414 413//413
f 285//285 286//286 415//415
f 285//285 415//415 414//414
f 286//286 287//287 416//416
f 286//286 416//416 415//415
f 287//287 288//288 417//417
f 287//287 417//417 416//416
f 288//288 289//289 418//418
f 288//288 418//418 417//417
f 289//289 290//290 419//419
f 289//289 419//419 418//418
f 290//290 291//291 420//420
f 290//290 420//420 419//419
f 291//291 292//292 421//421
f 291//291 421//421 420//420
f 292//292 293//293 422//422
f 292//292 422//422 421//421
f 293//293 294//294 423//423
f 293//293 423//423 422//422
f 294//294 295//295 424//424
f 294//294 424//424 423//423
f 295//295 296//296 425//425
f 295//295 425//425 424//424
f 296//296 297//297 426//426
f 296//296 426//426 425//425
f 297//297 298//298 427//427
f 297//297 427//427 426//426
f 298//298 299//299 428//428
f 298//298 428//428 427//427
f 299//299 300//300 429//429
f 299//299 429//429 428//428
f 300//300 301//301 430//430
f 300//300 430//430 429//429
f 301//301 302//302 431//431
f 301//301 431//431 430//430
f 302//302 303//303 432//432
f 302//302 432//432 431//431
f 303//303 304//304 433//433
f 303//303 433//433 432//432
f 304//304 305//305 434//434
f 304//304 434//434 433//433
f 305//305 306//306 435//435
f 305//305 435//435 434//434
f 306//306 307//307 436//436
f 306//306 436//436 435//435
f 307//307 308//308 437//437
f 307//307 437//437 436//436
f 308//308 309//309 438//438
f 308//308 438//438 437//437
f 309//309 310//310 439//439
f 309//309 439//439 438//438
f 310//310 311//311 440//440
f 310//310 440//440 439//439
f 311//311 312//312 441//441
f 311//311 441//441 440//440
f 312//312 313//313 442//442
f 312//312 442//442 441//441
f 313//313 314//314 443//443
f 313//313 443//443 442//442
f 314//314 315//315 444//444
f 314//314 444//444 443//443
f 315//315 316//316 445//445
f 315//315 445//445 444//444
f 316//316 317//317 446//446
f 316//316 446//446 445//445
f 317//317 318//318 447//447
f 317//317 447//447 446//446
f 318//318 319//319 448//448
f 318//318 448//448 447//447
f 319//319 320//320 449//449
f 319//319 449//449 448//448
f 320//320 321//321 450//450
f 320//320 450//450 449//449
f 321//321 322//322 451//451
f 321//321 451//451 450//450
f 322//322 323//323 452//452
f 322//322 452//452 451//451
f 323//323 324//324 453//453
f 323//323 453//453 452//452
f 324//324 325//325 454//454
f 324//324 454//454 453//453
f 325//325 326//326 455//455
f 325//325 455//455 454//454
f 326//326 327//327 456//456
f 326//326 456//456 455//455
f 327//327 328//328 457//457
f 327//327 457//457 456//456
f 328//328 329//329 458//458
f 328//328 458//458 457//457
f 329//329 330//330 459//459
f 329//329 459//459 458//458
f 330//330 331//331 460//460
f 330//330 460//460 459//459
f 331//331 332//332 461//461
f 331//331 461//461 460//460
f 332//332 333//333 462//462
f 332//332 462//462 461//461
f 333//333 334//334 463//463
f 333//333 463//463 462//462
f 334//334 335//335 464//464
f 334//334 464//464 463//463
f 335//335 336//336 465//465
f 335//335 465//465 464//464
f 336//336 337//337 466//466
f 336//336 466//466 465//465
f 337//337 338//338 467//467
f 337//337 467//467 466//466
f 338//338 339//339 468//468
f 338//338 468//468 467//467
f 339//339 340//340 469//469
f 339//339 469//469 468//468
f 340//340 341//341 470//470
f 340//340 470//470 469//469
f 341//341 342//342 471//471
f 341//341 471//471 470//470
f 342//342 343//343 472//472
f 342//342 472//472 471//471
f 343//343 344//344 473//473
f 343//343 473//473 472//472
f 344//344 345//345 474//474
f 344//344 474//474 473//473
f 345//345 346//346 475//475
f 345//345 475//475 474//474
f 346//346 347//347 476//476
f 346//346 476//476 475//475
f 347//347 348//348 477//477
f 347//347 477//477 476//476
f 348//348 349//349 478//478
f 348//348 478//478 477//477
f 349//349 350//350 479//479
f 349//349 479//479 478//478
f 350//350 351//351 480//480
f 350//350 480//480 479//479
f 351//351 352//352 481//481
f 351//351 481//481 480//480
f 352//352 353//353 482//482
f 352//352 482//482 481//481
f 353//353 354//354 483//483
f 353//353 483//483 482//482
f 354//354 355//355 484//484
f 354//354 484//484 483//483
f 355//355 356//356 485//485
f 355//355 485//485 484//484
f 356//356 357//357 486//486
f 356//356 486//486 485//485
f 357//357 358//358 487//487
f 357//357 487//487 486//486
f 358//358 359//359 488//488
f 358//358 488//488 487//487
f 359//359 360//360 489//489
f 359//359 489//489 488//488
f 360//360 361//361 490//490
f 360//360 490//490 489//489
f 361//361 362//362 491//491
f 361//361 491//491 490//490
f 362//362 363//363 492//492
f 362//362 492//492 491//491
f 363//363 364//364 493//493
f 363//363 493//493 492//492
f 364//364 365//365 494//494
f 364//364 494//494 493//493
f 365//365 366//366 495//495
f 365//365 495//495 494//494
f 366//366 367//367 496//496
f 366//366 496//496 495//495
f 367//367 368//368 497//497
f 367//367 497//497 496//496
f 368//368 369//369 498//498
f 368//368 498//498 497//497
f 369//369 370//370 499//499
f 369//369 499//499 498//498
f 370//370 371//371 500//500
f 370//370 500//500 499//499
f 371//371 372//372 501//501
f 371//371 501//501 500//500
f 372//372 373//373 502//502
f 372//372 502//502 501//501
f 373//373 374//374 503//503
f 373//373 503//503 502//502
f 374//374 375//375 504//504
f 374//374 504//504 503//503
f 375//375 376//376 505//505
f 375//375 505//505 504//504
f 376//376 377//377 506//506
f 376//376 506//506 505//505
f 377//377 378//378 507//507
f 377//377 507//507 506//506
f 378//378 379//379 508//508
f 378//378 508//508 507//507
f 379//379 380//380 509//509
f 379//379 509//509 508//508
f 380//380 381//381 510//510
f 380//380 510//510 509//509
f 381//381 382//382 511//511
f 381//381 511//511 510//510
f 382//382 383//383 512//512
f 382//382 512//512 511//511
f 383//383 384//384 513//513
f 383//383 513//513 512//512
f 384//384 385//385 514//514
f 384//384 514//514 513//513
f 385//385 386//386 515//515
f 385//385 515//515 514//514
f 386//386 387//387 516//516
f 386//386 516//516 515//515
f 388//388 389//389 518//518
f 388//388 518//518 517//517
f 389//389 390//390 519//519
f 389//389 519//519 518//518
f 390//390 391//391 520//520
f 390//390 520//520 519//519
f 391//391 392//392 521//521
f 391//391 521//521 520//520
f 392//392 393//393 522//522
f 392//392 522//522 521//521
f 393//393 394//394 523//523
f 393//393 523//523 522//522
f 394//394 395//395 524//524
f 394//394 524//524 523//523
f 395//395 396//396 525//525
f 395//395 525//525 524//524
f 396//396 397//397 526//526
f 396//396 526//526 525//525
f 397//397 398//398 527//527
f 397//397 527//527 526//526
f 398//398 399//399 528//528
f 398//398 528//528 527//527
f 399//399 400//400 529//529
f 399//399 529//529 528//528
f 400//400 401//401 530//530
f 400//400 530//530 529//529
f 401//401 402//402 531//531
f 401//401 531//531 530//530
f 402//402 403//403 532//532
f 402//402 532//532 531//531
f 403//403 404//404 533//533
f 403//403 533//533 532//532
f 404//404 405//405 534//534
f 404//404 534//534 533//533
f 405//405 406//406 535//535
f 405//405 535//535 534//534
f 406//406 407//407 536//536
f 406//406 536//536 535//535
f 407//407 408//408 537//537
f 407//407 537//537 536//536
f 408//408 409//409 538//538
f 408//408 538//538 537//537
f 409//409 410//410 539//539
f 409//409 539//539 538//538
f 410//410 411//411 540//540
f 410//410 540//540 539//539
f 411//411 412//412 541//541
f 411//411 541//541 540//540
f 412//412 413//413 542//542
f 412//412 542//542 541//541
f 413//413 414//414 543//543
f 413//413 543//543 542//542
f 414//414 415//415 544//544
f 414//414 544//544 543//543
f 415//415 416//416 545//545
f 415//415 545//545 544//544
f 416//416 417//417 546//546
f 416//416 546//546 545//545
f 417//417 418//418 547//547
f 417//417 547//547 546//546
f 418//418 419//419 548//548
f 418//418 548//548 547//547
f 419//419 420//420 549//549
f 419//419 549//549 548//548
f 420//420 421//421 550//550
f 420//420 550//550 549//549
f 421//421 422//422 551//551
f 421//421 551//551 550//550
f 422//422 423//423 552//552
f 422//422 552//552 551//551
f 423//423 424//424 553//553
f 423//423 553//553 552//552
f 424//424 425//425 554//554
f 424//424 554//554 553//553
f 425//425 426//426 555//555
f 425//425 555//555 554//554
f 426//426 427//427 556//556
f 426//426 556//556 555//555
f 427//427 428//428 557//557
f 427//427 557//557 556//556
f 428//428 429//429 558//558
f 428//428 558//558 557//557
f 429//429 430//430 559//559
f 429//429 559//559 558//558
f 430//430 431//431 560//560
f 430//430 560//560 559//559
f 431//431 432//432 561//561
f 431//431 561//561 560//560
f 432//432 433//433 562//562
f 432//432 562//562 561//561
f 433//433 434//434 563//563
f 433//433 563//563 562//562
f 434//434 435//435 564//564
f 434//434 564//564 563//563
f 435//435 436//436 565//565
f 435//435 565//565 564//564
f 436//436 437//437 566//566
f 436//436 566//566 565//565
f 437//437 438//438 567//567
f 437//437 567//567 566//566
f 438//438 439//439 568//568
f 438//438 568//568 567//567
f 439//439 440//440 569//569
f 439//439 569//569 568//568
f 440//440 441//441 570//570
f 440//440 570//570 569//569
f 441//441 442//442 571//571
f 441//441 571//571 570//570
f 442//442 443//443 572//572
f 442//442 572//572 571//571
f 443//443 444//444 573//573
f 443//443 573//573 572//572
f 444//444 445//445 574//574
f 444//444 574//574 573//573
f 445//445 446//446 575//575
f 445//445 575//575 574//574
f 446//446 447//447 576//576
f 446//446 576//576 575//575
f 447//447 448//448 577//577
f 447//447 577//577 576//576
f 448//448 449//449 578//578
f 448//448 578//578 577//577
f 449//449 450//450 579//579
f 449//449 579//579 578//578
f 450//450 451//451 580//580
f 450//450 580//580 579//579
f 451//451 452//452 581//581
f 451//451 581//581 580//580
f 452//452 453//453 582//582
f 452//452 582//582 581//581
f 453//453 454//454 583//583
f 453//453 583//583 582//582
f 454//454 455//455 584//584
f 454//454 584//584 583//583
f 455//455 456//456 585//585
f 455//455 585//585 584//584
f 456//456 457//457 586//586
f 456//456 586//586 585//585
f 457//457 458//458 587//587
f 457//457 587//587 586//586
f 458//458 459//459 588//588
f 458//458 588//588 587//587
f 459//459 460//460 589//589
f 459//459 589//589 588//588
f 460//460 461//461 590//590
f 460//460 590//590 589//589
f 461//461 462//462 591//591
f 461//461 591//591 590//590
f 462//462 463//463 592//592
f 462//462 592//592 591//591
f 463//463 464//464 593//593
f 463//463 593//593 592//592
f 464//464 465//465 594//594
f 464//464 594//594 593//593
f 465//465 466//466 595//595
f 465//465 595//595 594//594
f 466//466 467//467 596//596
f 466//466 596//596 595//595
f 467//467 468//468 597//597
f 467//467 597//597 596//596
f 468//468 469//469 598//598
f 468//468 598//598 597//597
f 469//469 470//470 599//599
f 469//469 599//599 598//598
f 470//470 471//471 600//600
f 470//470 600//600 599//599
f 471//471 472//472 601//601
f 471//471 601//601 600//600
f 472//472 473//473 602//602
f 472//472 602//602 601//601
f 473//473 474//474 603//603
f 473//473 603//603 602//602
f 474//474 475//475 604//604
f 474//474 604//604 603//603
f 475//475 476//476 605//605
f 475//475 605//605 604//604
f 476//476 477//477 606//606
f 476//476 606//606 605//605
f 477//477 478//478 607//607
f 477//477 607//607 606//606
f 478//478 479//479 608//608
f 478//478 608//608 607//607
f 479//479 480//480 609//609
f 479//479 609//609 608//608
f 480//480 481//481 610//610
f 480//480 610//610 609//609
f 481//481 482//482 611//611
f 481//481 611//611 610//610
f 482//482 483//483 612//612
f 482//482 612//612 611//611
f 483//483 484//484 613//613
f 483//483 613//613 612//612
f 484//484 485//485 614//614
f 484//484 614//614 613//613
f 485//485 486//486 615//615
f 485//485 615//615 614//614
f 486//486 487//487 616//616
f 486//486 616//616 615//615
f 487//487 488//488 617//617
f 487//487 617//617 616//616
f 488//488 489//489 618//618
f 488//488 618//618 617//617
f 489//489 490//490 619//619
f 489//489 619//619 618//618
f 490//490 491//491 620//620
f 490//490 620//620 619//619
f 491//491 492//492 621//621
f 491//491 621//621 620//620
f 492//492 493//493 622//622
f 492//492 622//622 621//621
f 493//493 494//494 623//623
f 493//493 623//623 622//622
f 494//494 495//495 624//624
f 494//494 624//624 623//623
f 495//495 496//496 625//625
f 495//495 625//625 624//624
f 496//496 497//497 626//626
f 496//496 626//626 625//625
f 497//497 498//498 627//627
f 497//497 627//627 626//626
f 498//498 499//499 628//628
f 498//498 628//628 627//627
f 499//499 500//500 629//629
f 499//499 629//629 628//628
f 500//500 501//501 630//630
f 500//500 630//630 629//629
f 501//501 502//502 631//631
f 501//501 631//631 630//630
f 502//502 503//503 632//632
f 502//502 632//632 631//631
f 503//503 504//504 633//633
f 503//503 633//633 632//632
f 504//504 505//505 634//634
f 504//504 634//634 633//633
f 505//505 506//506 635//635
f 505//505 635//635 634//634
f 506//506 507//507 636//636
f 506//506 636//636 635//635
f 507//507 508//508 637//637
f 507//507 637//637 636//636
f 508//508 509//509 638//638
f 508//508 638//638 637//637
f 509//509 510//510 639//639
f 509//509 639//639 638//638
f 510//510 511//511 640//640
f 510//510 640//640 639//639
f 511//511 512//512 641//641
f 511//511 641//641 640//640
f 512//512 513//513 642//642
f 512//512 642//642 641//641
f 513//513 514//514 643//643
f 513//513 643//643 642//642
f 514//514 515//515 644//644
f 514//514 644//644 643//643
f 515//515 516//516 645//645
f 515//515 645//645 644//644
f 517//517 518//518 647//647
f 517//517 647//647 646//646
f 518//518 519//519 648//648
f 518//518 648//648 647//647
f 519//519 520//520 649//649
f 519//519 649//649 648//648
f 520//520 521//521 650//650
f 520//520 650//650 649//649
f 521//521 522//522 651//651
f 521//521 651//651 650//650
f 522//522 523//523 652//652
f 522//522 652//652 651//651
f 523//523 524//524 653//653
f 523//523 653//653 652//652
f 524//524 525//525 654//654
f 524//524 654//654 653//653
f 525//525 526//526 655//655
f 525//525 655//655 654//654
f 526//526 527//527 656//656
f 526//526 656//656 655//655
f 527//527 528//528 657//657
f 527//527 657//657 656//656
f 528//528 529//529 658//658
f 528//528 658//658 657//657
f 529//529 530//530 659//659
f 529//529 659//659 658//658
f 530//530 531//531 660//660
f 530//530 660//660 659//659
f 531//531 532//532 661//661
f 531//531 661//661 660//660
f 532//532 533//533 662//662
f 532//532 662//662 661//661
f 533//533 534//534 663//663
f 533//533 663//663 662//662
f 534//534 535//535 664//664
f 534//534 664//664 663//663
f 535//535 536//536 665//665
f 535//535 665//665 664//664
f 536//536 537//537 666//666
f 536//536 666//666 665//665
f 537//537 538//538 667//667
f 537//537 667//667 666//666
f 538//538 539//539 668//668
f 538//538 668//668 667//667
f 539//539 540//540 669//669
f 539//539 669//669 668//668
f 540//540 541//541 670//670
f 540//540 670//670 669//669
f 541//541 542//542 671//671
f 541//541 671//671 670//670
f 542//542 543//543 672//672
f 542//542 672//672 671//671
f 543//543 544//544 673//673
f 543//543 673//673 672//672
f 544//544 545//545 674//674
f 544//544 674//674 673//673
f 545//545 546//546 675//675
f 545//545 675//675 674//674
f 546//546 547//547 676//676
f 546//546 676//676 675//675
f 547//547 548//548 677//677
f 547//547 677//677 676//676
f 548//548 549//549 678//678
f 548//548 678//678 677//677
f 549//549 550//550 679//679
f 549//549 679//679 678//678
f 550//550 551//551 680//680
f 550//550 680//680 679//679
f 551//551 552//552 681//681
f 551//551 681//681 680//680
f 552//552 553//553 682//682
f 552//552 682//682 681//681
f 553//553 554//554 683//683
f 553//553 683//683 682//682
f 554//554 555//555 684//684
f 554//554 684//684 683//683
f 555//555 556//556 685//685
f 555//555 685//685 684//684
f 556//556 557//557 686//686
f 556//556 686//686 685//685
f 557//557 558//558 687//687
f 557//557 687//687 686//686
f 558//558 559//559 688//688
f 558//558 688//688 687//687
f 559//559 560//560 689//689
f 559//559 689//689 688//688
f 560//560 561//561 690//690
f 560//560 690//690 689//689
f 561//561 562//562 691//691
f 561//561 691//691 690//690
f 562//562 563//563 692//692
f 562//562 692//692 691//691
f 563//563 564//564 693//693
f 563//563 693//693 692//692
f 564//564 565//565 694//694
f 564//564 694//694 693//693
f 565//565 566//566 695//695
f 565//565 695//695 694//694
f 566//566 567//567 696//696
f 566//566 696//696 695//695
f 567//567 568//568 697//697
f 567//567 697//697 696//696
f 568//568 569//569 698//698
f 568//568 698//698 697//697
f 569//569 570//570 699//699
f 569//569 699//699 698//698
f 570//570 571//571 700//700
f 570//570 700//700 699//699
f 571//571 572//572 701//701
f 571//571 701//701 700//700
f 572//572 573//573 702//702
f 572//572 702//702 701//701
f 573//573 574//574 703//703
f 573//573 703//703 702//702
f 574//574 575//575 704//704
f 574//574 704//704 703//703
f 575//575 576//576 705//705
f 575//575 705//705 704//704
f 576//576 577//577 706//706
f 576//576 706//706 705//705
f 577//577 578//578 707//707
f 577//577 707//707 706//706
f 578//578 579//579 708//708
f 578//578 708//708 707//707
f 579//579 580//580 709//709
f 579//579 709//709 708//708
f 580//580 581//581 710//710
f 580//580 710//710 709//709
f 581//581 582//582 711//711
f 581//581 711//711 710//710
f 582//582 583//583 712//712
f 582//582 712//712 711//711
f 583//583 584//584 713//713
f 583//583 713//713 712//712
f 584//584 585//585 714//714
f 584//584 714//714 713//713
f 585//585 586//586 715//715
f 585//585 715//715 714//714
f 586//586 587//587 716//716
f 586//586 716//716 715//715
f 587//587 588//588 717//717
f 587//587 717//717 716//716
f 588//588 589//589 718//718
f 588//588 718//718 717//717
f 589//589 590//590 719//719
f 589//589 719//719 718//718
f 590//590 591//591 720//720
f 590//590 720//720 719//719
f 591//591 592//592 721//721
f 591//591 721//721 720//720
f 592//592 593//593 722//722
f 592//592 722//722 721//721
f 593//593 594//594 723//723
f 593//593 723//723 722//722
f 594//594 595//595 724//724
f 594//594 724//724 723//723
f 595//595 596//596 725//725
f 595//595 725//725 724//724
f 596//596 597//597 726//726
f 596//596 726//726 725//725
f 597//597 598//598 727//727
f 597//597 727//727 726//726
f 598//598 599//599 728//728
f 598//598 728//728 727//727
f 599//599 600//600 729//729
f 599//599 729//729 728//728
f 600//600 601//601 730//730
f 600//600 730//730 729//729
f 601//601 602//602 731//731
f 601//601 731//731 730//730
f 602//602 603//603 732//732
f 602//602 732//732 731//731
f 603//603 604//604 733//733
f 603//603 733//733 732//732
f 604//604 605//605 734//734
f 604//604 734//734 733//733
f 605//605 606//606 735//735
f 605//605 735//735 734//734
f 606//606 607//607 736//736
f 606//606 736//736 735//735
f 607//607 608//608 737//737
f 607//607 737//737 736//736
f 608//608 609//609 738//738
f 608//608 738//738 737//737
f 609//609 610//610 739//739
f 609//609 739//739 738//738
f 610//610 611//611 740//740
f 610//610 740//740 739//739
f 611//611 612//612 741//741
f 611//611 741//741 740//740
f 612//612 613//613 742//742
f 612//612 742//742 741//741
f 613//613 614//614 743//743
f 613//613 743//743 742//742
f 614//614 615//615 744//744
f 614//614 744//744 743//743
f 615//615 616//616 745//745
f 615//615 745//745 744//744
f 616//616 617//617 746//746
f 616//616 746//746 745//745
f 617//617 618//618 747//747
f 617//617 747//747 746//746
f 618//618 619//619 748//748
f 618//618 748//748 747//747
f 619//619 620//620 749//749
f 619//619 749//749 748//748
f 620//620 621//621 750//750
f 620//620 750//750 749//749
f 621//621 622//622 751//751
f 621//621 751//751 750//750
f 622//622 623//623 752//752
f 622//622 752//752 751//751
f 623//623 624//624 753//753
f 623//623 753//753 752//752
f 624//624 625//625 754//754
f 624//624 754//754 753//753
f 625//625 626//626 755//755
f 625//625 755//755 754//754
f 626//626 627//627 756//756
f 626//626 756//756 755//755
f 627//627 628//628 757//757
f 627//627 757//757 756//756
f 628//628 629//629 758//758
f 628//628 758//758 757//757
f 629//629 630//630 759//759
f 629//629 759//759 758//758
f 630//630 631//631 760//760
f 630//630 760//760 759//759
f 631//631 632//632 761//761
f 631//631 761//761 760//760
f 632//632 633//633 762//762
f 632//632 762//762 761//761
f 633//633 634//634 763//763
f 633//633 763//763 762//762
f 634//634 635//635 764//764
f 634//634 764//764 763//763
f 635//635 636//636 765//765
f 635//635 765//765 764//764
f 636//636 637//637 766//766
f 636//636 766//766 765//765
f 637//637 638//638 767//767
f 637//637 767//767 766//766
f 638//638 639//639 768//768
f 638//638 768//768 767//767
f 639//639 640//640 769//769
f 639//639 769//769 768//768
f 640//640 641//641 770//770
f 640//640 770//770 769//769
f 641//641 642//642 771//771
f 641//641 771//771 770//770
f 642//642 643//643 772//772
f 642//642 772//772 771//771
f 643//643 644//644 773//773
f 643//643 773//773 772//772
f 644//644 645//645 774//774
f 644//644 774//774 773//773
f 646//646 647//647 776//776
f 646//646 776//776 775//775
f 647//647 648//648 777//777
f 647//647 777//777 776//776
f 648//648 649//649 778//778
f 648//648 778//778 777//777
f 649//649 650//650 779//779
f 649//649 779//779 778//778
f 650//650 651//651 780//780
f 650//650 780//780 779//779
f 651//651 652//652 781//781
f 651//651 781//781 780//780
f 652//652 653//653 782//782
f 652//652 782//782 781//781
f 653//653 654//654 783//783
f 653//653 783//783 782//782
f 654//654 655//655 784//784
f 654//654 784//784 783//783
f 655//655 656//656 785//785
f 655//655 785//785 784//784
f 656//656 657//657 786//786
f 656//656 786//786 785//785
f 657//657 658//658 787//787
f 657//657 787//787 786//786
f 658//658 659//659 788//788
f 658//658 788//788 787//787
f 659//659 660//660 789//789
f 659//659 789//789 788//788
f 660//660 661//661 790//790
f 660//660 790//790 789//789
f 661//661 662//662 791//791
f 661//661 791//791 790//790
f 662//662 663//663 792//792
f 662//662 792//792 791//791
f 663//663 664//664 793//793
f 663//663 793//793 792//792
f 664//664 665//665 794//794
f 664//664 794//794 793//793
f 665//665 666//666 795//795
f 665//665 795//795 794//794
f 666//666 667//667 796//796
f 666//666 796//796 795//795
f 667//667 668//668 797//797
f 667//667 797//797 796//796
f 668//668 669//669 798//798
f 668//668 798//798 797//797
f 669//669 670//670 799//799
f 669//669 799//799 798//798
f 670//670 671//671 800//800
f 670//670 800//800 799//799
f 671//671 672//672 801//801
f 671//671 801//801 800//800
f 672//672 673//673 802//802
f 672//672 802//802 801//801
f 673//673 674//674 803//803
f 673//673 803//803 802//802
f 674//674 675//675 804//804
f 674//674 804//804 803//803
f 675//675 676//676 805//805
f 675//675 805//805 804//804
f 676//676 677//677 806//806
f 676//676 806//806 805//805
f 677//677 678//678 807//807
f 677//677 807//807 806//806
f 678//678 679//679 808//808
f 678//678 808//808 807//807
f 679//679 680//680 809//809
f 679//679 809//809 808//808
f 680//680 681//681 810//810
f 680//680 810//810 809//809
f 681//681 682//682 811//811
f 681//681 811//811 810//810
f 682//682 683//683 812//812
f 682//682 812//812 811//811
f 683//683 684//684 813//813
f 683//683 813//813 812//812
f 684//684 685//685 814//814
f 684//684 814//814 813//813
f 685//685 686//686 815//815
f 685//685 815//815 814//814
f 686//686 687//687 816//816
f 686//686 816//816 815//815
f 687//687 688//688 817//817
f 687//687 817//817 816//816
f 688//688 689//689 818//818
f 688//688 818//818 817//817
f 689//689 690//690 819//819
f 689//689 819//819 818//818
f 690//690 691//691 820//820
f 690//690 820//820 819//819
f 691//691 692//692 821//821
f 691//691 821//821 820//820
f 692//692 693//693 822//822
f 692//692 822//822 821//821
f 693//693 694//694 823//823
f 693//693 823//823 822//822
f 694//694 695//695 824//824
f 694//694 824//824 823//823
f 695//695 696//696 825//825
f 695//695 825//825 824//824
f 696//696 697//697 826//826
f 696//696 826//826 825//825
f 697//697 698//698 827//827
f 697//697 827//827 826//826
f 698//698 699//699 828//828
f 698//698 828//828 827//827
f 699//699 700//700 829//829
f 699//699 829//829 828//828
f 700//700 701//701 830//830
f 700//700 830//830 829//829
f 701//701 702//702 831//831
f 701//701 831//831 830//830
f 702//702 703//703 832//832
f 702//702 832//832 831//831
f 703//703 704//704 833//833
f 703//703 833//833 832//832
f 704//704 705//705 834//834
f 704//704 834//834 833//833
f 705//705 706//706 835//835
f 705//705 835//835 834//834
f 706//706 707//707 836//836
f 706//706 836//836 835//835
f 707//707 708//708 837//837
f 707//707 837//837 836//836
f 708//708 709//709 838//838
f 708//708 838//838 837//837
f 709//709 710//710 839//839
f 709//709 839//839 838//838
f 710//710 711//711 840//840
f 710//710 840//840 839//839
f 711//711 712//712 841//841
f 711//711 841//841 840//840
f 712//712 713//713 842//842
f 712//712 842//842 841//841
f 713//713 714//714 843//843
f 713//713 843//843 842//842
f 714//714 715//715 844//844
f 714//714 844//844 843//843
f 715//715 716//716 845//845
f 715//715 845//845 844//844
f 716//716 717//717 846//846
f 716//716 846//846 845//845
f 717//717 718//718 847//847
f 717//717 847//847 846//846
f 718//718 719//719 848//848
f 718//718 848//848 847//847
f 719//719 720//720 849//849
f 719//719 849//849 848//848
f 720//720 721//721 850//850
f 720//720 850//850 849//849
f 721//721 722//722 851//851
f 721//721 851//851 850//850
f 722//722 723//723 852//852
f 722//722 852//852 851//851
f 723//723 724//724 853//853
f 723//723 853//853 852//852
f 724//724 725//725 854//854
f 724//724 854//854 853//853
f 725//725 726//726 855//855
f 725//725 855//855 854//854
f 726//726 727//727 856//856
f 726//726 856//856 855//855
f 727//727 728//728 857//857
f 727//727 857//857 856//856
f 728//728 729//729 858//858
f 728//728 858//858 857//857
f 729//729 730//730 859//859
f 729//729 859//859 858//858
f 730//730 731//731 860//860
f 730//730 860//860 859//859
f 731//731 732//732 861//861
f 731//731 861//861 860//860
f 732//732 733//733 862//862
f 732//732 862//862 861//861
f 733//733 734//734 863//863
f 733//733 863//863 862//862
f 734//734 735//735 864//864
f 734//734 864//864 863//863
f 735//735 736//736 865//865
f 735//735 865//865 864//864
f 736//736 737//737 866//866
f 736//736 866//866 865//865
f 737//737 738//738 867//867
f 737//737 867//867 866//866
f 738//738 739//739 868//868
f 738//738 868//868 867//867
f 739//739 740//740 869//869
f 739//739 869//869 868//868
f 740//740 741//741 870//870
f 740//740 870//870 869//869
f 741//741 742//742 871//871
f 741//741 871//871 870//870
f 742//742 743//743 872//872
f 742//742 872//872 871//871
f 743//743 744//744 873//873
f 743//743 873//873 872//872
f 744//744 745//745 874//874
f 744//744 874//874 873//873
f 745//745 746//746 875//875
f 745//745 875//875 874//874
f 746//746 747//747 876//876
f 746//746 876//876 875//875
f 747//747 748//748 877//877
f 747//747 877//877 876//876
f 748//748 749//749 878//878
f 748//748 878//878 877//877
f 749//749 750//750 879//879
f 749//749 879//879 878//878
f 750//750 751//751 880//880
f 750//750 880//880 879//879
f 751//751 752//752 881//881
f 751//751 881//881 880//880
f 752//752 753//753 882//882
f 752//752 882//882 881//881
f 753//753 754//754 883//883
f 753//753 883//883 882//882
f 754//754 755//755 884//884
f 754//754 884//884 883//883
f 755//755 756//756 885//885
f 755//755 885//885 884//884
f 756//756 757//757 886//886
f 756//756 886//886 885//885
f 757//757 758//758 887//887
f 757//757 887//887 886//886
f 758//758 759//759 888//888
f 758//758 888//888 887//887
f 759//759 760//760 889//889
f 759//759 889//889 888//888
f 760//760 761//761 890//890
f 760//760 890//890 889//889
f 761//761 762//762 891//891
f 761//761 891//891 890//890
f 762//762 763//763 892//892
f 762//762 892//892 891//891
f 763//763 764//764 893//893
f 763//763 893//893 892//892
f 764//764 765//765 894//894
f 764//764 894//894 893//893
f 765//765 766//766 895//895
f 765//765 895//895 894//894
f 766//766 767//767 896//896
f 766//766 896//896 895//895
f 767//767 768//768 897//897
f 767//767 897//897 896//896
f 768//768 769//769 898//898
f 768//768 898//898 897//897
f 769//769 770//770 899//899
f 769//769 899//899 898//898
f 770//770 771//771 900//900
f 770//770 900//900 899//899
f 771//771 772//772 901//901
f 771//771 901//901 900//900
f 772//772 773//773 902//902
f 772//772 902//902 901//901
f 773//773 774//774 903//903
f 773//773 903//903 902//902
f 775//775 776//776 905//905
f 775//775 905//905 904//904
f 776//776 777//777 906//906
f 776//776 906//906 905//905
f 777//777 778//778 907//907
f 777//777 907//907 906//906
f 778//778 779//779 908//908
f 778//778 908//908 907//907
f 779//779 780//780 909//909
f 779//779 909//909 908//908
f 780//780 781//781 910//910
f 780//780 910//910 909//909
f 781//781 782//782 911//911
f 781//781 911//911 910//910
f 782//782 783//783 912//912
f 782//782 912//912 911//911
f 783//783 784//784 913//913
f 783//783 913//913 912//912
f 784//784 785//785 914//914
f 784//784 914//914 913//913
f 785//785 786//786 915//915
f 785//785 915//915 914//914
f 786//786 787//787 916//916
f 786//786 916//916 915//915
f 787//787 788//788 917//917
f 787//787 917//917 916//916
f 788//788 789//789 918//918
f 788//788 918//918 917//917
f 789//789 790//790 919//919
f 789//789 919//919 918//918
f 790//790 791//791 920//920
f 790//790 920//920 919//919
f 791//791 792//792 921//921
f 791//791 921//921 920//920
f 792//792 793//793 922//922
f 792//792 922//922 921//921
f 793//793 794//794 923//923
f 793//793 923//923 922//922
f 794//794 795//795 924//924
f 794//794 924//924 923//923
f 795//795 796//796 925//925
f 795//795 925//925 924//924
f 796//796 797//797 926//926
f 796//796 926//926 925//925
f 797//797 798//798 927//927
f 797//797 927//927 926//926
f 798//798 799//799 928//928
f 798//798 928//928 927//927
f 799//799 800//800 929//929
f 799//799 929//929 928//928
f 800//800 801//801 930//930
f 800//800 930//930 929//929
f 801//801 802//802 931//931
f 801//801 931//931 930//930
f 802//802 803//803 932//932
f 802//802 932//932 931//931
f 803//803 804//804 933//933
f 803//803 933//933 932//932
f 804//804 805//805 934//934
f 804//804 934//934 933//933
f 805//805 806//806 935//935
f 805//805 935//935 934//934
f 806//806 807//807 936//936
f 806//806 936//936 935//935
f 807//807 808//808 937//937
f 807//807 937//937 936//936
f 808//808 809//809 938//938
f 808//808 938//938 937//937
f 809//809 810//810 939//939
f 809//809 939//939 938//938
f 810//810 811//811 940//940
f 810//810 940//940 939//939
f 811//811 812//812 941//941
f 811//811 941//941 940//940
f 812//812 813//813 942//942
f 812//812 942//942 941//941
f 813//813 814//814 943//943
f 813//813 943//943 942//942
f 814//814 815//815 944//944
f 814//814 944//944 943//943
f 815//815 816//816 945//945
f 815//815 945//945 944//944
f 816//816 817//817 946//946
f 816//816 946//946 945//945
f 817//817 818//818 947//947
f 817//817 947//947 946//946
f 818//818 819//819 948//948
f 818//818 948//948 947//947
f 819//819 820//820 949//949
f 819//819 949//949 948//948
f 820//820 821//821 950//950
f 820//820 950//950 949//949
f 821//821 822//822 951//951
f 821//821 951//951 950//950
f 822//822 823//823 952//952
f 822//822 952//952 951//951
f 823//823 824//824 953//953
f 823//823 953//953 952//952
f 824//824 825//825 954//954
f 824//824 954//954 953//953
f 825//825 826//826 955//955
f 825//825 955//955 954//954
f 826//826 827//827 956//956
f 826//826 956//956 955//955
f 827//827 828//828 957//957
f 827//827 957//957 956//956
f 828//828 829//829 958//958
f 828//828 958//958 957//957
f 829//829 830//830 959//959
f 829//829 959//959 958//958
f 830//830 831//831 960//960
f 830//830 960//960 959//959
f 831//831 832//832 961//961
f 831//831 961//961 960//960
f 832//832 833//833 962//962
f 832//832 962//962 961//961
f 833//833 834//834 963//963
f 833//833 963//963 962//962
f 834//834 835//835 964//964
f 834//834 964//964 963//963
f 835//835 836//836 965//965
f 835//835 965//965 964//964
f 836//836 837//837 966//966
f 836//836 966//966 965//965
f 837//837 838//838 967//967
f 837//837 967//967 966//966
f 838//838 839//839 968//968
f 838//838 968//968 967//967
f 839//839 840//840 969//969
f 839//839 969//969 968//968
f 840//840 841//841 970//970
f 840//840 970//970 969//969
f 841//841 842//842 971//971
f 841//841 971//971 970//970
f 842//842 843//843 972//972
f 842//842 972//972 971//971
f 843//843 844//844 973//973
f 843//843 973//973 972//972
f 844//844 845//845 974//974
f 844//844 974//974 973//973
f 845//845 846//846 975//975
f 845//845 975//975 974//974
f 846//846 847//847 976//976
f 846//846 976//976 975//975
f 847//847 848//848 977//977
f 847//847 977//977 976//976
f 848//848 849//849 978//978
f 848//848 978//978 977//977
f 849//849 850//850 979//979
f 849//849 979//979 978//978
f 850//850 851//851 980//980
f 850//850 980//980 979//979
f 851//851 852//852 981//981
f 851//851 981//981 980//980
f 852//852 853//853 982//982
f 852//852 982//982 981//981
f 853//853 854//854 983//983
f 853//853 983//983 982//982
f 854//854 855//855 984//984
f 854//854 984//984 983//983
f 855//855 856//856 985//985
f 855//855 985//985 984//984
f 856//856 857//857 986//986
f 856//856 986//986 985//985
f 857//857 858//858 987//987
f 857//857 987//987 986//986
f 858//858 859//859 988//988
f 858//858 988//988 987//987
f 859//859 860//860 989//989
f 859//859 989//989 988//988
f 860//860 861//861 990//990
f 860//860 990//990 989//989
f 861//861 862//862 991//991
f 861//861 991//991 990//990
f 862//862 863//863 992//992
f 862//862 992//992 991//991
f 863//863 864//864 993//993
f 863//863 993//993 992//992
f 864//864 865//865 994//994
f 864//864 994//994 993//993
f 865//865 866//866 995//995
f 865//865 995//995 994//994
f 866//866 867//867 996//996
f 866//866 996//996 995//995
f 867//867 868//868 997//997
f 867//867 997//997 996//996
f 868//868 869//869 998//998
f 868//868 998//998 997//997
f 869//869 870//870 999//999
f 869//869 999//999 998//998
f 870//870 871//871 1000//1000
f 870//870 1000//1000 999//999
f 871//871 872//872 1001//1001
f 871//871 1001//1001 1000//1000
f 872//872 873//873 1002//1002
f 872//872 1002//1002 1001//1001
f 873//873 874//874 1003//1003
f 873//873 1003//1003 1002//1002
f 874//874 875//875 1004//1004
f 874//874 1004//1004 1003//1003
f 875//875 876//876 1005//1005
f 875//875 1005//1005 1004//1004
f 876//876 877//877 1006//1006
f 876//876 1006//1006 1005//1005
f 877//877 878//878 1007//1007
f 877//877 1007//1007 1006//1006
f 878//878 879//879 1008//1008
f 878//878 1008//1008 1007//1007
f 879//879 880//880 1009//1009
f 879//879 1009//1009 1008//1008
f 880//880 881//881 1010//1010
f 880//880 1010//1010 1009//1009
f 881//881 882//882 1011//1011
f 881//881 1011//1011 1010//1010
f 882//882 883//883 1012//1012
f 882//882 1012//1012 1011//1011
f 883//883 884//884 1013//1013
f 883//883 1013//1013 1012//1012
f 884//884 885//885 1014//1014
f 884//884 1014//1014 1013//1013
f 885//885 886//886 1015//1015
f 885//885 1015//1015 1014//1014
f 886//886 887//887 1016//1016
f 886//886 1016//1016 1015//1015
f 887//887 888//888 1017//1017
f 887//887 1017//1017 1016//1016
f 888//888 889//889 1018//1018
f 888//888 1018//1018 1017//1017
f 889//889 890//890 1019//1019
f 889//889 1019//1019 1018//1018
f 890//890 891//891 1020//1020
f 890//890 1020//1020 1019//1019
f 891//891 892//892 1021//1021
f 891//891 1021//1021 1020//1020
f 892//892 893//893 1022//1022
f 892//892 1022//1022 1021//1021
f 893//893 894//894 1023//1023
f 893//893 1023//1023 1022//1022
f 894//894 895//895 1024//1024
f 894//894 1024//1024 1023//1023
f 895//895 896//896 1025//1025
f 895//895 1025//1025 1024//1024
f 896//896 897//897 1026//1026
f 896//896 1026//1026 1025//1025
f 897//897 898//898 1027//1027
f 897//897 1027//1027 1026//1026
f 898//898 899//899 1028//1028
f 898//898 1028//1028 1027//1027
f 899//899 900//900 1029//1029
f 899//899 1029//1029 1028//1028
f 900//900 901//901 1030//1030
f 900//900 1030//1030 1029//1029
f 901//901 902//902 1031//1031
f 901//901 1031//1031 1030//1030
f 902//902 903//903 1032//1032
f 902//902 1032//1032 1031//1031
f 904//904 905//905 1034//1034
f 904//904 1034//1034 1033//1033
f 905//905 906//906 1035//1035
f 905//905 1035//1035 1034//1034
f 906//906 907//907 1036//1036
f 906//906 1036//1036 1035//1035
f 907//907 908//908 1037//1037
f 907//907 1037//1037 1036//1036
f 908//908 909//909 1038//1038
f 908//908 1038//1038 1037//1037
f 909//909 910//910 1039//1039
f 909//909 1039//1039 1038//1038
f 910//910 911//911 1040//1040
f 910//910 1040//1040 1039//1039
f 911//911 912//912 1041//1041
f 911//911 1041//1041 1040//1040
f 912//912 913//913 1042//1042
f 912//912 1042//1042 1041//1041
f 913//913 914//914 1043//1043
f 913//913 1043//1043 1042//1042
f 914//914 915//915 1044//1044
f 914//914 1044//1044 1043//1043
f 915//915 916//916 1045//1045
f 915//915 1045//1045 1044//1044
f 916//916 917//917 1046//1046
f 916//916 1046//1046 1045//1045
f 917//917 918//918 1047//1047
f 917//917 1047//1047 1046//1046
f 918//918 919//919 1048//1048
f 918//918 1048//1048 1047//1047
f 919//919 920//920 1049//1049
f 919//919 1049//1049 1048//1048
f 920//920 921//921 1050//1050
f 920//920 1050//1050 1049//1049
f 921//921 922//922 1051//1051
f 921//921 1051//1051 1050//1050
f 922//922 923//923 1052//1052
f 922//922 1052//1052 1051//1051
f 923//923 924//924 1053//1053
f 923//923 1053//1053 1052//1052
f 924//924 925//925 1054//1054
f 924//924 1054//1054 1053//1053
f 925//925 926//926 1055//1055
f 925//925 1055//1055 1054//1054
f 926//926 927//927 1056//1056
f 926//926 1056//1056 1055//1055
f 927//927 928//928 1057//1057
f 927//927 1057//1057 1056//1056
f 928//928 929//929 1058//1058
f 928//928 1058//1058 1057//1057
f 929//929 930//930 1059//1059
f 929//929 1059//1059 1058//1058
f 930//930 931//931 1060//1060
f 930//930 1060//1060 1059//1059
f 931//931 932//932 1061//1061
f 931//931 1061//1061 1060//1060
f 932//932 933//933 1062//1062
f 932//932 1062//1062 1061//1061
f 933//933 934//934 1063//1063
f 933//933 1063//1063 1062//1062
f 934//934 935//935 1064//1064
f 934//934 1064//1064 1063//1063
f 935//935 936//936 1065//1065
f 935//935 1065//1065 1064//1064
f 936//936 937//937 1066//1066
f 936//936 1066//1066 1065//1065
f 937//937 938//938 1067//1067
f 937//937 1067//1067 1066//1066
f 938//938 939//939 1068//1068
f 938//938 1068//1068 1067//1067
f 939//939 940//940 1069//1069
f 939//939 1069//1069 1068//1068
f 940//940 941//941 1070//1070
f 940//940 1070//1070 1069//1069
f 941//941 942//942 1071//1071
f 941//941 1071//1071 1070//1070
f 942//942 943//943 1072//1072
f 942//942 1072//1072 1071//1071
f 943//943 944//944 1073//1073
f 943//943 1073//1073 1072//1072
f 944//944 945//945 1074//1074
f 944//944 1074//1074 1073//1073
f 945//945 946//946 1075//1075
f 945//945 1075//1075 1074//1074
f 946//946 947//947 1076//1076
f 946//946 1076//1076 1075//1075
f 947//947 948//948 1077//1077
f 947//947 1077//1077 1076//1076
f 948//948 949//949 1078//1078
f 948//948 1078//1078 1077//1077
f 949//949 950//950 1079//1079
f 949//949 1079//1079 1078//1078
f 950//950 951//951 1080//1080
f 950//950 1080//1080 1079//1079
f 951//951 952//952 1081//1081
f 951//951 1081//1081 1080//1080
f 952//952 953//953 1082//1082
f 952//952 1082//1082 1081//1081
f 953//953 954//954 1083//1083
f 953//953 1083//1083 1082//1082
f 954//954 955//955 1084//1084
f 954//954 1084//1084 1083//1083
f 955//955 956//956 1085//1085
f 955//955 1085//1085 1084//1084
f 956//956 957//957 1086//1086
f 956//956 1086//1086 1085//1085
f 957//957 958//958 1087//1087
f 957//957 1087//1087 1086//1086
f 958//958 959//959 1088//1088
f 958//958 1088//1088 1087//1087
f 959//959 960//960 1089//1089
f 959//959 1089//1089 1088//1088
f 960//960 961//961 1090//1090
f 960//960 1090//1090 1089//1089
f 961//961 962//962 1091//1091
f 961//961 1091//1091 1090//1090
f 962//962 963//963 1092//1092
f 962//962 1092//1092 1091//1091
f 963//963 964//964 1093//1093
f 963//963 1093//1093 1092//1092
f 964//964 965//965 1094//1094
f 964//964 1094//1094 1093//1093
f 965//965 966//966 1095//1095
f 965//965 1095//1095 1094//1094
f 966//966 967//967 1096//1096
f 966//966 1096//1096 1095//1095
f 967//967 968//968 1097//1097
f 967//967 1097//1097 1096//1096
f 968//968 969//969 1098//1098
f 968//968 1098//1098 1097//1097
f 969//969 970//970 1099//1099
f 969//969 1099//1099 1098//1098
f 970//970 971//971 1100//1100
f 970//970 1100//1100 1099//1099
f 971//971 972//972 1101//1101
f 971//971 1101//1101 1100//1100
f 972//972 973//973 1102//1102
f 972//972 1102//1102 1101//1101
f 973//973 974//974 1103//1103
f 973//973 1103//1103 1102//1102
f 974//974 975//975 1104//1104
f 974//974 1104//1104 1103//1103
f 975//975 976//976 1105//1105
f 975//975 1105//1105 1104//1104
f 976//976 977//977 1106//1106
f 976//976 1106//1106 1105//1105
f 977//977 978//978 1107//1107
f 977//977 1107//1107 1106//1106
f 978//978 979//979 1108//1108
f 978//978 1108//1108 1107//1107
f 979//979 980//980 1109//1109
f 979//979 1109//1109 1108//1108
f 980//980 981//981 1110//1110
f 980//980 1110//1110 1109//1109
f 981//981 982//982 1111//1111
f 981//981 1111//1111 1110//1110
f 982//982 983//983 1112//1112
f 982//982 1112//1112 1111//1111
f 983//983 984//984 1113//1113
f 983//983 1113//1113 1112//1112
f 984//984 985//985 1114//1114
f 984//984 1114//1114 1113//1113
f 985//985 986//986 1115//1115
f 985//985 1115//1115 1114//1114
f 986//986 987//987 1116//1116
f 986//986 1116//1116 1115//1115
f 987//987 988//988 1117//1117
f 987//987 1117//1117 1116//1116
f 988//988 989//989 1118//1118
f 988//988 1118//1118 1117//1117
f 989//989 990//990 1119//1119
f 989//989 1119//1119 1118//1118
f 990//990 991//991 1120//1120
f 990//990 1120//1120 1119//1119
f 991//991 992//992 1121//1121
f 991//991 1121//1121 1120//1120
f 992//992 993//993 1122//1122
f 992//992 1122//1122 1121//1121
f 993//993 994//994 1123//1123
f 993//993 1123//1123 1122//1122
f 994//994 995//995 1124//1124
f 994//994 1124//1124 1123//1123
f 995//995 996//996 1125//1125
f 995//995 1125//1125 1124//1124
f 996//996 997//997 1126//1126
f 996//996 1126//1126 1125//1125
f 997//997 998//998 1127//1127
f 997//997 1127//1127 1126//1126
f 998//998 999//999 1128//1128
f 998//998 1128//1128 1127//1127
f 999//999 1000//1000 1129//1129
f 999//999 1129//1129 1128//1128
f 1000//1000 1001//1001 1130//1130
f 1000//1000 1130//1130 1129//1129
f 1001//1001 1002//1002 1131//1131
f 1001//1001 1131//1131 1130//1130
f 1002//1002 1003//1003 1132//1132
f 1002//1002 1132//1132 1131//1131
f 1003//1003 1004//1004 1133//1133
f 1003//1003 1133//1133 1132//1132
f 1004//1004 1005//1005 1134//1134
f 1004//1004 1134//1134 1133//1133
f 1005//1005 1006//1006 1135//1135
f 1005//1005 1135//1135 1134//1134
f 1006//1006 1007//1007 1136//1136
f 1006//1006 1136//1136 1135//1135
f 1007//1007 1008//1008 1137//1137
f 1007//1007 1137//1137 1136//1136
f 1008//1008 1009//1009 1138//1138
f 1008//1008 1138//1138 1137//1137
f 1009//1009 1010//1010 1139//1139
f 1009//1009 1139//1139 1138//1138
f 1010//1010 1011//1011 1140//1140
f 1010//1010 1140//1140 1139//1139
f 1011//1011 1012//1012 1141//1141
f 1011//1011 1141//1141 1140//1140
f 1012//1012 1013//1013 1142//1142
f 1012//1012 1142//1142 1141//1141
f 1013//1013 1014//1014 1143//1143
f 1013//1013 1143//1143 1142//1142
f 1014//1014 1015//1015 1144//1144
f 1014//1014 1144//1144 1143//1143
f 1015//1015 1016//1016 1145//1145
f 1015//1015 1145//1145 1144//1144
f 1016//1016 1017//1017 1146//1146
f 1016//1016 1146//1146 1145//1145
f 1017//1017 1018//1018 1147//1147
f 1017//1017 1147//1147 1146//1146
f 1018//1018 1019//1019 1148//1148
f 1018//1018 1148//1148 1147//1147
f 1019//1019 1020//1020 1149//1149
f 1019//1019 1149//1149 1148//1148
f 1020//1020 1021//1021 1150//1150
f 1020//1020 1150//1150 1149//1149
f 1021//1021 1022//1022 1151//1151
f 1021//1021 1151//1151 1150//1150
f 1022//1022 1023//1023 1152//1152
f 1022//1022 1152//1152 1151//1151
f 1023//1023 1024//1024 1153//1153
f 1023//1023 1153//1153 1152//1152
f 1024//1024 1025//1025 1154//1154
f 1024//1024 1154//1154 1153//1153
f 1025//1025 1026//1026 1155//1155
f 1025//1025 1155//1155 1154//1154
f 1026//1026 1027//1027 1156//1156
f 1026//1026 1156//1156 1155//1155
f 1027//1027 1028//1028 1157//1157
f 1027//1027 1157//1157 1156//1156
f 1028//1028 1029//1029 1158//1158
f 1028//1028 1158//1158 1157//1157
f 1029//1029 1030//1030 1159//1159
f 1029//1029 1159//1159 1158//1158
f 1030//1030 1031//1031 1160//1160
f 1030//1030 1160//1160 1159//1159
f 1031//1031 1032//1032 1161//1161
f 1031//1031 1161//1161 1160//1160
f 1033//1033 1034//1034 1163//1163
f 1033//1033 1163//1163 1162//1162
f 1034//1034 1035//1035 1164//1164
f 1034//1034 1164//1164 1163//1163
f 1035//1035 1036//1036 1165//1165
f 1035//1035 1165//1165 1164//1164
f 1036//1036 1037//1037 1166//1166
f 1036//1036 1166//1166 1165//1165
f 1037//1037 1038//1038 1167//1167
f 1037//1037 1167//1167 1166//1166
f 1038//1038 1039//1039 1168//1168
f 1038//1038 1168//1168 1167//1167
f 1039//1039 1040//1040 1169//1169
f 1039//1039 1169//1169 1168//1168
f 1040//1040 1041//1041 1170//1170
f 1040//1040 1170//1170 1169//1169
f 1041//1041 1042//1042 1171//1171
f 1041//1041 1171//1171 1170//1170
f 1042//1042 1043//1043 1172//1172
f 1042//1042 1172//1172 1171//1171
f 1043//1043 1044//1044 1173//1173
f 1043//1043 1173//1173 1172//1172
f 1044//1044 1045//1045 1174//1174
f 1044//1044 1174//1174 1173//1173
f 1045//1045 1046//1046 1175//1175
f 1045//1045 1175//1175 1174//1174
f 1046//1046 1047//1047 1176//1176
f 1046//1046 1176//1176 1175//1175
f 1047//1047 1048//1048 1177//1177
f 1047//1047 1177//1177 1176//1176
f 1048//1048 1049//1049 1178//1178
f 1048//1048 1178//1178 1177//1177
f 1049//1049 1050//1050 1179//1179
f 1049//1049 1179//1179 1178//1178
f 1050//1050 1051//1051 1180//1180
f 1050//1050 1180//1180 1179//1179
f 1051//1051 1052//1052 1181//1181
f 1051//1051 1181//1181 1180//1180
f 1052//1052 1053//1053 1182//1182
f 1052//1052 1182//1182 1181//1181
f 1053//1053 1054//1054 1183//1183
f 1053//1053 1183//1183 1182//1182
f 1054//1054 1055//1055 1184//1184
f 1054//1054 1184//1184 1183//1183
f 1055//1055 1056//1056 1185//1185
f 1055//1055 1185//1185 1184//1184
f 1056//1056 1057//1057 1186//1186
f 1056//1056 1186//1186 1185//1185
f 1057//1057 1058//1058 1187//1187
f 1057//1057 1187//1187 1186//1186
f 1058//1058 1059//1059 1188//1188
f 1058//1058 1188//1188 1187//1187
f 1059//1059 1060//1060 1189//1189
f 1059//1059 1189//1189 1188//1188
f 1060//1060 1061//1061 1190//1190
f 1060//1060 1190//1190 1189//1189
f 1061//1061 1062//1062 1191//1191
f 1061//1061 1191//1191 1190//1190
f 1062//1062 1063//1063 1192//1192
f 1062//1062 1192//1192 1191//1191
f 1063//1063 1064//1064 1193//1193
f 1063//1063 1193//1193 1192//1192
f 1064//1064 1065//1065 1194//1194
f 1064//1064 1194//1194 1193//1193
f 1065//1065 1066//1066 1195//1195
f 1065//1065 1195//1195 1194//1194
f 1066//1066 1067//1067 1196//1196
f 1066//1066 1196//1196 1195//1195
f 1067//1067 1068//1068 1197//1197
f 1067//1067 1197//1197 1196//1196
f 1068//1068 1069//1069 1198//1198
f 1068//1068 1198//1198 1197//1197
f 1069//1069 1070//1070 1199//1199
f 1069//1069 1199//1199 1198//1198
f 1070//1070 1071//1071 1200//1200
f 1070//1070 1200//1200 1199//1199
f 1071//1071 1072//1072 1201//1201
f 1071//1071 1201//1201 1200//1200
f 1072//1072 1073//1073 1202//1202
f 1072//1072 1202//1202 1201//1201
f 1073//1073 1074//1074 1203//1203
f 1073//1073 1203//1203 1202//1202
f 1074//1074 1075//1075 1204//1204
f 1074//1074 1204//1204 1203//1203
f 1075//1075 1076//1076 1205//1205
f 1075//1075 1205//1205 1204//1204
f 1076//1076 1077//1077 1206//1206
f 1076//1076 1206//1206 1205//1205
f 1077//1077 1078//1078 1207//1207
f 1077//1077 1207//1207 1206//1206
f 1078//1078 1079//1079 1208//1208
f 1078//1078 1208//1208 1207//1207
f 1079//1079 1080//1080 1209//1209
f 1079//1079 1209//1209 1208//1208
f 1080//1080 1081//1081 1210//1210
f 1080//1080 1210//1210 1209//1209
f 1081//1081 1082//1082 1211//1211
f 1081//1081 1211//1211 1210//1210
f 1082//1082 1083//1083 1212//1212
f 1082//1082 1212//1212 1211//1211
f 1083//1083 1084//1084 1213//1213
f 1083//1083 1213//1213 1212//1212
f 1084//1084 1085//1085 1214//1214
f 1084//1084 1214//1214 1213//1213
f 1085//1085 1086//1086 1215//1215
f 1085//1085 1215//1215 1214//1214
f 1086//1086 1087//1087 1216//1216
f 1086//1086 1216//1216 1215//1215
f 1087//1087 1088//1088 1217//1217
f 1087//1087 1217//1217 1216//1216
f 1088//1088 1089//1089 1218//1218
f 1088//1088 1218//1218 1217//1217
f 1089//1089 1090//1090 1219//1219
f 1089//1089 1219//1219 1218//1218
f 1090//1090 1091//1091 1220//1220
f 1090//1090 1220//1220 1219//1219
f 1091//1091 1092//1092 1221//1221
f 1091//1091 1221//1221 1220//1220
f 1092//1092 1093//1093 1222//1222
f 1092//1092 1222//1222 1221//1221
f 1093//1093 1094//1094 1223//1223
f 1093//1093 1223//1223 1222//1222
f 1094//1094 1095//1095 1224//1224
f 1094//1094 1224//1224 1223//1223
f 1095//1095 1096//1096 1225//1225
f 1095//1095 1225//1225 1224//1224
f 1096//1096 1097//1097 1226//1226
f 1096//1096 1226//1226 1225//1225
f 1097//1097 1098//1098 1227//1227
f 1097//1097 1227//1227 1226//1226
f 1098//1098 1099//1099 1228//1228
f 1098//1098 1228//1228 1227//1227
f 1099//1099 1100//1100 1229//1229
f 1099//1099 1229//1229 1228//1228
f 1100//1100 1101//1101 1230//1230
f 1100//1100 1230//1230 1229//1229
f 1101//1101 1102//1102 1231//1231
f 1101//1101 1231//1231 1230//1230
f 1102//1102 1103//1103 1232//1232
f 1102//1102 1232//1232 1231//1231
f 1103//1103 1104//1104 1233//1233
f 1103//1103 1233//1233 1232//1232
f 1104//1104 1105//1105 1234//1234
f 1104//1104 1234//1234 1233//1233
f 1105//1105 1106//1106 1235//1235
f 1105//1105 1235//1235 1234//1234
f 1106//1106 1107//1107 1236//1236
f 1106//1106 1236//1236 1235//1235
f 1107//1107 1108//1108 1237//1237
f 1107//1107 1237//1237 1236//1236
f 1108//1108 1109//1109 1238//1238
f 1108//1108 1238//1238 1237//1237
f 1109//1109 1110//1110 1239//1239
f 1109//1109 1239//1239 1238//1238
f 1110//1110 1111//1111 1240//1240
f 1110//1110 1240//1240 1239//1239
f 1111//1111 1112//1112 1241//1241
f 1111//1111 1241//1241 1240//1240
f 1112//1112 1113//1113 1242//1242
f 1112//1112 1242//1242 1241//1241
f 1113//1113 1114//1114 1243//1243
f 1113//1113 1243//1243 1242//1242
f 1114//1114 1115//1115 1244//1244
f 1114//1114 1244//1244 1243//1243
f 1115//1115 1116//1116 1245//1245
f 1115//1115 1245//1245 1244//1244
f 1116//1116 1117//1117 1246//1246
f 1116//1116 1246//1246 1245//1245
f 1117//1117 1118//1118 1247//1247
f 1117//1117 1247//1247 1246//1246
f 1118//1118 1119//1119 1248//1248
f 1118//1118 1248//1248 1247//1247
f 1119//1119 1120//1120 1249//1249
f 1119//1119 1249//1249 1248//1248
f 1120//1120 1121//1121 1250//1250
f 1120//1120 1250//1250 1249//1249
f 1121//1121 1122//1122 1251//1251
f 1121//1121 1251//1251 1250//1250
f 1122//1122 1123//1123 1252//1252
f 1122//1122 1252//1252 1251//1251
f 1123//1123 1124//1124 1253//1253
f 1123//1123 1253//1253 1252//1252
f 1124//1124 1125//1125 1254//1254
f 1124//1124 1254//1254 1253//1253
f 1125//1125 1126//1126 1255//1255
f 1125//1125 1255//1255 1254//1254
f 1126//1126 1127//1127 1256//1256
f 1126//1126 1256//1256 1255//1255
f 1127//1127 1128//1128 1257//1257
f 1127//1127 1257//1257 1256//1256
f 1128//1128 1129//1129 1258//1258
f 1128//1128 1258//1258 1257//1257
f 1129//1129 1130//1130 1259//1259
f 1129//1129 1259//1259 1258//1258
f 1130//1130 1131//1131 1260//1260
f 1130//1130 1260//1260 1259//1259
f 1131//1131 1132//1132 1261//1261
f 1131//1131 1261//1261 1260//1260
f 1132//1132 1133//1133 1262//1262
f 1132//1132 1262//1262 1261//1261
f 1133//1133 1134//1134 1263//1263
f 1133//1133 1263//1263 1262//1262
f 1134//1134 1135//1135 1264//1264
f 1134//1134 1264//1264 1263//1263
f 1135//1135 1136//1136 1265//1265
f 1135//1135 1265//1265 1264//1264
f 1136//1136 1137//1137 1266//1266
f 1136//1136 1266//1266 1265//1265
f 1137//1137 1138//1138 1267//1267
f 1137//1137 1267//1267 1266//1266
f 1138//1138 1139//1139 1268//1268
f 1138//1138 1268//1268 1267//1267
f 1139//1139 1140//1140 1269//1269
f 1139//1139 1269//1269 1268//1268
f 1140//1140 1141//1141 1270//1270
f 1140//1140 1270//1270 1269//1269
f 1141//1141 1142//1142 1271//1271
f 1141//1141 1271//1271 1270//1270
f 1142//1142 1143//1143 1272//1272
f 1142//1142 1272//1272 1271//1271
f 1143//1143 1144//1144 1273//1273
f 1143//1143 1273//1273 1272//1272
f 1144//1144 1145//1145 1274//1274
f 1144//1144 1274//1274 1273//1273
f 1145//1145 1146//1146 1275//1275
f 1145//1145 1275//1275 1274//1274
f 1146//1146 1147//1147 1276//1276
f 1146//1146 1276//1276 1275//1275
f 1147//1147 1148//1148 1277//1277
f 1147//1147 1277//1277 1276//1276
f 1148//1148 1149//1149 1278//1278
f 1148//1148 1278//1278 1277//1277
f 1149//1149 1150//1150 1279//1279
f 1149//1149 1279//1279 1278//1278
f 1150//1150 1151//1151 1280//1280
f 1150//1150 1280//1280 1279//1279
f 1151//1151 1152//1152 1281//1281
f 1151//1151 1281//1281 1280//1280
f 1152//1152 1153//1153 1282//1282
f 1152//1152 1282//1282 1281//1281
f 1153//1153 1154//1154 1283//1283
f 1153//1153 1283//1283 1282//1282
f 1154//1154 1155//1155 1284//1284
f 1154//1154 1284//1284 1283//1283
f 1155//1155 1156//1156 1285//1285
f 1155//1155 1285//1285 1284//1284
f 1156//1156 1157//1157 1286//1286
f 1156//1156 1286//1286 1285//1285
f 1157//1157 1158//1158 1287//1287
f 1157//1157 1287//1287 1286//1286
f 1158//1158 1159//1159 1288//1288
f 1158//1158 1288//1288 1287//1287
f 1159//1159 1160//1160 1289//1289
f 1159//1159 1289//1289 1288//1288
f 1160//1160 1161//1161 1290//1290
f 1160//1160 1290//1290 1289//1289
f 1162//1162 1163//1163 1292//1292
f 1162//1162 1292//1292 1291//1291
f 1163//1163 1164//1164 1293//1293
f 1163//1163 1293//1293 1292//1292
f 1164//1164 1165//1165 1294//1294
f 1164//1164 1294//1294 1293//1293
f 1165//1165 1166//1166 1295//1295
f 1165//1165 1295//1295 1294//1294
f 1166//1166 1167//1167 1296//1296
f 1166//1166 1296//1296 1295//1295
f 1167//1167 1168//1168 1297//1297
f 1167//1167 1297//1297 1296//1296
f 1168//1168 1169//1169 1298//1298
f 1168//1168 1298//1298 1297//1297
f 1169//1169 1170//1170 1299//1299
f 1169//1169 1299//1299 1298//1298
f 1170//1170 1171//1171 1300//1300
f 1170//1170 1300//1300 1299//1299
f 1171//1171 1172//1172 1301//1301
f 1171//1171 1301//1301 1300//1300
f 1172//1172 1173//1173 1302//1302
f 1172//1172 1302//1302 1301//1301
f 1173//1173 1174//1174 1303//1303
f 1173//1173 1303//1303 1302//1302
f 1174//1174 1175//1175 1304//1304
f 1174//1174 1304//1304 1303//1303
f 1175//1175 1176//1176 1305//1305
f 1175//1175 1305//1305 1304//1304
f 1176//1176 1177//1177 1306//1306
f 1176//1176 1306//1306 1305//1305
f 1177//1177 1178//1178 1307//1307
f 1177//1177 1307//1307 1306//1306
f 1178//1178 1179//1179 1308//1308
f 1178//1178 1308//1308 1307//1307
f 1179//1179 1180//1180 1309//1309
f 1179//1179 1309//1309 1308//1308
f 1180//1180 1181//1181 1310//1310
f 1180//1180 1310//1310 1309//1309
f 1181//1181 1182//1182 1311//1311
f 1181//1181 1311//1311 1310//1310
f 1182//1182 1183//1183 1312//1312
f 1182//1182 1312//1312 1311//1311
f 1183//1183 1184//1184 1313//1313
f 1183//1183 1313//1313 1312//1312
f 1184//1184 1185//1185 1314//1314
f 1184//1184 1314//1314 1313//1313
f 1185//1185 1186//1186 1315//1315
f 1185//1185 1315//1315 1314//1314
f 1186//1186 1187//1187 1316//1316
f 1186//1186 1316//1316 1315//1315
f 1187//1187 1188//1188 1317//1317
f 1187//1187 1317//1317 1316//1316
f 1188//1188 1189//1189 1318//1318
f 1188//1188 1318//1318 1317//1317
f 1189//1189 1190//1190 1319//1319
f 1189//1189 1319//1319 1318//1318
f 1190//1190 1191//1191 1320//1320
f 1190//1190 1320//1320 1319//1319
f 1191//1191 1192//1192 1321//1321
f 1191//1191 1321//1321 1320//1320
f 1192//1192 1193//1193 1322//1322
f 1192//1192 1322//1322 1321//1321
f 1193//1193 1194//1194 1323//1323
f 1193//1193 1323//1323 1322//1322
f 1194//1194 1195//1195 1324//1324
f 1194//1194 1324//1324 1323//1323
f 1195//1195 1196//1196 1325//1325
f 1195//1195 1325//1325 1324//1324
f 1196//1196 1197//1197 1326//1326
f 1196//1196 1326//1326 1325//1325
f 1197//1197 1198//1198 1327//1327
f 1197//1197 1327//1327 1326//1326
f 1198//1198 1199//1199 1328//1328
f 1198//1198 1328//1328 1327//1327
f 1199//1199 1200//1200 1329//1329
f 1199//1199 1329//1329 1328//1328
f 1200//1200 1201//1201 1330//1330
f 1200//1200 1330//1330 1329//1329
f 1201//1201 1202//1202 1331//1331
f 1201//1201 1331//1331 1330//1330
f 1202//1202 1203//1203 1332//1332
f 1202//1202 1332//1332 1331//1331
f 1203//1203 1204//1204 1333//1333
f 1203//1203 1333//1333 1332//1332
f 1204//1204 1205//1205 1334//1334
f 1204//1204 1334//1334 1333//1333
f 1205//1205 1206//1206 1335//1335
f 1205//1205 1335//1335 1334//1334
f 1206//1206 1207//1207 1336//1336
f 1206//1206 1336//1336 1335//1335
f 1207//1207 1208//1208 1337//1337
f 1207//1207 1337//1337 1336//1336
f 1208//1208 1209//1209 1338//1338
f 1208//1208 1338//1338 1337//1337
f 1209//1209 1210//1210 1339//1339
f 1209//1209 1339//1339 1338//1338
f 1210//1210 1211//1211 1340//1340
f 1210//1210 1340//1340 1339//1339
f 1211//1211 1212//1212 1341//1341
f 1211//1211 1341//1341 1340//1340
f 1212//1212 1213//1213 1342//1342
f 1212//1212 1342//1342 1341//1341
f 1213//1213 1214//1214 1343//1343
f 1213//1213 1343//1343 1342//1342
f 1214//1214 1215//1215 1344//1344
f 1214//1214 1344//1344 1343//1343
f 1215//1215 1216//1216 1345//1345
f 1215//1215 1345//1345 1344//1344
f 1216//1216 1217//1217 1346//1346
f 1216//1216 1346//1346 1345//1345
f 1217//1217 1218//1218 1347//1347
f 1217//1217 1347//1347 1346//1346
f 1218//1218 1219//1219 1348//1348
f 1218//1218 1348//1348 1347//1347
f 1219//1219 1220//1220 1349//1349
f 1219//1219 1349//1349 1348//1348
f 1220//1220 1221//1221 1350//1350
f 1220//1220 1350//1350 1349//1349
f 1221//1221 1222//1222 1351//1351
f 1221//1221 1351//1351 1350//1350
f 1222//1222 1223//1223 1352//1352
f 1222//1222 1352//1352 1351//1351
f 1223//1223 1224//1224 1353//1353
f 1223//1223 1353//1353 1352//1352
f 1224//1224 1225//1225 1354//1354
f 1224//1224 1354//1354 1353//1353
f 1225//1225 1226//1226 1355//1355
f 1225//1225 1355//1355 1354//1354
f 1226//1226 1227//1227 1356//1356
f 1226//1226 1356//1356 1355//1355
f 1227//1227 1228//1228 1357//1357
f 1227//1227 1357//1357 1356//1356
f 1228//1228 1229//1229 1358//1358
f 1228//1228 1358//1358 1357//1357
f 1229//1229 1230//1230 1359//1359
f 1229//1229 1359//1359 1358//1358
f 1230//1230 1231//1231 1360//1360
f 1230//1230 1360//1360 1359//1359
f 1231//1231 1232//1232 1361//1361
f 1231//1231 1361//1361 1360//1360
f 1232//1232 1233//1233 1362//1362
f 1232//1232 1362//1362 1361//1361
f 1233//1233 1234//1234 1363//1363
f 1233//1233 1363//1363 1362//1362
f 1234//1234 1235//1235 1364//1364
f 1234//1234 1364//1364 1363//1363
f 1235//1235 1236//1236 1365//1365
f 1235//1235 1365//1365 1364//1364
f 1236//1236 1237//1237 1366//1366
f 1236//1236 1366//1366 1365//1365
f 1237//1237 1238//1238 1367//1367
f 1237//1237 1367//1367 1366//1366
f 1238//1238 1239//1239 1368//1368
f 1238//1238 1368//1368 1367//1367
f 1239//1239 1240//1240 1369//1369
f 1239//1239 1369//1369 1368//1368
f 1240//1240 1241//1241 1370//1370
f 1240//1240 1370//1370 1369//1369
f 1241//1241 1242//1242 1371//1371
f 1241//1241 1371//1371 1370//1370
f 1242//1242 1243//1243 1372//1372
f 1242//1242 1372//1372 1371//1371
f 1243//1243 1244//1244 1373//1373
f 1243//1243 1373//1373 1372//1372
f 1244//1244 1245//1245 1374//1374
f 1244//1244 1374//1374 1373//1373
f 1245//1245 1246//1246 1375//1375
f 1245//1245 1375//1375 1374//1374
f 1246//1246 1247//1247 1376//1376
f 1246//1246 1376//1376 1375//1375
f 1247//1247 1248//1248 1377//1377
f 1247//1247 1377//1377 1376//1376
f 1248//1248 1249//1249 1378//1378
f 1248//1248 1378//1378 1377//1377
f 1249//1249 1250//1250 1379//1379
f 1249//1249 1379//1379 1378//1378
f 1250//1250 1251//1251 1380//1380
f 1250//1250 1380//1380 1379//1379
f 1251//1251 1252//1252 1381//1381
f 1251//1251 1381//1381 1380//1380
f 1252//1252 1253//1253 1382//1382
f 1252//1252 1382//1382 1381//1381
f 1253//1253 1254//1254 1383//1383
f 1253//1253 1383//1383 1382//1382
f 1254//1254 1255//1255 1384//1384
f 1254//1254 1384//1384 1383//1383
f 1255//1255 1256//1256 1385//1385
f 1255//1255 1385//1385 1384//1384
f 1256//1256 1257//1257 1386//1386
f 1256//1256 1386//1386 1385//1385
f 1257//1257 1258//1258 1387//1387
f 1257//1257 1387//1387 1386//1386
f 1258//1258 1259//1259 1388//1388
f 1258//1258 1388//1388 1387//1387
f 1259//1259 1260//1260 1389//1389
f 1259//1259 1389//1389 1388//1388
f 1260//1260 1261//1261 1390//1390
f 1260//1260 1390//1390 1389//1389
f 1261//1261 1262//1262 1391//1391
f 1261//1261 1391//1391 1390//1390
f 1262//1262 1263//1263 1392//1392
f 1262//1262 1392//1392 1391//1391
f 1263//1263 1264//1264 1393//1393
f 1263//1263 1393//1393 1392//1392
f 1264//1264 1265//1265 1394//1394
f 1264//1264 1394//1394 1393//1393
f 1265//1265 1266//1266 1395//1395
f 1265//1265 1395//1395 1394//1394
f 1266//1266 1267//1267 1396//1396
f 1266//1266 1396//1396 1395//1395
f 1267//1267 1268//1268 1397//1397
f 1267//1267 1397//1397 1396//1396
f 1268//1268 1269//1269 1398//1398
f 1268//1268 1398//1398 1397//1397
f 1269//1269 1270//1270 1399//1399
f 1269//1269 1399//1399 1398//1398
f 1270//1270 1271//1271 1400//1400
f 1270//1270 1400//1400 1399//1399
f 1271//1271 1272//1272 1401//1401
f 1271//1271 1401//1401 1400//1400
f 1272//1272 1273//1273 1402//1402
f 1272//1272 1402//1402 1401//1401
f 1273//1273 1274//1274 1403//1403
f 1273//1273 1403//1403 1402//1402
f 1274//1274 1275//1275 1404//1404
f 1274//1274 1404//1404 1403//1403
f 1275//1275 1276//1276 1405//1405
f 1275//1275 1405//1405 1404//1404
f 1276//1276 1277//1277 1406//1406
f 1276//1276 1406//1406 1405//1405
f 1277//1277 1278//1278 1407//1407
f 1277//1277 1407//1407 1406//1406
f 1278//1278 1279//1279 1408//1408
f 1278//1278 1408//1408 1407//1407
f 1279//1279 1280//1280 1409//1409
f 1279//1279 1409//1409 1408//1408
f 1280//1280 1281//1281 1410//1410
f 1280//1280 1410//1410 1409//1409
f 1281//1281 1282//1282 1411//1411
f 1281//1281 1411//1411 1410//1410
f 1282//1282 1283//1283 1412//1412
f 1282//1282 1412//1412 1411//1411
f 1283//1283 1284//1284 1413//1413
f 1283//1283 1413//1413 1412//1412
f 1284//1284 1285//1285 1414//1414
f 1284//1284 1414//1414 1413//1413
f 1285//1285 1286//1286 1415//1415
f 1285//1285 1415//1415 1414//1414
f 1286//1286 1287//1287 1416//1416
f 1286//1286 1416//1416 1415//1415
f 1287//1287 1288//1288 1417//1417
f 1287//1287 1417//1417 1416//1416
f 1288//1288 1289//1289 1418//1418
f 1288//1288 1418//1418 1417//1417
f 1289//1289 1290//1290 1419//1419
f 1289//1289 1419//1419 1418//1418
f 1291//1291 1292//1292 1421//1421
f 1291//1291 1421//1421 1420//1420
f 1292//1292 1293//1293 1422//1422
f 1292//1292 1422//1422 1421//1421
f 1293//1293 1294//1294 1423//1423
f 1293//1293 1423//1423 1422//1422
f 1294//1294 1295//1295 1424//1424
f 1294//1294 1424//1424 1423//1423
f 1295//1295 1296//1296 1425//1425
f 1295//1295 1425//1425 1424//1424
f 1296//1296 1297//1297 1426//1426
f 1296//1296 1426//1426 1425//1425
f 1297//1297 1298//1298 1427//1427
f 1297//1297 1427//1427 1426//1426
f 1298//1298 1299//1299 1428//1428
f 1298//1298 1428//1428 1427//1427
f 1299//1299 1300//1300 1429//1429
f 1299//1299 1429//1429 1428//1428
f 1300//1300 1301//1301 1430//1430
f 1300//1300 1430//1430 1429//1429
f 1301//1301 1302//1302 1431//1431
f 1301//1301 1431//1431 1430//1430
f 1302//1302 1303//1303 1432//1432
f 1302//1302 1432//1432 1431//1431
f 1303//1303 1304//1304 1433//1433
f 1303//1303 1433//1433 1432//1432
f 1304//1304 1305//1305 1434//1434
f 1304//1304 1434//1434 1433//1433
f 1305//1305 1306//1306 1435//1435
f 1305//1305 1435//1435 1434//1434
f 1306//1306 1307//1307 1436//1436
f 1306//1306 1436//1436 1435//1435
f 1307//1307 1308//1308 1437//1437
f 1307//1307 1437//1437 1436//1436
f 1308//1308 1309//1309 1438//1438
f 1308//1308 1438//1438 1437//1437
f 1309//1309 1310//1310 1439//1439
f 1309//1309 1439//1439 1438//1438
f 1310//1310 1311//1311 1440//1440
f 1310//1310 1440//1440 1439//1439
f 1311//1311 1312//1312 1441//1441
f 1311//1311 1441//1441 1440//1440
f 1312//1312 1313//1313 1442//1442
f 1312//1312 1442//1442 1441//1441
f 1313//1313 1314//1314 1443//1443
f 1313//1313 1443//1443 1442//1442
f 1314//1314 1315//1315 1444//1444
f 1314//1314 1444//1444 1443//1443
f 1315//1315 1316//1316 1445//1445
f 1315//1315 1445//1445 1444//1444
f 1316//1316 1317//1317 1446//1446
f 1316//1316 1446//1446 1445//1445
f 1317//1317 1318//1318 1447//1447
f 1317//1317 1447//1447 1446//1446
f 1318//1318 1319//1319 1448//1448
f 1318//1318 1448//1448 1447//1447
f 1319//1319 1320//1320 1449//1449
f 1319//1319 1449//1449 1448//1448
f 1320//1320 1321//1321 1450//1450
f 1320//1320 1450//1450 1449//1449
f 1321//1321 1322//1322 1451//1451
f 1321//1321 1451//1451 1450//1450
f 1322//1322 1323//1323 1452//1452
f 1322//1322 1452//1452 1451//1451
f 1323//1323 1324//1324 1453//1453
f 1323//1323 1453//1453 1452//1452
f 1324//1324 1325//1325 1454//1454
f 1324//1324 1454//1454 1453//1453
f 1325//1325 1326//1326 1455//1455
f 1325//1325 1455//1455 1454//1454
f 1326//1326 1327//1327 1456//1456
f 1326//1326 1456//1456 1455//1455
f 1327//1327 1328//1328 1457//1457
f 1327//1327 1457//1457 1456//1456
f 1328//1328 1329//1329 1458//1458
f 1328//1328 1458//1458 1457//1457
f 1329//1329 1330//1330 1459//1459
f 1329//1329 1459//1459 1458//1458
f 1330//1330 1331//1331 1460//1460
f 1330//1330 1460//1460 1459//1459
f 1331//1331 1332//1332 1461//1461
f 1331//1331 1461//1461 1460//1460
f 1332//1332 1333//1333 1462//1462
f 1332//1332 1462//1462 1461//1461
f 1333//1333 1334//1334 1463//1463
f 1333//1333 1463//1463 1462//1462
f 1334//1334 1335//1335 1464//1464
f 1334//1334 1464//1464 1463//1463
f 1335//1335 1336//1336 1465//1465
f 1335//1335 1465//1465 1464//1464
f 1336//1336 1337//1337 1466//1466
f 1336//1336 1466//1466 1465//1465
f 1337//1337 1338//1338 1467//1467
f 1337//1337 1467//1467 1466//1466
f 1338//1338 1339//1339 1468//1468
f 1338//1338 1468//1468 1467//1467
f 1339//1339 1340//1340 1469//1469
f 1339//1339 1469//1469 1468//1468
f 1340//1340 1341//1341 1470//1470
f 1340//1340 1470//1470 1469//1469
f 1341//1341 1342//1342 1471//1471
f 1341//1341 1471//1471 1470//1470
f 1342//1342 1343//1343 1472//1472
f 1342//1342 1472//1472 1471//1471
f 1343//1343 1344//1344 1473//1473
f 1343//1343 1473//1473 1472//1472
f 1344//1344 1345//1345 1474//1474
f 1344//1344 1474//1474 1473//1473
f 1345//1345 1346//1346 1475//1475
f 1345//1345 1475//1475 1474//1474
f 1346//1346 1347//1347 1476//1476
f 1346//1346 1476//1476 1475//1475
f 1347//1347 1348//1348 1477//1477
f 1347//1347 1477//1477 1476//1476
f 1348//1348 1349//1349 1478//1478
f 1348//1348 1478//1478 1477//1477
f 1349//1349 1350//1350 1479//1479
f 1349//1349 1479//1479 1478//1478
f 1350//1350 1351//1351 1480//1480
f 1350//1350 1480//1480 1479//1479
f 1351//1351 1352//1352 1481//1481
f 1351//1351 1481//1481 1480//1480
f 1352//1352 1353//1353 1482//1482
f 1352//1352 1482//1482 1481//1481
f 1353//1353 1354//1354 1483//1483
f 1353//1353 1483//1483 1482//1482
f 1354//1354 1355//1355 1484//1484
f 1354//1354 1484//1484 1483//1483
f 1355//1355 1356//1356 1485//1485
f 1355//1355 1485//1485 1484//1484
f 1356//1356 1357//1357 1486//1486
f 1356//1356 1486//1486 1485//1485
f 1357//1357 1358//1358 1487//1487
f 1357//1357 1487//1487 1486//1486
f 1358//1358 1359//1359 1488//1488
f 1358//1358 1488//1488 1487//1487
f 1359//1359 1360//1360 1489//1489
f 1359//1359 1489//1489 1488//1488
f 1360//1360 1361//1361 1490//1490
f 1360//1360 1490//1490 1489//1489
f 1361//1361 1362//1362 1491//1491
f 1361//1361 1491//1491 1490//1490
f 1362//1362 1363//1363 1492//1492
f 1362//1362 1492//1492 1491//1491
f 1363//1363 1364//1364 1493//1493
f 1363//1363 1493//1493 1492//1492
f 1364//1364 1365//1365 1494//1494
f 1364//1364 1494//1494 1493//1493
f 1365//1365 1366//1366 1495//1495
f 1365//1365 1495//1495 1494//1494
f 1366//1366 1367//1367 1496//1496
f 1366//1366 1496//1496 1495//1495
f 1367//1367 1368//1368 1497//1497
f 1367//1367 1497//1497 1496//1496
f 1368//1368 1369//1369 1498//1498
f 1368//1368 1498//1498 1497//1497
f 1369//1369 1370//1370 1499//1499
f 1369//1369 1499//1499 1498//1498
f 1370//1370 1371//1371 1500//1500
f 1370//1370 1500//1500 1499//1499
f 1371//1371 1372//1372 1501//1501
f 1371//1371 1501//1501 1500//1500
f 1372//1372 1373//1373 1502//1502
f 1372//1372 1502//1502 1501//1501
f 1373//1373 1374//1374 1503//1503
f 1373//1373 1503//1503 1502//1502
f 1374//1374 1375//1375 1504//1504
f 1374//1374 1504//1504 1503//1503
f 1375//1375 1376//1376 1505//1505
f 1375//1375 1505//1505 1504//1504
f 1376//1376 1377//1377 1506//1506
f 1376//1376 1506//1506 1505//1505
f 1377//1377 1378//1378 1507//1507
f 1377//1377 1507//1507 1506//1506
f 1378//1378 1379//1379 1508//1508
f 1378//1378 1508//1508 1507//1507
f 1379//1379 1380//1380 1509//1509
f 1379//1379 1509//1509 1508//1508
f 1380//1380 1381//1381 1510//1510
f 1380//1380 1510//1510 1509//1509
f 1381//1381 1382//1382 1511//1511
f 1381//1381 1511//1511 1510//1510
f 1382//1382 1383//1383 1512//1512
f 1382//1382 1512//1512 1511//1511
f 1383//1383 1384//1384 1513//1513
f 1383//1383 1513//1513 1512//1512
f 1384//1384 1385//1385 1514//1514
f 1384//1384 1514//1514 1513//1513
f 1385//1385 1386//1386 1515//1515
f 1385//1385 1515//1515 1514//1514
f 1386//1386 1387//1387 1516//1516
f 1386//1386 1516//1516 1515//1515
f 1387//1387 1388//1388 1517//1517
f 1387//1387 1517//1517 1516//1516
f 1388//1388 1389//1389 1518//1518
f 1388//1388 1518//1518 1517//1517
f 1389//1389 1390//1390 1519//1519
f 1389//1389 1519//1519 1518//1518
f 1390//1390 1391//1391 1520//1520
f 1390//1390 1520//1520 1519//1519
f 1391//1391 1392//1392 1521//1521
f 1391//1391 1521//1521 1520//1520
f 1392//1392 1393//1393 1522//1522
f 1392//1392 1522//1522 1521//1521
f 1393//1393 1394//1394 1523//1523
f 1393//1393 1523//1523 1522//1522
f 1394//1394 1395//1395 1524//1524
f 1394//1394 1524//1524 1523//1523
f 1395//1395 1396//1396 1525//1525
f 1395//1395 1525//1525 1524//1524
f 1396//1396 1397//1397 1526//1526
f 1396//1396 1526//1526 1525//1525
f 1397//1397 1398//1398 1527//1527
f 1397//1397 1527//1527 1526//1526
f 1398//1398 1399//1399 1528//1528
f 1398//1398 1528//1528 1527//1527
f 1399//1399 1400//1400 1529//1529
f 1399//1399 1529//1529 1528//1528
f 1400//1400 1401//1401 1530//1530
f 1400//1400 1530//1530 1529//1529
f 1401//1401 1402//1402 1531//1531
f 1401//1401 1531//1531 1530//1530
f 1402//1402 1403//1403 1532//1532
f 1402//1402 1532//1532 1531//1531
f 1403//1403 1404//1404 1533//1533
f 1403//1403 1533//1533 1532//1532
f 1404//1404 1405//1405 1534//1534
f 1404//1404 1534//1534 1533//1533
f 1405//1405 1406//1406 1535//1535
f 1405//1405 1535//1535 1534//1534
f 1406//1406 1407//1407 1536//1536
f 1406//1406 1536//1536 1535//1535
f 1407//1407 1408//1408 1537//1537
f 1407//1407 1537//1537 1536//1536
f 1408//1408 1409//1409 1538//1538
f 1408//1408 1538//1538 1537//1537
f 1409//1409 1410//1410 1539//1539
f 1409//1409 1539//1539 1538//1538
f 1410//1410 1411//1411 1540//1540
f 1410//1410 1540//1540 1539//1539
f 1411//1411 1412//1412 1541//1541
f 1411//1411 1541//1541 1540//1540
f 1412//1412 1413//1413 1542//1542
f 1412//1412 1542//1542 1541//1541
f 1413//1413 1414//1414 1543//1543
f 1413//1413 1543//1543 1542//1542
f 1414//1414 1415//1415 1544//1544
f 1414//1414 1544//1544 1543//1543
f 1415//1415 1416//1416 1545//1545
f 1415//1415 1545//1545 1544//1544
f 1416//1416 1417//1417 1546//1546
f 1416//1416 1546//1546 1545//1545
f 1417//1417 1418//1418 1547//1547
f 1417//1417 1547//1547 1546//1546
f 1418//1418 1419//1419 1548//1548
f 1418//1418 1548//1548 1547//1547
f 1420//1420 1421//1421 1550//1550
f 1420//1420 1550//1550 1549//1549
f 1421//1421 1422//1422 1551//1551
f 1421//1421 1551//1551 1550//1550
f 1422//1422 1423//1423 1552//1552
f 1422//1422 1552//1552 1551//1551
f 1423//1423 1424//1424 1553//1553
f 1423//1423 1553//1553 1552//1552
f 1424//1424 1425//1425 1554//1554
f 1424//1424 1554//1554 1553//1553
f 1425//1425 1426//1426 1555//1555
f 1425//1425 1555//1555 1554//1554
f 1426//1426 1427//1427 1556//1556
f 1426//1426 1556//1556 1555//1555
f 1427//1427 1428//1428 1557//1557
f 1427//1427 1557//1557 1556//1556
f 1428//1428 1429//1429 1558//1558
f 1428//1428 1558//1558 1557//1557
f 1429//1429 1430//1430 1559//1559
f 1429//1429 1559//1559 1558//1558
f 1430//1430 1431//1431 1560//1560
f 1430//1430 1560//1560 1559//1559
f 1431//1431 1432//1432 1561//1561
f 1431//1431 1561//1561 1560//1560
f 1432//1432 1433//1433 1562//1562
f 1432//1432 1562//1562 1561//1561
f 1433//1433 1434//1434 1563//1563
f 1433//1433 1563//1563 1562//1562
f 1434//1434 1435//1435 1564//1564
f 1434//1434 1564//1564 1563//1563
f 1435//1435 1436//1436 1565//1565
f 1435//1435 1565//1565 1564//1564
f 1436//1436 1437//1437 1566//1566
f 1436//1436 1566//1566 1565//1565
f 1437//1437 1438//1438 1567//1567
f 1437//1437 1567//1567 1566//1566
f 1438//1438 1439//1439 1568//1568
f 1438//1438 1568//1568 1567//1567
f 1439//1439 1440//1440 1569//1569
f 1439//1439 1569//1569 1568//1568
f 1440//1440 1441//1441 1570//1570
f 1440//1440 1570//1570 1569//1569
f 1441//1441 1442//1442 1571//1571
f 1441//1441 1571//1571 1570//1570
f 1442//1442 1443//1443 1572//1572
f 1442//1442 1572//1572 1571//1571
f 1443//1443 1444//1444 1573//1573
f 1443//1443 1573//1573 1572//1572
f 1444//1444 1445//1445 1574//1574
f 1444//1444 1574//1574 1573//1573
f 1445//1445 1446//1446 1575//1575
f 1445//1445 1575//1575 1574//1574
f 1446//1446 1447//1447 1576//1576
f 1446//1446 1576//1576 1575//1575
f 1447//1447 1448//1448 1577//1577
f 1447//1447 1577//1577 1576//1576
f 1448//1448 1449//1449 1578//1578
f 1448//1448 1578//1578 1577//1577
f 1449//1449 1450//1450 1579//1579
f 1449//1449 1579//1579 1578//1578
f 1450//1450 1451//1451 1580//1580
f 1450//1450 1580//1580 1579//1579
f 1451//1451 1452//1452 1581//1581
f 1451//1451 1581//1581 1580//1580
f 1452//1452 1453//1453 1582//1582
f 1452//1452 1582//1582 1581//1581
f 1453//1453 1454//1454 1583//1583
f 1453//1453 1583//1583 1582//1582
f 1454//1454 1455//1455 1584//1584
f 1454//1454 1584//1584 1583//1583
f 1455//1455 1456//1456 1585//1585
f 1455//1455 1585//1585 1584//1584
f 1456//1456 1457//1457 1586//1586
f 1456//1456 1586//1586 1585//1585
f 1457//1457 1458//1458 1587//1587
f 1457//1457 1587//1587 1586//1586
f 1458//1458 1459//1459 1588//1588
f 1458//1458 1588//1588 1587//1587
f 1459//1459 1460//1460 1589//1589
f 1459//1459 1589//1589 1588//1588
f 1460//1460 1461//1461 1590//1590
f 1460//1460 1590//1590 1589//1589
f 1461//1461 1462//1462 1591//1591
f 1461//1461 1591//1591 1590//1590
f 1462//1462 1463//1463 1592//1592
f 1462//1462 1592//1592 1591//1591
f 1463//1463 1464//1464 1593//1593
f 1463//1463 1593//1593 1592//1592
f 1464//1464 1465//1465 1594//1594
f 1464//1464 1594//1594 1593//1593
f 1465//1465 1466//1466 1595//1595
f 1465//1465 1595//1595 1594//1594
f 1466//1466 1467//1467 1596//1596
f 1466//1466 1596//1596 1595//1595
f 1467//1467 1468//1468 1597//1597
f 1467//1467 1597//1597 1596//1596
f 1468//1468 1469//1469 1598//1598
f 1468//1468 1598//1598 1597//1597
f 1469//1469 1470//1470 1599//1599
f 1469//1469 1599//1599 1598//1598
f 1470//1470 1471//1471 1600//1600
f 1470//1470 1600//1600 1599//1599
f 1471//1471 1472//1472 1601//1601
f 1471//1471 1601//1601 1600//1600
f 1472//1472 1473//1473 1602//1602
f 1472//1472 1602//1602 1601//1601
f 1473//1473 1474//1474 1603//1603
f 1473//1473 1603//1603 1602//1602
f 1474//1474 1475//1475 1604//1604
f 1474//1474 1604//1604 1603//1603
f 1475//1475 1476//1476 1605//1605
f 1475//1475 1605//1605 1604//1604
f 1476//1476 1477//1477 1606//1606
f 1476//1476 1606//1606 1605//1605
f 1477//1477 1478//1478 1607//1607
f 1477//1477 1607//1607 1606//1606
f 1478//1478 1479//1479 1608//1608
f 1478//1478 1608//1608 1607//1607
f 1479//1479 1480//1480 1609//1609
f 1479//1479 1609//1609 1608//1608
f 1480//1480 1481//1481 1610//1610
f 1480//1480 1610//1610 1609//1609
f 1481//1481 1482//1482 1611//1611
f 1481//1481 1611//1611 1610//1610
f 1482//1482 1483//1483 1612//1612
f 1482//1482 1612//1612 1611//1611
f 1483//1483 1484//1484 1613//1613
f 1483//1483 1613//1613 1612//1612
f 1484//1484 1485//1485 1614//1614
f 1484//1484 1614//1614 1613//1613
f 1485//1485 1486//1486 1615//1615
f 1485//1485 1615//1615 1614//1614
f 1486//1486 1487//1487 1616//1616
f 1486//1486 1616//1616 1615//1615
f 1487//1487 1488//1488 1617//1617
f 1487//1487 1617//1617 1616//1616
f 1488//1488 1489//1489 1618//1618
f 1488//1488 1618//1618 1617//1617
f 1489//1489 1490//1490 1619//1619
f 1489//1489 1619//1619 1618//1618
f 1490//1490 1491//1491 1620//1620
f 1490//1490 1620//1620 1619//1619
f 1491//1491 1492//1492 1621//1621
f 1491//1491 1621//1621 1620//1620
f 1492//1492 1493//1493 1622//1622
f 1492//1492 1622//1622 1621//1621
f 1493//1493 1494//1494 1623//1623
f 1493//1493 1623//1623 1622//1622
f 1494//1494 1495//1495 1624//1624
f 1494//1494 1624//1624 1623//1623
f 1495//1495 1496//1496 1625//1625
f 1495//1495 1625//1625 1624//1624
f 1496//1496 1497//1497 1626//1626
f 1496//1496 1626//1626 1625//1625
f 1497//1497 1498//1498 1627//1627
f 1497//1497 1627//1627 1626//1626
f 1498//1498 1499//1499 1628//1628
f 1498//1498 1628//1628 1627//1627
f 1499//1499 1500//1500 1629//1629
f 1499//1499 1629//1629 1628//1628
f 1500//1500 1501//1501 1630//1630
f 1500//1500 1630//1630 1629//1629
f 1501//1501 1502//1502 1631//1631
f 1501//1501 1631//1631 1630//1630
f 1502//1502 1503//1503 1632//1632
f 1502//1502 1632//1632 1631//1631
f 1503//1503 1504//1504 1633//1633
f 1503//1503 1633//1633 1632//1632
f 1504//1504 1505//1505 1634//1634
f 1504//1504 1634//1634 1633//1633
f 1505//1505 1506//1506 1635//1635
f 1505//1505 1635//1635 1634//1634
f 1506//1506 1507//1507 1636//1636
f 1506//1506 1636//1636 1635//1635
f 1507//1507 1508//1508 1637//1637
f 1507//1507 1637//1637 1636//1636
f 1508//1508 1509//1509 1638//1638
f 1508//1508 1638//1638 1637//1637
f 1509//1509 1510//1510 1639//1639
f 1509//1509 1639//1639 1638//1638
f 1510//1510 1511//1511 1640//1640
f 1510//1510 1640//1640 1639//1639
f 1511//1511 1512//1512 1641//1641
f 1511//1511 1641//1641 1640//1640
f 1512//1512 1513//1513 1642//1642
f 1512//1512 1642//1642 1641//1641
f 1513//1513 1514//1514 1643//1643
f 1513//1513 1643//1643 1642//1642
f 1514//1514 1515//1515 1644//1644
f 1514//1514 1644//1644 1643//1643
f 1515//1515 1516//1516 1645//1645
f 1515//1515 1645//1645 1644//1644
f 1516//1516 1517//1517 1646//1646
f 1516//1516 1646//1646 1645//1645
f 1517//1517 1518//1518 1647//1647
f 1517//1517 1647//1647 1646//1646
f 1518//1518 1519//1519 1648//1648
f 1518//1518 1648//1648 1647//1647
f 1519//1519 1520//1520 1649//1649
f 1519//1519 1649//1649 1648//1648
f 1520//1520 1521//1521 1650//1650
f 1520//1520 1650//1650 1649//1649
f 1521//1521 1522//1522 1651//1651
f 1521//1521 1651//1651 1650//1650
f 1522//1522 1523//1523 1652//1652
f 1522//1522 1652//1652 1651//1651
f 1523//1523 1524//1524 1653//1653
f 1523//1523 1653//1653 1652//1652
f 1524//1524 1525//1525 1654//1654
f 1524//1524 1654//1654 1653//1653
f 1525//1525 1526//1526 1655//1655
f 1525//1525 1655//1655 1654//1654
f 1526//1526 1527//1527 1656//1656
f 1526//1526 1656//1656 1655//1655
f 1527//1527 1528//1528 1657//1657
f 1527//1527 1657//1657 1656//1656
f 1528//1528 1529//1529 1658//1658
f 1528//1528 1658//1658 1657//1657
f 1529//1529 1530//1530 1659//1659
f 1529//1529 1659//1659 1658//1658
f 1530//1530 1531//1531 1660//1660
f 1530//1530 1660//1660 1659//1659
f 1531//1531 1532//1532 1661//1661
f 1531//1531 1661//1661 1660//1660
f 1532//1532 1533//1533 1662//1662
f 1532//1532 1662//1662 1661//1661
f 1533//1533 1534//1534 1663//1663
f 1533//1533 1663//1663 1662//1662
f 1534//1534 1535//1535 1664//1664
f 1534//1534 1664//1664 1663//1663
f 1535//1535 1536//1536 1665//1665
f 1535//1535 1665//1665 1664//1664
f 1536//1536 1537//1537 1666//1666
f 1536//1536 1666//1666 1665//1665
f 1537//1537 1538//1538 1667//1667
f 1537//1537 1667//1667 1666//1666
f 1538//1538 1539//1539 1668//1668
f 1538//1538 1668//1668 1667//1667
f 1539//1539 1540//1540 1669//1669
f 1539//1539 1669//1669 1668//1668
f 1540//1540 1541//1541 1670//1670
f 1540//1540 1670//1670 1669//1669
f 1541//1541 1542//1542 1671//1671
f 1541//1541 1671//1671 1670//1670
f 1542//1542 1543//1543 1672//1672
f 1542//1542 1672//1672 1671//1671
f 1543//1543 1544//1544 1673//1673
f 1543//1543 1673//1673 1672//1672
f 1544//1544 1545//1545 1674//1674
f 1544//1544 1674//1674 1673//1673
f 1545//1545 1546//1546 1675//1675
f 1545//1545 1675//1675 1674//1674
f 1546//1546 1547//1547 1676//1676
f 1546//1546 1676//1676 1675//1675
f 1547//1547 1548//1548 1677//1677
f 1547//1547 1677//1677 1676//1676
f 1549//1549 1550//1550 1679//1679
f 1549//1549 1679//1679 1678//1678
f 1550//1550 1551//1551 1680//1680
f 1550//1550 1680//1680 1679//1679
f 1551//1551 1552//1552 1681//1681
f 1551//1551 1681//1681 1680//1680
f 1552//1552 1553//1553 1682//1682
f 1552//1552 1682//1682 1681//1681
f 1553//1553 1554//1554 1683//1683
f 1553//1553 1683//1683 1682//1682
f 1554//1554 1555//1555 1684//1684
f 1554//1554 1684//1684 1683//1683
f 1555//1555 1556//1556 1685//1685
f 1555//1555 1685//1685 1684//1684
f 1556//1556 1557//1557 1686//1686
f 1556//1556 1686//1686 1685//1685
f 1557//1557 1558//1558 1687//1687
f 1557//1557 1687//1687 1686//1686
f 1558//1558 1559//1559 1688//1688
f 1558//1558 1688//1688 1687//1687
f 1559//1559 1560//1560 1689//1689
f 1559//1559 1689//1689 1688//1688
f 1560//1560 1561//1561 1690//1690
f 1560//1560 1690//1690 1689//1689
f 1561//1561 1562//1562 1691//1691
f 1561//1561 1691//1691 1690//1690
f 1562//1562 1563//1563 1692//1692
f 1562//1562 1692//1692 1691//1691
f 1563//1563 1564//1564 1693//1693
f 1563//1563 1693//1693 1692//1692
f 1564//1564 1565//1565 1694//1694
f 1564//1564 1694//1694 1693//1693
f 1565//1565 1566//1566 1695//1695
f 1565//1565 1695//1695 1694//1694
f 1566//1566 1567//1567 1696//1696
f 1566//1566 1696//1696 1695//1695
f 1567//1567 1568//1568 1697//1697
f 1567//1567 1697//1697 1696//1696
f 1568//1568 1569//1569 1698//1698
f 1568//1568 1698//1698 1697//1697
f 1569//1569 1570//1570 1699//1699
f 1569//1569 1699//1699 1698//1698
f 1570//1570 1571//1571 1700//1700
f 1570//1570 1700//1700 1699//1699
f 1571//1571 1572//1572 1701//1701
f 1571//1571 1701//1701 1700//1700
f 1572//1572 1573//1573 1702//1702
f 1572//1572 1702//1702 1701//1701
f 1573//1573 1574//1574 1703//1703
f 1573//1573 1703//1703 1702//1702
f 1574//1574 1575//1575 1704//1704
f 1574//1574 1704//1704 1703//1703
f 1575//1575 1576//1576 1705//1705
f 1575//1575 1705//1705 1704//1704
f 1576//1576 1577//1577 1706//1706
f 1576//1576 1706//1706 1705//1705
f 1577//1577 1578//1578 1707//1707
f 1577//1577 1707//1707 1706//1706
f 1578//1578 1579//1579 1708//1708
f 1578//1578 1708//1708 1707//1707
f 1579//1579 1580//1580 1709//1709
f 1579//1579 1709//1709 1708//1708
f 1580//1580 1581//1581 1710//1710
f 1580//1580 1710//1710 1709//1709
f 1581//1581 1582//1582 1711//1711
f 1581//1581 1711//1711 1710//1710
f 1582//1582 1583//1583 1712//1712
f 1582//1582 1712//1712 1711//1711
f 1583//1583 1584//1584 1713//1713
f 1583//1583 1713//1713 1712//1712
f 1584//1584 1585//1585 1714//1714
f 1584//1584 1714//1714 1713//1713
f 1585//1585 1586//1586 1715//1715
f 1585//1585 1715//1715 1714//1714
f 1586//1586 1587//1587 1716//1716
f 1586//1586 1716//1716 1715//1715
f 1587//1587 1588//1588 1717//1717
f 1587//1587 1717//1717 1716//1716
f 1588//1588 1589//1589 1718//1718
f 1588//1588 1718//1718 1717//1717
f 1589//1589 1590//1590 1719//1719
f 1589//1589 1719//1719 1718//1718
f 1590//1590 1591//1591 1720//1720
f 1590//1590 1720//1720 1719//1719
f 1591//1591 1592//1592 1721//1721
f 1591//1591 1721//1721 1720//1720
f 1592//1592 1593//1593 1722//1722
f 1592//1592 1722//1722 1721//1721
f 1593//1593 1594//1594 1723//1723
f 1593//1593 1723//1723 1722//1722
f 1594//1594 1595//1595 1724//1724
f 1594//1594 1724//1724 1723//1723
f 1595//1595 1596//1596 1725//1725
f 1595//1595 1725//1725 1724//1724
f 1596//1596 1597//1597 1726//1726
f 1596//1596 1726//1726 1725//1725
f 1597//1597 1598//1598 1727//1727
f 1597//1597 1727//1727 1726//1726
f 1598//1598 1599//1599 1728//1728
f 1598//1598 1728//1728 1727//1727
f 1599//1599 1600//1600 1729//1729
f 1599//1599 1729//1729 1728//1728
f 1600//1600 1601//1601 1730//1730
f 1600//1600 1730//1730 1729//1729
f 1601//1601 1602//1602 1731//1731
f 1601//1601 1731//1731 1730//1730
f 1602//1602 1603//1603 1732//1732
f 1602//1602 1732//1732 1731//1731
f 1603//1603 1604//1604 1733//1733
f 1603//1603 1733//1733 1732//1732
f 1604//1604 1605//1605 1734//1734
f 1604//1604 1734//1734 1733//1733
f 1605//1605 1606//1606 1735//1735
f 1605//1605 1735//1735 1734//1734
f 1606//1606 1607//1607 1736//1736
f 1606//1606 1736//1736 1735//1735
f 1607//1607 1608//1608 1737//1737
f 1607//1607 1737//1737 1736//1736
f 1608//1608 1609//1609 1738//1738
f 1608//1608 1738//1738 1737//1737
f 1609//1609 1610//1610 1739//1739
f 1609//1609 1739//1739 1738//1738
f 1610//1610 1611//1611 1740//1740
f 1610//1610 1740//1740 1739//1739
f 1611//1611 1612//1612 1741//1741
f 1611//1611 1741//1741 1740//1740
f 1612//1612 1613//1613 1742//1742
f 1612//1612 1742//1742 1741//1741
f 1613//1613 1614//1614 1743//1743
f 1613//1613 1743//1743 1742//1742
f 1614//1614 1615//1615 1744//1744
f 1614//1614 1744//1744 1743//1743
f 1615//1615 1616//1616 1745//1745
f 1615//1615 1745//1745 1744//1744
f 1616//1616 1617//1617 1746//1746
f 1616//1616 1746//1746 1745//1745
f 1617//1617 1618//1618 1747//1747
f 1617//1617 1747//1747 1746//1746
f 1618//1618 1619//1619 1748//1748
f 1618//1618 1748//1748 1747//1747
f 1619//1619 1620//1620 1749//1749
f 1619//1619 1749//1749 1748//1748
f 1620//1620 1621//1621 1750//1750
f 1620//1620 1750//1750 1749//1749
f 1621//1621 1622//1622 1751//1751
f 1621//1621 1751//1751 1750//1750
f 1622//1622 1623//1623 1752//1752
f 1622//1622 1752//1752 1751//1751
f 1623//1623 1624//1624 1753//1753
f 1623//1623 1753//1753 1752//1752
f 1624//1624 1625//1625 1754//1754
f 1624//1624 1754//1754 1753//1753
f 1625//1625 1626//1626 1755//1755
f 1625//1625 1755//1755 1754//1754
f 1626//1626 1627//1627 1756//1756
f 1626//1626 1756//1756 1755//1755
f 1627//1627 1628//1628 1757//1757
f 1627//1627 1757//1757 1756//1756
f 1628//1628 1629//1629 1758//1758
f 1628//1628 1758//1758 1757//1757
f 1629//1629 1630//1630 1759//1759
f 1629//1629 1759//1759 1758//1758
f 1630//1630 1631//1631 1760//1760
f 1630//1630 1760//1760 1759//1759
f 1631//1631 1632//1632 1761//1761
f 1631//1631 1761//1761 1760//1760
f 1632//1632 1633//1633 1762//1762
f 1632//1632 1762//1762 1761//1761
f 1633//1633 1634//1634 1763//1763
f 1633//1633 1763//1763 1762//1762
f 1634//1634 1635//1635 1764//1764
f 1634//1634 1764//1764 1763//1763
f 1635//1635 1636//1636 1765//1765
f 1635//1635 1765//1765 1764//1764
f 1636//1636 1637//1637 1766//1766
f 1636//1636 1766//1766 1765//1765
f 1637//1637 1638//1638 1767//1767
f 1637//1637 1767//1767 1766//1766
f 1638//1638 1639//1639 1768//1768
f 1638//1638 1768//1768 1767//1767
f 1639//1639 1640//1640 1769//1769
f 1639//1639 1769//1769 1768//1768
f 1640//1640 1641//1641 1770//1770
f 1640//1640 1770//1770 1769//1769
f 1641//1641 1642//1642 1771//1771
f 1641//1641 1771//1771 1770//1770
f 1642//1642 1643//1643 1772//1772
f 1642//1642 1772//1772 1771//1771
f 1643//1643 1644//1644 1773//1773
f 1643//1643 1773//1773 1772//1772
f 1644//1644 1645//1645 1774//1774
f 1644//1644 1774//1774 1773//1773
f 1645//1645 1646//1646 1775//1775
f 1645//1645 1775//1775 1774//1774
f 1646//1646 1647//1647 1776//1776
f 1646//1646 1776//1776 1775//1775
f 1647//1647 1648//1648 1777//1777
f 1647//1647 1777//1777 1776//1776
f 1648//1648 1649//1649 1778//1778
f 1648//1648 1778//1778 1777//1777
f 1649//1649 1650//1650 1779//1779
f 1649//1649 1779//1779 1778//1778
f 1650//1650 1651//1651 1780//1780
f 1650//1650 1780//1780 1779//1779
f 1651//1651 1652//1652 1781//1781
f 1651//1651 1781//1781 1780//1780
f 1652//1652 1653//1653 1782//1782
f 1652//1652 1782//1782 1781//1781
f 1653//1653 1654//1654 1783//1783
f 1653//1653 1783//1783 1782//1782
f 1654//1654 1655//1655 1784//1784
f 1654//1654 1784//1784 1783//1783
f 1655//1655 1656//1656 1785//1785
f 1655//1655 1785//1785 1784//1784
f 1656//1656 1657//1657 1786//1786
f 1656//1656 1786//1786 1785//1785
f 1657//1657 1658//1658 1787//1787
f 1657//1657 1787//1787 1786//1786
f 1658//1658 1659//1659 1788//1788
f 1658//1658 1788//1788 1787//1787
f 1659//1659 1660//1660 1789//1789
f 1659//1659 1789//1789 1788//1788
f 1660//1660 1661//1661 1790//1790
f 1660//1660 1790//1790 1789//1789
f 1661//1661 1662//1662 1791//1791
f 1661//1661 1791//1791 1790//1790
f 1662//1662 1663//1663 1792//1792
f 1662//1662 1792//1792 1791//1791
f 1663//1663 1664//1664 1793//1793
f 1663//1663 1793//1793 1792//1792
f 1664//1664 1665//1665 1794//1794
f 1664//1664 1794//1794 1793//1793
f 1665//1665 1666//1666 1795//1795
f 1665//1665 1795//1795 1794//1794
f 1666//1666 1667//1667 1796//1796
f 1666//1666 1796//1796 1795//1795
f 1667//1667 1668//1668 1797//1797
f 1667//1667 1797//1797 1796//1796
f 1668//1668 1669//1669 1798//1798
f 1668//1668 1798//1798 1797//1797
f 1669//1669 1670//1670 1799//1799
f 1669//1669 1799//1799 1798//1798
f 1670//1670 1671//1671 1800//1800
f 1670//1670 1800//1800 1799//1799
f 1671//1671 1672//1672 1801//1801
f 1671//1671 1801//1801 1800//1800
f 1672//1672 1673//1673 1802//1802
f 1672//1672 1802//1802 1801//1801
f 1673//1673 1674//1674 1803//1803
f 1673//1673 1803//1803 1802//1802
f 1674//1674 1675//1675 1804//1804
f 1674//1674 1804//1804 1803//1803
f 1675//1675 1676//1676 1805//1805
f 1675//1675 1805//1805 1804//1804
f 1676//1676 1677//1677 1806//1806
f 1676//1676 1806//1806 1805//1805
f 1678//1678 1679//1679 1808//1808
f 1678//1678 1808//1808 1807//1807
f 1679//1679 1680//1680 1809//1809
f 1679//1679 1809//1809 1808//1808
f 1680//1680 1681//1681 1810//1810
f 1680//1680 1810//1810 1809//1809
f 1681//1681 1682//1682 1811//1811
f 1681//1681 1811//1811 1810//1810
f 1682//1682 1683//1683 1812//1812
f 1682//1682 1812//1812 1811//1811
f 1683//1683 1684//1684 1813//1813
f 1683//1683 1813//1813 1812//1812
f 1684//1684 1685//1685 1814//1814
f 1684//1684 1814//1814 1813//1813
f 1685//1685 1686//1686 1815//1815
f 1685//1685 1815//1815 1814//1814
f 1686//1686 1687//1687 1816//1816
f 1686//1686 1816//1816 1815//1815
f 1687//1687 1688//1688 1817//1817
f 1687//1687 1817//1817 1816//1816
f 1688//1688 1689//1689 1818//1818
f 1688//1688 1818//1818 1817//1817
f 1689//1689 1690//1690 1819//1819
f 1689//1689 1819//1819 1818//1818
f 1690//1690 1691//1691 1820//1820
f 1690//1690 1820//1820 1819//1819
f 1691//1691 1692//1692 1821//1821
f 1691//1691 1821//1821 1820//1820
f 1692//1692 1693//1693 1822//1822
f 1692//1692 1822//1822 1821//1821
f 1693//1693 1694//1694 1823//1823
f 1693//1693 1823//1823 1822//1822
f 1694//1694 1695//1695 1824//1824
f 1694//1694 1824//1824 1823//1823
f 1695//1695 1696//1696 1825//1825
f 1695//1695 1825//1825 1824//1824
f 1696//1696 1697//1697 1826//1826
f 1696//1696 1826//1826 1825//1825
f 1697//1697 1698//1698 1827//1827
f 1697//1697 1827//1827 1826//1826
f 1698//1698 1699//1699 1828//1828
f 1698//1698 1828//1828 1827//1827
f 1699//1699 1700//1700 1829//1829
f 1699//1699 1829//1829 1828//1828
f 1700//1700 1701//1701 1830//1830
f 1700//1700 1830//1830 1829//1829
f 1701//1701 1702//1702 1831//1831
f 1701//1701 1831//1831 1830//1830
f 1702//1702 1703//1703 1832//1832
f 1702//1702 1832//1832 1831//1831
f 1703//1703 1704//1704 1833//1833
f 1703//1703 1833//1833 1832//1832
f 1704//1704 1705//1705 1834//1834
f 1704//1704 1834//1834 1833//1833
f 1705//1705 1706//1706 1835//1835
f 1705//1705 1835//1835 1834//1834
f 1706//1706 1707//1707 1836//1836
f 1706//1706 1836//1836 1835//1835
f 1707//1707 1708//1708 1837//1837
f 1707//1707 1837//1837 1836//1836
f 1708//1708 1709//1709 1838//1838
f 1708//1708 1838//1838 1837//1837
f 1709//1709 1710//1710 1839//1839
f 1709//1709 1839//1839 1838//1838
f 1710//1710 1711//1711 1840//1840
f 1710//1710 1840//1840 1839//1839
f 1711//1711 1712//1712 1841//1841
f 1711//1711 1841//1841 1840//1840
f 1712//1712 1713//1713 1842//1842
f 1712//1712 1842//1842 1841//1841
f 1713//1713 1714//1714 1843//1843
f 1713//1713 1843//1843 1842//1842
f 1714//1714 1715//1715 1844//1844
f 1714//1714 1844//1844 1843//1843
f 1715//1715 1716//1716 1845//1845
f 1715//1715 1845//1845 1844//1844
f 1716//1716 1717//1717 1846//1846
f 1716//1716 1846//1846 1845//1845
f 1717//1717 1718//1718 1847//1847
f 1717//1717 1847//1847 1846//1846
f 1718//1718 1719//1719 1848//1848
f 1718//1718 1848//1848 1847//1847
f 1719//1719 1720//1720 1849//1849
f 1719//1719 1849//1849 1848//1848
f 1720//1720 1721//1721 1850//1850
f 1720//1720 1850//1850 1849//1849
f 1721//1721 1722//1722 1851//1851
f 1721//1721 1851//1851 1850//1850
f 1722//1722 1723//1723 1852//1852
f 1722//1722 1852//1852 1851//1851
f 1723//1723 1724//1724 1853//1853
f 1723//1723 1853//1853 1852//1852
f 1724//1724 1725//1725 1854//1854
f 1724//1724 1854//1854 1853//1853
f 1725//1725 1726//1726 1855//1855
f 1725//1725 1855//1855 1854//1854
f 1726//1726 1727//1727 1856//1856
f 1726//1726 1856//1856 1855//1855
f 1727//1727 1728//1728 1857//1857
f 1727//1727 1857//1857 1856//1856
f 1728//1728 1729//1729 1858//1858
f 1728//1728 1858//1858 1857//1857
f 1729//1729 1730//1730 1859//1859
f 1729//1729 1859//1859 1858//1858
f 1730//1730 1731//1731 1860//1860
f 1730//1730 1860//1860 1859//1859
f 1731//1731 1732//1732 1861//1861
f 1731//1731 1861//1861 1860//1860
f 1732//1732 1733//1733 1862//1862
f 1732//1732 1862//1862 1861//1861
f 1733//1733 1734//1734 1863//1863
f 1733//1733 1863//1863 1862//1862
f 1734//1734 1735//1735 1864//1864
f 1734//1734 1864//1864 1863//1863
f 1735//1735 1736//1736 1865//1865
f 1735//1735 1865//1865 1864//1864
f 1736//1736 1737//1737 1866//1866
f 1736//1736 1866//1866 1865//1865
f 1737//1737 1738//1738 1867//1867
f 1737//1737 1867//1867 1866//1866
f 1738//1738 1739//1739 1868//1868
f 1738//1738 1868//1868 1867//1867
f 1739//1739 1740//1740 1869//1869
f 1739//1739 1869//1869 1868//1868
f 1740//1740 1741//1741 1870//1870
f 1740//1740 1870//1870 1869//1869
f 1741//1741 1742//1742 1871//1871
f 1741//1741 1871//1871 1870//1870
f 1742//1742 1743//1743 1872//1872
f 1742//1742 1872//1872 1871//1871
f 1743//1743 1744//1744 1873//1873
f 1743//1743 1873//1873 1872//1872
f 1744//1744 1745//1745 1874//1874
f 1744//1744 1874//1874 1873//1873
f 1745//1745 1746//1746 1875//1875
f 1745//1745 1875//1875 1874//1874
f 1746//1746 1747//1747 1876//1876
f 1746//1746 1876//1876 1875//1875
f 1747//1747 1748//1748 1877//1877
f 1747//1747 1877//1877 1876//1876
f 1748//1748 1749//1749 1878//1878
f 1748//1748 1878//1878 1877//1877
f 1749//1749 1750//1750 1879//1879
f 1749//1749 1879//1879 1878//1878
f 1750//1750 1751//1751 1880//1880
f 1750//1750 1880//1880 1879//1879
f 1751//1751 1752//1752 1881//1881
f 1751//1751 1881//1881 1880//1880
f 1752//1752 1753//1753 1882//1882
f 1752//1752 1882//1882 1881//1881
f 1753//1753 1754//1754 1883//1883
f 1753//1753 1883//1883 1882//1882
f 1754//1754 1755//1755 1884//1884
f 1754//1754 1884//1884 1883//1883
f 1755//1755 1756//1756 1885//1885
f 1755//1755 1885//1885 1884//1884
f 1756//1756 1757//1757 1886//1886
f 1756//1756 1886//1886 1885//1885
f 1757//1757 1758//1758 1887//1887
f 1757//1757 1887//1887 1886//1886
f 1758//1758 1759//1759 1888//1888
f 1758//1758 1888//1888 1887//1887
f 1759//1759 1760//1760 1889//1889
f 1759//1759 1889//1889 1888//1888
f 1760//1760 1761//1761 1890//1890
f 1760//1760 1890//1890 1889//1889
f 1761//1761 1762//1762 1891//1891
f 1761//1761 1891//1891 1890//1890
f 1762//1762 1763//1763 1892//1892
f 1762//1762 1892//1892 1891//1891
f 1763//1763 1764//1764 1893//1893
f 1763//1763 1893//1893 1892//1892
f 1764//1764 1765//1765 1894//1894
f 1764//1764 1894//1894 1893//1893
f 1765//1765 1766//1766 1895//1895
f 1765//1765 1895//1895 1894//1894
f 1766//1766 1767//1767 1896//1896
f 1766//1766 1896//1896 1895//1895
f 1767//1767 1768//1768 1897//1897
f 1767//1767 1897//1897 1896//1896
f 1768//1768 1769//1769 1898//1898
f 1768//1768 1898//1898 1897//1897
f 1769//1769 1770//1770 1899//1899
f 1769//1769 1899//1899 1898//1898
f 1770//1770 1771//1771 1900//1900
f 1770//1770 1900//1900 1899//1899
f 1771//1771 1772//1772 1901//1901
f 1771//1771 1901//1901 1900//1900
f 1772//1772 1773//1773 1902//1902
f 1772//1772 1902//1902 1901//1901
f 1773//1773 1774//1774 1903//1903
f 1773//1773 1903//1903 1902//1902
f 1774//1774 1775//1775 1904//1904
f 1774//1774 1904//1904 1903//1903
f 1775//1775 1776//1776 1905//1905
f 1775//1775 1905//1905 1904//1904
f 1776//1776 1777//1777 1906//1906
f 1776//1776 1906//1906 1905//1905
f 1777//1777 1778//1778 1907//1907
f 1777//1777 1907//1907 1906//1906
f 1778//1778 1779//1779 1908//1908
f 1778//1778 1908//1908 1907//1907
f 1779//1779 1780//1780 1909//1909
f 1779//1779 1909//1909 1908//1908
f 1780//1780 1781//1781 1910//1910
f 1780//1780 1910//1910 1909//1909
f 1781//1781 1782//1782 1911//1911
f 1781//1781 1911//1911 1910//1910
f 1782//1782 1783//1783 1912//1912
f 1782//1782 1912//1912 1911//1911
f 1783//1783 1784//1784 1913//1913
f 1783//1783 1913//1913 1912//1912
f 1784//1784 1785//1785 1914//1914
f 1784//1784 1914//1914 1913//1913
f 1785//1785 1786//1786 1915//1915
f 1785//1785 1915//1915 1914//1914
f 1786//1786 1787//1787 1916//1916
f 1786//1786 1916//1916 1915//1915
f 1787//1787 1788//1788 1917//1917
f 1787//1787 1917//1917 1916//1916
f 1788//1788 1789//1789 1918//1918
f 1788//1788 1918//1918 1917//1917
f 1789//1789 1790//1790 1919//1919
f 1789//1789 1919//1919 1918//1918
f 1790//1790 1791//1791 1920//1920
f 1790//1790 1920//1920 1919//1919
f 1791//1791 1792//1792 1921//1921
f 1791//1791 1921//1921 1920//1920
f 1792//1792 1793//1793 1922//1922
f 1792//1792 1922//1922 1921//1921
f 1793//1793 1794//1794 1923//1923
f 1793//1793 1923//1923 1922//1922
f 1794//1794 1795//1795 1924//1924
f 1794//1794 1924//1924 1923//1923
f 1795//1795 1796//1796 1925//1925
f 1795//1795 1925//1925 1924//1924
f 1796//1796 1797//1797 1926//1926
f 1796//1796 1926//1926 1925//1925
f 1797//1797 1798//1798 1927//1927
f 1797//1797 1927//1927 1926//1926
f 1798//1798 1799//1799 1928//1928
f 1798//1798 1928//1928 1927//1927
f 1799//1799 1800//1800 1929//1929
f 1799//1799 1929//1929 1928//1928
f 1800//1800 1801//1801 1930//1930
f 1800//1800 1930//1930 1929//1929
f 1801//1801 1802//1802 1931//1931
f 1801//1801 1931//1931 1930//1930
f 1802//1802 1803//1803 1932//1932
f 1802//1802 1932//1932 1931//1931
f 1803//1803 1804//1804 1933//1933
f 1803//1803 1933//1933 1932//1932
f 1804//1804 1805//1805 1934//1934
f 1804//1804 1934//1934 1933//1933
f 1805//1805 1806//1806 1935//1935
f 1805//1805 1935//1935 1934//1934
f 1807//1807 1808//1808 1937//1937
f 1807//1807 1937//1937 1936//1936
f 1808//1808 1809//1809 1938//1938
f 1808//1808 1938//1938 1937//1937
f 1809//1809 1810//1810 1939//1939
f 1809//1809 1939//1939 1938//1938
f 1810//1810 1811//1811 1940//1940
f 1810//1810 1940//1940 1939//1939
f 1811//1811 1812//1812 1941//1941
f 1811//1811 1941//1941 1940//1940
f 1812//1812 1813//1813 1942//1942
f 1812//1812 1942//1942 1941//1941
f 1813//1813 1814//1814 1943//1943
f 1813//1813 1943//1943 1942//1942
f 1814//1814 1815//1815 1944//1944
f 1814//1814 1944//1944 1943//1943
f 1815//1815 1816//1816 1945//1945
f 1815//1815 1945//1945 1944//1944
f 1816//1816 1817//1817 1946//1946
f 1816//1816 1946//1946 1945//1945
f 1817//1817 1818//1818 1947//1947
f 1817//1817 1947//1947 1946//1946
f 1818//1818 1819//1819 1948//1948
f 1818//1818 1948//1948 1947//1947
f 1819//1819 1820//1820 1949//1949
f 1819//1819 1949//1949 1948//1948
f 1820//1820 1821//1821 1950//1950
f 1820//1820 1950//1950 1949//1949
f 1821//1821 1822//1822 1951//1951
f 1821//1821 1951//1951 1950//1950
f 1822//1822 1823//1823 1952//1952
f 1822//1822 1952//1952 1951//1951
f 1823//1823 1824//1824 1953//1953
f 1823//1823 1953//1953 1952//1952
f 1824//1824 1825//1825 1954//1954
f 1824//1824 1954//1954 1953//1953
f 1825//1825 1826//1826 1955//1955
f 1825//1825 1955//1955 1954//1954
f 1826//1826 1827//1827 1956//1956
f 1826//1826 1956//1956 1955//1955
f 1827//1827 1828//1828 1957//1957
f 1827//1827 1957//1957 1956//1956
f 1828//1828 1829//1829 1958//1958
f 1828//1828 1958//1958 1957//1957
f 1829//1829 1830//1830 1959//1959
f 1829//1829 1959//1959 1958//1958
f 1830//1830 1831//1831 1960//1960
f 1830//1830 1960//1960 1959//1959
f 1831//1831 1832//1832 1961//1961
f 1831//1831 1961//1961 1960//1960
f 1832//1832 1833//1833 1962//1962
f 1832//1832 1962//1962 1961//1961
f 1833//1833 1834//1834 1963//1963
f 1833//1833 1963//1963 1962//1962
f 1834//1834 1835//1835 1964//1964
f 1834//1834 1964//1964 1963//1963
f 1835//1835 1836//1836 1965//1965
f 1835//1835 1965//1965 1964//1964
f 1836//1836 1837//1837 1966//1966
f 1836//1836 1966//1966 1965//1965
f 1837//1837 1838//1838 1967//1967
f 1837//1837 1967//1967 1966//1966
f 1838//1838 1839//1839 1968//1968
f 1838//1838 1968//1968 1967//1967
f 1839//1839 1840//1840 1969//1969
f 1839//1839 1969//1969 1968//1968
f 1840//1840 1841//1841 1970//1970
f 1840//1840 1970//1970 1969//1969
f 1841//1841 1842//1842 1971//1971
f 1841//1841 1971//1971 1970//1970
f 1842//1842 1843//1843 1972//1972
f 1842//1842 1972//1972 1971//1971
f 1843//1843 1844//1844 1973//1973
f 1843//1843 1973//1973 1972//1972
f 1844//1844 1845//1845 1974//1974
f 1844//1844 1974//1974 1973//1973
f 1845//1845 1846//1846 1975//1975
f 1845//1845 1975//1975 1974//1974
f 1846//1846 1847//1847 1976//1976
f 1846//1846 1976//1976 1975//1975
f 1847//1847 1848//1848 1977//1977
f 1847//1847 1977//1977 1976//1976
f 1848//1848 1849//1849 1978//1978
f 1848//1848 1978//1978 1977//1977
f 1849//1849 1850//1850 1979//1979
f 1849//1849 1979//1979 1978//1978
f 1850//1850 1851//1851 1980//1980
f 1850//1850 1980//1980 1979//1979
f 1851//1851 1852//1852 1981//1981
f 1851//1851 1981//1981 1980//1980
f 1852//1852 1853//1853 1982//1982
f 1852//1852 1982//1982 1981//1981
f 1853//1853 1854//1854 1983//1983
f 1853//1853 1983//1983 1982//1982
f 1854//1854 1855//1855 1984//1984
f 1854//1854 1984//1984 1983//1983
f 1855//1855 1856//1856 1985//1985
f 1855//1855 1985//1985 1984//1984
f 1856//1856 1857//1857 1986//1986
f 1856//1856 1986//1986 1985//1985
f 1857//1857 1858//1858 1987//1987
f 1857//1857 1987//1987 1986//1986
f 1858//1858 1859//1859 1988//1988
f 1858//1858 1988//1988 1987//1987
f 1859//1859 1860//1860 1989//1989
f 1859//1859 1989//1989 1988//1988
f 1860//1860 1861//1861 1990//1990
f 1860//1860 1990//1990 1989//1989
f 1861//1861 1862//1862 1991//1991
f 1861//1861 1991//1991 1990//1990
f 1862//1862 1863//1863 1992//1992
f 1862//1862 1992//1992 1991//1991
f 1863//1863 1864//1864 1993//1993
f 1863//1863 1993//1993 1992//1992
f 1864//1864 1865//1865 1994//1994
f 1864//1864 1994//1994 1993//1993
f 1865//1865 1866//1866 1995//1995
f 1865//1865 1995//1995 1994//1994
f 1866//1866 1867//1867 1996//1996
f 1866//1866 1996//1996 1995//1995
f 1867//1867 1868//1868 1997//1997
f 1867//1867 1997//1997 1996//1996
f 1868//1868 1869//1869 1998//1998
f 1868//1868 1998//1998 1997//1997
f 1869//1869 1870//1870 1999//1999
f 1869//1869 1999//1999 1998//1998
f 1870//1870 1871//1871 2000//2000
f 1870//1870 2000//2000 1999//1999
f 1871//1871 1872//1872 2001//2001
f 1871//1871 2001//2001 2000//2000
f 1872//1872 1873//1873 2002//2002
f 1872//1872 2002//2002 2001//2001
f 1873//1873 1874//1874 2003//2003
f 1873//1873 2003//2003 2002//2002
f 1874//1874 1875//1875 2004//2004
f 1874//1874 2004//2004 2003//2003
f 1875//1875 1876//1876 2005//2005
f 1875//1875 2005//2005 2004//2004
f 1876//1876 1877//1877 2006//2006
f 1876//1876 2006//2006 2005//2005
f 1877//1877 1878//1878 2007//2007
f 1877//1877 2007//2007 2006//2006
f 1878//1878 1879//1879 2008//2008
f 1878//1878 2008//2008 2007//2007
f 1879//1879 1880//1880 2009//2009
f 1879//1879 2009//2009 2008//2008
f 1880//1880 1881//1881 2010//2010
f 1880//1880 2010//2010 2009//2009
f 1881//1881 1882//1882 2011//2011
f 1881//1881 2011//2011 2010//2010
f 1882//1882 1883//1883 2012//2012
f 1882//1882 2012//2012 2011//2011
f 1883//1883 1884//1884 2013//2013
f 1883//1883 2013//2013 2012//2012
f 1884//1884 1885//1885 2014//2014
f 1884//1884 2014//2014 2013//2013
f 1885//1885 1886//1886 2015//2015
f 1885//1885 2015//2015 2014//2014
f 1886//1886 1887//1887 2016//2016
f 1886//1886 2016//2016 2015//2015
f 1887//1887 1888//1888 2017//2017
f 1887//1887 2017//2017 2016//2016
f 1888//1888 1889//1889 2018//2018
f 1888//1888 2018//2018 2017//2017
f 1889//1889 1890//1890 2019//2019
f 1889//1889 2019//2019 2018//2018
f 1890//1890 1891//1891 2020//2020
f 1890//1890 2020//2020 2019//2019
f 1891//1891 1892//1892 2021//2021
f 1891//1891 2021//2021 2020//2020
f 1892//1892 1893//1893 2022//2022
f 1892//1892 2022//2022 2021//2021
f 1893//1893 1894//1894 2023//2023
f 1893//1893 2023//2023 2022//2022
f 1894//1894 1895//1895 2024//2024
f 1894//1894 2024//2024 2023//2023
f 1895//1895 1896//1896 2025//2025
f 1895//1895 2025//2025 2024//2024
f 1896//1896 1897//1897 2026//2026
f 1896//1896 2026//2026 2025//2025
f 1897//1897 1898//1898 2027//2027
f 1897//1897 2027//2027 2026//2026
f 1898//1898 1899//1899 2028//2028
f 1898//1898 2028//2028 2027//2027
f 1899//1899 1900//1900 2029//2029
f 1899//1899 2029//2029 2028//2028
f 1900//1900 1901//1901 2030//2030
f 1900//1900 2030//2030 2029//2029
f 1901//1901 1902//1902 2031//2031
f 1901//1901 2031//2031 2030//2030
f 1902//1902 1903//1903 2032//2032
f 1902//1902 2032//2032 2031//2031
f 1903//1903 1904//1904 2033//2033
f 1903//1903 2033//2033 2032//2032
f 1904//1904 1905//1905 2034//2034
f 1904//1904 2034//2034 2033//2033
f 1905//1905 1906//1906 2035//2035
f 1905//1905 2035//2035 2034//2034
f 1906//1906 1907//1907 2036//2036
f 1906//1906 2036//2036 2035//2035
f 1907//1907 1908//1908 2037//2037
f 1907//1907 2037//2037 2036//2036
f 1908//1908 1909//1909 2038//2038
f 1908//1908 2038//2038 2037//2037
f 1909//1909 1910//1910 2039//2039
f 1909//1909 2039//2039 2038//2038
f 1910//1910 1911//1911 2040//2040
f 1910//1910 2040//2040 2039//2039
f 1911//1911 1912//1912 2041//2041
f 1911//1911 2041//2041 2040//2040
f 1912//1912 1913//1913 2042//2042
f 1912//1912 2042//2042 2041//2041
f 1913//1913 1914//1914 2043//2043
f 1913//1913 2043//2043 2042//2042
f 1914//1914 1915//1915 2044//2044
f 1914//1914 2044//2044 2043//2043
f 1915//1915 1916//1916 2045//2045
f 1915//1915 2045//2045 2044//2044
f 1916//1916 1917//1917 2046//2046
f 1916//1916 2046//2046 2045//2045
f 1917//1917 1918//1918 2047//2047
f 1917//1917 2047//2047 2046//2046
f 1918//1918 1919//1919 2048//2048
f 1918//1918 2048//2048 2047//2047
f 1919//1919 1920//1920 2049//2049
f 1919//1919 2049//2049 2048//2048
f 1920//1920 1921//1921 2050//2050
f 1920//1920 2050//2050 2049//2049
f 1921//1921 1922//1922 2051//2051
f 1921//1921 2051//2051 2050//2050
f 1922//1922 1923//1923 2052//2052
f 1922//1922 2052//2052 2051//2051
f 1923//1923 1924//1924 2053//2053
f 1923//1923 2053//2053 2052//2052
f 1924//1924 1925//1925 2054//2054
f 1924//1924 2054//2054 2053//2053
f 1925//1925 1926//1926 2055//2055
f 1925//1925 2055//2055 2054//2054
f 1926//1926 1927//1927 2056//2056
f 1926//1926 2056//2056 2055//2055
f 1927//1927 1928//1928 2057//2057
f 1927//1927 2057//2057 2056//2056
f 1928//1928 1929//1929 2058//2058
f 1928//1928 2058//2058 2057//2057
f 1929//1929 1930//1930 2059//2059
f 1929//1929 2059//2059 2058//2058
f 1930//1930 1931//1931 2060//2060
f 1930//1930 2060//2060 2059//2059
f 1931//1931 1932//1932 2061//2061
f 1931//1931 2061//2061 2060//2060
f 1932//1932 1933//1933 2062//2062
f 1932//1932 2062//2062 2061//2061
f 1933//1933 1934//1934 2063//2063
f 1933//1933 2063//2063 2062//2062
f 1934//1934 1935//1935 2064//2064
f 1934//1934 2064//2064 2063//2063
f 1936//1936 1937//1937 2066//2066
f 1936//1936 2066//2066 2065//2065
f 1937//1937 1938//1938 2067//2067
f 1937//1937 2067//2067 2066//2066
f 1938//1938 1939//1939 2068//2068
f 1938//1938 2068//2068 2067//2067
f 1939//1939 1940//1940 2069//2069
f 1939//1939 2069//2069 2068//2068
f 1940//1940 1941//1941 2070//2070
f 1940//1940 2070//2070 2069//2069
f 1941//1941 1942//1942 2071//2071
f 1941//1941 2071//2071 2070//2070
f 1942//1942 1943//1943 2072//2072
f 1942//1942 2072//2072 2071//2071
f 1943//1943 1944//1944 2073//2073
f 1943//1943 2073//2073 2072//2072
f 1944//1944 1945//1945 2074//2074
f 1944//1944 2074//2074 2073//2073
f 1945//1945 1946//1946 2075//2075
f 1945//1945 2075//2075 2074//2074
f 1946//1946 1947//1947 2076//2076
f 1946//1946 2076//2076 2075//2075
f 1947//1947 1948//1948 2077//2077
f 1947//1947 2077//2077 2076//2076
f 1948//1948 1949//1949 2078//2078
f 1948//1948 2078//2078 2077//2077
f 1949//1949 1950//1950 2079//2079
f 1949//1949 2079//2079 2078//2078
f 1950//1950 1951//1951 2080//2080
f 1950//1950 2080//2080 2079//2079
f 1951//1951 1952//1952 2081//2081
f 1951//1951 2081//2081 2080//2080
f 1952//1952 1953//1953 2082//2082
f 1952//1952 2082//2082 2081//2081
f 1953//1953 1954//1954 2083//2083
f 1953//1953 2083//2083 2082//2082
f 1954//1954 1955//1955 2084//2084
f 1954//1954 2084//2084 2083//2083
f 1955//1955 1956//1956 2085//2085
f 1955//1955 2085//2085 2084//2084
f 1956//1956 1957//1957 2086//2086
f 1956//1956 2086//2086 2085//2085
f 1957//1957 1958//1958 2087//2087
f 1957//1957 2087//2087 2086//2086
f 1958//1958 1959//1959 2088//2088
f 1958//1958 2088//2088 2087//2087
f 1959//1959 1960//1960 2089//2089
f 1959//1959 2089//2089 2088//2088
f 1960//1960 1961//1961 2090//2090
f 1960//1960 2090//2090 2089//2089
f 1961//1961 1962//1962 2091//2091
f 1961//1961 2091//2091 2090//2090
f 1962//1962 1963//1963 2092//2092
f 1962//1962 2092//2092 2091//2091
f 1963//1963 1964//1964 2093//2093
f 1963//1963 2093//2093 2092//2092
f 1964//1964 1965//1965 2094//2094
f 1964//1964 2094//2094 2093//2093
f 1965//1965 1966//1966 2095//2095
f 1965//1965 2095//2095 2094//2094
f 1966//1966 1967//1967 2096//2096
f 1966//1966 2096//2096 2095//2095
f 1967//1967 1968//1968 2097//2097
f 1967//1967 2097//2097 2096//2096
f 1968//1968 1969//1969 2098//2098
f 1968//1968 2098//2098 2097//2097
f 1969//1969 1970//1970 2099//2099
f 1969//1969 2099//2099 2098//2098
f 1970//1970 1971//1971 2100//2100
f 1970//1970 2100//2100 2099//2099
f 1971//1971 1972//1972 2101//2101
f 1971//1971 2101//2101 2100//2100
f 1972//1972 1973//1973 2102//2102
f 1972//1972 2102//2102 2101//2101
f 1973//1973 1974//1974 2103//2103
f 1973//1973 2103//2103 2102//2102
f 1974//1974 1975//1975 2104//2104
f 1974//1974 2104//2104 2103//2103
f 1975//1975 1976//1976 2105//2105
f 1975//1975 2105//2105 2104//2104
f 1976//1976 1977//1977 2106//2106
f 1976//1976 2106//2106 2105//2105
f 1977//1977 1978//1978 2107//2107
f 1977//1977 2107//2107 2106//2106
f 1978//1978 1979//1979 2108//2108
f 1978//1978 2108//2108 2107//2107
f 1979//1979 1980//1980 2109//2109
f 1979//1979 2109//2109 2108//2108
f 1980//1980 1981//1981 2110//2110
f 1980//1980 2110//2110 2109//2109
f 1981//1981 1982//1982 2111//2111
f 1981//1981 2111//2111 2110//2110
f 1982//1982 1983//1983 2112//2112
f 1982//1982 2112//2112 2111//2111
f 1983//1983 1984//1984 2113//2113
f 1983//1983 2113//2113 2112//2112
f 1984//1984 1985//1985 2114//2114
f 1984//1984 2114//2114 2113//2113
f 1985//1985 1986//1986 2115//2115
f 1985//1985 2115//2115 2114//2114
f 1986//1986 1987//1987 2116//2116
f 1986//1986 2116//2116 2115//2115
f 1987//1987 1988//1988 2117//2117
f 1987//1987 2117//2117 2116//2116
f 1988//1988 1989//1989 2118//2118
f 1988//1988 2118//2118 2117//2117
f 1989//1989 1990//1990 2119//2119
f 1989//1989 2119//2119 2118//2118
f 1990//1990 1991//1991 2120//2120
f 1990//1990 2120//2120 2119//2119
f 1991//1991 1992//1992 2121//2121
f 1991//1991 2121//2121 2120//2120
f 1992//1992 1993//1993 2122//2122
f 1992//1992 2122//2122 2121//2121
f 1993//1993 1994//1994 2123//2123
f 1993//1993 2123//2123 2122//2122
f 1994//1994 1995//1995 2124//2124
f 1994//1994 2124//2124 2123//2123
f 1995//1995 1996//1996 2125//2125
f 1995//1995 2125//2125 2124//2124
f 1996//1996 1997//1997 2126//2126
f 1996//1996 2126//2126 2125//2125
f 1997//1997 1998//1998 2127//2127
f 1997//1997 2127//2127 2126//2126
f 1998//1998 1999//1999 2128//2128
f 1998//1998 2128//2128 2127//2127
f 1999//1999 2000//2000 2129//2129
f 1999//1999 2129//2129 2128//2128
f 2000//2000 2001//2001 2130//2130
f 2000//2000 2130//2130 2129//2129
f 2001//2001 2002//2002 2131//2131
f 2001//2001 2131//2131 2130//2130
f 2002//2002 2003//2003 2132//2132
f 2002//2002 2132//2132 2131//2131
f 2003//2003 2004//2004 2133//2133
f 2003//2003 2133//2133 2132//2132
f 2004//2004 2005//2005 2134//2134
f 2004//2004 2134//2134 2133//2133
f 2005//2005 2006//2006 2135//2135
f 2005//2005 2135//2135 2134//2134
f 2006//2006 2007//2007 2136//2136
f 2006//2006 2136//2136 2135//2135
f 2007//2007 2008//2008 2137//2137
f 2007//2007 2137//2137 2136//2136
f 2008//2008 2009//2009 2138//2138
f 2008//2008 2138//2138 2137//2137
f 2009//2009 2010//2010 2139//2139
f 2009//2009 2139//2139 2138//2138
f 2010//2010 2011//2011 2140//2140
f 2010//2010 2140//2140 2139//2139
f 2011//2011 2012//2012 2141//2141
f 2011//2011 2141//2141 2140//2140
f 2012//2012 2013//2013 2142//2142
f 2012//2012 2142//2142 2141//2141
f 2013//2013 2014//2014 2143//2143
f 2013//2013 2143//2143 2142//2142
f 2014//2014 2015//2015 2144//2144
f 2014//2014 2144//2144 2143//2143
f 2015//2015 2016//2016 2145//2145
f 2015//2015 2145//2145 2144//2144
f 2016//2016 2017//2017 2146//2146
f 2016//2016 2146//2146 2145//2145
f 2017//2017 2018//2018 2147//2147
f 2017//2017 2147//2147 2146//2146
f 2018//2018 2019//2019 2148//2148
f 2018//2018 2148//2148 2147//2147
f 2019//2019 2020//2020 2149//2149
f 2019//2019 2149//2149 2148//2148
f 2020//2020 2021//2021 2150//2150
f 2020//2020 2150//2150 2149//2149
f 2021//2021 2022//2022 2151//2151
f 2021//2021 2151//2151 2150//2150
f 2022//2022 2023//2023 2152//2152
f 2022//2022 2152//2152 2151//2151
f 2023//2023 2024//2024 2153//2153
f 2023//2023 2153//2153 2152//2152
f 2024//2024 2025//2025 2154//2154
f 2024//2024 2154//2154 2153//2153
f 2025//2025 2026//2026 2155//2155
f 2025//2025 2155//2155 2154//2154
f 2026//2026 2027//2027 2156//2156
f 2026//2026 2156//2156 2155//2155
f 2027//2027 2028//2028 2157//2157
f 2027//2027 2157//2157 2156//2156
f 2028//2028 2029//2029 2158//2158
f 2028//2028 2158//2158 2157//2157
f 2029//2029 2030//2030 2159//2159
f 2029//2029 2159//2159 2158//2158
f 2030//2030 2031//2031 2160//2160
f 2030//2030 2160//2160 2159//2159
f 2031//2031 2032//2032 2161//2161
f 2031//2031 2161//2161 2160//2160
f 2032//2032 2033//2033 2162//2162
f 2032//2032 2162//2162 2161//2161
f 2033//2033 2034//2034 2163//2163
f 2033//2033 2163//2163 2162//2162
f 2034//2034 2035//2035 2164//2164
f 2034//2034 2164//2164 2163//2163
f 2035//2035 2036//2036 2165//2165
f 2035//2035 2165//2165 2164//2164
f 2036//2036 2037//2037 2166//2166
f 2036//2036 2166//2166 2165//2165
f 2037//2037 2038//2038 2167//2167
f 2037//2037 2167//2167 2166//2166
f 2038//2038 2039//2039 2168//2168
f 2038//2038 2168//2168 2167//2167
f 2039//2039 2040//2040 2169//2169
f 2039//2039 2169//2169 2168//2168
f 2040//2040 2041//2041 2170//2170
f 2040//2040 2170//2170 2169//2169
f 2041//2041 2042//2042 2171//2171
f 2041//2041 2171//2171 2170//2170
f 2042//2042 2043//2043 2172//2172
f 2042//2042 2172//2172 2171//2171
f 2043//2043 2044//2044 2173//2173
f 2043//2043 2173//2173 2172//2172
f 2044//2044 2045//2045 2174//2174
f 2044//2044 2174//2174 2173//2173
f 2045//2045 2046//2046 2175//2175
f 2045//2045 2175//2175 2174//2174
f 2046//2046 2047//2047 2176//2176
f 2046//2046 2176//2176 2175//2175
f 2047//2047 2048//2048 2177//2177
f 2047//2047 2177//2177 2176//2176
f 2048//2048 2049//2049 2178//2178
f 2048//2048 2178//2178 2177//2177
f 2049//2049 2050//2050 2179//2179
f 2049//2049 2179//2179 2178//2178
f 2050//2050 2051//2051 2180//2180
f 2050//2050 2180//2180 2179//2179
f 2051//2051 2052//2052 2181//2181
f 2051//2051 2181//2181 2180//2180
f 2052//2052 2053//2053 2182//2182
f 2052//2052 2182//2182 2181//2181
f 2053//2053 2054//2054 2183//2183
f 2053//2053 2183//2183 2182//2182
f 2054//2054 2055//2055 2184//2184
f 2054//2054 2184//2184 2183//2183
f 2055//2055 2056//2056 2185//2185
f 2055//2055 2185//2185 2184//2184
f 2056//2056 2057//2057 2186//2186
f 2056//2056 2186//2186 2185//2185
f 2057//2057 2058//2058 2187//2187
f 2057//2057 2187//2187 2186//2186
f 2058//2058 2059//2059 2188//2188
f 2058//2058 2188//2188 2187//2187
f 2059//2059 2060//2060 2189//2189
f 2059//2059 2189//2189 2188//2188
f 2060//2060 2061//2061 2190//2190
f 2060//2060 2190//2190 2189//2189
f 2061//2061 2062//2062 2191//2191
f 2061//2061 2191//2191 2190//2190
f 2062//2062 2063//2063 2192//2192
f 2062//2062 2192//2192 2191//2191
f 2063//2063 2064//2064 2193//2193
f 2063//2063 2193//2193 2192//2192
f 2065//2065 2066//2066 2195//2195
f 2065//2065 2195//2195 2194//2194
f 2066//2066 2067//2067 2196//2196
f 2066//2066 2196//2196 2195//2195
f 2067//2067 2068//2068 2197//2197
f 2067//2067 2197//2197 2196//2196
f 2068//2068 2069//2069 2198//2198
f 2068//2068 2198//2198 2197//2197
f 2069//2069 2070//2070 2199//2199
f 2069//2069 2199//2199 2198//2198
f 2070//2070 2071//2071 2200//2200
f 2070//2070 2200//2200 2199//2199
f 2071//2071 2072//2072 2201//2201
f 2071//2071 2201//2201 2200//2200
f 2072//2072 2073//2073 2202//2202
f 2072//2072 2202//2202 2201//2201
f 2073//2073 2074//2074 2203//2203
f 2073//2073 2203//2203 2202//2202
f 2074//2074 2075//2075 2204//2204
f 2074//2074 2204//2204 2203//2203
f 2075//2075 2076//2076 2205//2205
f 2075//2075 2205//2205 2204//2204
f 2076//2076 2077//2077 2206//2206
f 2076//2076 2206//2206 2205//2205
f 2077//2077 2078//2078 2207//2207
f 2077//2077 2207//2207 2206//2206
f 2078//2078 2079//2079 2208//2208
f 2078//2078 2208//2208 2207//2207
f 2079//2079 2080//2080 2209//2209
f 2079//2079 2209//2209 2208//2208
f 2080//2080 2081//2081 2210//2210
f 2080//2080 2210//2210 2209//2209
f 2081//2081 2082//2082 2211//2211
f 2081//2081 2211//2211 2210//2210
f 2082//2082 2083//2083 2212//2212
f 2082//2082 2212//2212 2211//2211
f 2083//2083 2084//2084 2213//2213
f 2083//2083 2213//2213 2212//2212
f 2084//2084 2085//2085 2214//2214
f 2084//2084 2214//2214 2213//2213
f 2085//2085 2086//2086 2215//2215
f 2085//2085 2215//2215 2214//2214
f 2086//2086 2087//2087 2216//2216
f 2086//2086 2216//2216 2215//2215
f 2087//2087 2088//2088 2217//2217
f 2087//2087 2217//2217 2216//2216
f 2088//2088 2089//2089 2218//2218
f 2088//2088 2218//2218 2217//2217
f 2089//2089 2090//2090 2219//2219
f 2089//2089 2219//2219 2218//2218
f 2090//2090 2091//2091 2220//2220
f 2090//2090 2220//2220 2219//2219
f 2091//2091 2092//2092 2221//2221
f 2091//2091 2221//2221 2220//2220
f 2092//2092 2093//2093 2222//2222
f 2092//2092 2222//2222 2221//2221
f 2093//2093 2094//2094 2223//2223
f 2093//2093 2223//2223 2222//2222
f 2094//2094 2095//2095 2224//2224
f 2094//2094 2224//2224 2223//2223
f 2095//2095 2096//2096 2225//2225
f 2095//2095 2225//2225 2224//2224
f 2096//2096 2097//2097 2226//2226
f 2096//2096 2226//2226 2225//2225
f 2097//2097 2098//2098 2227//2227
f 2097//2097 2227//2227 2226//2226
f 2098//2098 2099//2099 2228//2228
f 2098//2098 2228//2228 2227//2227
f 2099//2099 2100//2100 2229//2229
f 2099//2099 2229//2229 2228//2228
f 2100//2100 2101//2101 2230//2230
f 2100//2100 2230//2230 2229//2229
f 2101//2101 2102//2102 2231//2231
f 2101//2101 2231//2231 2230//2230
f 2102//2102 2103//2103 2232//2232
f 2102//2102 2232//2232 2231//2231
f 2103//2103 2104//2104 2233//2233
f 2103//2103 2233//2233 2232//2232
f 2104//2104 2105//2105 2234//2234
f 2104//2104 2234//2234 2233//2233
f 2105//2105 2106//2106 2235//2235
f 2105//2105 2235//2235 2234//2234
f 2106//2106 2107//2107 2236//2236
f 2106//2106 2236//2236 2235//2235
f 2107//2107 2108//2108 2237//2237
f 2107//2107 2237//2237 2236//2236
f 2108//2108 2109//2109 2238//2238
f 2108//2108 2238//2238 2237//2237
f 2109//2109 2110//2110 2239//2239
f 2109//2109 2239//2239 2238//2238
f 2110//2110 2111//2111 2240//2240
f 2110//2110 2240//2240 2239//2239
f 2111//2111 2112//2112 2241//2241
f 2111//2111 2241//2241 2240//2240
f 2112//2112 2113//2113 2242//2242
f 2112//2112 2242//2242 2241//2241
f 2113//2113 2114//2114 2243//2243
f 2113//2113 2243//2243 2242//2242
f 2114//2114 2115//2115 2244//2244
f 2114//2114 2244//2244 2243//2243
f 2115//2115 2116//2116 2245//2245
f 2115//2115 2245//2245 2244//2244
f 2116//2116 2117//2117 2246//2246
f 2116//2116 2246//2246 2245//2245
f 2117//2117 2118//2118 2247//2247
f 2117//2117 2247//2247 2246//2246
f 2118//2118 2119//2119 2248//2248
f 2118//2118 2248//2248 2247//2247
f 2119//2119 2120//2120 2249//2249
f 2119//2119 2249//2249 2248//2248
f 2120//2120 2121//2121 2250//2250
f 2120//2120 2250//2250 2249//2249
f 2121//2121 2122//2122 2251//2251
f 2121//2121 2251//2251 2250//2250
f 2122//2122 2123//2123 2252//2252
f 2122//2122 2252//2252 2251//2251
f 2123//2123 2124//2124 2253//2253
f 2123//2123 2253//2253 2252//2252
f 2124//2124 2125//2125 2254//2254
f 2124//2124 2254//2254 2253//2253
f 2125//2125 2126//2126 2255//2255
f 2125//2125 2255//2255 2254//2254
f 2126//2126 2127//2127 2256//2256
f 2126//2126 2256//2256 2255//2255
f 2127//2127 2128//2128 2257//2257
f 2127//2127 2257//2257 2256//2256
f 2128//2128 2129//2129 2258//2258
f 2128//2128 2258//2258 2257//2257
f 2129//2129 2130//2130 2259//2259
f 2129//2129 2259//2259 2258//2258
f 2130//2130 2131//2131 2260//2260
f 2130//2130 2260//2260 2259//2259
f 2131//2131 2132//2132 2261//2261
f 2131//2131 2261//2261 2260//2260
f 2132//2132 2133//2133 2262//2262
f 2132//2132 2262//2262 2261//2261
f 2133//2133 2134//2134 2263//2263
f 2133//2133 2263//2263 2262//2262
f 2134//2134 2135//2135 2264//2264
f 2134//2134 2264//2264 2263//2263
f 2135//2135 2136//2136 2265//2265
f 2135//2135 2265//2265 2264//2264
f 2136//2136 2137//2137 2266//2266
f 2136//2136 2266//2266 2265//2265
f 2137//2137 2138//2138 2267//2267
f 2137//2137 2267//2267 2266//2266
f 2138//2138 2139//2139 2268//2268
f 2138//2138 2268//2268 2267//2267
f 2139//2139 2140//2140 2269//2269
f 2139//2139 2269//2269 2268//2268
f 2140//2140 2141//2141 2270//2270
f 2140//2140 2270//2270 2269//2269
f 2141//2141 2142//2142 2271//2271
f 2141//2141 2271//2271 2270//2270
f 2142//2142 2143//2143 2272//2272
f 2142//2142 2272//2272 2271//2271
f 2143//2143 2144//2144 2273//2273
f 2143//2143 2273//2273 2272//2272
f 2144//2144 2145//2145 2274//2274
f 2144//2144 2274//2274 2273//2273
f 2145//2145 2146//2146 2275//2275
f 2145//2145 2275//2275 2274//2274
f 2146//2146 2147//2147 2276//2276
f 2146//2146 2276//2276 2275//2275
f 2147//2147 2148//2148 2277//2277
f 2147//2147 2277//2277 2276//2276
f 2148//2148 2149//2149 2278//2278
f 2148//2148 2278//2278 2277//2277
f 2149//2149 2150//2150 2279//2279
f 2149//2149 2279//2279 2278//2278
f 2150//2150 2151//2151 2280//2280
f 2150//2150 2280//2280 2279//2279
f 2151//2151 2152//2152 2281//2281
f 2151//2151 2281//2281 2280//2280
f 2152//2152 2153//2153 2282//2282
f 2152//2152 2282//2282 2281//2281
f 2153//2153 2154//2154 2283//2283
f 2153//2153 2283//2283 2282//2282
f 2154//2154 2155//2155 2284//2284
f 2154//2154 2284//2284 2283//2283
f 2155//2155 2156//2156 2285//2285
f 2155//2155 2285//2285 2284//2284
f 2156//2156 2157//2157 2286//2286
f 2156//2156 2286//2286 2285//2285
f 2157//2157 2158//2158 2287//2287
f 2157//2157 2287//2287 2286//2286
f 2158//2158 2159//2159 2288//2288
f 2158//2158 2288//2288 2287//2287
f 2159//2159 2160//2160 2289//2289
f 2159//2159 2289//2289 2288//2288
f 2160//2160 2161//2161 2290//2290
f 2160//2160 2290//2290 2289//2289
f 2161//2161 2162//2162 2291//2291
f 2161//2161 2291//2291 2290//2290
f 2162//2162 2163//2163 2292//2292
f 2162//2162 2292//2292 2291//2291
f 2163//2163 2164//2164 2293//2293
f 2163//2163 2293//2293 2292//2292
f 2164//2164 2165//2165 2294//2294
f 2164//2164 2294//2294 2293//2293
f 2165//2165 2166//2166 2295//2295
f 2165//2165 2295//2295 2294//2294
f 2166//2166 2167//2167 2296//2296
f 2166//2166 2296//2296 2295//2295
f 2167//2167 2168//2168 2297//2297
f 2167//2167 2297//2297 2296//2296
f 2168//2168 2169//2169 2298//2298
f 2168//2168 2298//2298 2297//2297
f 2169//2169 2170//2170 2299//2299
f 2169//2169 2299//2299 2298//2298
f 2170//2170 2171//2171 2300//2300
f 2170//2170 2300//2300 2299//2299
f 2171//2171 2172//2172 2301//2301
f 2171//2171 2301//2301 2300//2300
f 2172//2172 2173//2173 2302//2302
f 2172//2172 2302//2302 2301//2301
f 2173//2173 2174//2174 2303//2303
f 2173//2173 2303//2303 2302//2302
f 2174//2174 2175//2175 2304//2304
f 2174//2174 2304//2304 2303//2303
f 2175//2175 2176//2176 2305//2305
f 2175//2175 2305//2305 2304//2304
f 2176//2176 2177//2177 2306//2306
f 2176//2176 2306//2306 2305//2305
f 2177//2177 2178//2178 2307//2307
f 2177//2177 2307//2307 2306//2306
f 2178//2178 2179//2179 2308//2308
f 2178//2178 2308//2308 2307//2307
f 2179//2179 2180//2180 2309//2309
f 2179//2179 2309//2309 2308//2308
f 2180//2180 2181//2181 2310//2310
f 2180//2180 2310//2310 2309//2309
f 2181//2181 2182//2182 2311//2311
f 2181//2181 2311//2311 2310//2310
f 2182//2182 2183//2183 2312//2312
f 2182//2182 2312//2312 2311//2311
f 2183//2183 2184//2184 2313//2313
f 2183//2183 2313//2313 2312//2312
f 2184//2184 2185//2185 2314//2314
f 2184//2184 2314//2314 2313//2313
f 2185//2185 2186//2186 2315//2315
f 2185//2185 2315//2315 2314//2314
f 2186//2186 2187//2187 2316//2316
f 2186//2186 2316//2316 2315//2315
f 2187//2187 2188//2188 2317//2317
f 2187//2187 2317//2317 2316//2316
f 2188//2188 2189//2189 2318//2318
f 2188//2188 2318//2318 2317//2317
f 2189//2189 2190//2190 2319//2319
f 2189//2189 2319//2319 2318//2318
f 2190//2190 2191//2191 2320//2320
f 2190//2190 2320//2320 2319//2319
f 2191//2191 2192//2192 2321//2321
f 2191//2191 2321//2321 2320//2320
f 2192//2192 2193//2193 2322//2322
f 2192//2192 2322//2322 2321//2321
f 2194//2194 2195//2195 2324//2324
f 2194//2194 2324//2324 2323//2323
f 2195//2195 2196//2196 2325//2325
f 2195//2195 2325//2325 2324//2324
f 2196//2196 2197//2197 2326//2326
f 2196//2196 2326//2326 2325//2325
f 2197//2197 2198//2198 2327//2327
f 2197//2197 2327//2327 2326//2326
f 2198//2198 2199//2199 2328//2328
f 2198//2198 2328//2328 2327//2327
f 2199//2199 2200//2200 2329//2329
f 2199//2199 2329//2329 2328//2328
f 2200//2200 2201//2201 2330//2330
f 2200//2200 2330//2330 2329//2329
f 2201//2201 2202//2202 2331//2331
f 2201//2201 2331//2331 2330//2330
f 2202//2202 2203//2203 2332//2332
f 2202//2202 2332//2332 2331//2331
f 2203//2203 2204//2204 2333//2333
f 2203//2203 2333//2333 2332//2332
f 2204//2204 2205//2205 2334//2334
f 2204//2204 2334//2334 2333//2333
f 2205//2205 2206//2206 2335//2335
f 2205//2205 2335//2335 2334//2334
f 2206//2206 2207//2207 2336//2336
f 2206//2206 2336//2336 2335//2335
f 2207//2207 2208//2208 2337//2337
f 2207//2207 2337//2337 2336//2336
f 2208//2208 2209//2209 2338//2338
f 2208//2208 2338//2338 2337//2337
f 2209//2209 2210//2210 2339//2339
f 2209//2209 2339//2339 2338//2338
f 2210//2210 2211//2211 2340//2340
f 2210//2210 2340//2340 2339//2339
f 2211//2211 2212//2212 2341//2341
f 2211//2211 2341//2341 2340//2340
f 2212//2212 2213//2213 2342//2342
f 2212//2212 2342//2342 2341//2341
f 2213//2213 2214//2214 2343//2343
f 2213//2213 2343//2343 2342//2342
f 2214//2214 2215//2215 2344//2344
f 2214//2214 2344//2344 2343//2343
f 2215//2215 2216//2216 2345//2345
f 2215//2215 2345//2345 2344//2344
f 2216//2216 2217//2217 2346//2346
f 2216//2216 2346//2346 2345//2345
f 2217//2217 2218//2218 2347//2347
f 2217//2217 2347//2347 2346//2346
f 2218//2218 2219//2219 2348//2348
f 2218//2218 2348//2348 2347//2347
f 2219//2219 2220//2220 2349//2349
f 2219//2219 2349//2349 2348//2348
f 2220//2220 2221//2221 2350//2350
f 2220//2220 2350//2350 2349//2349
f 2221//2221 2222//2222 2351//2351
f 2221//2221 2351//2351 2350//2350
f 2222//2222 2223//2223 2352//2352
f 2222//2222 2352//2352 2351//2351
f 2223//2223 2224//2224 2353//2353
f 2223//2223 2353//2353 2352//2352
f 2224//2224 2225//2225 2354//2354
f 2224//2224 2354//2354 2353//2353
f 2225//2225 2226//2226 2355//2355
f 2225//2225 2355//2355 2354//2354
f 2226//2226 2227//2227 2356//2356
f 2226//2226 2356//2356 2355//2355
f 2227//2227 2228//2228 2357//2357
f 2227//2227 2357//2357 2356//2356
f 2228//2228 2229//2229 2358//2358
f 2228//2228 2358//2358 2357//2357
f 2229//2229 2230//2230 2359//2359
f 2229//2229 2359//2359 2358//2358
f 2230//2230 2231//2231 2360//2360
f 2230//2230 2360//2360 2359//2359
f 2231//2231 2232//2232 2361//2361
f 2231//2231 2361//2361 2360//2360
f 2232//2232 2233//2233 2362//2362
f 2232//2232 2362//2362 2361//2361
f 2233//2233 2234//2234 2363//2363
f 2233//2233 2363//2363 2362//2362
f 2234//2234 2235//2235 2364//2364
f 2234//2234 2364//2364 2363//2363
f 2235//2235 2236//2236 2365//2365
f 2235//2235 2365//2365 2364//2364
f 2236//2236 2237//2237 2366//2366
f 2236//2236 2366//2366 2365//2365
f 2237//2237 2238//2238 2367//2367
f 2237//2237 2367//2367 2366//2366
f 2238//2238 2239//2239 2368//2368
f 2238//2238 2368//2368 2367//2367
f 2239//2239 2240//2240 2369//2369
f 2239//2239 2369//2369 2368//2368
f 2240//2240 2241//2241 2370//2370
f 2240//2240 2370//2370 2369//2369
f 2241//2241 2242//2242 2371//2371
f 2241//2241 2371//2371 2370//2370
f 2242//2242 2243//2243 2372//2372
f 2242//2242 2372//2372 2371//2371
f 2243//2243 2244//2244 2373//2373
f 2243//2243 2373//2373 2372//2372
f 2244//2244 2245//2245 2374//2374
f 2244//2244 2374//2374 2373//2373
f 2245//2245 2246//2246 2375//2375
f 2245//2245 2375//2375 2374//2374
f 2246//2246 2247//2247 2376//2376
f 2246//2246 2376//2376 2375//2375
f 2247//2247 2248//2248 2377//2377
f 2247//2247 2377//2377 2376//2376
f 2248//2248 2249//2249 2378//2378
f 2248//2248 2378//2378 2377//2377
f 2249//2249 2250//2250 2379//2379
f 2249//2249 2379//2379 2378//2378
f 2250//2250 2251//2251 2380//2380
f 2250//2250 2380//2380 2379//2379
f 2251//2251 2252//2252 2381//2381
f 2251//2251 2381//2381 2380//2380
f 2252//2252 2253//2253 2382//2382
f 2252//2252 2382//2382 2381//2381
f 2253//2253 2254//2254 2383//2383
f 2253//2253 2383//2383 2382//2382
f 2254//2254 2255//2255 2384//2384
f 2254//2254 2384//2384 2383//2383
f 2255//2255 2256//2256 2385//2385
f 2255//2255 2385//2385 2384//2384
f 2256//2256 2257//2257 2386//2386
f 2256//2256 2386//2386 2385//2385
f 2257//2257 2258//2258 2387//2387
f 2257//2257 2387//2387 2386//2386
f 2258//2258 2259//2259 2388//2388
f 2258//2258 2388//2388 2387//2387
f 2259//2259 2260//2260 2389//2389
f 2259//2259 2389//2389 2388//2388
f 2260//2260 2261//2261 2390//2390
f 2260//2260 2390//2390 2389//2389
f 2261//2261 2262//2262 2391//2391
f 2261//2261 2391//2391 2390//2390
f 2262//2262 2263//2263 2392//2392
f 2262//2262 2392//2392 2391//2391
f 2263//2263 2264//2264 2393//2393
f 2263//2263 2393//2393 2392//2392
f 2264//2264 2265//2265 2394//2394
f 2264//2264 2394//2394 2393//2393
f 2265//2265 2266//2266 2395//2395
f 2265//2265 2395//2395 2394//2394
f 2266//2266 2267//2267 2396//2396
f 2266//2266 2396//2396 2395//2395
f 2267//2267 2268//2268 2397//2397
f 2267//2267 2397//2397 2396//2396
f 2268//2268 2269//2269 2398//2398
f 2268//2268 2398//2398 2397//2397
f 2269//2269 2270//2270 2399//2399
f 2269//2269 2399//2399 2398//2398
f 2270//2270 2271//2271 2400//2400
f 2270//2270 2400//2400 2399//2399
f 2271//2271 2272//2272 2401//2401
f 2271//2271 2401//2401 2400//2400
f 2272//2272 2273//2273 2402//2402
f 2272//2272 2402//2402 2401//2401
f 2273//2273 2274//2274 2403//2403
f 2273//2273 2403//2403 2402//2402
f 2274//2274 2275//2275 2404//2404
f 2274//2274 2404//2404 2403//2403
f 2275//2275 2276//2276 2405//2405
f 2275//2275 2405//2405 2404//2404
f 2276//2276 2277//2277 2406//2406
f 2276//2276 2406//2406 2405//2405
f 2277//2277 2278//2278 2407//2407
f 2277//2277 2407//2407 2406//2406
f 2278//2278 2279//2279 2408//2408
f 2278//2278 2408//2408 2407//2407
f 2279//2279 2280//2280 2409//2409
f 2279//2279 2409//2409 2408//2408
f 2280//2280 2281//2281 2410//2410
f 2280//2280 2410//2410 2409//2409
f 2281//2281 2282//2282 2411//2411
f 2281//2281 2411//2411 2410//2410
f 2282//2282 2283//2283 2412//2412
f 2282//2282 2412//2412 2411//2411
f 2283//2283 2284//2284 2413//2413
f 2283//2283 2413//2413 2412//2412
f 2284//2284 2285//2285 2414//2414
f 2284//2284 2414//2414 2413//2413
f 2285//2285 2286//2286 2415//2415
f 2285//2285 2415//2415 2414//2414
f 2286//2286 2287//2287 2416//2416
f 2286//2286 2416//2416 2415//2415
f 2287//2287 2288//2288 2417//2417
f 2287//2287 2417//2417 2416//2416
f 2288//2288 2289//2289 2418//2418
f 2288//2288 2418//2418 2417//2417
f 2289//2289 2290//2290 2419//2419
f 2289//2289 2419//2419 2418//2418
f 2290//2290 2291//2291 2420//2420
f 2290//2290 2420//2420 2419//2419
f 2291//2291 2292//2292 2421//2421
f 2291//2291 2421//2421 2420//2420
f 2292//2292 2293//2293 2422//2422
f 2292//2292 2422//2422 2421//2421
f 2293//2293 2294//2294 2423//2423
f 2293//2293 2423//2423 2422//2422
f 2294//2294 2295//2295 2424//2424
f 2294//2294 2424//2424 2423//2423
f 2295//2295 2296//2296 2425//2425
f 2295//2295 2425//2425 2424//2424
f 2296//2296 2297//2297 2426//2426
f 2296//2296 2426//2426 2425//2425
f 2297//2297 2298//2298 2427//2427
f 2297//2297 2427//2427 2426//2426
f 2298//2298 2299//2299 2428//2428
f 2298//2298 2428//2428 2427//2427
f 2299//2299 2300//2300 2429//2429
f 2299//2299 2429//2429 2428//2428
f 2300//2300 2301//2301 2430//2430
f 2300//2300 2430//2430 2429//2429
f 2301//2301 2302//2302 2431//2431
f 2301//2301 2431//2431 2430//2430
f 2302//2302 2303//2303 2432//2432
f 2302//2302 2432//2432 2431//2431
f 2303//2303 2304//2304 2433//2433
f 2303//2303 2433//2433 2432//2432
f 2304//2304 2305//2305 2434//2434
f 2304//2304 2434//2434 2433//2433
f 2305//2305 2306//2306 2435//2435
f 2305//2305 2435//2435 2434//2434
f 2306//2306 2307//2307 2436//2436
f 2306//2306 2436//2436 2435//2435
f 2307//2307 2308//2308 2437//2437
f 2307//2307 2437//2437 2436//2436
f 2308//2308 2309//2309 2438//2438
f 2308//2308 2438//2438 2437//2437
f 2309//2309 2310//2310 2439//2439
f 2309//2309 2439//2439 2438//2438
f 2310//2310 2311//2311 2440//2440
f 2310//2310 2440//2440 2439//2439
f 2311//2311 2312//2312 2441//2441
f 2311//2311 2441//2441 2440//2440
f 2312//2312 2313//2313 2442//2442
f 2312//2312 2442//2442 2441//2441
f 2313//2313 2314//2314 2443//2443
f 2313//2313 2443//2443 2442//2442
f 2314//2314 2315//2315 2444//2444
f 2314//2314 2444//2444 2443//2443
f 2315//2315 2316//2316 2445//2445
f 2315//2315 2445//2445 2444//2444
f 2316//2316 2317//2317 2446//2446
f 2316//2316 2446//2446 2445//2445
f 2317//2317 2318//2318 2447//2447
f 2317//2317 2447//2447 2446//2446
f 2318//2318 2319//2319 2448//2448
f 2318//2318 2448//2448 2447//2447
f 2319//2319 2320//2320 2449//2449
f 2319//2319 2449//2449 2448//2448
f 2320//2320 2321//2321 2450//2450
f 2320//2320 2450//2450 2449//2449
f 2321//2321 2322//2322 2451//2451
f 2321//2321 2451//2451 2450//2450
f 2323//2323 2324//2324 2453//2453
f 2323//2323 2453//2453 2452//2452
f 2324//2324 2325//2325 2454//2454
f 2324//2324 2454//2454 2453//2453
f 2325//2325 2326//2326 2455//2455
f 2325//2325 2455//2455 2454//2454
f 2326//2326 2327//2327 2456//2456
f 2326//2326 2456//2456 2455//2455
f 2327//2327 2328//2328 2457//2457
f 2327//2327 2457//2457 2456//2456
f 2328//2328 2329//2329 2458//2458
f 2328//2328 2458//2458 2457//2457
f 2329//2329 2330//2330 2459//2459
f 2329//2329 2459//2459 2458//2458
f 2330//2330 2331//2331 2460//2460
f 2330//2330 2460//2460 2459//2459
f 2331//2331 2332//2332 2461//2461
f 2331//2331 2461//2461 2460//2460
f 2332//2332 2333//2333 2462//2462
f 2332//2332 2462//2462 2461//2461
f 2333//2333 2334//2334 2463//2463
f 2333//2333 2463//2463 2462//2462
f 2334//2334 2335//2335 2464//2464
f 2334//2334 2464//2464 2463//2463
f 2335//2335 2336//2336 2465//2465
f 2335//2335 2465//2465 2464//2464
f 2336//2336 2337//2337 2466//2466
f 2336//2336 2466//2466 2465//2465
f 2337//2337 2338//2338 2467//2467
f 2337//2337 2467//2467 2466//2466
f 2338//2338 2339//2339 2468//2468
f 2338//2338 2468//2468 2467//2467
f 2339//2339 2340//2340 2469//2469
f 2339//2339 2469//2469 2468//2468
f 2340//2340 2341//2341 2470//2470
f 2340//2340 2470//2470 2469//2469
f 2341//2341 2342//2342 2471//2471
f 2341//2341 2471//2471 2470//2470
f 2342//2342 2343//2343 2472//2472
f 2342//2342 2472//2472 2471//2471
f 2343//2343 2344//2344 2473//2473
f 2343//2343 2473//2473 2472//2472
f 2344//2344 2345//2345 2474//2474
f 2344//2344 2474//2474 2473//2473
f 2345//2345 2346//2346 2475//2475
f 2345//2345 2475//2475 2474//2474
f 2346//2346 2347//2347 2476//2476
f 2346//2346 2476//2476 2475//2475
f 2347//2347 2348//2348 2477//2477
f 2347//2347 2477//2477 2476//2476
f 2348//2348 2349//2349 2478//2478
f 2348//2348 2478//2478 2477//2477
f 2349//2349 2350//2350 2479//2479
f 2349//2349 2479//2479 2478//2478
f 2350//2350 2351//2351 2480//2480
f 2350//2350 2480//2480 2479//2479
f 2351//2351 2352//2352 2481//2481
f 2351//2351 2481//2481 2480//2480
f 2352//2352 2353//2353 2482//2482
f 2352//2352 2482//2482 2481//2481
f 2353//2353 2354//2354 2483//2483
f 2353//2353 2483//2483 2482//2482
f 2354//2354 2355//2355 2484//2484
f 2354//2354 2484//2484 2483//2483
f 2355//2355 2356//2356 2485//2485
f 2355//2355 2485//2485 2484//2484
f 2356//2356 2357//2357 2486//2486
f 2356//2356 2486//2486 2485//2485
f 2357//2357 2358//2358 2487//2487
f 2357//2357 2487//2487 2486//2486
f 2358//2358 2359//2359 2488//2488
f 2358//2358 2488//2488 2487//2487
f 2359//2359 2360//2360 2489//2489
f 2359//2359 2489//2489 2488//2488
f 2360//2360 2361//2361 2490//2490
f 2360//2360 2490//2490 2489//2489
f 2361//2361 2362//2362 2491//2491
f 2361//2361 2491//2491 2490//2490
f 2362//2362 2363//2363 2492//2492
f 2362//2362 2492//2492 2491//2491
f 2363//2363 2364//2364 2493//2493
f 2363//2363 2493//2493 2492//2492
f 2364//2364 2365//2365 2494//2494
f 2364//2364 2494//2494 2493//2493
f 2365//2365 2366//2366 2495//2495
f 2365//2365 2495//2495 2494//2494
f 2366//2366 2367//2367 2496//2496
f 2366//2366 2496//2496 2495//2495
f 2367//2367 2368//2368 2497//2497
f 2367//2367 2497//2497 2496//2496
f 2368//2368 2369//2369 2498//2498
f 2368//2368 2498//2498 2497//2497
f 2369//2369 2370//2370 2499//2499
f 2369//2369 2499//2499 2498//2498
f 2370//2370 2371//2371 2500//2500
f 2370//2370 2500//2500 2499//2499
f 2371//2371 2372//2372 2501//2501
f 2371//2371 2501//2501 2500//2500
f 2372//2372 2373//2373 2502//2502
f 2372//2372 2502//2502 2501//2501
f 2373//2373 2374//2374 2503//2503
f 2373//2373 2503//2503 2502//2502
f 2374//2374 2375//2375 2504//2504
f 2374//2374 2504//2504 2503//2503
f 2375//2375 2376//2376 2505//2505
f 2375//2375 2505//2505 2504//2504
f 2376//2376 2377//2377 2506//2506
f 2376//2376 2506//2506 2505//2505
f 2377//2377 2378//2378 2507//2507
f 2377//2377 2507//2507 2506//2506
f 2378//2378 2379//2379 2508//2508
f 2378//2378 2508//2508 2507//2507
f 2379//2379 2380//2380 2509//2509
f 2379//2379 2509//2509 2508//2508
f 2380//2380 2381//2381 2510//2510
f 2380//2380 2510//2510 2509//2509
f 2381//2381 2382//2382 2511//2511
f 2381//2381 2511//2511 2510//2510
f 2382//2382 2383//2383 2512//2512
f 2382//2382 2512//2512 2511//2511
f 2383//2383 2384//2384 2513//2513
f 2383//2383 2513//2513 2512//2512
f 2384//2384 2385//2385 2514//2514
f 2384//2384 2514//2514 2513//2513
f 2385//2385 2386//2386 2515//2515
f 2385//2385 2515//2515 2514//2514
f 2386//2386 2387//2387 2516//2516
f 2386//2386 2516//2516 2515//2515
f 2387//2387 2388//2388 2517//2517
f 2387//2387 2517//2517 2516//2516
f 2388//2388 2389//2389 2518//2518
f 2388//2388 2518//2518 2517//2517
f 2389//2389 2390//2390 2519//2519
f 2389//2389 2519//2519 2518//2518
f 2390//2390 2391//2391 2520//2520
f 2390//2390 2520//2520 2519//2519
f 2391//2391 2392//2392 2521//2521
f 2391//2391 2521//2521 2520//2520
f 2392//2392 2393//2393 2522//2522
f 2392//2392 2522//2522 2521//2521
f 2393//2393 2394//2394 2523//2523
f 2393//2393 2523//2523 2522//2522
f 2394//2394 2395//2395 2524//2524
f 2394//2394 2524//2524 2523//2523
f 2395//2395 2396//2396 2525//2525
f 2395//2395 2525//2525 2524//2524
f 2396//2396 2397//2397 2526//2526
f 2396//2396 2526//2526 2525//2525
f 2397//2397 2398//2398 2527//2527
f 2397//2397 2527//2527 2526//2526
f 2398//2398 2399//2399 2528//2528
f 2398//2398 2528//2528 2527//2527
f 2399//2399 2400//2400 2529//2529
f 2399//2399 2529//2529 2528//2528
f 2400//2400 2401//2401 2530//2530
f 2400//2400 2530//2530 2529//2529
f 2401//2401 2402//2402 2531//2531
f 2401//2401 2531//2531 2530//2530
f 2402//2402 2403//2403 2532//2532
f 2402//2402 2532//2532 2531//2531
f 2403//2403 2404//2404 2533//2533
f 2403//2403 2533//2533 2532//2532
f 2404//2404 2405//2405 2534//2534
f 2404//2404 2534//2534 2533//2533
f 2405//2405 2406//2406 2535//2535
f 2405//2405 2535//2535 2534//2534
f 2406//2406 2407//2407 2536//2536
f 2406//2406 2536//2536 2535//2535
f 2407//2407 2408//2408 2537//2537
f 2407//2407 2537//2537 2536//2536
f 2408//2408 2409//2409 2538//2538
f 2408//2408 2538//2538 2537//2537
f 2409//2409 2410//2410 2539//2539
f 2409//2409 2539//2539 2538//2538
f 2410//2410 2411//2411 2540//2540
f 2410//2410 2540//2540 2539//2539
f 2411//2411 2412//2412 2541//2541
f 2411//2411 2541//2541 2540//2540
f 2412//2412 2413//2413 2542//2542
f 2412//2412 2542//2542 2541//2541
f 2413//2413 2414//2414 2543//2543
f 2413//2413 2543//2543 2542//2542
f 2414//2414 2415//2415 2544//2544
f 2414//2414 2544//2544 2543//2543
f 2415//2415 2416//2416 2545//2545
f 2415//2415 2545//2545 2544//2544
f 2416//2416 2417//2417 2546//2546
f 2416//2416 2546//2546 2545//2545
f 2417//2417 2418//2418 2547//2547
f 2417//2417 2547//2547 2546//2546
f 2418//2418 2419//2419 2548//2548
f 2418//2418 2548//2548 2547//2547
f 2419//2419 2420//2420 2549//2549
f 2419//2419 2549//2549 2548//2548
f 2420//2420 2421//2421 2550//2550
f 2420//2420 2550//2550 2549//2549
f 2421//2421 2422//2422 2551//2551
f 2421//2421 2551//2551 2550//2550
f 2422//2422 2423//2423 2552//2552
f 2422//2422 2552//2552 2551//2551
f 2423//2423 2424//2424 2553//2553
f 2423//2423 2553//2553 2552//2552
f 2424//2424 2425//2425 2554//2554
f 2424//2424 2554//2554 2553//2553
f 2425//2425 2426//2426 2555//2555
f 2425//2425 2555//2555 2554//2554
f 2426//2426 2427//2427 2556//2556
f 2426//2426 2556//2556 2555//2555
f 2427//2427 2428//2428 2557//2557
f 2427//2427 2557//2557 2556//2556
f 2428//2428 2429//2429 2558//2558
f 2428//2428 2558//2558 2557//2557
f 2429//2429 2430//2430 2559//2559
f 2429//2429 2559//2559 2558//2558
f 2430//2430 2431//2431 2560//2560
f 2430//2430 2560//2560 2559//2559
f 2431//2431 2432//2432 2561//2561
f 2431//2431 2561//2561 2560//2560
f 2432//2432 2433//2433 2562//2562
f 2432//2432 2562//2562 2561//2561
f 2433//2433 2434//2434 2563//2563
f 2433//2433 2563//2563 2562//2562
f 2434//2434 2435//2435 2564//2564
f 2434//2434 2564//2564 2563//2563
f 2435//2435 2436//2436 2565//2565
f 2435//2435 2565//2565 2564//2564
f 2436//2436 2437//2437 2566//2566
f 2436//2436 2566//2566 2565//2565
f 2437//2437 2438//2438 2567//2567
f 2437//2437 2567//2567 2566//2566
f 2438//2438 2439//2439 2568//2568
f 2438//2438 2568//2568 2567//2567
f 2439//2439 2440//2440 2569//2569
f 2439//2439 2569//2569 2568//2568
f 2440//2440 2441//2441 2570//2570
f 2440//2440 2570//2570 2569//2569
f 2441//2441 2442//2442 2571//2571
f 2441//2441 2571//2571 2570//2570
f 2442//2442 2443//2443 2572//2572
f 2442//2442 2572//2572 2571//2571
f 2443//2443 2444//2444 2573//2573
f 2443//2443 2573//2573 2572//2572
f 2444//2444 2445//2445 2574//2574
f 2444//2444 2574//2574 2573//2573
f 2445//2445 2446//2446 2575//2575
f 2445//2445 2575//2575 2574//2574
f 2446//2446 2447//2447 2576//2576
f 2446//2446 2576//2576 2575//2575
f 2447//2447 2448//2448 2577//2577
f 2447//2447 2577//2577 2576//2576
f 2448//2448 2449//2449 2578//2578
f 2448//2448 2578//2578 2577//2577
f 2449//2449 2450//2450 2579//2579
f 2449//2449 2579//2579 2578//2578
f 2450//2450 2451//2451 2580//2580
f 2450//2450 2580//2580 2579//2579
f 2452//2452 2453//2453 2582//2582
f 2452//2452 2582//2582 2581//2581
f 2453//2453 2454//2454 2583//2583
f 2453//2453 2583//2583 2582//2582
f 2454//2454 2455//2455 2584//2584
f 2454//2454 2584//2584 2583//2583
f 2455//2455 2456//2456 2585//2585
f 2455//2455 2585//2585 2584//2584
f 2456//2456 2457//2457 2586//2586
f 2456//2456 2586//2586 2585//2585
f 2457//2457 2458//2458 2587//2587
f 2457//2457 2587//2587 2586//2586
f 2458//2458 2459//2459 2588//2588
f 2458//2458 2588//2588 2587//2587
f 2459//2459 2460//2460 2589//2589
f 2459//2459 2589//2589 2588//2588
f 2460//2460 2461//2461 2590//2590
f 2460//2460 2590//2590 2589//2589
f 2461//2461 2462//2462 2591//2591
f 2461//2461 2591//2591 2590//2590
f 2462//2462 2463//2463 2592//2592
f 2462//2462 2592//2592 2591//2591
f 2463//2463 2464//2464 2593//2593
f 2463//2463 2593//2593 2592//2592
f 2464//2464 2465//2465 2594//2594
f 2464//2464 2594//2594 2593//2593
f 2465//2465 2466//2466 2595//2595
f 2465//2465 2595//2595 2594//2594
f 2466//2466 2467//2467 2596//2596
f 2466//2466 2596//2596 2595//2595
f 2467//2467 2468//2468 2597//2597
f 2467//2467 2597//2597 2596//2596
f 2468//2468 2469//2469 2598//2598
f 2468//2468 2598//2598 2597//2597
f 2469//2469 2470//2470 2599//2599
f 2469//2469 2599//2599 2598//2598
f 2470//2470 2471//2471 2600//2600
f 2470//2470 2600//2600 2599//2599
f 2471//2471 2472//2472 2601//2601
f 2471//2471 2601//2601 2600//2600
f 2472//2472 2473//2473 2602//2602
f 2472//2472 2602//2602 2601//2601
f 2473//2473 2474//2474 2603//2603
f 2473//2473 2603//2603 2602//2602
f 2474//2474 2475//2475 2604//2604
f 2474//2474 2604//2604 2603//2603
f 2475//2475 2476//2476 2605//2605
f 2475//2475 2605//2605 2604//2604
f 2476//2476 2477//2477 2606//2606
f 2476//2476 2606//2606 2605//2605
f 2477//2477 2478//2478 2607//2607
f 2477//2477 2607//2607 2606//2606
f 2478//2478 2479//2479 2608//2608
f 2478//2478 2608//2608 2607//2607
f 2479//2479 2480//2480 2609//2609
f 2479//2479 2609//2609 2608//2608
f 2480//2480 2481//2481 2610//2610
f 2480//2480 2610//2610 2609//2609
f 2481//2481 2482//2482 2611//2611
f 2481//2481 2611//2611 2610//2610
f 2482//2482 2483//2483 2612//2612
f 2482//2482 2612//2612 2611//2611
f 2483//2483 2484//2484 2613//2613
f 2483//2483 2613//2613 2612//2612
f 2484//2484 2485//2485 2614//2614
f 2484//2484 2614//2614 2613//2613
f 2485//2485 2486//2486 2615//2615
f 2485//2485 2615//2615 2614//2614
f 2486//2486 2487//2487 2616//2616
f 2486//2486 2616//2616 2615//2615
f 2487//2487 2488//2488 2617//2617
f 2487//2487 2617//2617 2616//2616
f 2488//2488 2489//2489 2618//2618
f 2488//2488 2618//2618 2617//2617
f 2489//2489 2490//2490 2619//2619
f 2489//2489 2619//2619 2618//2618
f 2490//2490 2491//2491 2620//2620
f 2490//2490 2620//2620 2619//2619
f 2491//2491 2492//2492 2621//2621
f 2491//2491 2621//2621 2620//2620
f 2492//2492 2493//2493 2622//2622
f 2492//2492 2622//2622 2621//2621
f 2493//2493 2494//2494 2623//2623
f 2493//2493 2623//2623 2622//2622
f 2494//2494 2495//2495 2624//2624
f 2494//2494 2624//2624 2623//2623
f 2495//2495 2496//2496 2625//2625
f 2495//2495 2625//2625 2624//2624
f 2496//2496 2497//2497 2626//2626
f 2496//2496 2626//2626 2625//2625
f 2497//2497 2498//2498 2627//2627
f 2497//2497 2627//2627 2626//2626
f 2498//2498 2499//2499 2628//2628
f 2498//2498 2628//2628 2627//2627
f 2499//2499 2500//2500 2629//2629
f 2499//2499 2629//2629 2628//2628
f 2500//2500 2501//2501 2630//2630
f 2500//2500 2630//2630 2629//2629
f 2501//2501 2502//2502 2631//2631
f 2501//2501 2631//2631 2630//2630
f 2502//2502 2503//2503 2632//2632
f 2502//2502 2632//2632 2631//2631
f 2503//2503 2504//2504 2633//2633
f 2503//2503 2633//2633 2632//2632
f 2504//2504 2505//2505 2634//2634
f 2504//2504 2634//2634 2633//2633
f 2505//2505 2506//2506 2635//2635
f 2505//2505 2635//2635 2634//2634
f 2506//2506 2507//2507 2636//2636
f 2506//2506 2636//2636 2635//2635
f 2507//2507 2508//2508 2637//2637
f 2507//2507 2637//2637 2636//2636
f 2508//2508 2509//2509 2638//2638
f 2508//2508 2638//2638 2637//2637
f 2509//2509 2510//2510 2639//2639
f 2509//2509 2639//2639 2638//2638
f 2510//2510 2511//2511 2640//2640
f 2510//2510 2640//2640 2639//2639
f 2511//2511 2512//2512 2641//2641
f 2511//2511 2641//2641 2640//2640
f 2512//2512 2513//2513 2642//2642
f 2512//2512 2642//2642 2641//2641
f 2513//2513 2514//2514 2643//2643
f 2513//2513 2643//2643 2642//2642
f 2514//2514 2515//2515 2644//2644
f 2514//2514 2644//2644 2643//2643
f 2515//2515 2516//2516 2645//2645
f 2515//2515 2645//2645 2644//2644
f 2516//2516 2517//2517 2646//2646
f 2516//2516 2646//2646 2645//2645
f 2517//2517 2518//2518 2647//2647
f 2517//2517 2647//2647 2646//2646
f 2518//2518 2519//2519 2648//2648
f 2518//2518 2648//2648 2647//2647
f 2519//2519 2520//2520 2649//2649
f 2519//2519 2649//2649 2648//2648
f 2520//2520 2521//2521 2650//2650
f 2520//2520 2650//2650 2649//2649
f 2521//2521 2522//2522 2651//2651
f 2521//2521 2651//2651 2650//2650
f 2522//2522 2523//2523 2652//2652
f 2522//2522 2652//2652 2651//2651
f 2523//2523 2524//2524 2653//2653
f 2523//2523 2653//2653 2652//2652
f 2524//2524 2525//2525 2654//2654
f 2524//2524 2654//2654 2653//2653
f 2525//2525 2526//2526 2655//2655
f 2525//2525 2655//2655 2654//2654
f 2526//2526 2527//2527 2656//2656
f 2526//2526 2656//2656 2655//2655
f 2527//2527 2528//2528 2657//2657
f 2527//2527 2657//2657 2656//2656
f 2528//2528 2529//2529 2658//2658
f 2528//2528 2658//2658 2657//2657
f 2529//2529 2530//2530 2659//2659
f 2529//2529 2659//2659 2658//2658
f 2530//2530 2531//2531 2660//2660
f 2530//2530 2660//2660 2659//2659
f 2531//2531 2532//2532 2661//2661
f 2531//2531 2661//2661 2660//2660
f 2532//2532 2533//2533 2662//2662
f 2532//2532 2662//2662 2661//2661
f 2533//2533 2534//2534 2663//2663
f 2533//2533 2663//2663 2662//2662
f 2534//2534 2535//2535 2664//2664
f 2534//2534 2664//2664 2663//2663
f 2535//2535 2536//2536 2665//2665
f 2535//2535 2665//2665 2664//2664
f 2536//2536 2537//2537 2666//2666
f 2536//2536 2666//2666 2665//2665
f 2537//2537 2538//2538 2667//2667
f 2537//2537 2667//2667 2666//2666
f 2538//2538 2539//2539 2668//2668
f 2538//2538 2668//2668 2667//2667
f 2539//2539 2540//2540 2669//2669
f 2539//2539 2669//2669 2668//2668
f 2540//2540 2541//2541 2670//2670
f 2540//2540 2670//2670 2669//2669
f 2541//2541 2542//2542 2671//2671
f 2541//2541 2671//2671 2670//2670
f 2542//2542 2543//2543 2672//2672
f 2542//2542 2672//2672 2671//2671
f 2543//2543 2544//2544 2673//2673
f 2543//2543 2673//2673 2672//2672
f 2544//2544 2545//2545 2674//2674
f 2544//2544 2674//2674 2673//2673
f 2545//2545 2546//2546 2675//2675
f 2545//2545 2675//2675 2674//2674
f 2546//2546 2547//2547 2676//2676
f 2546//2546 2676//2676 2675//2675
f 2547//2547 2548//2548 2677//2677
f 2547//2547 2677//2677 2676//2676
f 2548//2548 2549//2549 2678//2678
f 2548//2548 2678//2678 2677//2677
f 2549//2549 2550//2550 2679//2679
f 2549//2549 2679//2679 2678//2678
f 2550//2550 2551//2551 2680//2680
f 2550//2550 2680//2680 2679//2679
f 2551//2551 2552//2552 2681//2681
f 2551//2551 2681//2681 2680//2680
f 2552//2552 2553//2553 2682//2682
f 2552//2552 2682//2682 2681//2681
f 2553//2553 2554//2554 2683//2683
f 2553//2553 2683//2683 2682//2682
f 2554//2554 2555//2555 2684//2684
f 2554//2554 2684//2684 2683//2683
f 2555//2555 2556//2556 2685//2685
f 2555//2555 2685//2685 2684//2684
f 2556//2556 2557//2557 2686//2686
f 2556//2556 2686//2686 2685//2685
f 2557//2557 2558//2558 2687//2687
f 2557//2557 2687//2687 2686//2686
f 2558//2558 2559//2559 2688//2688
f 2558//2558 2688//2688 2687//2687
f 2559//2559 2560//2560 2689//2689
f 2559//2559 2689//2689 2688//2688
f 2560//2560 2561//2561 2690//2690
f 2560//2560 2690//2690 2689//2689
f 2561//2561 2562//2562 2691//2691
f 2561//2561 2691//2691 2690//2690
f 2562//2562 2563//2563 2692//2692
f 2562//2562 2692//2692 2691//2691
f 2563//2563 2564//2564 2693//2693
f 2563//2563 2693//2693 2692//2692
f 2564//2564 2565//2565 2694//2694
f 2564//2564 2694//2694 2693//2693
f 2565//2565 2566//2566 2695//2695
f 2565//2565 2695//2695 2694//2694
f 2566//2566 2567//2567 2696//2696
f 2566//2566 2696//2696 2695//2695
f 2567//2567 2568//2568 2697//2697
f 2567//2567 2697//2697 2696//2696
f 2568//2568 2569//2569 2698//2698
f 2568//2568 2698//2698 2697//2697
f 2569//2569 2570//2570 2699//2699
f 2569//2569 2699//2699 2698//2698
f 2570//2570 2571//2571 2700//2700
f 2570//2570 2700//2700 2699//2699
f 2571//2571 2572//2572 2701//2701
f 2571//2571 2701//2701 2700//2700
f 2572//2572 2573//2573 2702//2702
f 2572//2572 2702//2702 2701//2701
f 2573//2573 2574//2574 2703//2703
f 2573//2573 2703//2703 2702//2702
f 2574//2574 2575//2575 2704//2704
f 2574//2574 2704//2704 2703//2703
f 2575//2575 2576//2576 2705//2705
f 2575//2575 2705//2705 2704//2704
f 2576//2576 2577//2577 2706//2706
f 2576//2576 2706//2706 2705//2705
f 2577//2577 2578//2578 2707//2707
f 2577//2577 2707//2707 2706//2706
f 2578//2578 2579//2579 2708//2708
f 2578//2578 2708//2708 2707//2707
f 2579//2579 2580//2580 2709//2709
f 2579//2579 2709//2709 2708//2708
f 2581//2581 2582//2582 2711//2711
f 2581//2581 2711//2711 2710//2710
f 2582//2582 2583//2583 2712//2712
f 2582//2582 2712//2712 2711//2711
f 2583//2583 2584//2584 2713//2713
f 2583//2583 2713//2713 2712//2712
f 2584//2584 2585//2585 2714//2714
f 2584//2584 2714//2714 2713//2713
f 2585//2585 2586//2586 2715//2715
f 2585//2585 2715//2715 2714//2714
f 2586//2586 2587//2587 2716//2716
f 2586//2586 2716//2716 2715//2715
f 2587//2587 2588//2588 2717//2717
f 2587//2587 2717//2717 2716//2716
f 2588//2588 2589//2589 2718//2718
f 2588//2588 2718//2718 2717//2717
f 2589//2589 2590//2590 2719//2719
f 2589//2589 2719//2719 2718//2718
f 2590//2590 2591//2591 2720//2720
f 2590//2590 2720//2720 2719//2719
f 2591//2591 2592//2592 2721//2721
f 2591//2591 2721//2721 2720//2720
f 2592//2592 2593//2593 2722//2722
f 2592//2592 2722//2722 2721//2721
f 2593//2593 2594//2594 2723//2723
f 2593//2593 2723//2723 2722//2722
f 2594//2594 2595//2595 2724//2724
f 2594//2594 2724//2724 2723//2723
f 2595//2595 2596//2596 2725//2725
f 2595//2595 2725//2725 2724//2724
f 2596//2596 2597//2597 2726//2726
f 2596//2596 2726//2726 2725//2725
f 2597//2597 2598//2598 2727//2727
f 2597//2597 2727//2727 2726//2726
f 2598//2598 2599//2599 2728//2728
f 2598//2598 2728//2728 2727//2727
f 2599//2599 2600//2600 2729//2729
f 2599//2599 2729//2729 2728//2728
f 2600//2600 2601//2601 2730//2730
f 2600//2600 2730//2730 2729//2729
f 2601//2601 2602//2602 2731//2731
f 2601//2601 2731//2731 2730//2730
f 2602//2602 2603//2603 2732//2732
f 2602//2602 2732//2732 2731//2731
f 2603//2603 2604//2604 2733//2733
f 2603//2603 2733//2733 2732//2732
f 2604//2604 2605//2605 2734//2734
f 2604//2604 2734//2734 2733//2733
f 2605//2605 2606//2606 2735//2735
f 2605//2605 2735//2735 2734//2734
f 2606//2606 2607//2607 2736//2736
f 2606//2606 2736//2736 2735//2735
f 2607//2607 2608//2608 2737//2737
f 2607//2607 2737//2737 2736//2736
f 2608//2608 2609//2609 2738//2738
f 2608//2608 2738//2738 2737//2737
f 2609//2609 2610//2610 2739//2739
f 2609//2609 2739//2739 2738//2738
f 2610//2610 2611//2611 2740//2740
f 2610//2610 2740//2740 2739//2739
f 2611//2611 2612//2612 2741//2741
f 2611//2611 2741//2741 2740//2740
f 2612//2612 2613//2613 2742//2742
f 2612//2612 2742//2742 2741//2741
f 2613//2613 2614//2614 2743//2743
f 2613//2613 2743//2743 2742//2742
f 2614//2614 2615//2615 2744//2744
f 2614//2614 2744//2744 2743//2743
f 2615//2615 2616//2616 2745//2745
f 2615//2615 2745//2745 2744//2744
f 2616//2616 2617//2617 2746//2746
f 2616//2616 2746//2746 2745//2745
f 2617//2617 2618//2618 2747//2747
f 2617//2617 2747//2747 2746//2746
f 2618//2618 2619//2619 2748//2748
f 2618//2618 2748//2748 2747//2747
f 2619//2619 2620//2620 2749//2749
f 2619//2619 2749//2749 2748//2748
f 2620//2620 2621//2621 2750//2750
f 2620//2620 2750//2750 2749//2749
f 2621//2621 2622//2622 2751//2751
f 2621//2621 2751//2751 2750//2750
f 2622//2622 2623//2623 2752//2752
f 2622//2622 2752//2752 2751//2751
f 2623//2623 2624//2624 2753//2753
f 2623//2623 2753//2753 2752//2752
f 2624//2624 2625//2625 2754//2754
f 2624//2624 2754//2754 2753//2753
f 2625//2625 2626//2626 2755//2755
f 2625//2625 2755//2755 2754//2754
f 2626//2626 2627//2627 2756//2756
f 2626//2626 2756//2756 2755//2755
f 2627//2627 2628//2628 2757//2757
f 2627//2627 2757//2757 2756//2756
f 2628//2628 2629//2629 2758//2758
f 2628//2628 2758//2758 2757//2757
f 2629//2629 2630//2630 2759//2759
f 2629//2629 2759//2759 2758//2758
f 2630//2630 2631//2631 2760//2760
f 2630//2630 2760//2760 2759//2759
f 2631//2631 2632//2632 2761//2761
f 2631//2631 2761//2761 2760//2760
f 2632//2632 2633//2633 2762//2762
f 2632//2632 2762//2762 2761//2761
f 2633//2633 2634//2634 2763//2763
f 2633//2633 2763//2763 2762//2762
f 2634//2634 2635//2635 2764//2764
f 2634//2634 2764//2764 2763//2763
f 2635//2635 2636//2636 2765//2765
f 2635//2635 2765//2765 2764//2764
f 2636//2636 2637//2637 2766//2766
f 2636//2636 2766//2766 2765//2765
f 2637//2637 2638//2638 2767//2767
f 2637//2637 2767//2767 2766//2766
f 2638//2638 2639//2639 2768//2768
f 2638//2638 2768//2768 2767//2767
f 2639//2639 2640//2640 2769//2769
f 2639//2639 2769//2769 2768//2768
f 2640//2640 2641//2641 2770//2770
f 2640//2640 2770//2770 2769//2769
f 2641//2641 2642//2642 2771//2771
f 2641//2641 2771//2771 2770//2770
f 2642//2642 2643//2643 2772//2772
f 2642//2642 2772//2772 2771//2771
f 2643//2643 2644//2644 2773//2773
f 2643//2643 2773//2773 2772//2772
f 2644//2644 2645//2645 2774//2774
f 2644//2644 2774//2774 2773//2773
f 2645//2645 2646//2646 2775//2775
f 2645//2645 2775//2775 2774//2774
f 2646//2646 2647//2647 2776//2776
f 2646//2646 2776//2776 2775//2775
f 2647//2647 2648//2648 2777//2777
f 2647//2647 2777//2777 2776//2776
f 2648//2648 2649//2649 2778//2778
f 2648//2648 2778//2778 2777//2777
f 2649//2649 2650//2650 2779//2779
f 2649//2649 2779//2779 2778//2778
f 2650//2650 2651//2651 2780//2780
f 2650//2650 2780//2780 2779//2779
f 2651//2651 2652//2652 2781//2781
f 2651//2651 2781//2781 2780//2780
f 2652//2652 2653//2653 2782//2782
f 2652//2652 2782//2782 2781//2781
f 2653//2653 2654//2654 2783//2783
f 2653//2653 2783//2783 2782//2782
f 2654//2654 2655//2655 2784//2784
f 2654//2654 2784//2784 2783//2783
f 2655//2655 2656//2656 2785//2785
f 2655//2655 2785//2785 2784//2784
f 2656//2656 2657//2657 2786//2786
f 2656//2656 2786//2786 2785//2785
f 2657//2657 2658//2658 2787//2787
f 2657//2657 2787//2787 2786//2786
f 2658//2658 2659//2659 2788//2788
f 2658//2658 2788//2788 2787//2787
f 2659//2659 2660//2660 2789//2789
f 2659//2659 2789//2789 2788//2788
f 2660//2660 2661//2661 2790//2790
f 2660//2660 2790//2790 2789//2789
f 2661//2661 2662//2662 2791//2791
f 2661//2661 2791//2791 2790//2790
f 2662//2662 2663//2663 2792//2792
f 2662//2662 2792//2792 2791//2791
f 2663//2663 2664//2664 2793//2793
f 2663//2663 2793//2793 2792//2792
f 2664//2664 2665//2665 2794//2794
f 2664//2664 2794//2794 2793//2793
f 2665//2665 2666//2666 2795//2795
f 2665//2665 2795//2795 2794//2794
f 2666//2666 2667//2667 2796//2796
f 2666//2666 2796//2796 2795//2795
f 2667//2667 2668//2668 2797//2797
f 2667//2667 2797//2797 2796//2796
f 2668//2668 2669//2669 2798//2798
f 2668//2668 2798//2798 2797//2797
f 2669//2669 2670//2670 2799//2799
f 2669//2669 2799//2799 2798//2798
f 2670//2670 2671//2671 2800//2800
f 2670//2670 2800//2800 2799//2799
f 2671//2671 2672//2672 2801//2801
f 2671//2671 2801//2801 2800//2800
f 2672//2672 2673//2673 2802//2802
f 2672//2672 2802//2802 2801//2801
f 2673//2673 2674//2674 2803//2803
f 2673//2673 2803//2803 2802//2802
f 2674//2674 2675//2675 2804//2804
f 2674//2674 2804//2804 2803//2803
f 2675//2675 2676//2676 2805//2805
f 2675//2675 2805//2805 2804//2804
f 2676//2676 2677//2677 2806//2806
f 2676//2676 2806//2806 2805//2805
f 2677//2677 2678//2678 2807//2807
f 2677//2677 2807//2807 2806//2806
f 2678//2678 2679//2679 2808//2808
f 2678//2678 2808//2808 2807//2807
f 2679//2679 2680//2680 2809//2809
f 2679//2679 2809//2809 2808//2808
f 2680//2680 2681//2681 2810//2810
f 2680//2680 2810//2810 2809//2809
f 2681//2681 2682//2682 2811//2811
f 2681//2681 2811//2811 2810//2810
f 2682//2682 2683//2683 2812//2812
f 2682//2682 2812//2812 2811//2811
f 2683//2683 2684//2684 2813//2813
f 2683//2683 2813//2813 2812//2812
f 2684//2684 2685//2685 2814//2814
f 2684//2684 2814//2814 2813//2813
f 2685//2685 2686//2686 2815//2815
f 2685//2685 2815//2815 2814//2814
f 2686//2686 2687//2687 2816//2816
f 2686//2686 2816//2816 2815//2815
f 2687//2687 2688//2688 2817//2817
f 2687//2687 2817//2817 2816//2816
f 2688//2688 2689//2689 2818//2818
f 2688//2688 2818//2818 2817//2817
f 2689//2689 2690//2690 2819//2819
f 2689//2689 2819//2819 2818//2818
f 2690//2690 2691//2691 2820//2820
f 2690//2690 2820//2820 2819//2819
f 2691//2691 2692//2692 2821//2821
f 2691//2691 2821//2821 2820//2820
f 2692//2692 2693//2693 2822//2822
f 2692//2692 2822//2822 2821//2821
f 2693//2693 2694//2694 2823//2823
f 2693//2693 2823//2823 2822//2822
f 2694//2694 2695//2695 2824//2824
f 2694//2694 2824//2824 2823//2823
f 2695//2695 2696//2696 2825//2825
f 2695//2695 2825//2825 2824//2824
f 2696//2696 2697//2697 2826//2826
f 2696//2696 2826//2826 2825//2825
f 2697//2697 2698//2698 2827//2827
f 2697//2697 2827//2827 2826//2826
f 2698//2698 2699//2699 2828//2828
f 2698//2698 2828//2828 2827//2827
f 2699//2699 2700//2700 2829//2829
f 2699//2699 2829//2829 2828//2828
f 2700//2700 2701//2701 2830//2830
f 2700//2700 2830//2830 2829//2829
f 2701//2701 2702//2702 2831//2831
f 2701//2701 2831//2831 2830//2830
f 2702//2702 2703//2703 2832//2832
f 2702//2702 2832//2832 2831//2831
f 2703//2703 2704//2704 2833//2833
f 2703//2703 2833//2833 2832//2832
f 2704//2704 2705//2705 2834//2834
f 2704//2704 2834//2834 2833//2833
f 2705//2705 2706//2706 2835//2835
f 2705//2705 2835//2835 2834//2834
f 2706//2706 2707//2707 2836//2836
f 2706//2706 2836//2836 2835//2835
f 2707//2707 2708//2708 2837//2837
f 2707//2707 2837//2837 2836//2836
f 2708//2708 2709//2709 2838//2838
f 2708//2708 2838//2838 2837//2837
f 2710//2710 2711//2711 2840//2840
f 2710//2710 2840//2840 2839//2839
f 2711//2711 2712//2712 2841//2841
f 2711//2711 2841//2841 2840//2840
f 2712//2712 2713//2713 2842//2842
f 2712//2712 2842//2842 2841//2841
f 2713//2713 2714//2714 2843//2843
f 2713//2713 2843//2843 2842//2842
f 2714//2714 2715//2715 2844//2844
f 2714//2714 2844//2844 2843//2843
f 2715//2715 2716//2716 2845//2845
f 2715//2715 2845//2845 2844//2844
f 2716//2716 2717//2717 2846//2846
f 2716//2716 2846//2846 2845//2845
f 2717//2717 2718//2718 2847//2847
f 2717//2717 2847//2847 2846//2846
f 2718//2718 2719//2719 2848//2848
f 2718//2718 2848//2848 2847//2847
f 2719//2719 2720//2720 2849//2849
f 2719//2719 2849//2849 2848//2848
f 2720//2720 2721//2721 2850//2850
f 2720//2720 2850//2850 2849//2849
f 2721//2721 2722//2722 2851//2851
f 2721//2721 2851//2851 2850//2850
f 2722//2722 2723//2723 2852//2852
f 2722//2722 2852//2852 2851//2851
f 2723//2723 2724//2724 2853//2853
f 2723//2723 2853//2853 2852//2852
f 2724//2724 2725//2725 2854//2854
f 2724//2724 2854//2854 2853//2853
f 2725//2725 2726//2726 2855//2855
f 2725//2725 2855//2855 2854//2854
f 2726//2726 2727//2727 2856//2856
f 2726//2726 2856//2856 2855//2855
f 2727//2727 2728//2728 2857//2857
f 2727//2727 2857//2857 2856//2856
f 2728//2728 2729//2729 2858//2858
f 2728//2728 2858//2858 2857//2857
f 2729//2729 2730//2730 2859//2859
f 2729//2729 2859//2859 2858//2858
f 2730//2730 2731//2731 2860//2860
f 2730//2730 2860//2860 2859//2859
f 2731//2731 2732//2732 2861//2861
f 2731//2731 2861//2861 2860//2860
f 2732//2732 2733//2733 2862//2862
f 2732//2732 2862//2862 2861//2861
f 2733//2733 2734//2734 2863//2863
f 2733//2733 2863//2863 2862//2862
f 2734//2734 2735//2735 2864//2864
f 2734//2734 2864//2864 2863//2863
f 2735//2735 2736//2736 2865//2865
f 2735//2735 2865//2865 2864//2864
f 2736//2736 2737//2737 2866//2866
f 2736//2736 2866//2866 2865//2865
f 2737//2737 2738//2738 2867//2867
f 2737//2737 2867//2867 2866//2866
f 2738//2738 2739//2739 2868//2868
f 2738//2738 2868//2868 2867//2867
f 2739//2739 2740//2740 2869//2869
f 2739//2739 2869//2869 2868//2868
f 2740//2740 2741//2741 2870//2870
f 2740//2740 2870//2870 2869//2869
f 2741//2741 2742//2742 2871//2871
f 2741//2741 2871//2871 2870//2870
f 2742//2742 2743//2743 2872//2872
f 2742//2742 2872//2872 2871//2871
f 2743//2743 2744//2744 2873//2873
f 2743//2743 2873//2873 2872//2872
f 2744//2744 2745//2745 2874//2874
f 2744//2744 2874//2874 2873//2873
f 2745//2745 2746//2746 2875//2875
f 2745//2745 2875//2875 2874//2874
f 2746//2746 2747//2747 2876//2876
f 2746//2746 2876//2876 2875//2875
f 2747//2747 2748//2748 2877//2877
f 2747//2747 2877//2877 2876//2876
f 2748//2748 2749//2749 2878//2878
f 2748//2748 2878//2878 2877//2877
f 2749//2749 2750//2750 2879//2879
f 2749//2749 2879//2879 2878//2878
f 2750//2750 2751//2751 2880//2880
f 2750//2750 2880//2880 2879//2879
f 2751//2751 2752//2752 2881//2881
f 2751//2751 2881//2881 2880//2880
f 2752//2752 2753//2753 2882//2882
f 2752//2752 2882//2882 2881//2881
f 2753//2753 2754//2754 2883//2883
f 2753//2753 2883//2883 2882//2882
f 2754//2754 2755//2755 2884//2884
f 2754//2754 2884//2884 2883//2883
f 2755//2755 2756//2756 2885//2885
f 2755//2755 2885//2885 2884//2884
f 2756//2756 2757//2757 2886//2886
f 2756//2756 2886//2886 2885//2885
f 2757//2757 2758//2758 2887//2887
f 2757//2757 2887//2887 2886//2886
f 2758//2758 2759//2759 2888//2888
f 2758//2758 2888//2888 2887//2887
f 2759//2759 2760//2760 2889//2889
f 2759//2759 2889//2889 2888//2888
f 2760//2760 2761//2761 2890//2890
f 2760//2760 2890//2890 2889//2889
f 2761//2761 2762//2762 2891//2891
f 2761//2761 2891//2891 2890//2890
f 2762//2762 2763//2763 2892//2892
f 2762//2762 2892//2892 2891//2891
f 2763//2763 2764//2764 2893//2893
f 2763//2763 2893//2893 2892//2892
f 2764//2764 2765//2765 2894//2894
f 2764//2764 2894//2894 2893//2893
f 2765//2765 2766//2766 2895//2895
f 2765//2765 2895//2895 2894//2894
f 2766//2766 2767//2767 2896//2896
f 2766//2766 2896//2896 2895//2895
f 2767//2767 2768//2768 2897//2897
f 2767//2767 2897//2897 2896//2896
f 2768//2768 2769//2769 2898//2898
f 2768//2768 2898//2898 2897//2897
f 2769//2769 2770//2770 2899//2899
f 2769//2769 2899//2899 2898//2898
f 2770//2770 2771//2771 2900//2900
f 2770//2770 2900//2900 2899//2899
f 2771//2771 2772//2772 2901//2901
f 2771//2771 2901//2901 2900//2900
f 2772//2772 2773//2773 2902//2902
f 2772//2772 2902//2902 2901//2901
f 2773//2773 2774//2774 2903//2903
f 2773//2773 2903//2903 2902//2902
f 2774//2774 2775//2775 2904//2904
f 2774//2774 2904//2904 2903//2903
f 2775//2775 2776//2776 2905//2905
f 2775//2775 2905//2905 2904//2904
f 2776//2776 2777//2777 2906//2906
f 2776//2776 2906//2906 2905//2905
f 2777//2777 2778//2778 2907//2907
f 2777//2777 2907//2907 2906//2906
f 2778//2778 2779//2779 2908//2908
f 2778//2778 2908//2908 2907//2907
f 2779//2779 2780//2780 2909//2909
f 2779//2779 2909//2909 2908//2908
f 2780//2780 2781//2781 2910//2910
f 2780//2780 2910//2910 2909//2909
f 2781//2781 2782//2782 2911//2911
f 2781//2781 2911//2911 2910//2910
f 2782//2782 2783//2783 2912//2912
f 2782//2782 2912//2912 2911//2911
f 2783//2783 2784//2784 2913//2913
f 2783//2783 2913//2913 2912//2912
f 2784//2784 2785//2785 2914//2914
f 2784//2784 2914//2914 2913//2913
f 2785//2785 2786//2786 2915//2915
f 2785//2785 2915//2915 2914//2914
f 2786//2786 2787//2787 2916//2916
f 2786//2786 2916//2916 2915//2915
f 2787//2787 2788//2788 2917//2917
f 2787//2787 2917//2917 2916//2916
f 2788//2788 2789//2789 2918//2918
f 2788//2788 2918//2918 2917//2917
f 2789//2789 2790//2790 2919//2919
f 2789//2789 2919//2919 2918//2918
f 2790//2790 2791//2791 2920//2920
f 2790//2790 2920//2920 2919//2919
f 2791//2791 2792//2792 2921//2921
f 2791//2791 2921//2921 2920//2920
f 2792//2792 2793//2793 2922//2922
f 2792//2792 2922//2922 2921//2921
f 2793//2793 2794//2794 2923//2923
f 2793//2793 2923//2923 2922//2922
f 2794//2794 2795//2795 2924//2924
f 2794//2794 2924//2924 2923//2923
f 2795//2795 2796//2796 2925//2925
f 2795//2795 2925//2925 2924//2924
f 2796//2796 2797//2797 2926//2926
f 2796//2796 2926//2926 2925//2925
f 2797//2797 2798//2798 2927//2927
f 2797//2797 2927//2927 2926//2926
f 2798//2798 2799//2799 2928//2928
f 2798//2798 2928//2928 2927//2927
f 2799//2799 2800//2800 2929//2929
f 2799//2799 2929//2929 2928//2928
f 2800//2800 2801//2801 2930//2930
f 2800//2800 2930//2930 2929//2929
f 2801//2801 2802//2802 2931//2931
f 2801//2801 2931//2931 2930//2930
f 2802//2802 2803//2803 2932//2932
f 2802//2802 2932//2932 2931//2931
f 2803//2803 2804//2804 2933//2933
f 2803//2803 2933//2933 2932//2932
f 2804//2804 2805//2805 2934//2934
f 2804//2804 2934//2934 2933//2933
f 2805//2805 2806//2806 2935//2935
f 2805//2805 2935//2935 2934//2934
f 2806//2806 2807//2807 2936//2936
f 2806//2806 2936//2936 2935//2935
f 2807//2807 2808//2808 2937//2937
f 2807//2807 2937//2937 2936//2936
f 2808//2808 2809//2809 2938//2938
f 2808//2808 2938//2938 2937//2937
f 2809//2809 2810//2810 2939//2939
f 2809//2809 2939//2939 2938//2938
f 2810//2810 2811//2811 2940//2940
f 2810//2810 2940//2940 2939//2939
f 2811//2811 2812//2812 2941//2941
f 2811//2811 2941//2941 2940//2940
f 2812//2812 2813//2813 2942//2942
f 2812//2812 2942//2942 2941//2941
f 2813//2813 2814//2814 2943//2943
f 2813//2813 2943//2943 2942//2942
f 2814//2814 2815//2815 2944//2944
f 2814//2814 2944//2944 2943//2943
f 2815//2815 2816//2816 2945//2945
f 2815//2815 2945//2945 2944//2944
f 2816//2816 2817//2817 2946//2946
f 2816//2816 2946//2946 2945//2945
f 2817//2817 2818//2818 2947//2947
f 2817//2817 2947//2947 2946//2946
f 2818//2818 2819//2819 2948//2948
f 2818//2818 2948//2948 2947//2947
f 2819//2819 2820//2820 2949//2949
f 2819//2819 2949//2949 2948//2948
f 2820//2820 2821//2821 2950//2950
f 2820//2820 2950//2950 2949//2949
f 2821//2821 2822//2822 2951//2951
f 2821//2821 2951//2951 2950//2950
f 2822//2822 2823//2823 2952//2952
f 2822//2822 2952//2952 2951//2951
f 2823//2823 2824//2824 2953//2953
f 2823//2823 2953//2953 2952//2952
f 2824//2824 2825//2825 2954//2954
f 2824//2824 2954//2954 2953//2953
f 2825//2825 2826//2826 2955//2955
f 2825//2825 2955//2955 2954//2954
f 2826//2826 2827//2827 2956//2956
f 2826//2826 2956//2956 2955//2955
f 2827//2827 2828//2828 2957//2957
f 2827//2827 2957//2957 2956//2956
f 2828//2828 2829//2829 2958//2958
f 2828//2828 2958//2958 2957//2957
f 2829//2829 2830//2830 2959//2959
f 2829//2829 2959//2959 2958//2958
f 2830//2830 2831//2831 2960//2960
f 2830//2830 2960//2960 2959//2959
f 2831//2831 2832//2832 2961//2961
f 2831//2831 2961//2961 2960//2960
f 2832//2832 2833//2833 2962//2962
f 2832//2832 2962//2962 2961//2961
f 2833//2833 2834//2834 2963//2963
f 2833//2833 2963//2963 2962//2962
f 2834//2834 2835//2835 2964//2964
f 2834//2834 2964//2964 2963//2963
f 2835//2835 2836//2836 2965//2965
f 2835//2835 2965//2965 2964//2964
f 2836//2836 2837//2837 2966//2966
f 2836//2836 2966//2966 2965//2965
f 2837//2837 2838//2838 2967//2967
f 2837//2837 2967//2967 2966//2966
f 2839//2839 2840//2840 2969//2969
f 2839//2839 2969//2969 2968//2968
f 2840//2840 2841//2841 2970//2970
f 2840//2840 2970//2970 2969//2969
f 2841//2841 2842//2842 2971//2971
f 2841//2841 2971//2971 2970//2970
f 2842//2842 2843//2843 2972//2972
f 2842//2842 2972//2972 2971//2971
f 2843//2843 2844//2844 2973//2973
f 2843//2843 2973//2973 2972//2972
f 2844//2844 2845//2845 2974//2974
f 2844//2844 2974//2974 2973//2973
f 2845//2845 2846//2846 2975//2975
f 2845//2845 2975//2975 2974//2974
f 2846//2846 2847//2847 2976//2976
f 2846//2846 2976//2976 2975//2975
f 2847//2847 2848//2848 2977//2977
f 2847//2847 2977//2977 2976//2976
f 2848//2848 2849//2849 2978//2978
f 2848//2848 2978//2978 2977//2977
f 2849//2849 2850//2850 2979//2979
f 2849//2849 2979//2979 2978//2978
f 2850//2850 2851//2851 2980//2980
f 2850//2850 2980//2980 2979//2979
f 2851//2851 2852//2852 2981//2981
f 2851//2851 2981//2981 2980//2980
f 2852//2852 2853//2853 2982//2982
f 2852//2852 2982//2982 2981//2981
f 2853//2853 2854//2854 2983//2983
f 2853//2853 2983//2983 2982//2982
f 2854//2854 2855//2855 2984//2984
f 2854//2854 2984//2984 2983//2983
f 2855//2855 2856//2856 2985//2985
f 2855//2855 2985//2985 2984//2984
f 2856//2856 2857//2857 2986//2986
f 2856//2856 2986//2986 2985//2985
f 2857//2857 2858//2858 2987//2987
f 2857//2857 2987//2987 2986//2986
f 2858//2858 2859//2859 2988//2988
f 2858//2858 2988//2988 2987//2987
f 2859//2859 2860//2860 2989//2989
f 2859//2859 2989//2989 2988//2988
f 2860//2860 2861//2861 2990//2990
f 2860//2860 2990//2990 2989//2989
f 2861//2861 2862//2862 2991//2991
f 2861//2861 2991//2991 2990//2990
f 2862//2862 2863//2863 2992//2992
f 2862//2862 2992//2992 2991//2991
f 2863//2863 2864//2864 2993//2993
f 2863//2863 2993//2993 2992//2992
f 2864//2864 2865//2865 2994//2994
f 2864//2864 2994//2994 2993//2993
f 2865//2865 2866//2866 2995//2995
f 2865//2865 2995//2995 2994//2994
f 2866//2866 2867//2867 2996//2996
f 2866//2866 2996//2996 2995//2995
f 2867//2867 2868//2868 2997//2997
f 2867//2867 2997//2997 2996//2996
f 2868//2868 2869//2869 2998//2998
f 2868//2868 2998//2998 2997//2997
f 2869//2869 2870//2870 2999//2999
f 2869//2869 2999//2999 2998//2998
f 2870//2870 2871//2871 3000//3000
f 2870//2870 3000//3000 2999//2999
f 2871//2871 2872//2872 3001//3001
f 2871//2871 3001//3001 3000//3000
f 2872//2872 2873//2873 3002//3002
f 2872//2872 3002//3002 3001//3001
f 2873//2873 2874//2874 3003//3003
f 2873//2873 3003//3003 3002//3002
f 2874//2874 2875//2875 3004//3004
f 2874//2874 3004//3004 3003//3003
f 2875//2875 2876//2876 3005//3005
f 2875//2875 3005//3005 3004//3004
f 2876//2876 2877//2877 3006//3006
f 2876//2876 3006//3006 3005//3005
f 2877//2877 2878//2878 3007//3007
f 2877//2877 3007//3007 3006//3006
f 2878//2878 2879//2879 3008//3008
f 2878//2878 3008//3008 3007//3007
f 2879//2879 2880//2880 3009//3009
f 2879//2879 3009//3009 3008//3008
f 2880//2880 2881//2881 3010//3010
f 2880//2880 3010//3010 3009//3009
f 2881//2881 2882//2882 3011//3011
f 2881//2881 3011//3011 3010//3010
f 2882//2882 2883//2883 3012//3012
f 2882//2882 3012//3012 3011//3011
f 2883//2883 2884//2884 3013//3013
f 2883//2883 3013//3013 3012//3012
f 2884//2884 2885//2885 3014//3014
f 2884//2884 3014//3014 3013//3013
f 2885//2885 2886//2886 3015//3015
f 2885//2885 3015//3015 3014//3014
f 2886//2886 2887//2887 3016//3016
f 2886//2886 3016//3016 3015//3015
f 2887//2887 2888//2888 3017//3017
f 2887//2887 3017//3017 3016//3016
f 2888//2888 2889//2889 3018//3018
f 2888//2888 3018//3018 3017//3017
f 2889//2889 2890//2890 3019//3019
f 2889//2889 3019//3019 3018//3018
f 2890//2890 2891//2891 3020//3020
f 2890//2890 3020//3020 3019//3019
f 2891//2891 2892//2892 3021//3021
f 2891//2891 3021//3021 3020//3020
f 2892//2892 2893//2893 3022//3022
f 2892//2892 3022//3022 3021//3021
f 2893//2893 2894//2894 3023//3023
f 2893//2893 3023//3023 3022//3022
f 2894//2894 2895//2895 3024//3024
f 2894//2894 3024//3024 3023//3023
f 2895//2895 2896//2896 3025//3025
f 2895//2895 3025//3025 3024//3024
f 2896//2896 2897//2897 3026//3026
f 2896//2896 3026//3026 3025//3025
f 2897//2897 2898//2898 3027//3027
f 2897//2897 3027//3027 3026//3026
f 2898//2898 2899//2899 3028//3028
f 2898//2898 3028//3028 3027//3027
f 2899//2899 2900//2900 3029//3029
f 2899//2899 3029//3029 3028//3028
f 2900//2900 2901//2901 3030//3030
f 2900//2900 3030//3030 3029//3029
f 2901//2901 2902//2902 3031//3031
f 2901//2901 3031//3031 3030//3030
f 2902//2902 2903//2903 3032//3032
f 2902//2902 3032//3032 3031//3031
f 2903//2903 2904//2904 3033//3033
f 2903//2903 3033//3033 3032//3032
f 2904//2904 2905//2905 3034//3034
f 2904//2904 3034//3034 3033//3033
f 2905//2905 2906//2906 3035//3035
f 2905//2905 3035//3035 3034//3034
f 2906//2906 2907//2907 3036//3036
f 2906//2906 3036//3036 3035//3035
f 2907//2907 2908//2908 3037//3037
f 2907//2907 3037//3037 3036//3036
f 2908//2908 2909//2909 3038//3038
f 2908//2908 3038//3038 3037//3037
f 2909//2909 2910//2910 3039//3039
f 2909//2909 3039//3039 3038//3038
f 2910//2910 2911//2911 3040//3040
f 2910//2910 3040//3040 3039//3039
f 2911//2911 2912//2912 3041//3041
f 2911//2911 3041//3041 3040//3040
f 2912//2912 2913//2913 3042//3042
f 2912//2912 3042//3042 3041//3041
f 2913//2913 2914//2914 3043//3043
f 2913//2913 3043//3043 3042//3042
f 2914//2914 2915//2915 3044//3044
f 2914//2914 3044//3044 3043//3043
f 2915//2915 2916//2916 3045//3045
f 2915//2915 3045//3045 3044//3044
f 2916//2916 2917//2917 3046//3046
f 2916//2916 3046//3046 3045//3045
f 2917//2917 2918//2918 3047//3047
f 2917//2917 3047//3047 3046//3046
f 2918//2918 2919//2919 3048//3048
f 2918//2918 3048//3048 3047//3047
f 2919//2919 2920//2920 3049//3049
f 2919//2919 3049//3049 3048//3048
f 2920//2920 2921//2921 3050//3050
f 2920//2920 3050//3050 3049//3049
f 2921//2921 2922//2922 3051//3051
f 2921//2921 3051//3051 3050//3050
f 2922//2922 2923//2923 3052//3052
f 2922//2922 3052//3052 3051//3051
f 2923//2923 2924//2924 3053//3053
f 2923//2923 3053//3053 3052//3052
f 2924//2924 2925//2925 3054//3054
f 2924//2924 3054//3054 3053//3053
f 2925//2925 2926//2926 3055//3055
f 2925//2925 3055//3055 3054//3054
f 2926//2926 2927//2927 3056//3056
f 2926//2926 3056//3056 3055//3055
f 2927//2927 2928//2928 3057//3057
f 2927//2927 3057//3057 3056//3056
f 2928//2928 2929//2929 3058//3058
f 2928//2928 3058//3058 3057//3057
f 2929//2929 2930//2930 3059//3059
f 2929//2929 3059//3059 3058//3058
f 2930//2930 2931//2931 3060//3060
f 2930//2930 3060//3060 3059//3059
f 2931//2931 2932//2932 3061//3061
f 2931//2931 3061//3061 3060//3060
f 2932//2932 2933//2933 3062//3062
f 2932//2932 3062//3062 3061//3061
f 2933//2933 2934//2934 3063//3063
f 2933//2933 3063//3063 3062//3062
f 2934//2934 2935//2935 3064//3064
f 2934//2934 3064//3064 3063//3063
f 2935//2935 2936//2936 3065//3065
f 2935//2935 3065//3065 3064//3064
f 2936//2936 2937//2937 3066//3066
f 2936//2936 3066//3066 3065//3065
f 2937//2937 2938//2938 3067//3067
f 2937//2937 3067//3067 3066//3066
f 2938//2938 2939//2939 3068//3068
f 2938//2938 3068//3068 3067//3067
f 2939//2939 2940//2940 3069//3069
f 2939//2939 3069//3069 3068//3068
f 2940//2940 2941//2941 3070//3070
f 2940//2940 3070//3070 3069//3069
f 2941//2941 2942//2942 3071//3071
f 2941//2941 3071//3071 3070//3070
f 2942//2942 2943//2943 3072//3072
f 2942//2942 3072//3072 3071//3071
f 2943//2943 2944//2944 3073//3073
f 2943//2943 3073//3073 3072//3072
f 2944//2944 2945//2945 3074//3074
f 2944//2944 3074//3074 3073//3073
f 2945//2945 2946//2946 3075//3075
f 2945//2945 3075//3075 3074//3074
f 2946//2946 2947//2947 3076//3076
f 2946//2946 3076//3076 3075//3075
f 2947//2947 2948//2948 3077//3077
f 2947//2947 3077//3077 3076//3076
f 2948//2948 2949//2949 3078//3078
f 2948//2948 3078//3078 3077//3077
f 2949//2949 2950//2950 3079//3079
f 2949//2949 3079//3079 3078//3078
f 2950//2950 2951//2951 3080//3080
f 2950//2950 3080//3080 3079//3079
f 2951//2951 2952//2952 3081//3081
f 2951//2951 3081//3081 3080//3080
f 2952//2952 2953//2953 3082//3082
f 2952//2952 3082//3082 3081//3081
f 2953//2953 2954//2954 3083//3083
f 2953//2953 3083//3083 3082//3082
f 2954//2954 2955//2955 3084//3084
f 2954//2954 3084//3084 3083//3083
f 2955//2955 2956//2956 3085//3085
f 2955//2955 3085//3085 3084//3084
f 2956//2956 2957//2957 3086//3086
f 2956//2956 3086//3086 3085//3085
f 2957//2957 2958//2958 3087//3087
f 2957//2957 3087//3087 3086//3086
f 2958//2958 2959//2959 3088//3088
f 2958//2958 3088//3088 3087//3087
f 2959//2959 2960//2960 3089//3089
f 2959//2959 3089//3089 3088//3088
f 2960//2960 2961//2961 3090//3090
f 2960//2960 3090//3090 3089//3089
f 2961//2961 2962//2962 3091//3091
f 2961//2961 3091//3091 3090//3090
f 2962//2962 2963//2963 3092//3092
f 2962//2962 3092//3092 3091//3091
f 2963//2963 2964//2964 3093//3093
f 2963//2963 3093//3093 3092//3092
f 2964//2964 2965//2965 3094//3094
f 2964//2964 3094//3094 3093//3093
f 2965//2965 2966//2966 3095//3095
f 2965//2965 3095//3095 3094//3094
f 2966//2966 2967//2967 3096//3096
f 2966//2966 3096//3096 3095//3095
f 2968//2968 2969//2969 3098//3098
f 2968//2968 3098//3098 3097//3097
f 2969//2969 2970//2970 3099//3099
f 2969//2969 3099//3099 3098//3098
f 2970//2970 2971//2971 3100//3100
f 2970//2970 3100//3100 3099//3099
f 2971//2971 2972//2972 3101//3101
f 2971//2971 3101//3101 3100//3100
f 2972//2972 2973//2973 3102//3102
f 2972//2972 3102//3102 3101//3101
f 2973//2973 2974//2974 3103//3103
f 2973//2973 3103//3103 3102//3102
f 2974//2974 2975//2975 3104//3104
f 2974//2974 3104//3104 3103//3103
f 2975//2975 2976//2976 3105//3105
f 2975//2975 3105//3105 3104//3104
f 2976//2976 2977//2977 3106//3106
f 2976//2976 3106//3106 3105//3105
f 2977//2977 2978//2978 3107//3107
f 2977//2977 3107//3107 3106//3106
f 2978//2978 2979//2979 3108//3108
f 2978//2978 3108//3108 3107//3107
f 2979//2979 2980//2980 3109//3109
f 2979//2979 3109//3109 3108//3108
f 2980//2980 2981//2981 3110//3110
f 2980//2980 3110//3110 3109//3109
f 2981//2981 2982//2982 3111//3111
f 2981//2981 3111//3111 3110//3110
f 2982//2982 2983//2983 3112//3112
f 2982//2982 3112//3112 3111//3111
f 2983//2983 2984//2984 3113//3113
f 2983//2983 3113//3113 3112//3112
f 2984//2984 2985//2985 3114//3114
f 2984//2984 3114//3114 3113//3113
f 2985//2985 2986//2986 3115//3115
f 2985//2985 3115//3115 3114//3114
f 2986//2986 2987//2987 3116//3116
f 2986//2986 3116//3116 3115//3115
f 2987//2987 2988//2988 3117//3117
f 2987//2987 3117//3117 3116//3116
f 2988//2988 2989//2989 3118//3118
f 2988//2988 3118//3118 3117//3117
f 2989//2989 2990//2990 3119//3119
f 2989//2989 3119//3119 3118//3118
f 2990//2990 2991//2991 3120//3120
f 2990//2990 3120//3120 3119//3119
f 2991//2991 2992//2992 3121//3121
f 2991//2991 3121//3121 3120//3120
f 2992//2992 2993//2993 3122//3122
f 2992//2992 3122//3122 3121//3121
f 2993//2993 2994//2994 3123//3123
f 2993//2993 3123//3123 3122//3122
f 2994//2994 2995//2995 3124//3124
f 2994//2994 3124//3124 3123//3123
f 2995//2995 2996//2996 3125//3125
f 2995//2995 3125//3125 3124//3124
f 2996//2996 2997//2997 3126//3126
f 2996//2996 3126//3126 3125//3125
f 2997//2997 2998//2998 3127//3127
f 2997//2997 3127//3127 3126//3126
f 2998//2998 2999//2999 3128//3128
f 2998//2998 3128//3128 3127//3127
f 2999//2999 3000//3000 3129//3129
f 2999//2999 3129//3129 3128//3128
f 3000//3000 3001//3001 3130//3130
f 3000//3000 3130//3130 3129//3129
f 3001//3001 3002//3002 3131//3131
f 3001//3001 3131//3131 3130//3130
f 3002//3002 3003//3003 3132//3132
f 3002//3002 3132//3132 3131//3131
f 3003//3003 3004//3004 3133//3133
f 3003//3003 3133//3133 3132//3132
f 3004//3004 3005//3005 3134//3134
f 3004//3004 3134//3134 3133//3133
f 3005//3005 3006//3006 3135//3135
f 3005//3005 3135//3135 3134//3134
f 3006//3006 3007//3007 3136//3136
f 3006//3006 3136//3136 3135//3135
f 3007//3007 3008//3008 3137//3137
f 3007//3007 3137//3137 3136//3136
f 3008//3008 3009//3009 3138//3138
f 3008//3008 3138//3138 3137//3137
f 3009//3009 3010//3010 3139//3139
f 3009//3009 3139//3139 3138//3138
f 3010//3010 3011//3011 3140//3140
f 3010//3010 3140//3140 3139//3139
f 3011//3011 3012//3012 3141//3141
f 3011//3011 3141//3141 3140//3140
f 3012//3012 3013//3013 3142//3142
f 3012//3012 3142//3142 3141//3141
f 3013//3013 3014//3014 3143//3143
f 3013//3013 3143//3143 3142//3142
f 3014//3014 3015//3015 3144//3144
f 3014//3014 3144//3144 3143//3143
f 3015//3015 3016//3016 3145//3145
f 3015//3015 3145//3145 3144//3144
f 3016//3016 3017//3017 3146//3146
f 3016//3016 3146//3146 3145//3145
f 3017//3017 3018//3018 3147//3147
f 3017//3017 3147//3147 3146//3146
f 3018//3018 3019//3019 3148//3148
f 3018//3018 3148//3148 3147//3147
f 3019//3019 3020//3020 3149//3149
f 3019//3019 3149//3149 3148//3148
f 3020//3020 3021//3021 3150//3150
f 3020//3020 3150//3150 3149//3149
f 3021//3021 3022//3022 3151//3151
f 3021//3021 3151//3151 3150//3150
f 3022//3022 3023//3023 3152//3152
f 3022//3022 3152//3152 3151//3151
f 3023//3023 3024//3024 3153//3153
f 3023//3023 3153//3153 3152//3152
f 3024//3024 3025//3025 3154//3154
f 3024//3024 3154//3154 3153//3153
f 3025//3025 3026//3026 3155//3155
f 3025//3025 3155//3155 3154//3154
f 3026//3026 3027//3027 3156//3156
f 3026//3026 3156//3156 3155//3155
f 3027//3027 3028//3028 3157//3157
f 3027//3027 3157//3157 3156//3156
f 3028//3028 3029//3029 3158//3158
f 3028//3028 3158//3158 3157//3157
f 3029//3029 3030//3030 3159//3159
f 3029//3029 3159//3159 3158//3158
f 3030//3030 3031//3031 3160//3160
f 3030//3030 3160//3160 3159//3159
f 3031//3031 3032//3032 3161//3161
f 3031//3031 3161//3161 3160//3160
f 3032//3032 3033//3033 3162//3162
f 3032//3032 3162//3162 3161//3161
f 3033//3033 3034//3034 3163//3163
f 3033//3033 3163//3163 3162//3162
f 3034//3034 3035//3035 3164//3164
f 3034//3034 3164//3164 3163//3163
f 3035//3035 3036//3036 3165//3165
f 3035//3035 3165//3165 3164//3164
f 3036//3036 3037//3037 3166//3166
f 3036//3036 3166//3166 3165//3165
f 3037//3037 3038//3038 3167//3167
f 3037//3037 3167//3167 3166//3166
f 3038//3038 3039//3039 3168//3168
f 3038//3038 3168//3168 3167//3167
f 3039//3039 3040//3040 3169//3169
f 3039//3039 3169//3169 3168//3168
f 3040//3040 3041//3041 3170//3170
f 3040//3040 3170//3170 3169//3169
f 3041//3041 3042//3042 3171//3171
f 3041//3041 3171//3171 3170//3170
f 3042//3042 3043//3043 3172//3172
f 3042//3042 3172//3172 3171//3171
f 3043//3043 3044//3044 3173//3173
f 3043//3043 3173//3173 3172//3172
f 3044//3044 3045//3045 3174//3174
f 3044//3044 3174//3174 3173//3173
f 3045//3045 3046//3046 3175//3175
f 3045//3045 3175//3175 3174//3174
f 3046//3046 3047//3047 3176//3176
f 3046//3046 3176//3176 3175//3175
f 3047//3047 3048//3048 3177//3177
f 3047//3047 3177//3177 3176//3176
f 3048//3048 3049//3049 3178//3178
f 3048//3048 3178//3178 3177//3177
f 3049//3049 3050//3050 3179//3179
f 3049//3049 3179//3179 3178//3178
f 3050//3050 3051//3051 3180//3180
f 3050//3050 3180//3180 3179//3179
f 3051//3051 3052//3052 3181//3181
f 3051//3051 3181//3181 3180//3180
f 3052//3052 3053//3053 3182//3182
f 3052//3052 3182//3182 3181//3181
f 3053//3053 3054//3054 3183//3183
f 3053//3053 3183//3183 3182//3182
f 3054//3054 3055//3055 3184//3184
f 3054//3054 3184//3184 3183//3183
f 3055//3055 3056//3056 3185//3185
f 3055//3055 3185//3185 3184//3184
f 3056//3056 3057//3057 3186//3186
f 3056//3056 3186//3186 3185//3185
f 3057//3057 3058//3058 3187//3187
f 3057//3057 3187//3187 3186//3186
f 3058//3058 3059//3059 3188//3188
f 3058//3058 3188//3188 3187//3187
f 3059//3059 3060//3060 3189//3189
f 3059//3059 3189//3189 3188//3188
f 3060//3060 3061//3061 3190//3190
f 3060//3060 3190//3190 3189//3189
f 3061//3061 3062//3062 3191//3191
f 3061//3061 3191//3191 3190//3190
f 3062//3062 3063//3063 3192//3192
f 3062//3062 3192//3192 3191//3191
f 3063//3063 3064//3064 3193//3193
f 3063//3063 3193//3193 3192//3192
f 3064//3064 3065//3065 3194//3194
f 3064//3064 3194//3194 3193//3193
f 3065//3065 3066//3066 3195//3195
f 3065//3065 3195//3195 3194//3194
f 3066//3066 3067//3067 3196//3196
f 3066//3066 3196//3196 3195//3195
f 3067//3067 3068//3068 3197//3197
f 3067//3067 3197//3197 3196//3196
f 3068//3068 3069//3069 3198//3198
f 3068//3068 3198//3198 3197//3197
f 3069//3069 3070//3070 3199//3199
f 3069//3069 3199//3199 3198//3198
f 3070//3070 3071//3071 3200//3200
f 3070//3070 3200//3200 3199//3199
f 3071//3071 3072//3072 3201//3201
f 3071//3071 3201//3201 3200//3200
f 3072//3072 3073//3073 3202//3202
f 3072//3072 3202//3202 3201//3201
f 3073//3073 3074//3074 3203//3203
f 3073//3073 3203//3203 3202//3202
f 3074//3074 3075//3075 3204//3204
f 3074//3074 3204//3204 3203//3203
f 3075//3075 3076//3076 3205//3205
f 3075//3075 3205//3205 3204//3204
f 3076//3076 3077//3077 3206//3206
f 3076//3076 3206//3206 3205//3205
f 3077//3077 3078//3078 3207//3207
f 3077//3077 3207//3207 3206//3206
f 3078//3078 3079//3079 3208//3208
f 3078//3078 3208//3208 3207//3207
f 3079//3079 3080//3080 3209//3209
f 3079//3079 3209//3209 3208//3208
f 3080//3080 3081//3081 3210//3210
f 3080//3080 3210//3210 3209//3209
f 3081//3081 3082//3082 3211//3211
f 3081//3081 3211//3211 3210//3210
f 3082//3082 3083//3083 3212//3212
f 3082//3082 3212//3212 3211//3211
f 3083//3083 3084//3084 3213//3213
f 3083//3083 3213//3213 3212//3212
f 3084//3084 3085//3085 3214//3214
f 3084//3084 3214//3214 3213//3213
f 3085//3085 3086//3086 3215//3215
f 3085//3085 3215//3215 3214//3214
f 3086//3086 3087//3087 3216//3216
f 3086//3086 3216//3216 3215//3215
f 3087//3087 3088//3088 3217//3217
f 3087//3087 3217//3217 3216//3216
f 3088//3088 3089//3089 3218//3218
f 3088//3088 3218//3218 3217//3217
f 3089//3089 3090//3090 3219//3219
f 3089//3089 3219//3219 3218//3218
f 3090//3090 3091//3091 3220//3220
f 3090//3090 3220//3220 3219//3219
f 3091//3091 3092//3092 3221//3221
f 3091//3091 3221//3221 3220//3220
f 3092//3092 3093//3093 3222//3222
f 3092//3092 3222//3222 3221//3221
f 3093//3093 3094//3094 3223//3223
f 3093//3093 3223//3223 3222//3222
f 3094//3094 3095//3095 3224//3224
f 3094//3094 3224//3224 3223//3223
f 3095//3095 3096//3096 3225//3225
f 3095//3095 3225//3225 3224//3224
f 3097//3097 3098//3098 3227//3227
f 3097//3097 3227//3227 3226//3226
f 3098//3098 3099//3099 3228//3228
f 3098//3098 3228//3228 3227//3227
f 3099//3099 3100//3100 3229//3229
f 3099//3099 3229//3229 3228//3228
f 3100//3100 3101//3101 3230//3230
f 3100//3100 3230//3230 3229//3229
f 3101//3101 3102//3102 3231//3231
f 3101//3101 3231//3231 3230//3230
f 3102//3102 3103//3103 3232//3232
f 3102//3102 3232//3232 3231//3231
f 3103//3103 3104//3104 3233//3233
f 3103//3103 3233//3233 3232//3232
f 3104//3104 3105//3105 3234//3234
f 3104//3104 3234//3234 3233//3233
f 3105//3105 3106//3106 3235//3235
f 3105//3105 3235//3235 3234//3234
f 3106//3106 3107//3107 3236//3236
f 3106//3106 3236//3236 3235//3235
f 3107//3107 3108//3108 3237//3237
f 3107//3107 3237//3237 3236//3236
f 3108//3108 3109//3109 3238//3238
f 3108//3108 3238//3238 3237//3237
f 3109//3109 3110//3110 3239//3239
f 3109//3109 3239//3239 3238//3238
f 3110//3110 3111//3111 3240//3240
f 3110//3110 3240//3240 3239//3239
f 3111//3111 3112//3112 3241//3241
f 3111//3111 3241//3241 3240//3240
f 3112//3112 3113//3113 3242//3242
f 3112//3112 3242//3242 3241//3241
f 3113//3113 3114//3114 3243//3243
f 3113//3113 3243//3243 3242//3242
f 3114//3114 3115//3115 3244//3244
f 3114//3114 3244//3244 3243//3243
f 3115//3115 3116//3116 3245//3245
f 3115//3115 3245//3245 3244//3244
f 3116//3116 3117//3117 3246//3246
f 3116//3116 3246//3246 3245//3245
f 3117//3117 3118//3118 3247//3247
f 3117//3117 3247//3247 3246//3246
f 3118//3118 3119//3119 3248//3248
f 3118//3118 3248//3248 3247//3247
f 3119//3119 3120//3120 3249//3249
f 3119//3119 3249//3249 3248//3248
f 3120//3120 3121//3121 3250//3250
f 3120//3120 3250//3250 3249//3249
f 3121//3121 3122//3122 3251//3251
f 3121//3121 3251//3251 3250//3250
f 3122//3122 3123//3123 3252//3252
f 3122//3122 3252//3252 3251//3251
f 3123//3123 3124//3124 3253//3253
f 3123//3123 3253//3253 3252//3252
f 3124//3124 3125//3125 3254//3254
f 3124//3124 3254//3254 3253//3253
f 3125//3125 3126//3126 3255//3255
f 3125//3125 3255//3255 3254//3254
f 3126//3126 3127//3127 3256//3256
f 3126//3126 3256//3256 3255//3255
f 3127//3127 3128//3128 3257//3257
f 3127//3127 3257//3257 3256//3256
f 3128//3128 3129//3129 3258//3258
f 3128//3128 3258//3258 3257//3257
f 3129//3129 3130//3130 3259//3259
f 3129//3129 3259//3259 3258//3258
f 3130//3130 3131//3131 3260//3260
f 3130//3130 3260//3260 3259//3259
f 3131//3131 3132//3132 3261//3261
f 3131//3131 3261//3261 3260//3260
f 3132//3132 3133//3133 3262//3262
f 3132//3132 3262//3262 3261//3261
f 3133//3133 3134//3134 3263//3263
f 3133//3133 3263//3263 3262//3262
f 3134//3134 3135//3135 3264//3264
f 3134//3134 3264//3264 3263//3263
f 3135//3135 3136//3136 3265//3265
f 3135//3135 3265//3265 3264//3264
f 3136//3136 3137//3137 3266//3266
f 3136//3136 3266//3266 3265//3265
f 3137//3137 3138//3138 3267//3267
f 3137//3137 3267//3267 3266//3266
f 3138//3138 3139//3139 3268//3268
f 3138//3138 3268//3268 3267//3267
f 3139//3139 3140//3140 3269//3269
f 3139//3139 3269//3269 3268//3268
f 3140//3140 3141//3141 3270//3270
f 3140//3140 3270//3270 3269//3269
f 3141//3141 3142//3142 3271//3271
f 3141//3141 3271//3271 3270//3270
f 3142//3142 3143//3143 3272//3272
f 3142//3142 3272//3272 3271//3271
f 3143//3143 3144//3144 3273//3273
f 3143//3143 3273//3273 3272//3272
f 3144//3144 3145//3145 3274//3274
f 3144//3144 3274//3274 3273//3273
f 3145//3145 3146//3146 3275//3275
f 3145//3145 3275//3275 3274//3274
f 3146//3146 3147//3147 3276//3276
f 3146//3146 3276//3276 3275//3275
f 3147//3147 3148//3148 3277//3277
f 3147//3147 3277//3277 3276//3276
f 3148//3148 3149//3149 3278//3278
f 3148//3148 3278//3278 3277//3277
f 3149//3149 3150//3150 3279//3279
f 3149//3149 3279//3279 3278//3278
f 3150//3150 3151//3151 3280//3280
f 3150//3150 3280//3280 3279//3279
f 3151//3151 3152//3152 3281//3281
f 3151//3151 3281//3281 3280//3280
f 3152//3152 3153//3153 3282//3282
f 3152//3152 3282//3282 3281//3281
f 3153//3153 3154//3154 3283//3283
f 3153//3153 3283//3283 3282//3282
f 3154//3154 3155//3155 3284//3284
f 3154//3154 3284//3284 3283//3283
f 3155//3155 3156//3156 3285//3285
f 3155//3155 3285//3285 3284//3284
f 3156//3156 3157//3157 3286//3286
f 3156//3156 3286//3286 3285//3285
f 3157//3157 3158//3158 3287//3287
f 3157//3157 3287//3287 3286//3286
f 3158//3158 3159//3159 3288//3288
f 3158//3158 3288//3288 3287//3287
f 3159//3159 3160//3160 3289//3289
f 3159//3159 3289//3289 3288//3288
f 3160//3160 3161//3161 3290//3290
f 3160//3160 3290//3290 3289//3289
f 3161//3161 3162//3162 3291//3291
f 3161//3161 3291//3291 3290//3290
f 3162//3162 3163//3163 3292//3292
f 3162//3162 3292//3292 3291//3291
f 3163//3163 3164//3164 3293//3293
f 3163//3163 3293//3293 3292//3292
f 3164//3164 3165//3165 3294//3294
f 3164//3164 3294//3294 3293//3293
f 3165//3165 3166//3166 3295//3295
f 3165//3165 3295//3295 3294//3294
f 3166//3166 3167//3167 3296//3296
f 3166//3166 3296//3296 3295//3295
f 3167//3167 3168//3168 3297//3297
f 3167//3167 3297//3297 3296//3296
f 3168//3168 3169//3169 3298//3298
f 3168//3168 3298//3298 3297//3297
f 3169//3169 3170//3170 3299//3299
f 3169//3169 3299//3299 3298//3298
f 3170//3170 3171//3171 3300//3300
f 3170//3170 3300//3300 3299//3299
f 3171//3171 3172//3172 3301//3301
f 3171//3171 3301//3301 3300//3300
f 3172//3172 3173//3173 3302//3302
f 3172//3172 3302//3302 3301//3301
f 3173//3173 3174//3174 3303//3303
f 3173//3173 3303//3303 3302//3302
f 3174//3174 3175//3175 3304//3304
f 3174//3174 3304//3304 3303//3303
f 3175//3175 3176//3176 3305//3305
f 3175//3175 3305//3305 3304//3304
f 3176//3176 3177//3177 3306//3306
f 3176//3176 3306//3306 3305//3305
f 3177//3177 3178//3178 3307//3307
f 3177//3177 3307//3307 3306//3306
f 3178//3178 3179//3179 3308//3308
f 3178//3178 3308//3308 3307//3307
f 3179//3179 3180//3180 3309//3309
f 3179//3179 3309//3309 3308//3308
f 3180//3180 3181//3181 3310//3310
f 3180//3180 3310//3310 3309//3309
f 3181//3181 3182//3182 3311//3311
f 3181//3181 3311//3311 3310//3310
f 3182//3182 3183//3183 3312//3312
f 3182//3182 3312//3312 3311//3311
f 3183//3183 3184//3184 3313//3313
f 3183//3183 3313//3313 3312//3312
f 3184//3184 3185//3185 3314//3314
f 3184//3184 3314//3314 3313//3313
f 3185//3185 3186//3186 3315//3315
f 3185//3185 3315//3315 3314//3314
f 3186//3186 3187//3187 3316//3316
f 3186//3186 3316//3316 3315//3315
f 3187//3187 3188//3188 3317//3317
f 3187//3187 3317//3317 3316//3316
f 3188//3188 3189//3189 3318//3318
f 3188//3188 3318//3318 3317//3317
f 3189//3189 3190//3190 3319//3319
f 3189//3189 3319//3319 3318//3318
f 3190//3190 3191//3191 3320//3320
f 3190//3190 3320//3320 3319//3319
f 3191//3191 3192//3192 3321//3321
f 3191//3191 3321//3321 3320//3320
f 3192//3192 3193//3193 3322//3322
f 3192//3192 3322//3322 3321//3321
f 3193//3193 3194//3194 3323//3323
f 3193//3193 3323//3323 3322//3322
f 3194//3194 3195//3195 3324//3324
f 3194//3194 3324//3324 3323//3323
f 3195//3195 3196//3196 3325//3325
f 3195//3195 3325//3325 3324//3324
f 3196//3196 3197//3197 3326//3326
f 3196//3196 3326//3326 3325//3325
f 3197//3197 3198//3198 3327//3327
f 3197//3197 3327//3327 3326//3326
f 3198//3198 3199//3199 3328//3328
f 3198//3198 3328//3328 3327//3327
f 3199//3199 3200//3200 3329//3329
f 3199//3199 3329//3329 3328//3328
f 3200//3200 3201//3201 3330//3330
f 3200//3200 3330//3330 3329//3329
f 3201//3201 3202//3202 3331//3331
f 3201//3201 3331//3331 3330//3330
f 3202//3202 3203//3203 3332//3332
f 3202//3202 3332//3332 3331//3331
f 3203//3203 3204//3204 3333//3333
f 3203//3203 3333//3333 3332//3332
f 3204//3204 3205//3205 3334//3334
f 3204//3204 3334//3334 3333//3333
f 3205//3205 3206//3206 3335//3335
f 3205//3205 3335//3335 3334//3334
f 3206//3206 3207//3207 3336//3336
f 3206//3206 3336//3336 3335//3335
f 3207//3207 3208//3208 3337//3337
f 3207//3207 3337//3337 3336//3336
f 3208//3208 3209//3209 3338//3338
f 3208//3208 3338//3338 3337//3337
f 3209//3209 3210//3210 3339//3339
f 3209//3209 3339//3339 3338//3338
f 3210//3210 3211//3211 3340//3340
f 3210//3210 3340//3340 3339//3339
f 3211//3211 3212//3212 3341//3341
f 3211//3211 3341//3341 3340//3340
f 3212//3212 3213//3213 3342//3342
f 3212//3212 3342//3342 3341//3341
f 3213//3213 3214//3214 3343//3343
f 3213//3213 3343//3343 3342//3342
f 3214//3214 3215//3215 3344//3344
f 3214//3214 3344//3344 3343//3343
f 3215//3215 3216//3216 3345//3345
f 3215//3215 3345//3345 3344//3344
f 3216//3216 3217//3217 3346//3346
f 3216//3216 3346//3346 3345//3345
f 3217//3217 3218//3218 3347//3347
f 3217//3217 3347//3347 3346//3346
f 3218//3218 3219//3219 3348//3348
f 3218//3218 3348//3348 3347//3347
f 3219//3219 3220//3220 3349//3349
f 3219//3219 3349//3349 3348//3348
f 3220//3220 3221//3221 3350//3350
f 3220//3220 3350//3350 3349//3349
f 3221//3221 3222//3222 3351//3351
f 3221//3221 3351//3351 3350//3350
f 3222//3222 3223//3223 3352//3352
f 3222//3222 3352//3352 3351//3351
f 3223//3223 3224//3224 3353//3353
f 3223//3223 3353//3353 3352//3352
f 3224//3224 3225//3225 3354//3354
f 3224//3224 3354//3354 3353//3353
f 3226//3226 3227//3227 3356//3356
f 3226//3226 3356//3356 3355//3355
f 3227//3227 3228//3228 3357//3357
f 3227//3227 3357//3357 3356//3356
f 3228//3228 3229//3229 3358//3358
f 3228//3228 3358//3358 3357//3357
f 3229//3229 3230//3230 3359//3359
f 3229//3229 3359//3359 3358//3358
f 3230//3230 3231//3231 3360//3360
f 3230//3230 3360//3360 3359//3359
f 3231//3231 3232//3232 3361//3361
f 3231//3231 3361//3361 3360//3360
f 3232//3232 3233//3233 3362//3362
f 3232//3232 3362//3362 3361//3361
f 3233//3233 3234//3234 3363//3363
f 3233//3233 3363//3363 3362//3362
f 3234//3234 3235//3235 3364//3364
f 3234//3234 3364//3364 3363//3363
f 3235//3235 3236//3236 3365//3365
f 3235//3235 3365//3365 3364//3364
f 3236//3236 3237//3237 3366//3366
f 3236//3236 3366//3366 3365//3365
f 3237//3237 3238//3238 3367//3367
f 3237//3237 3367//3367 3366//3366
f 3238//3238 3239//3239 3368//3368
f 3238//3238 3368//3368 3367//3367
f 3239//3239 3240//3240 3369//3369
f 3239//3239 3369//3369 3368//3368
f 3240//3240 3241//3241 3370//3370
f 3240//3240 3370//3370 3369//3369
f 3241//3241 3242//3242 3371//3371
f 3241//3241 3371//3371 3370//3370
f 3242//3242 3243//3243 3372//3372
f 3242//3242 3372//3372 3371//3371
f 3243//3243 3244//3244 3373//3373
f 3243//3243 3373//3373 3372//3372
f 3244//3244 3245//3245 3374//3374
f 3244//3244 3374//3374 3373//3373
f 3245//3245 3246//3246 3375//3375
f 3245//3245 3375//3375 3374//3374
f 3246//3246 3247//3247 3376//3376
f 3246//3246 3376//3376 3375//3375
f 3247//3247 3248//3248 3377//3377
f 3247//3247 3377//3377 3376//3376
f 3248//3248 3249//3249 3378//3378
f 3248//3248 3378//3378 3377//3377
f 3249//3249 3250//3250 3379//3379
f 3249//3249 3379//3379 3378//3378
f 3250//3250 3251//3251 3380//3380
f 3250//3250 3380//3380 3379//3379
f 3251//3251 3252//3252 3381//3381
f 3251//3251 3381//3381 3380//3380
f 3252//3252 3253//3253 3382//3382
f 3252//3252 3382//3382 3381//3381
f 3253//3253 3254//3254 3383//3383
f 3253//3253 3383//3383 3382//3382
f 3254//3254 3255//3255 3384//3384
f 3254//3254 3384//3384 3383//3383
f 3255//3255 3256//3256 3385//3385
f 3255//3255 3385//3385 3384//3384
f 3256//3256 3257//3257 3386//3386
f 3256//3256 3386//3386 3385//3385
f 3257//3257 3258//3258 3387//3387
f 3257//3257 3387//3387 3386//3386
f 3258//3258 3259//3259 3388//3388
f 3258//3258 3388//3388 3387//3387
f 3259//3259 3260//3260 3389//3389
f 3259//3259 3389//3389 3388//3388
f 3260//3260 3261//3261 3390//3390
f 3260//3260 3390//3390 3389//3389
f 3261//3261 3262//3262 3391//3391
f 3261//3261 3391//3391 3390//3390
f 3262//3262 3263//3263 3392//3392
f 3262//3262 3392//3392 3391//3391
f 3263//3263 3264//3264 3393//3393
f 3263//3263 3393//3393 3392//3392
f 3264//3264 3265//3265 3394//3394
f 3264//3264 3394//3394 3393//3393
f 3265//3265 3266//3266 3395//3395
f 3265//3265 3395//3395 3394//3394
f 3266//3266 3267//3267 3396//3396
f 3266//3266 3396//3396 3395//3395
f 3267//3267 3268//3268 3397//3397
f 3267//3267 3397//3397 3396//3396
f 3268//3268 3269//3269 3398//3398
f 3268//3268 3398//3398 3397//3397
f 3269//3269 3270//3270 3399//3399
f 3269//3269 3399//3399 3398//3398
f 3270//3270 3271//3271 3400//3400
f 3270//3270 3400//3400 3399//3399
f 3271//3271 3272//3272 3401//3401
f 3271//3271 3401//3401 3400//3400
f 3272//3272 3273//3273 3402//3402
f 3272//3272 3402//3402 3401//3401
f 3273//3273 3274//3274 3403//3403
f 3273//3273 3403//3403 3402//3402
f 3274//3274 3275//3275 3404//3404
f 3274//3274 3404//3404 3403//3403
f 3275//3275 3276//3276 3405//3405
f 3275//3275 3405//3405 3404//3404
f 3276//3276 3277//3277 3406//3406
f 3276//3276 3406//3406 3405//3405
f 3277//3277 3278//3278 3407//3407
f 3277//3277 3407//3407 3406//3406
f 3278//3278 3279//3279 3408//3408
f 3278//3278 3408//3408 3407//3407
f 3279//3279 3280//3280 3409//3409
f 3279//3279 3409//3409 3408//3408
f 3280//3280 3281//3281 3410//3410
f 3280//3280 3410//3410 3409//3409
f 3281//3281 3282//3282 3411//3411
f 3281//3281 3411//3411 3410//3410
f 3282//3282 3283//3283 3412//3412
f 3282//3282 3412//3412 3411//3411
f 3283//3283 3284//3284 3413//3413
f 3283//3283 3413//3413 3412//3412
f 3284//3284 3285//3285 3414//3414
f 3284//3284 3414//3414 3413//3413
f 3285//3285 3286//3286 3415//3415
f 3285//3285 3415//3415 3414//3414
f 3286//3286 3287//3287 3416//3416
f 3286//3286 3416//3416 3415//3415
f 3287//3287 3288//3288 3417//3417
f 3287//3287 3417//3417 3416//3416
f 3288//3288 3289//3289 3418//3418
f 3288//3288 3418//3418 3417//3417
f 3289//3289 3290//3290 3419//3419
f 3289//3289 3419//3419 3418//3418
f 3290//3290 3291//3291 3420//3420
f 3290//3290 3420//3420 3419//3419
f 3291//3291 3292//3292 3421//3421
f 3291//3291 3421//3421 3420//3420
f 3292//3292 3293//3293 3422//3422
f 3292//3292 3422//3422 3421//3421
f 3293//3293 3294//3294 3423//3423
f 3293//3293 3423//3423 3422//3422
f 3294//3294 3295//3295 3424//3424
f 3294//3294 3424//3424 3423//3423
f 3295//3295 3296//3296 3425//3425
f 3295//3295 3425//3425 3424//3424
f 3296//3296 3297//3297 3426//3426
f 3296//3296 3426//3426 3425//3425
f 3297//3297 3298//3298 3427//3427
f 3297//3297 3427//3427 3426//3426
f 3298//3298 3299//3299 3428//3428
f 3298//3298 3428//3428 3427//3427
f 3299//3299 3300//3300 3429//3429
f 3299//3299 3429//3429 3428//3428
f 3300//3300 3301//3301 3430//3430
f 3300//3300 3430//3430 3429//3429
f 3301//3301 3302//3302 3431//3431
f 3301//3301 3431//3431 3430//3430
f 3302//3302 3303//3303 3432//3432
f 3302//3302 3432//3432 3431//3431
f 3303//3303 3304//3304 3433//3433
f 3303//3303 3433//3433 3432//3432
f 3304//3304 3305//3305 3434//3434
f 3304//3304 3434//3434 3433//3433
f 3305//3305 3306//3306 3435//3435
f 3305//3305 3435//3435 3434//3434
f 3306//3306 3307//3307 3436//3436
f 3306//3306 3436//3436 3435//3435
f 3307//3307 3308//3308 3437//3437
f 3307//3307 3437//3437 3436//3436
f 3308//3308 3309//3309 3438//3438
f 3308//3308 3438//3438 3437//3437
f 3309//3309 3310//3310 3439//3439
f 3309//3309 3439//3439 3438//3438
f 3310//3310 3311//3311 3440//3440
f 3310//3310 3440//3440 3439//3439
f 3311//3311 3312//3312 3441//3441
f 3311//3311 3441//3441 3440//3440
f 3312//3312 3313//3313 3442//3442
f 3312//3312 3442//3442 3441//3441
f 3313//3313 3314//3314 3443//3443
f 3313//3313 3443//3443 3442//3442
f 3314//3314 3315//3315 3444//3444
f 3314//3314 3444//3444 3443//3443
f 3315//3315 3316//3316 3445//3445
f 3315//3315 3445//3445 3444//3444
f 3316//3316 3317//3317 3446//3446
f 3316//3316 3446//3446 3445//3445
f 3317//3317 3318//3318 3447//3447
f 3317//3317 3447//3447 3446//3446
f 3318//3318 3319//3319 3448//3448
f 3318//3318 3448//3448 3447//3447
f 3319//3319 3320//3320 3449//3449
f 3319//3319 3449//3449 3448//3448
f 3320//3320 3321//3321 3450//3450
f 3320//3320 3450//3450 3449//3449
f 3321//3321 3322//3322 3451//3451
f 3321//3321 3451//3451 3450//3450
f 3322//3322 3323//3323 3452//3452
f 3322//3322 3452//3452 3451//3451
f 3323//3323 3324//3324 3453//3453
f 3323//3323 3453//3453 3452//3452
f 3324//3324 3325//3325 3454//3454
f 3324//3324 3454//3454 3453//3453
f 3325//3325 3326//3326 3455//3455
f 3325//3325 3455//3455 3454//3454
f 3326//3326 3327//3327 3456//3456
f 3326//3326 3456//3456 3455//3455
f 3327//3327 3328//3328 3457//3457
f 3327//3327 3457//3457 3456//3456
f 3328//3328 3329//3329 3458//3458
f 3328//3328 3458//3458 3457//3457
f 3329//3329 3330//3330 3459//3459
f 3329//3329 3459//3459 3458//3458
f 3330//3330 3331//3331 3460//3460
f 3330//3330 3460//3460 3459//3459
f 3331//3331 3332//3332 3461//3461
f 3331//3331 3461//3461 3460//3460
f 3332//3332 3333//3333 3462//3462
f 3332//3332 3462//3462 3461//3461
f 3333//3333 3334//3334 3463//3463
f 3333//3333 3463//3463 3462//3462
f 3334//3334 3335//3335 3464//3464
f 3334//3334 3464//3464 3463//3463
f 3335//3335 3336//3336 3465//3465
f 3335//3335 3465//3465 3464//3464
f 3336//3336 3337//3337 3466//3466
f 3336//3336 3466//3466 3465//3465
f 3337//3337 3338//3338 3467//3467
f 3337//3337 3467//3467 3466//3466
f 3338//3338 3339//3339 3468//3468
f 3338//3338 3468//3468 3467//3467
f 3339//3339 3340//3340 3469//3469
f 3339//3339 3469//3469 3468//3468
f 3340//3340 3341//3341 3470//3470
f 3340//3340 3470//3470 3469//3469
f 3341//3341 3342//3342 3471//3471
f 3341//3341 3471//3471 3470//3470
f 3342//3342 3343//3343 3472//3472
f 3342//3342 3472//3472 3471//3471
f 3343//3343 3344//3344 3473//3473
f 3343//3343 3473//3473 3472//3472
f 3344//3344 3345//3345 3474//3474
f 3344//3344 3474//3474 3473//3473
f 3345//3345 3346//3346 3475//3475
f 3345//3345 3475//3475 3474//3474
f 3346//3346 3347//3347 3476//3476
f 3346//3346 3476//3476 3475//3475
f 3347//3347 3348//3348 3477//3477
f 3347//3347 3477//3477 3476//3476
f 3348//3348 3349//3349 3478//3478
f 3348//3348 3478//3478 3477//3477
f 3349//3349 3350//3350 3479//3479
f 3349//3349 3479//3479 3478//3478
f 3350//3350 3351//3351 3480//3480
f 3350//3350 3480//3480 3479//3479
f 3351//3351 3352//3352 3481//3481
f 3351//3351 3481//3481 3480//3480
f 3352//3352 3353//3353 3482//3482
f 3352//3352 3482//3482 3481//3481
f 3353//3353 3354//3354 3483//3483
f 3353//3353 3483//3483 3482//3482
f 3355//3355 3356//3356 3485//3485
f 3355//3355 3485//3485 3484//3484
f 3356//3356 3357//3357 3486//3486
f 3356//3356 3486//3486 3485//3485
f 3357//3357 3358//3358 3487//3487
f 3357//3357 3487//3487 3486//3486
f 3358//3358 3359//3359 3488//3488
f 3358//3358 3488//3488 3487//3487
f 3359//3359 3360//3360 3489//3489
f 3359//3359 3489//3489 3488//3488
f 3360//3360 3361//3361 3490//3490
f 3360//3360 3490//3490 3489//3489
f 3361//3361 3362//3362 3491//3491
f 3361//3361 3491//3491 3490//3490
f 3362//3362 3363//3363 3492//3492
f 3362//3362 3492//3492 3491//3491
f 3363//3363 3364//3364 3493//3493
f 3363//3363 3493//3493 3492//3492
f 3364//3364 3365//3365 3494//3494
f 3364//3364 3494//3494 3493//3493
f 3365//3365 3366//3366 3495//3495
f 3365//3365 3495//3495 3494//3494
f 3366//3366 3367//3367 3496//3496
f 3366//3366 3496//3496 3495//3495
f 3367//3367 3368//3368 3497//3497
f 3367//3367 3497//3497 3496//3496
f 3368//3368 3369//3369 3498//3498
f 3368//3368 3498//3498 3497//3497
f 3369//3369 3370//3370 3499//3499
f 3369//3369 3499//3499 3498//3498
f 3370//3370 3371//3371 3500//3500
f 3370//3370 3500//3500 3499//3499
f 3371//3371 3372//3372 3501//3501
f 3371//3371 3501//3501 3500//3500
f 3372//3372 3373//3373 3502//3502
f 3372//3372 3502//3502 3501//3501
f 3373//3373 3374//3374 3503//3503
f 3373//3373 3503//3503 3502//3502
f 3374//3374 3375//3375 3504//3504
f 3374//3374 3504//3504 3503//3503
f 3375//3375 3376//3376 3505//3505
f 3375//3375 3505//3505 3504//3504
f 3376//3376 3377//3377 3506//3506
f 3376//3376 3506//3506 3505//3505
f 3377//3377 3378//3378 3507//3507
f 3377//3377 3507//3507 3506//3506
f 3378//3378 3379//3379 3508//3508
f 3378//3378 3508//3508 3507//3507
f 3379//3379 3380//3380 3509//3509
f 3379//3379 3509//3509 3508//3508
f 3380//3380 3381//3381 3510//3510
f 3380//3380 3510//3510 3509//3509
f 3381//3381 3382//3382 3511//3511
f 3381//3381 3511//3511 3510//3510
f 3382//3382 3383//3383 3512//3512
f 3382//3382 3512//3512 3511//3511
f 3383//3383 3384//3384 3513//3513
f 3383//3383 3513//3513 3512//3512
f 3384//3384 3385//3385 3514//3514
f 3384//3384 3514//3514 3513//3513
f 3385//3385 3386//3386 3515//3515
f 3385//3385 3515//3515 3514//3514
f 3386//3386 3387//3387 3516//3516
f 3386//3386 3516//3516 3515//3515
f 3387//3387 3388//3388 3517//3517
f 3387//3387 3517//3517 3516//3516
f 3388//3388 3389//3389 3518//3518
f 3388//3388 3518//3518 3517//3517
f 3389//3389 3390//3390 3519//3519
f 3389//3389 3519//3519 3518//3518
f 3390//3390 3391//3391 3520//3520
f 3390//3390 3520//3520 3519//3519
f 3391//3391 3392//3392 3521//3521
f 3391//3391 3521//3521 3520//3520
f 3392//3392 3393//3393 3522//3522
f 3392//3392 3522//3522 3521//3521
f 3393//3393 3394//3394 3523//3523
f 3393//3393 3523//3523 3522//3522
f 3394//3394 3395//3395 3524//3524
f 3394//3394 3524//3524 3523//3523
f 3395//3395 3396//3396 3525//3525
f 3395//3395 3525//3525 3524//3524
f 3396//3396 3397//3397 3526//3526
f 3396//3396 3526//3526 3525//3525
f 3397//3397 3398//3398 3527//3527
f 3397//3397 3527//3527 3526//3526
f 3398//3398 3399//3399 3528//3528
f 3398//3398 3528//3528 3527//3527
f 3399//3399 3400//3400 3529//3529
f 3399//3399 3529//3529 3528//3528
f 3400//3400 3401//3401 3530//3530
f 3400//3400 3530//3530 3529//3529
f 3401//3401 3402//3402 3531//3531
f 3401//3401 3531//3531 3530//3530
f 3402//3402 3403//3403 3532//3532
f 3402//3402 3532//3532 3531//3531
f 3403//3403 3404//3404 3533//3533
f 3403//3403 3533//3533 3532//3532
f 3404//3404 3405//3405 3534//3534
f 3404//3404 3534//3534 3533//3533
f 3405//3405 3406//3406 3535//3535
f 3405//3405 3535//3535 3534//3534
f 3406//3406 3407//3407 3536//3536
f 3406//3406 3536//3536 3535//3535
f 3407//3407 3408//3408 3537//3537
f 3407//3407 3537//3537 3536//3536
f 3408//3408 3409//3409 3538//3538
f 3408//3408 3538//3538 3537//3537
f 3409//3409 3410//3410 3539//3539
f 3409//3409 3539//3539 3538//3538
f 3410//3410 3411//3411 3540//3540
f 3410//3410 3540//3540 3539//3539
f 3411//3411 3412//3412 3541//3541
f 3411//3411 3541//3541 3540//3540
f 3412//3412 3413//3413 3542//3542
f 3412//3412 3542//3542 3541//3541
f 3413//3413 3414//3414 3543//3543
f 3413//3413 3543//3543 3542//3542
f 3414//3414 3415//3415 3544//3544
f 3414//3414 3544//3544 3543//3543
f 3415//3415 3416//3416 3545//3545
f 3415//3415 3545//3545 3544//3544
f 3416//3416 3417//3417 3546//3546
f 3416//3416 3546//3546 3545//3545
f 3417//3417 3418//3418 3547//3547
f 3417//3417 3547//3547 3546//3546
f 3418//3418 3419//3419 3548//3548
f 3418//3418 3548//3548 3547//3547
f 3419//3419 3420//3420 3549//3549
f 3419//3419 3549//3549 3548//3548
f 3420//3420 3421//3421 3550//3550
f 3420//3420 3550//3550 3549//3549
f 3421//3421 3422//3422 3551//3551
f 3421//3421 3551//3551 3550//3550
f 3422//3422 3423//3423 3552//3552
f 3422//3422 3552//3552 3551//3551
f 3423//3423 3424//3424 3553//3553
f 3423//3423 3553//3553 3552//3552
f 3424//3424 3425//3425 3554//3554
f 3424//3424 3554//3554 3553//3553
f 3425//3425 3426//3426 3555//3555
f 3425//3425 3555//3555 3554//3554
f 3426//3426 3427//3427 3556//3556
f 3426//3426 3556//3556 3555//3555
f 3427//3427 3428//3428 3557//3557
f 3427//3427 3557//3557 3556//3556
f 3428//3428 3429//3429 3558//3558
f 3428//3428 3558//3558 3557//3557
f 3429//3429 3430//3430 3559//3559
f 3429//3429 3559//3559 3558//3558
f 3430//3430 3431//3431 3560//3560
f 3430//3430 3560//3560 3559//3559
f 3431//3431 3432//3432 3561//3561
f 3431//3431 3561//3561 3560//3560
f 3432//3432 3433//3433 3562//3562
f 3432//3432 3562//3562 3561//3561
f 3433//3433 3434//3434 3563//3563
f 3433//3433 3563//3563 3562//3562
f 3434//3434 3435//3435 3564//3564
f 3434//3434 3564//3564 3563//3563
f 3435//3435 3436//3436 3565//3565
f 3435//3435 3565//3565 3564//3564
f 3436//3436 3437//3437 3566//3566
f 3436//3436 3566//3566 3565//3565
f 3437//3437 3438//3438 3567//3567
f 3437//3437 3567//3567 3566//3566
f 3438//3438 3439//3439 3568//3568
f 3438//3438 3568//3568 3567//3567
f 3439//3439 3440//3440 3569//3569
f 3439//3439 3569//3569 3568//3568
f 3440//3440 3441//3441 3570//3570
f 3440//3440 3570//3570 3569//3569
f 3441//3441 3442//3442 3571//3571
f 3441//3441 3571//3571 3570//3570
f 3442//3442 3443//3443 3572//3572
f 3442//3442 3572//3572 3571//3571
f 3443//3443 3444//3444 3573//3573
f 3443//3443 3573//3573 3572//3572
f 3444//3444 3445//3445 3574//3574
f 3444//3444 3574//3574 3573//3573
f 3445//3445 3446//3446 3575//3575
f 3445//3445 3575//3575 3574//3574
f 3446//3446 3447//3447 3576//3576
f 3446//3446 3576//3576 3575//3575
f 3447//3447 3448//3448 3577//3577
f 3447//3447 3577//3577 3576//3576
f 3448//3448 3449//3449 3578//3578
f 3448//3448 3578//3578 3577//3577
f 3449//3449 3450//3450 3579//3579
f 3449//3449 3579//3579 3578//3578
f 3450//3450 3451//3451 3580//3580
f 3450//3450 3580//3580 3579//3579
f 3451//3451 3452//3452 3581//3581
f 3451//3451 3581//3581 3580//3580
f 3452//3452 3453//3453 3582//3582
f 3452//3452 3582//3582 3581//3581
f 3453//3453 3454//3454 3583//3583
f 3453//3453 3583//3583 3582//3582
f 3454//3454 3455//3455 3584//3584
f 3454//3454 3584//3584 3583//3583
f 3455//3455 3456//3456 3585//3585
f 3455//3455 3585//3585 3584//3584
f 3456//3456 3457//3457 3586//3586
f 3456//3456 3586//3586 3585//3585
f 3457//3457 3458//3458 3587//3587
f 3457//3457 3587//3587 3586//3586
f 3458//3458 3459//3459 3588//3588
f 3458//3458 3588//3588 3587//3587
f 3459//3459 3460//3460 3589//3589
f 3459//3459 3589//3589 3588//3588
f 3460//3460 3461//3461 3590//3590
f 3460//3460 3590//3590 3589//3589
f 3461//3461 3462//3462 3591//3591
f 3461//3461 3591//3591 3590//3590
f 3462//3462 3463//3463 3592//3592
f 3462//3462 3592//3592 3591//3591
f 3463//3463 3464//3464 3593//3593
f 3463//3463 3593//3593 3592//3592
f 3464//3464 3465//3465 3594//3594
f 3464//3464 3594//3594 3593//3593
f 3465//3465 3466//3466 3595//3595
f 3465//3465 3595//3595 3594//3594
f 3466//3466 3467//3467 3596//3596
f 3466//3466 3596//3596 3595//3595
f 3467//3467 3468//3468 3597//3597
f 3467//3467 3597//3597 3596//3596
f 3468//3468 3469//3469 3598//3598
f 3468//3468 3598//3598 3597//3597
f 3469//3469 3470//3470 3599//3599
f 3469//3469 3599//3599 3598//3598
f 3470//3470 3471//3471 3600//3600
f 3470//3470 3600//3600 3599//3599
f 3471//3471 3472//3472 3601//3601
f 3471//3471 3601//3601 3600//3600
f 3472//3472 3473//3473 3602//3602
f 3472//3472 3602//3602 3601//3601
f 3473//3473 3474//3474 3603//3603
f 3473//3473 3603//3603 3602//3602
f 3474//3474 3475//3475 3604//3604
f 3474//3474 3604//3604 3603//3603
f 3475//3475 3476//3476 3605//3605
f 3475//3475 3605//3605 3604//3604
f 3476//3476 3477//3477 3606//3606
f 3476//3476 3606//3606 3605//3605
f 3477//3477 3478//3478 3607//3607
f 3477//3477 3607//3607 3606//3606
f 3478//3478 3479//3479 3608//3608
f 3478//3478 3608//3608 3607//3607
f 3479//3479 3480//3480 3609//3609
f 3479//3479 3609//3609 3608//3608
f 3480//3480 3481//3481 3610//3610
f 3480//3480 3610//3610 3609//3609
f 3481//3481 3482//3482 3611//3611
f 3481//3481 3611//3611 3610//3610
f 3482//3482 3483//3483 3612//3612
f 3482//3482 3612//3612 3611//3611
f 3484//3484 3485//3485 3614//3614
f 3484//3484 3614//3614 3613//3613
f 3485//3485 3486//3486 3615//3615
f 3485//3485 3615//3615 3614//3614
f 3486//3486 3487//3487 3616//3616
f 3486//3486 3616//3616 3615//3615
f 3487//3487 3488//3488 3617//3617
f 3487//3487 3617//3617 3616//3616
f 3488//3488 3489//3489 3618//3618
f 3488//3488 3618//3618 3617//3617
f 3489//3489 3490//3490 3619//3619
f 3489//3489 3619//3619 3618//3618
f 3490//3490 3491//3491 3620//3620
f 3490//3490 3620//3620 3619//3619
f 3491//3491 3492//3492 3621//3621
f 3491//3491 3621//3621 3620//3620
f 3492//3492 3493//3493 3622//3622
f 3492//3492 3622//3622 3621//3621
f 3493//3493 3494//3494 3623//3623
f 3493//3493 3623//3623 3622//3622
f 3494//3494 3495//3495 3624//3624
f 3494//3494 3624//3624 3623//3623
f 3495//3495 3496//3496 3625//3625
f 3495//3495 3625//3625 3624//3624
f 3496//3496 3497//3497 3626//3626
f 3496//3496 3626//3626 3625//3625
f 3497//3497 3498//3498 3627//3627
f 3497//3497 3627//3627 3626//3626
f 3498//3498 3499//3499 3628//3628
f 3498//3498 3628//3628 3627//3627
f 3499//3499 3500//3500 3629//3629
f 3499//3499 3629//3629 3628//3628
f 3500//3500 3501//3501 3630//3630
f 3500//3500 3630//3630 3629//3629
f 3501//3501 3502//3502 3631//3631
f 3501//3501 3631//3631 3630//3630
f 3502//3502 3503//3503 3632//3632
f 3502//3502 3632//3632 3631//3631
f 3503//3503 3504//3504 3633//3633
f 3503//3503 3633//3633 3632//3632
f 3504//3504 3505//3505 3634//3634
f 3504//3504 3634//3634 3633//3633
f 3505//3505 3506//3506 3635//3635
f 3505//3505 3635//3635 3634//3634
f 3506//3506 3507//3507 3636//3636
f 3506//3506 3636//3636 3635//3635
f 3507//3507 3508//3508 3637//3637
f 3507//3507 3637//3637 3636//3636
f 3508//3508 3509//3509 3638//3638
f 3508//3508 3638//3638 3637//3637
f 3509//3509 3510//3510 3639//3639
f 3509//3509 3639//3639 3638//3638
f 3510//3510 3511//3511 3640//3640
f 3510//3510 3640//3640 3639//3639
f 3511//3511 3512//3512 3641//3641
f 3511//3511 3641//3641 3640//3640
f 3512//3512 3513//3513 3642//3642
f 3512//3512 3642//3642 3641//3641
f 3513//3513 3514//3514 3643//3643
f 3513//3513 3643//3643 3642//3642
f 3514//3514 3515//3515 3644//3644
f 3514//3514 3644//3644 3643//3643
f 3515//3515 3516//3516 3645//3645
f 3515//3515 3645//3645 3644//3644
f 3516//3516 3517//3517 3646//3646
f 3516//3516 3646//3646 3645//3645
f 3517//3517 3518//3518 3647//3647
f 3517//3517 3647//3647 3646//3646
f 3518//3518 3519//3519 3648//3648
f 3518//3518 3648//3648 3647//3647
f 3519//3519 3520//3520 3649//3649
f 3519//3519 3649//3649 3648//3648
f 3520//3520 3521//3521 3650//3650
f 3520//3520 3650//3650 3649//3649
f 3521//3521 3522//3522 3651//3651
f 3521//3521 3651//3651 3650//3650
f 3522//3522 3523//3523 3652//3652
f 3522//3522 3652//3652 3651//3651
f 3523//3523 3524//3524 3653//3653
f 3523//3523 3653//3653 3652//3652
f 3524//3524 3525//3525 3654//3654
f 3524//3524 3654//3654 3653//3653
f 3525//3525 3526//3526 3655//3655
f 3525//3525 3655//3655 3654//3654
f 3526//3526 3527//3527 3656//3656
f 3526//3526 3656//3656 3655//3655
f 3527//3527 3528//3528 3657//3657
f 3527//3527 3657//3657 3656//3656
f 3528//3528 3529//3529 3658//3658
f 3528//3528 3658//3658 3657//3657
f 3529//3529 3530//3530 3659//3659
f 3529//3529 3659//3659 3658//3658
f 3530//3530 3531//3531 3660//3660
f 3530//3530 3660//3660 3659//3659
f 3531//3531 3532//3532 3661//3661
f 3531//3531 3661//3661 3660//3660
f 3532//3532 3533//3533 3662//3662
f 3532//3532 3662//3662 3661//3661
f 3533//3533 3534//3534 3663//3663
f 3533//3533 3663//3663 3662//3662
f 3534//3534 3535//3535 3664//3664
f 3534//3534 3664//3664 3663//3663
f 3535//3535 3536//3536 3665//3665
f 3535//3535 3665//3665 3664//3664
f 3536//3536 3537//3537 3666//3666
f 3536//3536 3666//3666 3665//3665
f 3537//3537 3538//3538 3667//3667
f 3537//3537 3667//3667 3666//3666
f 3538//3538 3539//3539 3668//3668
f 3538//3538 3668//3668 3667//3667
f 3539//3539 3540//3540 3669//3669
f 3539//3539 3669//3669 3668//3668
f 3540//3540 3541//3541 3670//3670
f 3540//3540 3670//3670 3669//3669
f 3541//3541 3542//3542 3671//3671
f 3541//3541 3671//3671 3670//3670
f 3542//3542 3543//3543 3672//3672
f 3542//3542 3672//3672 3671//3671
f 3543//3543 3544//3544 3673//3673
f 3543//3543 3673//3673 3672//3672
f 3544//3544 3545//3545 3674//3674
f 3544//3544 3674//3674 3673//3673
f 3545//3545 3546//3546 3675//3675
f 3545//3545 3675//3675 3674//3674
f 3546//3546 3547//3547 3676//3676
f 3546//3546 3676//3676 3675//3675
f 3547//3547 3548//3548 3677//3677
f 3547//3547 3677//3677 3676//3676
f 3548//3548 3549//3549 3678//3678
f 3548//3548 3678//3678 3677//3677
f 3549//3549 3550//3550 3679//3679
f 3549//3549 3679//3679 3678//3678
f 3550//3550 3551//3551 3680//3680
f 3550//3550 3680//3680 3679//3679
f 3551//3551 3552//3552 3681//3681
f 3551//3551 3681//3681 3680//3680
f 3552//3552 3553//3553 3682//3682
f 3552//3552 3682//3682 3681//3681
f 3553//3553 3554//3554 3683//3683
f 3553//3553 3683//3683 3682//3682
f 3554//3554 3555//3555 3684//3684
f 3554//3554 3684//3684 3683//3683
f 3555//3555 3556//3556 3685//3685
f 3555//3555 3685//3685 3684//3684
f 3556//3556 3557//3557 3686//3686
f 3556//3556 3686//3686 3685//3685
f 3557//3557 3558//3558 3687//3687
f 3557//3557 3687//3687 3686//3686
f 3558//3558 3559//3559 3688//3688
f 3558//3558 3688//3688 3687//3687
f 3559//3559 3560//3560 3689//3689
f 3559//3559 3689//3689 3688//3688
f 3560//3560 3561//3561 3690//3690
f 3560//3560 3690//3690 3689//3689
f 3561//3561 3562//3562 3691//3691
f 3561//3561 3691//3691 3690//3690
f 3562//3562 3563//3563 3692//3692
f 3562//3562 3692//3692 3691//3691
f 3563//3563 3564//3564 3693//3693
f 3563//3563 3693//3693 3692//3692
f 3564//3564 3565//3565 3694//3694
f 3564//3564 3694//3694 3693//3693
f 3565//3565 3566//3566 3695//3695
f 3565//3565 3695//3695 3694//3694
f 3566//3566 3567//3567 3696//3696
f 3566//3566 3696//3696 3695//3695
f 3567//3567 3568//3568 3697//3697
f 3567//3567 3697//3697 3696//3696
f 3568//3568 3569//3569 3698//3698
f 3568//3568 3698//3698 3697//3697
f 3569//3569 3570//3570 3699//3699
f 3569//3569 3699//3699 3698//3698
f 3570//3570 3571//3571 3700//3700
f 3570//3570 3700//3700 3699//3699
f 3571//3571 3572//3572 3701//3701
f 3571//3571 3701//3701 3700//3700
f 3572//3572 3573//3573 3702//3702
f 3572//3572 3702//3702 3701//3701
f 3573//3573 3574//3574 3703//3703
f 3573//3573 3703//3703 3702//3702
f 3574//3574 3575//3575 3704//3704
f 3574//3574 3704//3704 3703//3703
f 3575//3575 3576//3576 3705//3705
f 3575//3575 3705//3705 3704//3704
f 3576//3576 3577//3577 3706//3706
f 3576//3576 3706//3706 3705//3705
f 3577//3577 3578//3578 3707//3707
f 3577//3577 3707//3707 3706//3706
f 3578//3578 3579//3579 3708//3708
f 3578//3578 3708//3708 3707//3707
f 3579//3579 3580//3580 3709//3709
f 3579//3579 3709//3709 3708//3708
f 3580//3580 3581//3581 3710//3710
f 3580//3580 3710//3710 3709//3709
f 3581//3581 3582//3582 3711//3711
f 3581//3581 3711//3711 3710//3710
f 3582//3582 3583//3583 3712//3712
f 3582//3582 3712//3712 3711//3711
f 3583//3583 3584//3584 3713//3713
f 3583//3583 3713//3713 3712//3712
f 3584//3584 3585//3585 3714//3714
f 3584//3584 3714//3714 3713//3713
f 3585//3585 3586//3586 3715//3715
f 3585//3585 3715//3715 3714//3714
f 3586//3586 3587//3587 3716//3716
f 3586//3586 3716//3716 3715//3715
f 3587//3587 3588//3588 3717//3717
f 3587//3587 3717//3717 3716//3716
f 3588//3588 3589//3589 3718//3718
f 3588//3588 3718//3718 3717//3717
f 3589//3589 3590//3590 3719//3719
f 3589//3589 3719//3719 3718//3718
f 3590//3590 3591//3591 3720//3720
f 3590//3590 3720//3720 3719//3719
f 3591//3591 3592//3592 3721//3721
f 3591//3591 3721//3721 3720//3720
f 3592//3592 3593//3593 3722//3722
f 3592//3592 3722//3722 3721//3721
f 3593//3593 3594//3594 3723//3723
f 3593//3593 3723//3723 3722//3722
f 3594//3594 3595//3595 3724//3724
f 3594//3594 3724//3724 3723//3723
f 3595//3595 3596//3596 3725//3725
f 3595//3595 3725//3725 3724//3724
f 3596//3596 3597//3597 3726//3726
f 3596//3596 3726//3726 3725//3725
f 3597//3597 3598//3598 3727//3727
f 3597//3597 3727//3727 3726//3726
f 3598//3598 3599//3599 3728//3728
f 3598//3598 3728//3728 3727//3727
f 3599//3599 3600//3600 3729//3729
f 3599//3599 3729//3729 3728//3728
f 3600//3600 3601//3601 3730//3730
f 3600//3600 3730//3730 3729//3729
f 3601//3601 3602//3602 3731//3731
f 3601//3601 3731//3731 3730//3730
f 3602//3602 3603//3603 3732//3732
f 3602//3602 3732//3732 3731//3731
f 3603//3603 3604//3604 3733//3733
f 3603//3603 3733//3733 3732//3732
f 3604//3604 3605//3605 3734//3734
f 3604//3604 3734//3734 3733//3733
f 3605//3605 3606//3606 3735//3735
f 3605//3605 3735//3735 3734//3734
f 3606//3606 3607//3607 3736//3736
f 3606//3606 3736//3736 3735//3735
f 3607//3607 3608//3608 3737//3737
f 3607//3607 3737//3737 3736//3736
f 3608//3608 3609//3609 3738//3738
f 3608//3608 3738//3738 3737//3737
f 3609//3609 3610//3610 3739//3739
f 3609//3609 3739//3739 3738//3738
f 3610//3610 3611//3611 3740//3740
f 3610//3610 3740//3740 3739//3739
f 3611//3611 3612//3612 3741//3741
f 3611//3611 3741//3741 3740//3740
f 3613//3613 3614//3614 3743//3743
f 3613//3613 3743//3743 3742//3742
f 3614//3614 3615//3615 3744//3744
f 3614//3614 3744//3744 3743//3743
f 3615//3615 3616//3616 3745//3745
f 3615//3615 3745//3745 3744//3744
f 3616//3616 3617//3617 3746//3746
f 3616//3616 3746//3746 3745//3745
f 3617//3617 3618//3618 3747//3747
f 3617//3617 3747//3747 3746//3746
f 3618//3618 3619//3619 3748//3748
f 3618//3618 3748//3748 3747//3747
f 3619//3619 3620//3620 3749//3749
f 3619//3619 3749//3749 3748//3748
f 3620//3620 3621//3621 3750//3750
f 3620//3620 3750//3750 3749//3749
f 3621//3621 3622//3622 3751//3751
f 3621//3621 3751//3751 3750//3750
f 3622//3622 3623//3623 3752//3752
f 3622//3622 3752//3752 3751//3751
f 3623//3623 3624//3624 3753//3753
f 3623//3623 3753//3753 3752//3752
f 3624//3624 3625//3625 3754//3754
f 3624//3624 3754//3754 3753//3753
f 3625//3625 3626//3626 3755//3755
f 3625//3625 3755//3755 3754//3754
f 3626//3626 3627//3627 3756//3756
f 3626//3626 3756//3756 3755//3755
f 3627//3627 3628//3628 3757//3757
f 3627//3627 3757//3757 3756//3756
f 3628//3628 3629//3629 3758//3758
f 3628//3628 3758//3758 3757//3757
f 3629//3629 3630//3630 3759//3759
f 3629//3629 3759//3759 3758//3758
f 3630//3630 3631//3631 3760//3760
f 3630//3630 3760//3760 3759//3759
f 3631//3631 3632//3632 3761//3761
f 3631//3631 3761//3761 3760//3760
f 3632//3632 3633//3633 3762//3762
f 3632//3632 3762//3762 3761//3761
f 3633//3633 3634//3634 3763//3763
f 3633//3633 3763//3763 3762//3762
f 3634//3634 3635//3635 3764//3764
f 3634//3634 3764//3764 3763//3763
f 3635//3635 3636//3636 3765//3765
f 3635//3635 3765//3765 3764//3764
f 3636//3636 3637//3637 3766//3766
f 3636//3636 3766//3766 3765//3765
f 3637//3637 3638//3638 3767//3767
f 3637//3637 3767//3767 3766//3766
f 3638//3638 3639//3639 3768//3768
f 3638//3638 3768//3768 3767//3767
f 3639//3639 3640//3640 3769//3769
f 3639//3639 3769//3769 3768//3768
f 3640//3640 3641//3641 3770//3770
f 3640//3640 3770//3770 3769//3769
f 3641//3641 3642//3642 3771//3771
f 3641//3641 3771//3771 3770//3770
f 3642//3642 3643//3643 3772//3772
f 3642//3642 3772//3772 3771//3771
f 3643//3643 3644//3644 3773//3773
f 3643//3643 3773//3773 3772//3772
f 3644//3644 3645//3645 3774//3774
f 3644//3644 3774//3774 3773//3773
f 3645//3645 3646//3646 3775//3775
f 3645//3645 3775//3775 3774//3774
f 3646//3646 3647//3647 3776//3776
f 3646//3646 3776//3776 3775//3775
f 3647//3647 3648//3648 3777//3777
f 3647//3647 3777//3777 3776//3776
f 3648//3648 3649//3649 3778//3778
f 3648//3648 3778//3778 3777//3777
f 3649//3649 3650//3650 3779//3779
f 3649//3649 3779//3779 3778//3778
f 3650//3650 3651//3651 3780//3780
f 3650//3650 3780//3780 3779//3779
f 3651//3651 3652//3652 3781//3781
f 3651//3651 3781//3781 3780//3780
f 3652//3652 3653//3653 3782//3782
f 3652//3652 3782//3782 3781//3781
f 3653//3653 3654//3654 3783//3783
f 3653//3653 3783//3783 3782//3782
f 3654//3654 3655//3655 3784//3784
f 3654//3654 3784//3784 3783//3783
f 3655//3655 3656//3656 3785//3785
f 3655//3655 3785//3785 3784//3784
f 3656//3656 3657//3657 3786//3786
f 3656//3656 3786//3786 3785//3785
f 3657//3657 3658//3658 3787//3787
f 3657//3657 3787//3787 3786//3786
f 3658//3658 3659//3659 3788//3788
f 3658//3658 3788//3788 3787//3787
f 3659//3659 3660//3660 3789//3789
f 3659//3659 3789//3789 3788//3788
f 3660//3660 3661//3661 3790//3790
f 3660//3660 3790//3790 3789//3789
f 3661//3661 3662//3662 3791//3791
f 3661//3661 3791//3791 3790//3790
f 3662//3662 3663//3663 3792//3792
f 3662//3662 3792//3792 3791//3791
f 3663//3663 3664//3664 3793//3793
f 3663//3663 3793//3793 3792//3792
f 3664//3664 3665//3665 3794//3794
f 3664//3664 3794//3794 3793//3793
f 3665//3665 3666//3666 3795//3795
f 3665//3665 3795//3795 3794//3794
f 3666//3666 3667//3667 3796//3796
f 3666//3666 3796//3796 3795//3795
f 3667//3667 3668//3668 3797//3797
f 3667//3667 3797//3797 3796//3796
f 3668//3668 3669//3669 3798//3798
f 3668//3668 3798//3798 3797//3797
f 3669//3669 3670//3670 3799//3799
f 3669//3669 3799//3799 3798//3798
f 3670//3670 3671//3671 3800//3800
f 3670//3670 3800//3800 3799//3799
f 3671//3671 3672//3672 3801//3801
f 3671//3671 3801//3801 3800//3800
f 3672//3672 3673//3673 3802//3802
f 3672//3672 3802//3802 3801//3801
f 3673//3673 3674//3674 3803//3803
f 3673//3673 3803//3803 3802//3802
f 3674//3674 3675//3675 3804//3804
f 3674//3674 3804//3804 3803//3803
f 3675//3675 3676//3676 3805//3805
f 3675//3675 3805//3805 3804//3804
f 3676//3676 3677//3677 3806//3806
f 3676//3676 3806//3806 3805//3805
f 3677//3677 3678//3678 3807//3807
f 3677//3677 3807//3807 3806//3806
f 3678//3678 3679//3679 3808//3808
f 3678//3678 3808//3808 3807//3807
f 3679//3679 3680//3680 3809//3809
f 3679//3679 3809//3809 3808//3808
f 3680//3680 3681//3681 3810//3810
f 3680//3680 3810//3810 3809//3809
f 3681//3681 3682//3682 3811//3811
f 3681//3681 3811//3811 3810//3810
f 3682//3682 3683//3683 3812//3812
f 3682//3682 3812//3812 3811//3811
f 3683//3683 3684//3684 3813//3813
f 3683//3683 3813//3813 3812//3812
f 3684//3684 3685//3685 3814//3814
f 3684//3684 3814//3814 3813//3813
f 3685//3685 3686//3686 3815//3815
f 3685//3685 3815//3815 3814//3814
f 3686//3686 3687//3687 3816//3816
f 3686//3686 3816//3816 3815//3815
f 3687//3687 3688//3688 3817//3817
f 3687//3687 3817//3817 3816//3816
f 3688//3688 3689//3689 3818//3818
f 3688//3688 3818//3818 3817//3817
f 3689//3689 3690//3690 3819//3819
f 3689//3689 3819//3819 3818//3818
f 3690//3690 3691//3691 3820//3820
f 3690//3690 3820//3820 3819//3819
f 3691//3691 3692//3692 3821//3821
f 3691//3691 3821//3821 3820//3820
f 3692//3692 3693//3693 3822//3822
f 3692//3692 3822//3822 3821//3821
f 3693//3693 3694//3694 3823//3823
f 3693//3693 3823//3823 3822//3822
f 3694//3694 3695//3695 3824//3824
f 3694//3694 3824//3824 3823//3823
f 3695//3695 3696//3696 3825//3825
f 3695//3695 3825//3825 3824//3824
f 3696//3696 3697//3697 3826//3826
f 3696//3696 3826//3826 3825//3825
f 3697//3697 3698//3698 3827//3827
f 3697//3697 3827//3827 3826//3826
f 3698//3698 3699//3699 3828//3828
f 3698//3698 3828//3828 3827//3827
f 3699//3699 3700//3700 3829//3829
f 3699//3699 3829//3829 3828//3828
f 3700//3700 3701//3701 3830//3830
f 3700//3700 3830//3830 3829//3829
f 3701//3701 3702//3702 3831//3831
f 3701//3701 3831//3831 3830//3830
f 3702//3702 3703//3703 3832//3832
f 3702//3702 3832//3832 3831//3831
f 3703//3703 3704//3704 3833//3833
f 3703//3703 3833//3833 3832//3832
f 3704//3704 3705//3705 3834//3834
f 3704//3704 3834//3834 3833//3833
f 3705//3705 3706//3706 3835//3835
f 3705//3705 3835//3835 3834//3834
f 3706//3706 3707//3707 3836//3836
f 3706//3706 3836//3836 3835//3835
f 3707//3707 3708//3708 3837//3837
f 3707//3707 3837//3837 3836//3836
f 3708//3708 3709//3709 3838//3838
f 3708//3708 3838//3838 3837//3837
f 3709//3709 3710//3710 3839//3839
f 3709//3709 3839//3839 3838//3838
f 3710//3710 3711//3711 3840//3840
f 3710//3710 3840//3840 3839//3839
f 3711//3711 3712//3712 3841//3841
f 3711//3711 3841//3841 3840//3840
f 3712//3712 3713//3713 3842//3842
f 3712//3712 3842//3842 3841//3841
f 3713//3713 3714//3714 3843//3843
f 3713//3713 3843//3843 3842//3842
f 3714//3714 3715//3715 3844//3844
f 3714//3714 3844//3844 3843//3843
f 3715//3715 3716//3716 3845//3845
f 3715//3715 3845//3845 3844//3844
f 3716//3716 3717//3717 3846//3846
f 3716//3716 3846//3846 3845//3845
f 3717//3717 3718//3718 3847//3847
f 3717//3717 3847//3847 3846//3846
f 3718//3718 3719//3719 3848//3848
f 3718//3718 3848//3848 3847//3847
f 3719//3719 3720//3720 3849//3849
f 3719//3719 3849//3849 3848//3848
f 3720//3720 3721//3721 3850//3850
f 3720//3720 3850//3850 3849//3849
f 3721//3721 3722//3722 3851//3851
f 3721//3721 3851//3851 3850//3850
f 3722//3722 3723//3723 3852//3852
f 3722//3722 3852//3852 3851//3851
f 3723//3723 3724//3724 3853//3853
f 3723//3723 3853//3853 3852//3852
f 3724//3724 3725//3725 3854//3854
f 3724//3724 3854//3854 3853//3853
f 3725//3725 3726//3726 3855//3855
f 3725//3725 3855//3855 3854//3854
f 3726//3726 3727//3727 3856//3856
f 3726//3726 3856//3856 3855//3855
f 3727//3727 3728//3728 3857//3857
f 3727//3727 3857//3857 3856//3856
f 3728//3728 3729//3729 3858//3858
f 3728//3728 3858//3858 3857//3857
f 3729//3729 3730//3730 3859//3859
f 3729//3729 3859//3859 3858//3858
f 3730//3730 3731//3731 3860//3860
f 3730//3730 3860//3860 3859//3859
f 3731//3731 3732//3732 3861//3861
f 3731//3731 3861//3861 3860//3860
f 3732//3732 3733//3733 3862//3862
f 3732//3732 3862//3862 3861//3861
f 3733//3733 3734//3734 3863//3863
f 3733//3733 3863//3863 3862//3862
f 3734//3734 3735//3735 3864//3864
f 3734//3734 3864//3864 3863//3863
f 3735//3735 3736//3736 3865//3865
f 3735//3735 3865//3865 3864//3864
f 3736//3736 3737//3737 3866//3866
f 3736//3736 3866//3866 3865//3865
f 3737//3737 3738//3738 3867//3867
f 3737//3737 3867//3867 3866//3866
f 3738//3738 3739//3739 3868//3868
f 3738//3738 3868//3868 3867//3867
f 3739//3739 3740//3740 3869//3869
f 3739//3739 3869//3869 3868//3868
f 3740//3740 3741//3741 3870//3870
f 3740//3740 3870//3870 3869//3869
f 3742//3742 3743//3743 3872//3872
f 3742//3742 3872//3872 3871//3871
f 3743//3743 3744//3744 3873//3873
f 3743//3743 3873//3873 3872//3872
f 3744//3744 3745//3745 3874//3874
f 3744//3744 3874//3874 3873//3873
f 3745//3745 3746//3746 3875//3875
f 3745//3745 3875//3875 3874//3874
f 3746//3746 3747//3747 3876//3876
f 3746//3746 3876//3876 3875//3875
f 3747//3747 3748//3748 3877//3877
f 3747//3747 3877//3877 3876//3876
f 3748//3748 3749//3749 3878//3878
f 3748//3748 3878//3878 3877//3877
f 3749//3749 3750//3750 3879//3879
f 3749//3749 3879//3879 3878//3878
f 3750//3750 3751//3751 3880//3880
f 3750//3750 3880//3880 3879//3879
f 3751//3751 3752//3752 3881//3881
f 3751//3751 3881//3881 3880//3880
f 3752//3752 3753//3753 3882//3882
f 3752//3752 3882//3882 3881//3881
f 3753//3753 3754//3754 3883//3883
f 3753//3753 3883//3883 3882//3882
f 3754//3754 3755//3755 3884//3884
f 3754//3754 3884//3884 3883//3883
f 3755//3755 3756//3756 3885//3885
f 3755//3755 3885//3885 3884//3884
f 3756//3756 3757//3757 3886//3886
f 3756//3756 3886//3886 3885//3885
f 3757//3757 3758//3758 3887//3887
f 3757//3757 3887//3887 3886//3886
f 3758//3758 3759//3759 3888//3888
f 3758//3758 3888//3888 3887//3887
f 3759//3759 3760//3760 3889//3889
f 3759//3759 3889//3889 3888//3888
f 3760//3760 3761//3761 3890//3890
f 3760//3760 3890//3890 3889//3889
f 3761//3761 3762//3762 3891//3891
f 3761//3761 3891//3891 3890//3890
f 3762//3762 3763//3763 3892//3892
f 3762//3762 3892//3892 3891//3891
f 3763//3763 3764//3764 3893//3893
f 3763//3763 3893//3893 3892//3892
f 3764//3764 3765//3765 3894//3894
f 3764//3764 3894//3894 3893//3893
f 3765//3765 3766//3766 3895//3895
f 3765//3765 3895//3895 3894//3894
f 3766//3766 3767//3767 3896//3896
f 3766//3766 3896//3896 3895//3895
f 3767//3767 3768//3768 3897//3897
f 3767//3767 3897//3897 3896//3896
f 3768//3768 3769//3769 3898//3898
f 3768//3768 3898//3898 3897//3897
f 3769//3769 3770//3770 3899//3899
f 3769//3769 3899//3899 3898//3898
f 3770//3770 3771//3771 3900//3900
f 3770//3770 3900//3900 3899//3899
f 3771//3771 3772//3772 3901//3901
f 3771//3771 3901//3901 3900//3900
f 3772//3772 3773//3773 3902//3902
f 3772//3772 3902//3902 3901//3901
f 3773//3773 3774//3774 3903//3903
f 3773//3773 3903//3903 3902//3902
f 3774//3774 3775//3775 3904//3904
f 3774//3774 3904//3904 3903//3903
f 3775//3775 3776//3776 3905//3905
f 3775//3775 3905//3905 3904//3904
f 3776//3776 3777//3777 3906//3906
f 3776//3776 3906//3906 3905//3905
f 3777//3777 3778//3778 3907//3907
f 3777//3777 3907//3907 3906//3906
f 3778//3778 3779//3779 3908//3908
f 3778//3778 3908//3908 3907//3907
f 3779//3779 3780//3780 3909//3909
f 3779//3779 3909//3909 3908//3908
f 3780//3780 3781//3781 3910//3910
f 3780//3780 3910//3910 3909//3909
f 3781//3781 3782//3782 3911//3911
f 3781//3781 3911//3911 3910//3910
f 3782//3782 3783//3783 3912//3912
f 3782//3782 3912//3912 3911//3911
f 3783//3783 3784//3784 3913//3913
f 3783//3783 3913//3913 3912//3912
f 3784//3784 3785//3785 3914//3914
f 3784//3784 3914//3914 3913//3913
f 3785//3785 3786//3786 3915//3915
f 3785//3785 3915//3915 3914//3914
f 3786//3786 3787//3787 3916//3916
f 3786//3786 3916//3916 3915//3915
f 3787//3787 3788//3788 3917//3917
f 3787//3787 3917//3917 3916//3916
f 3788//3788 3789//3789 3918//3918
f 3788//3788 3918//3918 3917//3917
f 3789//3789 3790//3790 3919//3919
f 3789//3789 3919//3919 3918//3918
f 3790//3790 3791//3791 3920//3920
f 3790//3790 3920//3920 3919//3919
f 3791//3791 3792//3792 3921//3921
f 3791//3791 3921//3921 3920//3920
f 3792//3792 3793//3793 3922//3922
f 3792//3792 3922//3922 3921//3921
f 3793//3793 3794//3794 3923//3923
f 3793//3793 3923//3923 3922//3922
f 3794//3794 3795//3795 3924//3924
f 3794//3794 3924//3924 3923//3923
f 3795//3795 3796//3796 3925//3925
f 3795//3795 3925//3925 3924//3924
f 3796//3796 3797//3797 3926//3926
f 3796//3796 3926//3926 3925//3925
f 3797//3797 3798//3798 3927//3927
f 3797//3797 3927//3927 3926//3926
f 3798//3798 3799//3799 3928//3928
f 3798//3798 3928//3928 3927//3927
f 3799//3799 3800//3800 3929//3929
f 3799//3799 3929//3929 3928//3928
f 3800//3800 3801//3801 3930//3930
f 3800//3800 3930//3930 3929//3929
f 3801//3801 3802//3802 3931//3931
f 3801//3801 3931//3931 3930//3930
f 3802//3802 3803//3803 3932//3932
f 3802//3802 3932//3932 3931//3931
f 3803//3803 3804//3804 3933//3933
f 3803//3803 3933//3933 3932//3932
f 3804//3804 3805//3805 3934//3934
f 3804//3804 3934//3934 3933//3933
f 3805//3805 3806//3806 3935//3935
f 3805//3805 3935//3935 3934//3934
f 3806//3806 3807//3807 3936//3936
f 3806//3806 3936//3936 3935//3935
f 3807//3807 3808//3808 3937//3937
f 3807//3807 3937//3937 3936//3936
f 3808//3808 3809//3809 3938//3938
f 3808//3808 3938//3938 3937//3937
f 3809//3809 3810//3810 3939//3939
f 3809//3809 3939//3939 3938//3938
f 3810//3810 3811//3811 3940//3940
f 3810//3810 3940//3940 3939//3939
f 3811//3811 3812//3812 3941//3941
f 3811//3811 3941//3941 3940//3940
f 3812//3812 3813//3813 3942//3942
f 3812//3812 3942//3942 3941//3941
f 3813//3813 3814//3814 3943//3943
f 3813//3813 3943//3943 3942//3942
f 3814//3814 3815//3815 3944//3944
f 3814//3814 3944//3944 3943//3943
f 3815//3815 3816//3816 3945//3945
f 3815//3815 3945//3945 3944//3944
f 3816//3816 3817//3817 3946//3946
f 3816//3816 3946//3946 3945//3945
f 3817//3817 3818//3818 3947//3947
f 3817//3817 3947//3947 3946//3946
f 3818//3818 3819//3819 3948//3948
f 3818//3818 3948//3948 3947//3947
f 3819//3819 3820//3820 3949//3949
f 3819//3819 3949//3949 3948//3948
f 3820//3820 3821//3821 3950//3950
f 3820//3820 3950//3950 3949//3949
f 3821//3821 3822//3822 3951//3951
f 3821//3821 3951//3951 3950//3950
f 3822//3822 3823//3823 3952//3952
f 3822//3822 3952//3952 3951//3951
f 3823//3823 3824//3824 3953//3953
f 3823//3823 3953//3953 3952//3952
f 3824//3824 3825//3825 3954//3954
f 3824//3824 3954//3954 3953//3953
f 3825//3825 3826//3826 3955//3955
f 3825//3825 3955//3955 3954//3954
f 3826//3826 3827//3827 3956//3956
f 3826//3826 3956//3956 3955//3955
f 3827//3827 3828//3828 3957//3957
f 3827//3827 3957//3957 3956//3956
f 3828//3828 3829//3829 3958//3958
f 3828//3828 3958//3958 3957//3957
f 3829//3829 3830//3830 3959//3959
f 3829//3829 3959//3959 3958//3958
f 3830//3830 3831//3831 3960//3960
f 3830//3830 3960//3960 3959//3959
f 3831//3831 3832//3832 3961//3961
f 3831//3831 3961//3961 3960//3960
f 3832//3832 3833//3833 3962//3962
f 3832//3832 3962//3962 3961//3961
f 3833//3833 3834//3834 3963//3963
f 3833//3833 3963//3963 3962//3962
f 3834//3834 3835//3835 3964//3964
f 3834//3834 3964//3964 3963//3963
f 3835//3835 3836//3836 3965//3965
f 3835//3835 3965//3965 3964//3964
f 3836//3836 3837//3837 3966//3966
f 3836//3836 3966//3966 3965//3965
f 3837//3837 3838//3838 3967//3967
f 3837//3837 3967//3967 3966//3966
f 3838//3838 3839//3839 3968//3968
f 3838//3838 3968//3968 3967//3967
f 3839//3839 3840//3840 3969//3969
f 3839//3839 3969//3969 3968//3968
f 3840//3840 3841//3841 3970//3970
f 3840//3840 3970//3970 3969//3969
f 3841//3841 3842//3842 3971//3971
f 3841//3841 3971//3971 3970//3970
f 3842//3842 3843//3843 3972//3972
f 3842//3842 3972//3972 3971//3971
f 3843//3843 3844//3844 3973//3973
f 3843//3843 3973//3973 3972//3972
f 3844//3844 3845//3845 3974//3974
f 3844//3844 3974//3974 3973//3973
f 3845//3845 3846//3846 3975//3975
f 3845//3845 3975//3975 3974//3974
f 3846//3846 3847//3847 3976//3976
f 3846//3846 3976//3976 3975//3975
f 3847//3847 3848//3848 3977//3977
f 3847//3847 3977//3977 3976//3976
f 3848//3848 3849//3849 3978//3978
f 3848//3848 3978//3978 3977//3977
f 3849//3849 3850//3850 3979//3979
f 3849//3849 3979//3979 3978//3978
f 3850//3850 3851//3851 3980//3980
f 3850//3850 3980//3980 3979//3979
f 3851//3851 3852//3852 3981//3981
f 3851//3851 3981//3981 3980//3980
f 3852//3852 3853//3853 3982//3982
f 3852//3852 3982//3982 3981//3981
f 3853//3853 3854//3854 3983//3983
f 3853//3853 3983//3983 3982//3982
f 3854//3854 3855//3855 3984//3984
f 3854//3854 3984//3984 3983//3983
f 3855//3855 3856//3856 3985//3985
f 3855//3855 3985//3985 3984//3984
f 3856//3856 3857//3857 3986//3986
f 3856//3856 3986//3986 3985//3985
f 3857//3857 3858//3858 3987//3987
f 3857//3857 3987//3987 3986//3986
f 3858//3858 3859//3859 3988//3988
f 3858//3858 3988//3988 3987//3987
f 3859//3859 3860//3860 3989//3989
f 3859//3859 3989//3989 3988//3988
f 3860//3860 3861//3861 3990//3990
f 3860//3860 3990//3990 3989//3989
f 3861//3861 3862//3862 3991//3991
f 3861//3861 3991//3991 3990//3990
f 3862//3862 3863//3863 3992//3992
f 3862//3862 3992//3992 3991//3991
f 3863//3863 3864//3864 3993//3993
f 3863//3863 3993//3993 3992//3992
f 3864//3864 3865//3865 3994//3994
f 3864//3864 3994//3994 3993//3993
f 3865//3865 3866//3866 3995//3995
f 3865//3865 3995//3995 3994//3994
f 3866//3866 3867//3867 3996//3996
f 3866//3866 3996//3996 3995//3995
f 3867//3867 3868//3868 3997//3997
f 3867//3867 3997//3997 3996//3996
f 3868//3868 3869//3869 3998//3998
f 3868//3868 3998//3998 3997//3997
f 3869//3869 3870//3870 3999//3999
f 3869//3869 3999//3999 3998//3998
f 3871//3871 3872//3872 4001//4001
f 3871//3871 4001//4001 4000//4000
f 3872//3872 3873//3873 4002//4002
f 3872//3872 4002//4002 4001//4001
f 3873//3873 3874//3874 4003//4003
f 3873//3873 4003//4003 4002//4002
f 3874//3874 3875//3875 4004//4004
f 3874//3874 4004//4004 4003//4003
f 3875//3875 3876//3876 4005//4005
f 3875//3875 4005//4005 4004//4004
f 3876//3876 3877//3877 4006//4006
f 3876//3876 4006//4006 4005//4005
f 3877//3877 3878//3878 4007//4007
f 3877//3877 4007//4007 4006//4006
f 3878//3878 3879//3879 4008//4008
f 3878//3878 4008//4008 4007//4007
f 3879//3879 3880//3880 4009//4009
f 3879//3879 4009//4009 4008//4008
f 3880//3880 3881//3881 4010//4010
f 3880//3880 4010//4010 4009//4009
f 3881//3881 3882//3882 4011//4011
f 3881//3881 4011//4011 4010//4010
f 3882//3882 3883//3883 4012//4012
f 3882//3882 4012//4012 4011//4011
f 3883//3883 3884//3884 4013//4013
f 3883//3883 4013//4013 4012//4012
f 3884//3884 3885//3885 4014//4014
f 3884//3884 4014//4014 4013//4013
f 3885//3885 3886//3886 4015//4015
f 3885//3885 4015//4015 4014//4014
f 3886//3886 3887//3887 4016//4016
f 3886//3886 4016//4016 4015//4015
f 3887//3887 3888//3888 4017//4017
f 3887//3887 4017//4017 4016//4016
f 3888//3888 3889//3889 4018//4018
f 3888//3888 4018//4018 4017//4017
f 3889//3889 3890//3890 4019//4019
f 3889//3889 4019//4019 4018//4018
f 3890//3890 3891//3891 4020//4020
f 3890//3890 4020//4020 4019//4019
f 3891//3891 3892//3892 4021//4021
f 3891//3891 4021//4021 4020//4020
f 3892//3892 3893//3893 4022//4022
f 3892//3892 4022//4022 4021//4021
f 3893//3893 3894//3894 4023//4023
f 3893//3893 4023//4023 4022//4022
f 3894//3894 3895//3895 4024//4024
f 3894//3894 4024//4024 4023//4023
f 3895//3895 3896//3896 4025//4025
f 3895//3895 4025//4025 4024//4024
f 3896//3896 3897//3897 4026//4026
f 3896//3896 4026//4026 4025//4025
f 3897//3897 3898//3898 4027//4027
f 3897//3897 4027//4027 4026//4026
f 3898//3898 3899//3899 4028//4028
f 3898//3898 4028//4028 4027//4027
f 3899//3899 3900//3900 4029//4029
f 3899//3899 4029//4029 4028//4028
f 3900//3900 3901//3901 4030//4030
f 3900//3900 4030//4030 4029//4029
f 3901//3901 3902//3902 4031//4031
f 3901//3901 4031//4031 4030//4030
f 3902//3902 3903//3903 4032//4032
f 3902//3902 4032//4032 4031//4031
f 3903//3903 3904//3904 4033//4033
f 3903//3903 4033//4033 4032//4032
f 3904//3904 3905//3905 4034//4034
f 3904//3904 4034//4034 4033//4033
f 3905//3905 3906//3906 4035//4035
f 3905//3905 4035//4035 4034//4034
f 3906//3906 3907//3907 4036//4036
f 3906//3906 4036//4036 4035//4035
f 3907//3907 3908//3908 4037//4037
f 3907//3907 4037//4037 4036//4036
f 3908//3908 3909//3909 4038//4038
f 3908//3908 4038//4038 4037//4037
f 3909//3909 3910//3910 4039//4039
f 3909//3909 4039//4039 4038//4038
f 3910//3910 3911//3911 4040//4040
f 3910//3910 4040//4040 4039//4039
f 3911//3911 3912//3912 4041//4041
f 3911//3911 4041//4041 4040//4040
f 3912//3912 3913//3913 4042//4042
f 3912//3912 4042//4042 4041//4041
f 3913//3913 3914//3914 4043//4043
f 3913//3913 4043//4043 4042//4042
f 3914//3914 3915//3915 4044//4044
f 3914//3914 4044//4044 4043//4043
f 3915//3915 3916//3916 4045//4045
f 3915//3915 4045//4045 4044//4044
f 3916//3916 3917//3917 4046//4046
f 3916//3916 4046//4046 4045//4045
f 3917//3917 3918//3918 4047//4047
f 3917//3917 4047//4047 4046//4046
f 3918//3918 3919//3919 4048//4048
f 3918//3918 4048//4048 4047//4047
f 3919//3919 3920//3920 4049//4049
f 3919//3919 4049//4049 4048//4048
f 3920//3920 3921//3921 4050//4050
f 3920//3920 4050//4050 4049//4049
f 3921//3921 3922//3922 4051//4051
f 3921//3921 4051//4051 4050//4050
f 3922//3922 3923//3923 4052//4052
f 3922//3922 4052//4052 4051//4051
f 3923//3923 3924//3924 4053//4053
f 3923//3923 4053//4053 4052//4052
f 3924//3924 3925//3925 4054//4054
f 3924//3924 4054//4054 4053//4053
f 3925//3925 3926//3926 4055//4055
f 3925//3925 4055//4055 4054//4054
f 3926//3926 3927//3927 4056//4056
f 3926//3926 4056//4056 4055//4055
f 3927//3927 3928//3928 4057//4057
f 3927//3927 4057//4057 4056//4056
f 3928//3928 3929//3929 4058//4058
f 3928//3928 4058//4058 4057//4057
f 3929//3929 3930//3930 4059//4059
f 3929//3929 4059//4059 4058//4058
f 3930//3930 3931//3931 4060//4060
f 3930//3930 4060//4060 4059//4059
f 3931//3931 3932//3932 4061//4061
f 3931//3931 4061//4061 4060//4060
f 3932//3932 3933//3933 4062//4062
f 3932//3932 4062//4062 4061//4061
f 3933//3933 3934//3934 4063//4063
f 3933//3933 4063//4063 4062//4062
f 3934//3934 3935//3935 4064//4064
f 3934//3934 4064//4064 4063//4063
f 3935//3935 3936//3936 4065//4065
f 3935//3935 4065//4065 4064//4064
f 3936//3936 3937//3937 4066//4066
f 3936//3936 4066//4066 4065//4065
f 3937//3937 3938//3938 4067//4067
f 3937//3937 4067//4067 4066//4066
f 3938//3938 3939//3939 4068//4068
f 3938//3938 4068//4068 4067//4067
f 3939//3939 3940//3940 4069//4069
f 3939//3939 4069//4069 4068//4068
f 3940//3940 3941//3941 4070//4070
f 3940//3940 4070//4070 4069//4069
f 3941//3941 3942//3942 4071//4071
f 3941//3941 4071//4071 4070//4070
f 3942//3942 3943//3943 4072//4072
f 3942//3942 4072//4072 4071//4071
f 3943//3943 3944//3944 4073//4073
f 3943//3943 4073//4073 4072//4072
f 3944//3944 3945//3945 4074//4074
f 3944//3944 4074//4074 4073//4073
f 3945//3945 3946//3946 4075//4075
f 3945//3945 4075//4075 4074//4074
f 3946//3946 3947//3947 4076//4076
f 3946//3946 4076//4076 4075//4075
f 3947//3947 3948//3948 4077//4077
f 3947//3947 4077//4077 4076//4076
f 3948//3948 3949//3949 4078//4078
f 3948//3948 4078//4078 4077//4077
f 3949//3949 3950//3950 4079//4079
f 3949//3949 4079//4079 4078//4078
f 3950//3950 3951//3951 4080//4080
f 3950//3950 4080//4080 4079//4079
f 3951//3951 3952//3952 4081//4081
f 3951//3951 4081//4081 4080//4080
f 3952//3952 3953//3953 4082//4082
f 3952//3952 4082//4082 4081//4081
f 3953//3953 3954//3954 4083//4083
f 3953//3953 4083//4083 4082//4082
f 3954//3954 3955//3955 4084//4084
f 3954//3954 4084//4084 4083//4083
f 3955//3955 3956//3956 4085//4085
f 3955//3955 4085//4085 4084//4084
f 3956//3956 3957//3957 4086//4086
f 3956//3956 4086//4086 4085//4085
f 3957//3957 3958//3958 4087//4087
f 3957//3957 4087//4087 4086//4086
f 3958//3958 3959//3959 4088//4088
f 3958//3958 4088//4088 4087//4087
f 3959//3959 3960//3960 4089//4089
f 3959//3959 4089//4089 4088//4088
f 3960//3960 3961//3961 4090//4090
f 3960//3960 4090//4090 4089//4089
f 3961//3961 3962//3962 4091//4091
f 3961//3961 4091//4091 4090//4090
f 3962//3962 3963//3963 4092//4092
f 3962//3962 4092//4092 4091//4091
f 3963//3963 3964//3964 4093//4093
f 3963//3963 4093//4093 4092//4092
f 3964//3964 3965//3965 4094//4094
f 3964//3964 4094//4094 4093//4093
f 3965//3965 3966//3966 4095//4095
f 3965//3965 4095//4095 4094//4094
f 3966//3966 3967//3967 4096//4096
f 3966//3966 4096//4096 4095//4095
f 3967//3967 3968//3968 4097//4097
f 3967//3967 4097//4097 4096//4096
f 3968//3968 3969//3969 4098//4098
f 3968//3968 4098//4098 4097//4097
f 3969//3969 3970//3970 4099//4099
f 3969//3969 4099//4099 4098//4098
f 3970//3970 3971//3971 4100//4100
f 3970//3970 4100//4100 4099//4099
f 3971//3971 3972//3972 4101//4101
f 3971//3971 4101//4101 4100//4100
f 3972//3972 3973//3973 4102//4102
f 3972//3972 4102//4102 4101//4101
f 3973//3973 3974//3974 4103//4103
f 3973//3973 4103//4103 4102//4102
f 3974//3974 3975//3975 4104//4104
f 3974//3974 4104//4104 4103//4103
f 3975//3975 3976//3976 4105//4105
f 3975//3975 4105//4105 4104//4104
f 3976//3976 3977//3977 4106//4106
f 3976//3976 4106//4106 4105//4105
f 3977//3977 3978//3978 4107//4107
f 3977//3977 4107//4107 4106//4106
f 3978//3978 3979//3979 4108//4108
f 3978//3978 4108//4108 4107//4107
f 3979//3979 3980//3980 4109//4109
f 3979//3979 4109//4109 4108//4108
f 3980//3980 3981//3981 4110//4110
f 3980//3980 4110//4110 4109//4109
f 3981//3981 3982//3982 4111//4111
f 3981//3981 4111//4111 4110//4110
f 3982//3982 3983//3983 4112//4112
f 3982//3982 4112//4112 4111//4111
f 3983//3983 3984//3984 4113//4113
f 3983//3983 4113//4113 4112//4112
f 3984//3984 3985//3985 4114//4114
f 3984//3984 4114//4114 4113//4113
f 3985//3985 3986//3986 4115//4115
f 3985//3985 4115//4115 4114//4114
f 3986//3986 3987//3987 4116//4116
f 3986//3986 4116//4116 4115//4115
f 3987//3987 3988//3988 4117//4117
f 3987//3987 4117//4117 4116//4116
f 3988//3988 3989//3989 4118//4118
f 3988//3988 4118//4118 4117//4117
f 3989//3989 3990//3990 4119//4119
f 3989//3989 4119//4119 4118//4118
f 3990//3990 3991//3991 4120//4120
f 3990//3990 4120//4120 4119//4119
f 3991//3991 3992//3992 4121//4121
f 3991//3991 4121//4121 4120//4120
f 3992//3992 3993//3993 4122//4122
f 3992//3992 4122//4122 4121//4121
f 3993//3993 3994//3994 4123//4123
f 3993//3993 4123//4123 4122//4122
f 3994//3994 3995//3995 4124//4124
f 3994//3994 4124//4124 4123//4123
f 3995//3995 3996//3996 4125//4125
f 3995//3995 4125//4125 4124//4124
f 3996//3996 3997//3997 4126//4126
f 3996//3996 4126//4126 4125//4125
f 3997//3997 3998//3998 4127//4127
f 3997//3997 4127//4127 4126//4126
f 3998//3998 3999//3999 4128//4128
f 3998//3998 4128//4128 4127//4127
f 4000//4000 4001//4001 4130//4130
f 4000//4000 4130//4130 4129//4129
f 4001//4001 4002//4002 4131//4131
f 4001//4001 4131//4131 4130//4130
f 4002//4002 4003//4003 4132//4132
f 4002//4002 4132//4132 4131//4131
f 4003//4003 4004//4004 4133//4133
f 4003//4003 4133//4133 4132//4132
f 4004//4004 4005//4005 4134//4134
f 4004//4004 4134//4134 4133//4133
f 4005//4005 4006//4006 4135//4135
f 4005//4005 4135//4135 4134//4134
f 4006//4006 4007//4007 4136//4136
f 4006//4006 4136//4136 4135//4135
f 4007//4007 4008//4008 4137//4137
f 4007//4007 4137//4137 4136//4136
f 4008//4008 4009//4009 4138//4138
f 4008//4008 4138//4138 4137//4137
f 4009//4009 4010//4010 4139//4139
f 4009//4009 4139//4139 4138//4138
f 4010//4010 4011//4011 4140//4140
f 4010//4010 4140//4140 4139//4139
f 4011//4011 4012//4012 4141//4141
f 4011//4011 4141//4141 4140//4140
f 4012//4012 4013//4013 4142//4142
f 4012//4012 4142//4142 4141//4141
f 4013//4013 4014//4014 4143//4143
f 4013//4013 4143//4143 4142//4142
f 4014//4014 4015//4015 4144//4144
f 4014//4014 4144//4144 4143//4143
f 4015//4015 4016//4016 4145//4145
f 4015//4015 4145//4145 4144//4144
f 4016//4016 4017//4017 4146//4146
f 4016//4016 4146//4146 4145//4145
f 4017//4017 4018//4018 4147//4147
f 4017//4017 4147//4147 4146//4146
f 4018//4018 4019//4019 4148//4148
f 4018//4018 4148//4148 4147//4147
f 4019//4019 4020//4020 4149//4149
f 4019//4019 4149//4149 4148//4148
f 4020//4020 4021//4021 4150//4150
f 4020//4020 4150//4150 4149//4149
f 4021//4021 4022//4022 4151//4151
f 4021//4021 4151//4151 4150//4150
f 4022//4022 4023//4023 4152//4152
f 4022//4022 4152//4152 4151//4151
f 4023//4023 4024//4024 4153//4153
f 4023//4023 4153//4153 4152//4152
f 4024//4024 4025//4025 4154//4154
f 4024//4024 4154//4154 4153//4153
f 4025//4025 4026//4026 4155//4155
f 4025//4025 4155//4155 4154//4154
f 4026//4026 4027//4027 4156//4156
f 4026//4026 4156//4156 4155//4155
f 4027//4027 4028//4028 4157//4157
f 4027//4027 4157//4157 4156//4156
f 4028//4028 4029//4029 4158//4158
f 4028//4028 4158//4158 4157//4157
f 4029//4029 4030//4030 4159//4159
f 4029//4029 4159//4159 4158//4158
f 4030//4030 4031//4031 4160//4160
f 4030//4030 4160//4160 4159//4159
f 4031//4031 4032//4032 4161//4161
f 4031//4031 4161//4161 4160//4160
f 4032//4032 4033//4033 4162//4162
f 4032//4032 4162//4162 4161//4161
f 4033//4033 4034//4034 4163//4163
f 4033//4033 4163//4163 4162//4162
f 4034//4034 4035//4035 4164//4164
f 4034//4034 4164//4164 4163//4163
f 4035//4035 4036//4036 4165//4165
f 4035//4035 4165//4165 4164//4164
f 4036//4036 4037//4037 4166//4166
f 4036//4036 4166//4166 4165//4165
f 4037//4037 4038//4038 4167//4167
f 4037//4037 4167//4167 4166//4166
f 4038//4038 4039//4039 4168//4168
f 4038//4038 4168//4168 4167//4167
f 4039//4039 4040//4040 4169//4169
f 4039//4039 4169//4169 4168//4168
f 4040//4040 4041//4041 4170//4170
f 4040//4040 4170//4170 4169//4169
f 4041//4041 4042//4042 4171//4171
f 4041//4041 4171//4171 4170//4170
f 4042//4042 4043//4043 4172//4172
f 4042//4042 4172//4172 4171//4171
f 4043//4043 4044//4044 4173//4173
f 4043//4043 4173//4173 4172//4172
f 4044//4044 4045//4045 4174//4174
f 4044//4044 4174//4174 4173//4173
f 4045//4045 4046//4046 4175//4175
f 4045//4045 4175//4175 4174//4174
f 4046//4046 4047//4047 4176//4176
f 4046//4046 4176//4176 4175//4175
f 4047//4047 4048//4048 4177//4177
f 4047//4047 4177//4177 4176//4176
f 4048//4048 4049//4049 4178//4178
f 4048//4048 4178//4178 4177//4177
f 4049//4049 4050//4050 4179//4179
f 4049//4049 4179//4179 4178//4178
f 4050//4050 4051//4051 4180//4180
f 4050//4050 4180//4180 4179//4179
f 4051//4051 4052//4052 4181//4181
f 4051//4051 4181//4181 4180//4180
f 4052//4052 4053//4053 4182//4182
f 4052//4052 4182//4182 4181//4181
f 4053//4053 4054//4054 4183//4183
f 4053//4053 4183//4183 4182//4182
f 4054//4054 4055//4055 4184//4184
f 4054//4054 4184//4184 4183//4183
f 4055//4055 4056//4056 4185//4185
f 4055//4055 4185//4185 4184//4184
f 4056//4056 4057//4057 4186//4186
f 4056//4056 4186//4186 4185//4185
f 4057//4057 4058//4058 4187//4187
f 4057//4057 4187//4187 4186//4186
f 4058//4058 4059//4059 4188//4188
f 4058//4058 4188//4188 4187//4187
f 4059//4059 4060//4060 4189//4189
f 4059//4059 4189//4189 4188//4188
f 4060//4060 4061//4061 4190//4190
f 4060//4060 4190//4190 4189//4189
f 4061//4061 4062//4062 4191//4191
f 4061//4061 4191//4191 4190//4190
f 4062//4062 4063//4063 4192//4192
f 4062//4062 4192//4192 4191//4191
f 4063//4063 4064//4064 4193//4193
f 4063//4063 4193//4193 4192//4192
f 4064//4064 4065//4065 4194//4194
f 4064//4064 4194//4194 4193//4193
f 4065//4065 4066//4066 4195//4195
f 4065//4065 4195//4195 4194//4194
f 4066//4066 4067//4067 4196//4196
f 4066//4066 4196//4196 4195//4195
f 4067//4067 4068//4068 4197//4197
f 4067//4067 4197//4197 4196//4196
f 4068//4068 4069//4069 4198//4198
f 4068//4068 4198//4198 4197//4197
f 4069//4069 4070//4070 4199//4199
f 4069//4069 4199//4199 4198//4198
f 4070//4070 4071//4071 4200//4200
f 4070//4070 4200//4200 4199//4199
f 4071//4071 4072//4072 4201//4201
f 4071//4071 4201//4201 4200//4200
f 4072//4072 4073//4073 4202//4202
f 4072//4072 4202//4202 4201//4201
f 4073//4073 4074//4074 4203//4203
f 4073//4073 4203//4203 4202//4202
f 4074//4074 4075//4075 4204//4204
f 4074//4074 4204//4204 4203//4203
f 4075//4075 4076//4076 4205//4205
f 4075//4075 4205//4205 4204//4204
f 4076//4076 4077//4077 4206//4206
f 4076//4076 4206//4206 4205//4205
f 4077//4077 4078//4078 4207//4207
f 4077//4077 4207//4207 4206//4206
f 4078//4078 4079//4079 4208//4208
f 4078//4078 4208//4208 4207//4207
f 4079//4079 4080//4080 4209//4209
f 4079//4079 4209//4209 4208//4208
f 4080//4080 4081//4081 4210//4210
f 4080//4080 4210//4210 4209//4209
f 4081//4081 4082//4082 4211//4211
f 4081//4081 4211//4211 4210//4210
f 4082//4082 4083//4083 4212//4212
f 4082//4082 4212//4212 4211//4211
f 4083//4083 4084//4084 4213//4213
f 4083//4083 4213//4213 4212//4212
f 4084//4084 4085//4085 4214//4214
f 4084//4084 4214//4214 4213//4213
f 4085//4085 4086//4086 4215//4215
f 4085//4085 4215//4215 4214//4214
f 4086//4086 4087//4087 4216//4216
f 4086//4086 4216//4216 4215//4215
f 4087//4087 4088//4088 4217//4217
f 4087//4087 4217//4217 4216//4216
f 4088//4088 4089//4089 4218//4218
f 4088//4088 4218//4218 4217//4217
f 4089//4089 4090//4090 4219//4219
f 4089//4089 4219//4219 4218//4218
f 4090//4090 4091//4091 4220//4220
f 4090//4090 4220//4220 4219//4219
f 4091//4091 4092//4092 4221//4221
f 4091//4091 4221//4221 4220//4220
f 4092//4092 4093//4093 4222//4222
f 4092//4092 4222//4222 4221//4221
f 4093//4093 4094//4094 4223//4223
f 4093//4093 4223//4223 4222//4222
f 4094//4094 4095//4095 4224//4224
f 4094//4094 4224//4224 4223//4223
f 4095//4095 4096//4096 4225//4225
f 4095//4095 4225//4225 4224//4224
f 4096//4096 4097//4097 4226//4226
f 4096//4096 4226//4226 4225//4225
f 4097//4097 4098//4098 4227//4227
f 4097//4097 4227//4227 4226//4226
f 4098//4098 4099//4099 4228//4228
f 4098//4098 4228//4228 4227//4227
f 4099//4099 4100//4100 4229//4229
f 4099//4099 4229//4229 4228//4228
f 4100//4100 4101//4101 4230//4230
f 4100//4100 4230//4230 4229//4229
f 4101//4101 4102//4102 4231//4231
f 4101//4101 4231//4231 4230//4230
f 4102//4102 4103//4103 4232//4232
f 4102//4102 4232//4232 4231//4231
f 4103//4103 4104//4104 4233//4233
f 4103//4103 4233//4233 4232//4232
f 4104//4104 4105//4105 4234//4234
f 4104//4104 4234//4234 4233//4233
f 4105//4105 4106//4106 4235//4235
f 4105//4105 4235//4235 4234//4234
f 4106//4106 4107//4107 4236//4236
f 4106//4106 4236//4236 4235//4235
f 4107//4107 4108//4108 4237//4237
f 4107//4107 4237//4237 4236//4236
f 4108//4108 4109//4109 4238//4238
f 4108//4108 4238//4238 4237//4237
f 4109//4109 4110//4110 4239//4239
f 4109//4109 4239//4239 4238//4238
f 4110//4110 4111//4111 4240//4240
f 4110//4110 4240//4240 4239//4239
f 4111//4111 4112//4112 4241//4241
f 4111//4111 4241//4241 4240//4240
f 4112//4112 4113//4113 4242//4242
f 4112//4112 4242//4242 4241//4241
f 4113//4113 4114//4114 4243//4243
f 4113//4113 4243//4243 4242//4242
f 4114//4114 4115//4115 4244//4244
f 4114//4114 4244//4244 4243//4243
f 4115//4115 4116//4116 4245//4245
f 4115//4115 4245//4245 4244//4244
f 4116//4116 4117//4117 4246//4246
f 4116//4116 4246//4246 4245//4245
f 4117//4117 4118//4118 4247//4247
f 4117//4117 4247//4247 4246//4246
f 4118//4118 4119//4119 4248//4248
f 4118//4118 4248//4248 4247//4247
f 4119//4119 4120//4120 4249//4249
f 4119//4119 4249//4249 4248//4248
f 4120//4120 4121//4121 4250//4250
f 4120//4120 4250//4250 4249//4249
f 4121//4121 4122//4122 4251//4251
f 4121//4121 4251//4251 4250//4250
f 4122//4122 4123//4123 4252//4252
f 4122//4122 4252//4252 4251//4251
f 4123//4123 4124//4124 4253//4253
f 4123//4123 4253//4253 4252//4252
f 4124//4124 4125//4125 4254//4254
f 4124//4124 4254//4254 4253//4253
f 4125//4125 4126//4126 4255//4255
f 4125//4125 4255//4255 4254//4254
f 4126//4126 4127//4127 4256//4256
f 4126//4126 4256//4256 4255//4255
f 4127//4127 4128//4128 4257//4257
f 4127//4127 4257//4257 4256//4256
f 4129//4129 4130//4130 4259//4259
f 4129//4129 4259//4259 4258//4258
f 4130//4130 4131//4131 4260//4260
f 4130//4130 4260//4260 4259//4259
f 4131//4131 4132//4132 4261//4261
f 4131//4131 4261//4261 4260//4260
f 4132//4132 4133//4133 4262//4262
f 4132//4132 4262//4262 4261//4261
f 4133//4133 4134//4134 4263//4263
f 4133//4133 4263//4263 4262//4262
f 4134//4134 4135//4135 4264//4264
f 4134//4134 4264//4264 4263//4263
f 4135//4135 4136//4136 4265//4265
f 4135//4135 4265//4265 4264//4264
f 4136//4136 4137//4137 4266//4266
f 4136//4136 4266//4266 4265//4265
f 4137//4137 4138//4138 4267//4267
f 4137//4137 4267//4267 4266//4266
f 4138//4138 4139//4139 4268//4268
f 4138//4138 4268//4268 4267//4267
f 4139//4139 4140//4140 4269//4269
f 4139//4139 4269//4269 4268//4268
f 4140//4140 4141//4141 4270//4270
f 4140//4140 4270//4270 4269//4269
f 4141//4141 4142//4142 4271//4271
f 4141//4141 4271//4271 4270//4270
f 4142//4142 4143//4143 4272//4272
f 4142//4142 4272//4272 4271//4271
f 4143//4143 4144//4144 4273//4273
f 4143//4143 4273//4273 4272//4272
f 4144//4144 4145//4145 4274//4274
f 4144//4144 4274//4274 4273//4273
f 4145//4145 4146//4146 4275//4275
f 4145//4145 4275//4275 4274//4274
f 4146//4146 4147//4147 4276//4276
f 4146//4146 4276//4276 4275//4275
f 4147//4147 4148//4148 4277//4277
f 4147//4147 4277//4277 4276//4276
f 4148//4148 4149//4149 4278//4278
f 4148//4148 4278//4278 4277//4277
f 4149//4149 4150//4150 4279//4279
f 4149//4149 4279//4279 4278//4278
f 4150//4150 4151//4151 4280//4280
f 4150//4150 4280//4280 4279//4279
f 4151//4151 4152//4152 4281//4281
f 4151//4151 4281//4281 4280//4280
f 4152//4152 4153//4153 4282//4282
f 4152//4152 4282//4282 4281//4281
f 4153//4153 4154//4154 4283//4283
f 4153//4153 4283//4283 4282//4282
f 4154//4154 4155//4155 4284//4284
f 4154//4154 4284//4284 4283//4283
f 4155//4155 4156//4156 4285//4285
f 4155//4155 4285//4285 4284//4284
f 4156//4156 4157//4157 4286//4286
f 4156//4156 4286//4286 4285//4285
f 4157//4157 4158//4158 4287//4287
f 4157//4157 4287//4287 4286//4286
f 4158//4158 4159//4159 4288//4288
f 4158//4158 4288//4288 4287//4287
f 4159//4159 4160//4160 4289//4289
f 4159//4159 4289//4289 4288//4288
f 4160//4160 4161//4161 4290//4290
f 4160//4160 4290//4290 4289//4289
f 4161//4161 4162//4162 4291//4291
f 4161//4161 4291//4291 4290//4290
f 4162//4162 4163//4163 4292//4292
f 4162//4162 4292//4292 4291//4291
f 4163//4163 4164//4164 4293//4293
f 4163//4163 4293//4293 4292//4292
f 4164//4164 4165//4165 4294//4294
f 4164//4164 4294//4294 4293//4293
f 4165//4165 4166//4166 4295//4295
f 4165//4165 4295//4295 4294//4294
f 4166//4166 4167//4167 4296//4296
f 4166//4166 4296//4296 4295//4295
f 4167//4167 4168//4168 4297//4297
f 4167//4167 4297//4297 4296//4296
f 4168//4168 4169//4169 4298//4298
f 4168//4168 4298//4298 4297//4297
f 4169//4169 4170//4170 4299//4299
f 4169//4169 4299//4299 4298//4298
f 4170//4170 4171//4171 4300//4300
f 4170//4170 4300//4300 4299//4299
f 4171//4171 4172//4172 4301//4301
f 4171//4171 4301//4301 4300//4300
f 4172//4172 4173//4173 4302//4302
f 4172//4172 4302//4302 4301//4301
f 4173//4173 4174//4174 4303//4303
f 4173//4173 4303//4303 4302//4302
f 4174//4174 4175//4175 4304//4304
f 4174//4174 4304//4304 4303//4303
f 4175//4175 4176//4176 4305//4305
f 4175//4175 4305//4305 4304//4304
f 4176//4176 4177//4177 4306//4306
f 4176//4176 4306//4306 4305//4305
f 4177//4177 4178//4178 4307//4307
f 4177//4177 4307//4307 4306//4306
f 4178//4178 4179//4179 4308//4308
f 4178//4178 4308//4308 4307//4307
f 4179//4179 4180//4180 4309//4309
f 4179//4179 4309//4309 4308//4308
f 4180//4180 4181//4181 4310//4310
f 4180//4180 4310//4310 4309//4309
f 4181//4181 4182//4182 4311//4311
f 4181//4181 4311//4311 4310//4310
f 4182//4182 4183//4183 4312//4312
f 4182//4182 4312//4312 4311//4311
f 4183//4183 4184//4184 4313//4313
f 4183//4183 4313//4313 4312//4312
f 4184//4184 4185//4185 4314//4314
f 4184//4184 4314//4314 4313//4313
f 4185//4185 4186//4186 4315//4315
f 4185//4185 4315//4315 4314//4314
f 4186//4186 4187//4187 4316//4316
f 4186//4186 4316//4316 4315//4315
f 4187//4187 4188//4188 4317//4317
f 4187//4187 4317//4317 4316//4316
f 4188//4188 4189//4189 4318//4318
f 4188//4188 4318//4318 4317//4317
f 4189//4189 4190//4190 4319//4319
f 4189//4189 4319//4319 4318//4318
f 4190//4190 4191//4191 4320//4320
f 4190//4190 4320//4320 4319//4319
f 4191//4191 4192//4192 4321//4321
f 4191//4191 4321//4321 4320//4320
f 4192//4192 4193//4193 4322//4322
f 4192//4192 4322//4322 4321//4321
f 4193//4193 4194//4194 4323//4323
f 4193//4193 4323//4323 4322//4322
f 4194//4194 4195//4195 4324//4324
f 4194//4194 4324//4324 4323//4323
f 4195//4195 4196//4196 4325//4325
f 4195//4195 4325//4325 4324//4324
f 4196//4196 4197//4197 4326//4326
f 4196//4196 4326//4326 4325//4325
f 4197//4197 4198//4198 4327//4327
f 4197//4197 4327//4327 4326//4326
f 4198//4198 4199//4199 4328//4328
f 4198//4198 4328//4328 4327//4327
f 4199//4199 4200//4200 4329//4329
f 4199//4199 4329//4329 4328//4328
f 4200//4200 4201//4201 4330//4330
f 4200//4200 4330//4330 4329//4329
f 4201//4201 4202//4202 4331//4331
f 4201//4201 4331//4331 4330//4330
f 4202//4202 4203//4203 4332//4332
f 4202//4202 4332//4332 4331//4331
f 4203//4203 4204//4204 4333//4333
f 4203//4203 4333//4333 4332//4332
f 4204//4204 4205//4205 4334//4334
f 4204//4204 4334//4334 4333//4333
f 4205//4205 4206//4206 4335//4335
f 4205//4205 4335//4335 4334//4334
f 4206//4206 4207//4207 4336//4336
f 4206//4206 4336//4336 4335//4335
f 4207//4207 4208//4208 4337//4337
f 4207//4207 4337//4337 4336//4336
f 4208//4208 4209//4209 4338//4338
f 4208//4208 4338//4338 4337//4337
f 4209//4209 4210//4210 4339//4339
f 4209//4209 4339//4339 4338//4338
f 4210//4210 4211//4211 4340//4340
f 4210//4210 4340//4340 4339//4339
f 4211//4211 4212//4212 4341//4341
f 4211//4211 4341//4341 4340//4340
f 4212//4212 4213//4213 4342//4342
f 4212//4212 4342//4342 4341//4341
f 4213//4213 4214//4214 4343//4343
f 4213//4213 4343//4343 4342//4342
f 4214//4214 4215//4215 4344//4344
f 4214//4214 4344//4344 4343//4343
f 4215//4215 4216//4216 4345//4345
f 4215//4215 4345//4345 4344//4344
f 4216//4216 4217//4217 4346//4346
f 4216//4216 4346//4346 4345//4345
f 4217//4217 4218//4218 4347//4347
f 4217//4217 4347//4347 4346//4346
f 4218//4218 4219//4219 4348//4348
f 4218//4218 4348//4348 4347//4347
f 4219//4219 4220//4220 4349//4349
f 4219//4219 4349//4349 4348//4348
f 4220//4220 4221//4221 4350//4350
f 4220//4220 4350//4350 4349//4349
f 4221//4221 4222//4222 4351//4351
f 4221//4221 4351//4351 4350//4350
f 4222//4222 4223//4223 4352//4352
f 4222//4222 4352//4352 4351//4351
f 4223//4223 4224//4224 4353//4353
f 4223//4223 4353//4353 4352//4352
f 4224//4224 4225//4225 4354//4354
f 4224//4224 4354//4354 4353//4353
f 4225//4225 4226//4226 4355//4355
f 4225//4225 4355//4355 4354//4354
f 4226//4226 4227//4227 4356//4356
f 4226//4226 4356//4356 4355//4355
f 4227//4227 4228//4228 4357//4357
f 4227//4227 4357//4357 4356//4356
f 4228//4228 4229//4229 4358//4358
f 4228//4228 4358//4358 4357//4357
f 4229//4229 4230//4230 4359//4359
f 4229//4229 4359//4359 4358//4358
f 4230//4230 4231//4231 4360//4360
f 4230//4230 4360//4360 4359//4359
f 4231//4231 4232//4232 4361//4361
f 4231//4231 4361//4361 4360//4360
f 4232//4232 4233//4233 4362//4362
f 4232//4232 4362//4362 4361//4361
f 4233//4233 4234//4234 4363//4363
f 4233//4233 4363//4363 4362//4362
f 4234//4234 4235//4235 4364//4364
f 4234//4234 4364//4364 4363//4363
f 4235//4235 4236//4236 4365//4365
f 4235//4235 4365//4365 4364//4364
f 4236//4236 4237//4237 4366//4366
f 4236//4236 4366//4366 4365//4365
f 4237//4237 4238//4238 4367//4367
f 4237//4237 4367//4367 4366//4366
f 4238//4238 4239//4239 4368//4368
f 4238//4238 4368//4368 4367//4367
f 4239//4239 4240//4240 4369//4369
f 4239//4239 4369//4369 4368//4368
f 4240//4240 4241//4241 4370//4370
f 4240//4240 4370//4370 4369//4369
f 4241//4241 4242//4242 4371//4371
f 4241//4241 4371//4371 4370//4370
f 4242//4242 4243//4243 4372//4372
f 4242//4242 4372//4372 4371//4371
f 4243//4243 4244//4244 4373//4373
f 4243//4243 4373//4373 4372//4372
f 4244//4244 4245//4245 4374//4374
f 4244//4244 4374//4374 4373//4373
f 4245//4245 4246//4246 4375//4375
f 4245//4245 4375//4375 4374//4374
f 4246//4246 4247//4247 4376//4376
f 4246//4246 4376//4376 4375//4375
f 4247//4247 4248//4248 4377//4377
f 4247//4247 4377//4377 4376//4376
f 4248//4248 4249//4249 4378//4378
f 4248//4248 4378//4378 4377//4377
f 4249//4249 4250//4250 4379//4379
f 4249//4249 4379//4379 4378//4378
f 4250//4250 4251//4251 4380//4380
f 4250//4250 4380//4380 4379//4379
f 4251//4251 4252//4252 4381//4381
f 4251//4251 4381//4381 4380//4380
f 4252//4252 4253//4253 4382//4382
f 4252//4252 4382//4382 4381//4381
f 4253//4253 4254//4254 4383//4383
f 4253//4253 4383//4383 4382//4382
f 4254//4254 4255//4255 4384//4384
f 4254//4254 4384//4384 4383//4383
f 4255//4255 4256//4256 4385//4385
f 4255//4255 4385//4385 4384//4384
f 4256//4256 4257//4257 4386//4386
f 4256//4256 4386//4386 4385//4385
f 4258//4258 4259//4259 4388//4388
f 4258//4258 4388//4388 4387//4387
f 4259//4259 4260//4260 4389//4389
f 4259//4259 4389//4389 4388//4388
f 4260//4260 4261//4261 4390//4390
f 4260//4260 4390//4390 4389//4389
f 4261//4261 4262//4262 4391//4391
f 4261//4261 4391//4391 4390//4390
f 4262//4262 4263//4263 4392//4392
f 4262//4262 4392//4392 4391//4391
f 4263//4263 4264//4264 4393//4393
f 4263//4263 4393//4393 4392//4392
f 4264//4264 4265//4265 4394//4394
f 4264//4264 4394//4394 4393//4393
f 4265//4265 4266//4266 4395//4395
f 4265//4265 4395//4395 4394//4394
f 4266//4266 4267//4267 4396//4396
f 4266//4266 4396//4396 4395//4395
f 4267//4267 4268//4268 4397//4397
f 4267//4267 4397//4397 4396//4396
f 4268//4268 4269//4269 4398//4398
f 4268//4268 4398//4398 4397//4397
f 4269//4269 4270//4270 4399//4399
f 4269//4269 4399//4399 4398//4398
f 4270//4270 4271//4271 4400//4400
f 4270//4270 4400//4400 4399//4399
f 4271//4271 4272//4272 4401//4401
f 4271//4271 4401//4401 4400//4400
f 4272//4272 4273//4273 4402//4402
f 4272//4272 4402//4402 4401//4401
f 4273//4273 4274//4274 4403//4403
f 4273//4273 4403//4403 4402//4402
f 4274//4274 4275//4275 4404//4404
f 4274//4274 4404//4404 4403//4403
f 4275//4275 4276//4276 4405//4405
f 4275//4275 4405//4405 4404//4404
f 4276//4276 4277//4277 4406//4406
f 4276//4276 4406//4406 4405//4405
f 4277//4277 4278//4278 4407//4407
f 4277//4277 4407//4407 4406//4406
f 4278//4278 4279//4279 4408//4408
f 4278//4278 4408//4408 4407//4407
f 4279//4279 4280//4280 4409//4409
f 4279//4279 4409//4409 4408//4408
f 4280//4280 4281//4281 4410//4410
f 4280//4280 4410//4410 4409//4409
f 4281//4281 4282//4282 4411//4411
f 4281//4281 4411//4411 4410//4410
f 4282//4282 4283//4283 4412//4412
f 4282//4282 4412//4412 4411//4411
f 4283//4283 4284//4284 4413//4413
f 4283//4283 4413//4413 4412//4412
f 4284//4284 4285//4285 4414//4414
f 4284//4284 4414//4414 4413//4413
f 4285//4285 4286//4286 4415//4415
f 4285//4285 4415//4415 4414//4414
f 4286//4286 4287//4287 4416//4416
f 4286//4286 4416//4416 4415//4415
f 4287//4287 4288//4288 4417//4417
f 4287//4287 4417//4417 4416//4416
f 4288//4288 4289//4289 4418//4418
f 4288//4288 4418//4418 4417//4417
f 4289//4289 4290//4290 4419//4419
f 4289//4289 4419//4419 4418//4418
f 4290//4290 4291//4291 4420//4420
f 4290//4290 4420//4420 4419//4419
f 4291//4291 4292//4292 4421//4421
f 4291//4291 4421//4421 4420//4420
f 4292//4292 4293//4293 4422//4422
f 4292//4292 4422//4422 4421//4421
f 4293//4293 4294//4294 4423//4423
f 4293//4293 4423//4423 4422//4422
f 4294//4294 4295//4295 4424//4424
f 4294//4294 4424//4424 4423//4423
f 4295//4295 4296//4296 4425//4425
f 4295//4295 4425//4425 4424//4424
f 4296//4296 4297//4297 4426//4426
f 4296//4296 4426//4426 4425//4425
f 4297//4297 4298//4298 4427//4427
f 4297//4297 4427//4427 4426//4426
f 4298//4298 4299//4299 4428//4428
f 4298//4298 4428//4428 4427//4427
f 4299//4299 4300//4300 4429//4429
f 4299//4299 4429//4429 4428//4428
f 4300//4300 4301//4301 4430//4430
f 4300//4300 4430//4430 4429//4429
f 4301//4301 4302//4302 4431//4431
f 4301//4301 4431//4431 4430//4430
f 4302//4302 4303//4303 4432//4432
f 4302//4302 4432//4432 4431//4431
f 4303//4303 4304//4304 4433//4433
f 4303//4303 4433//4433 4432//4432
f 4304//4304 4305//4305 4434//4434
f 4304//4304 4434//4434 4433//4433
f 4305//4305 4306//4306 4435//4435
f 4305//4305 4435//4435 4434//4434
f 4306//4306 4307//4307 4436//4436
f 4306//4306 4436//4436 4435//4435
f 4307//4307 4308//4308 4437//4437
f 4307//4307 4437//4437 4436//4436
f 4308//4308 4309//4309 4438//4438
f 4308//4308 4438//4438 4437//4437
f 4309//4309 4310//4310 4439//4439
f 4309//4309 4439//4439 4438//4438
f 4310//4310 4311//4311 4440//4440
f 4310//4310 4440//4440 4439//4439
f 4311//4311 4312//4312 4441//4441
f 4311//4311 4441//4441 4440//4440
f 4312//4312 4313//4313 4442//4442
f 4312//4312 4442//4442 4441//4441
f 4313//4313 4314//4314 4443//4443
f 4313//4313 4443//4443 4442//4442
f 4314//4314 4315//4315 4444//4444
f 4314//4314 4444//4444 4443//4443
f 4315//4315 4316//4316 4445//4445
f 4315//4315 4445//4445 4444//4444
f 4316//4316 4317//4317 4446//4446
f 4316//4316 4446//4446 4445//4445
f 4317//4317 4318//4318 4447//4447
f 4317//4317 4447//4447 4446//4446
f 4318//4318 4319//4319 4448//4448
f 4318//4318 4448//4448 4447//4447
f 4319//4319 4320//4320 4449//4449
f 4319//4319 4449//4449 4448//4448
f 4320//4320 4321//4321 4450//4450
f 4320//4320 4450//4450 4449//4449
f 4321//4321 4322//4322 4451//4451
f 4321//4321 4451//4451 4450//4450
f 4322//4322 4323//4323 4452//4452
f 4322//4322 4452//4452 4451//4451
f 4323//4323 4324//4324 4453//4453
f 4323//4323 4453//4453 4452//4452
f 4324//4324 4325//4325 4454//4454
f 4324//4324 4454//4454 4453//4453
f 4325//4325 4326//4326 4455//4455
f 4325//4325 4455//4455 4454//4454
f 4326//4326 4327//4327 4456//4456
f 4326//4326 4456//4456 4455//4455
f 4327//4327 4328//4328 4457//4457
f 4327//4327 4457//4457 4456//4456
f 4328//4328 4329//4329 4458//4458
f 4328//4328 4458//4458 4457//4457
f 4329//4329 4330//4330 4459//4459
f 4329//4329 4459//4459 4458//4458
f 4330//4330 4331//4331 4460//4460
f 4330//4330 4460//4460 4459//4459
f 4331//4331 4332//4332 4461//4461
f 4331//4331 4461//4461 4460//4460
f 4332//4332 4333//4333 4462//4462
f 4332//4332 4462//4462 4461//4461
f 4333//4333 4334//4334 4463//4463
f 4333//4333 4463//4463 4462//4462
f 4334//4334 4335//4335 4464//4464
f 4334//4334 4464//4464 4463//4463
f 4335//4335 4336//4336 4465//4465
f 4335//4335 4465//4465 4464//4464
f 4336//4336 4337//4337 4466//4466
f 4336//4336 4466//4466 4465//4465
f 4337//4337 4338//4338 4467//4467
f 4337//4337 4467//4467 4466//4466
f 4338//4338 4339//4339 4468//4468
f 4338//4338 4468//4468 4467//4467
f 4339//4339 4340//4340 4469//4469
f 4339//4339 4469//4469 4468//4468
f 4340//4340 4341//4341 4470//4470
f 4340//4340 4470//4470 4469//4469
f 4341//4341 4342//4342 4471//4471
f 4341//4341 4471//4471 4470//4470
f 4342//4342 4343//4343 4472//4472
f 4342//4342 4472//4472 4471//4471
f 4343//4343 4344//4344 4473//4473
f 4343//4343 4473//4473 4472//4472
f 4344//4344 4345//4345 4474//4474
f 4344//4344 4474//4474 4473//4473
f 4345//4345 4346//4346 4475//4475
f 4345//4345 4475//4475 4474//4474
f 4346//4346 4347//4347 4476//4476
f 4346//4346 4476//4476 4475//4475
f 4347//4347 4348//4348 4477//4477
f 4347//4347 4477//4477 4476//4476
f 4348//4348 4349//4349 4478//4478
f 4348//4348 4478//4478 4477//4477
f 4349//4349 4350//4350 4479//4479
f 4349//4349 4479//4479 4478//4478
f 4350//4350 4351//4351 4480//4480
f 4350//4350 4480//4480 4479//4479
f 4351//4351 4352//4352 4481//4481
f 4351//4351 4481//4481 4480//4480
f 4352//4352 4353//4353 4482//4482
f 4352//4352 4482//4482 4481//4481
f 4353//4353 4354//4354 4483//4483
f 4353//4353 4483//4483 4482//4482
f 4354//4354 4355//4355 4484//4484
f 4354//4354 4484//4484 4483//4483
f 4355//4355 4356//4356 4485//4485
f 4355//4355 4485//4485 4484//4484
f 4356//4356 4357//4357 4486//4486
f 4356//4356 4486//4486 4485//4485
f 4357//4357 4358//4358 4487//4487
f 4357//4357 4487//4487 4486//4486
f 4358//4358 4359//4359 4488//4488
f 4358//4358 4488//4488 4487//4487
f 4359//4359 4360//4360 4489//4489
f 4359//4359 4489//4489 4488//4488
f 4360//4360 4361//4361 4490//4490
f 4360//4360 4490//4490 4489//4489
f 4361//4361 4362//4362 4491//4491
f 4361//4361 4491//4491 4490//4490
f 4362//4362 4363//4363 4492//4492
f 4362//4362 4492//4492 4491//4491
f 4363//4363 4364//4364 4493//4493
f 4363//4363 4493//4493 4492//4492
f 4364//4364 4365//4365 4494//4494
f 4364//4364 4494//4494 4493//4493
f 4365//4365 4366//4366 4495//4495
f 4365//4365 4495//4495 4494//4494
f 4366//4366 4367//4367 4496//4496
f 4366//4366 4496//4496 4495//4495
f 4367//4367 4368//4368 4497//4497
f 4367//4367 4497//4497 4496//4496
f 4368//4368 4369//4369 4498//4498
f 4368//4368 4498//4498 4497//4497
f 4369//4369 4370//4370 4499//4499
f 4369//4369 4499//4499 4498//4498
f 4370//4370 4371//4371 4500//4500
f 4370//4370 4500//4500 4499//4499
f 4371//4371 4372//4372 4501//4501
f 4371//4371 4501//4501 4500//4500
f 4372//4372 4373//4373 4502//4502
f 4372//4372 4502//4502 4501//4501
f 4373//4373 4374//4374 4503//4503
f 4373//4373 4503//4503 4502//4502
f 4374//4374 4375//4375 4504//4504
f 4374//4374 4504//4504 4503//4503
f 4375//4375 4376//4376 4505//4505
f 4375//4375 4505//4505 4504//4504
f 4376//4376 4377//4377 4506//4506
f 4376//4376 4506//4506 4505//4505
f 4377//4377 4378//4378 4507//4507
f 4377//4377 4507//4507 4506//4506
f 4378//4378 4379//4379 4508//4508
f 4378//4378 4508//4508 4507//4507
f 4379//4379 4380//4380 4509//4509
f 4379//4379 4509//4509 4508//4508
f 4380//4380 4381//4381 4510//4510
f 4380//4380 4510//4510 4509//4509
f 4381//4381 4382//4382 4511//4511
f 4381//4381 4511//4511 4510//4510
f 4382//4382 4383//4383 4512//4512
f 4382//4382 4512//4512 4511//4511
f 4383//4383 4384//4384 4513//4513
f 4383//4383 4513//4513 4512//4512
f 4384//4384 4385//4385 4514//4514
f 4384//4384 4514//4514 4513//4513
f 4385//4385 4386//4386 4515//4515
f 4385//4385 4515//4515 4514//4514
f 4387//4387 4388//4388 4517//4517
f 4387//4387 4517//4517 4516//4516
f 4388//4388 4389//4389 4518//4518
f 4388//4388 4518//4518 4517//4517
f 4389//4389 4390//4390 4519//4519
f 4389//4389 4519//4519 4518//4518
f 4390//4390 4391//4391 4520//4520
f 4390//4390 4520//4520 4519//4519
f 4391//4391 4392//4392 4521//4521
f 4391//4391 4521//4521 4520//4520
f 4392//4392 4393//4393 4522//4522
f 4392//4392 4522//4522 4521//4521
f 4393//4393 4394//4394 4523//4523
f 4393//4393 4523//4523 4522//4522
f 4394//4394 4395//4395 4524//4524
f 4394//4394 4524//4524 4523//4523
f 4395//4395 4396//4396 4525//4525
f 4395//4395 4525//4525 4524//4524
f 4396//4396 4397//4397 4526//4526
f 4396//4396 4526//4526 4525//4525
f 4397//4397 4398//4398 4527//4527
f 4397//4397 4527//4527 4526//4526
f 4398//4398 4399//4399 4528//4528
f 4398//4398 4528//4528 4527//4527
f 4399//4399 4400//4400 4529//4529
f 4399//4399 4529//4529 4528//4528
f 4400//4400 4401//4401 4530//4530
f 4400//4400 4530//4530 4529//4529
f 4401//4401 4402//4402 4531//4531
f 4401//4401 4531//4531 4530//4530
f 4402//4402 4403//4403 4532//4532
f 4402//4402 4532//4532 4531//4531
f 4403//4403 4404//4404 4533//4533
f 4403//4403 4533//4533 4532//4532
f 4404//4404 4405//4405 4534//4534
f 4404//4404 4534//4534 4533//4533
f 4405//4405 4406//4406 4535//4535
f 4405//4405 4535//4535 4534//4534
f 4406//4406 4407//4407 4536//4536
f 4406//4406 4536//4536 4535//4535
f 4407//4407 4408//4408 4537//4537
f 4407//4407 4537//4537 4536//4536
f 4408//4408 4409//4409 4538//4538
f 4408//4408 4538//4538 4537//4537
f 4409//4409 4410//4410 4539//4539
f 4409//4409 4539//4539 4538//4538
f 4410//4410 4411//4411 4540//4540
f 4410//4410 4540//4540 4539//4539
f 4411//4411 4412//4412 4541//4541
f 4411//4411 4541//4541 4540//4540
f 4412//4412 4413//4413 4542//4542
f 4412//4412 4542//4542 4541//4541
f 4413//4413 4414//4414 4543//4543
f 4413//4413 4543//4543 4542//4542
f 4414//4414 4415//4415 4544//4544
f 4414//4414 4544//4544 4543//4543
f 4415//4415 4416//4416 4545//4545
f 4415//4415 4545//4545 4544//4544
f 4416//4416 4417//4417 4546//4546
f 4416//4416 4546//4546 4545//4545
f 4417//4417 4418//4418 4547//4547
f 4417//4417 4547//4547 4546//4546
f 4418//4418 4419//4419 4548//4548
f 4418//4418 4548//4548 4547//4547
f 4419//4419 4420//4420 4549//4549
f 4419//4419 4549//4549 4548//4548
f 4420//4420 4421//4421 4550//4550
f 4420//4420 4550//4550 4549//4549
f 4421//4421 4422//4422 4551//4551
f 4421//4421 4551//4551 4550//4550
f 4422//4422 4423//4423 4552//4552
f 4422//4422 4552//4552 4551//4551
f 4423//4423 4424//4424 4553//4553
f 4423//4423 4553//4553 4552//4552
f 4424//4424 4425//4425 4554//4554
f 4424//4424 4554//4554 4553//4553
f 4425//4425 4426//4426 4555//4555
f 4425//4425 4555//4555 4554//4554
f 4426//4426 4427//4427 4556//4556
f 4426//4426 4556//4556 4555//4555
f 4427//4427 4428//4428 4557//4557
f 4427//4427 4557//4557 4556//4556
f 4428//4428 4429//4429 4558//4558
f 4428//4428 4558//4558 4557//4557
f 4429//4429 4430//4430 4559//4559
f 4429//4429 4559//4559 4558//4558
f 4430//4430 4431//4431 4560//4560
f 4430//4430 4560//4560 4559//4559
f 4431//4431 4432//4432 4561//4561
f 4431//4431 4561//4561 4560//4560
f 4432//4432 4433//4433 4562//4562
f 4432//4432 4562//4562 4561//4561
f 4433//4433 4434//4434 4563//4563
f 4433//4433 4563//4563 4562//4562
f 4434//4434 4435//4435 4564//4564
f 4434//4434 4564//4564 4563//4563
f 4435//4435 4436//4436 4565//4565
f 4435//4435 4565//4565 4564//4564
f 4436//4436 4437//4437 4566//4566
f 4436//4436 4566//4566 4565//4565
f 4437//4437 4438//4438 4567//4567
f 4437//4437 4567//4567 4566//4566
f 4438//4438 4439//4439 4568//4568
f 4438//4438 4568//4568 4567//4567
f 4439//4439 4440//4440 4569//4569
f 4439//4439 4569//4569 4568//4568
f 4440//4440 4441//4441 4570//4570
f 4440//4440 4570//4570 4569//4569
f 4441//4441 4442//4442 4571//4571
f 4441//4441 4571//4571 4570//4570
f 4442//4442 4443//4443 4572//4572
f 4442//4442 4572//4572 4571//4571
f 4443//4443 4444//4444 4573//4573
f 4443//4443 4573//4573 4572//4572
f 4444//4444 4445//4445 4574//4574
f 4444//4444 4574//4574 4573//4573
f 4445//4445 4446//4446 4575//4575
f 4445//4445 4575//4575 4574//4574
f 4446//4446 4447//4447 4576//4576
f 4446//4446 4576//4576 4575//4575
f 4447//4447 4448//4448 4577//4577
f 4447//4447 4577//4577 4576//4576
f 4448//4448 4449//4449 4578//4578
f 4448//4448 4578//4578 4577//4577
f 4449//4449 4450//4450 4579//4579
f 4449//4449 4579//4579 4578//4578
f 4450//4450 4451//4451 4580//4580
f 4450//4450 4580//4580 4579//4579
f 4451//4451 4452//4452 4581//4581
f 4451//4451 4581//4581 4580//4580
f 4452//4452 4453//4453 4582//4582
f 4452//4452 4582//4582 4581//4581
f 4453//4453 4454//4454 4583//4583
f 4453//4453 4583//4583 4582//4582
f 4454//4454 4455//4455 4584//4584
f 4454//4454 4584//4584 4583//4583
f 4455//4455 4456//4456 4585//4585
f 4455//4455 4585//4585 4584//4584
f 4456//4456 4457//4457 4586//4586
f 4456//4456 4586//4586 4585//4585
f 4457//4457 4458//4458 4587//4587
f 4457//4457 4587//4587 4586//4586
f 4458//4458 4459//4459 4588//4588
f 4458//4458 4588//4588 4587//4587
f 4459//4459 4460//4460 4589//4589
f 4459//4459 4589//4589 4588//4588
f 4460//4460 4461//4461 4590//4590
f 4460//4460 4590//4590 4589//4589
f 4461//4461 4462//4462 4591//4591
f 4461//4461 4591//4591 4590//4590
f 4462//4462 4463//4463 4592//4592
f 4462//4462 4592//4592 4591//4591
f 4463//4463 4464//4464 4593//4593
f 4463//4463 4593//4593 4592//4592
f 4464//4464 4465//4465 4594//4594
f 4464//4464 4594//4594 4593//4593
f 4465//4465 4466//4466 4595//4595
f 4465//4465 4595//4595 4594//4594
f 4466//4466 4467//4467 4596//4596
f 4466//4466 4596//4596 4595//4595
f 4467//4467 4468//4468 4597//4597
f 4467//4467 4597//4597 4596//4596
f 4468//4468 4469//4469 4598//4598
f 4468//4468 4598//4598 4597//4597
f 4469//4469 4470//4470 4599//4599
f 4469//4469 4599//4599 4598//4598
f 4470//4470 4471//4471 4600//4600
f 4470//4470 4600//4600 4599//4599
f 4471//4471 4472//4472 4601//4601
f 4471//4471 4601//4601 4600//4600
f 4472//4472 4473//4473 4602//4602
f 4472//4472 4602//4602 4601//4601
f 4473//4473 4474//4474 4603//4603
f 4473//4473 4603//4603 4602//4602
f 4474//4474 4475//4475 4604//4604
f 4474//4474 4604//4604 4603//4603
f 4475//4475 4476//4476 4605//4605
f 4475//4475 4605//4605 4604//4604
f 4476//4476 4477//4477 4606//4606
f 4476//4476 4606//4606 4605//4605
f 4477//4477 4478//4478 4607//4607
f 4477//4477 4607//4607 4606//4606
f 4478//4478 4479//4479 4608//4608
f 4478//4478 4608//4608 4607//4607
f 4479//4479 4480//4480 4609//4609
f 4479//4479 4609//4609 4608//4608
f 4480//4480 4481//4481 4610//4610
f 4480//4480 4610//4610 4609//4609
f 4481//4481 4482//4482 4611//4611
f 4481//4481 4611//4611 4610//4610
f 4482//4482 4483//4483 4612//4612
f 4482//4482 4612//4612 4611//4611
f 4483//4483 4484//4484 4613//4613
f 4483//4483 4613//4613 4612//4612
f 4484//4484 4485//4485 4614//4614
f 4484//4484 4614//4614 4613//4613
f 4485//4485 4486//4486 4615//4615
f 4485//4485 4615//4615 4614//4614
f 4486//4486 4487//4487 4616//4616
f 4486//4486 4616//4616 4615//4615
f 4487//4487 4488//4488 4617//4617
f 4487//4487 4617//4617 4616//4616
f 4488//4488 4489//4489 4618//4618
f 4488//4488 4618//4618 4617//4617
f 4489//4489 4490//4490 4619//4619
f 4489//4489 4619//4619 4618//4618
f 4490//4490 4491//4491 4620//4620
f 4490//4490 4620//4620 4619//4619
f 4491//4491 4492//4492 4621//4621
f 4491//4491 4621//4621 4620//4620
f 4492//4492 4493//4493 4622//4622
f 4492//4492 4622//4622 4621//4621
f 4493//4493 4494//4494 4623//4623
f 4493//4493 4623//4623 4622//4622
f 4494//4494 4495//4495 4624//4624
f 4494//4494 4624//4624 4623//4623
f 4495//4495 4496//4496 4625//4625
f 4495//4495 4625//4625 4624//4624
f 4496//4496 4497//4497 4626//4626
f 4496//4496 4626//4626 4625//4625
f 4497//4497 4498//4498 4627//4627
f 4497//4497 4627//4627 4626//4626
f 4498//4498 4499//4499 4628//4628
f 4498//4498 4628//4628 4627//4627
f 4499//4499 4500//4500 4629//4629
f 4499//4499 4629//4629 4628//4628
f 4500//4500 4501//4501 4630//4630
f 4500//4500 4630//4630 4629//4629
f 4501//4501 4502//4502 4631//4631
f 4501//4501 4631//4631 4630//4630
f 4502//4502 4503//4503 4632//4632
f 4502//4502 4632//4632 4631//4631
f 4503//4503 4504//4504 4633//4633
f 4503//4503 4633//4633 4632//4632
f 4504//4504 4505//4505 4634//4634
f 4504//4504 4634//4634 4633//4633
f 4505//4505 4506//4506 4635//4635
f 4505//4505 4635//4635 4634//4634
f 4506//4506 4507//4507 4636//4636
f 4506//4506 4636//4636 4635//4635
f 4507//4507 4508//4508 4637//4637
f 4507//4507 4637//4637 4636//4636
f 4508//4508 4509//4509 4638//4638
f 4508//4508 4638//4638 4637//4637
f 4509//4509 4510//4510 4639//4639
f 4509//4509 4639//4639 4638//4638
f 4510//4510 4511//4511 4640//4640
f 4510//4510 4640//4640 4639//4639
f 4511//4511 4512//4512 4641//4641
f 4511//4511 4641//4641 4640//4640
f 4512//4512 4513//4513 4642//4642
f 4512//4512 4642//4642 4641//4641
f 4513//4513 4514//4514 4643//4643
f 4513//4513 4643//4643 4642//4642
f 4514//4514 4515//4515 4644//4644
f 4514//4514 4644//4644 4643//4643
f 4516//4516 4517//4517 4646//4646
f 4516//4516 4646//4646 4645//4645
f 4517//4517 4518//4518 4647//4647
f 4517//4517 4647//4647 4646//4646
f 4518//4518 4519//4519 4648//4648
f 4518//4518 4648//4648 4647//4647
f 4519//4519 4520//4520 4649//4649
f 4519//4519 4649//4649 4648//4648
f 4520//4520 4521//4521 4650//4650
f 4520//4520 4650//4650 4649//4649
f 4521//4521 4522//4522 4651//4651
f 4521//4521 4651//4651 4650//4650
f 4522//4522 4523//4523 4652//4652
f 4522//4522 4652//4652 4651//4651
f 4523//4523 4524//4524 4653//4653
f 4523//4523 4653//4653 4652//4652
f 4524//4524 4525//4525 4654//4654
f 4524//4524 4654//4654 4653//4653
f 4525//4525 4526//4526 4655//4655
f 4525//4525 4655//4655 4654//4654
f 4526//4526 4527//4527 4656//4656
f 4526//4526 4656//4656 4655//4655
f 4527//4527 4528//4528 4657//4657
f 4527//4527 4657//4657 4656//4656
f 4528//4528 4529//4529 4658//4658
f 4528//4528 4658//4658 4657//4657
f 4529//4529 4530//4530 4659//4659
f 4529//4529 4659//4659 4658//4658
f 4530//4530 4531//4531 4660//4660
f 4530//4530 4660//4660 4659//4659
f 4531//4531 4532//4532 4661//4661
f 4531//4531 4661//4661 4660//4660
f 4532//4532 4533//4533 4662//4662
f 4532//4532 4662//4662 4661//4661
f 4533//4533 4534//4534 4663//4663
f 4533//4533 4663//4663 4662//4662
f 4534//4534 4535//4535 4664//4664
f 4534//4534 4664//4664 4663//4663
f 4535//4535 4536//4536 4665//4665
f 4535//4535 4665//4665 4664//4664
f 4536//4536 4537//4537 4666//4666
f 4536//4536 4666//4666 4665//4665
f 4537//4537 4538//4538 4667//4667
f 4537//4537 4667//4667 4666//4666
f 4538//4538 4539//4539 4668//4668
f 4538//4538 4668//4668 4667//4667
f 4539//4539 4540//4540 4669//4669
f 4539//4539 4669//4669 4668//4668
f 4540//4540 4541//4541 4670//4670
f 4540//4540 4670//4670 4669//4669
f 4541//4541 4542//4542 4671//4671
f 4541//4541 4671//4671 4670//4670
f 4542//4542 4543//4543 4672//4672
f 4542//4542 4672//4672 4671//4671
f 4543//4543 4544//4544 4673//4673
f 4543//4543 4673//4673 4672//4672
f 4544//4544 4545//4545 4674//4674
f 4544//4544 4674//4674 4673//4673
f 4545//4545 4546//4546 4675//4675
f 4545//4545 4675//4675 4674//4674
f 4546//4546 4547//4547 4676//4676
f 4546//4546 4676//4676 4675//4675
f 4547//4547 4548//4548 4677//4677
f 4547//4547 4677//4677 4676//4676
f 4548//4548 4549//4549 4678//4678
f 4548//4548 4678//4678 4677//4677
f 4549//4549 4550//4550 4679//4679
f 4549//4549 4679//4679 4678//4678
f 4550//4550 4551//4551 4680//4680
f 4550//4550 4680//4680 4679//4679
f 4551//4551 4552//4552 4681//4681
f 4551//4551 4681//4681 4680//4680
f 4552//4552 4553//4553 4682//4682
f 4552//4552 4682//4682 4681//4681
f 4553//4553 4554//4554 4683//4683
f 4553//4553 4683//4683 4682//4682
f 4554//4554 4555//4555 4684//4684
f 4554//4554 4684//4684 4683//4683
f 4555//4555 4556//4556 4685//4685
f 4555//4555 4685//4685 4684//4684
f 4556//4556 4557//4557 4686//4686
f 4556//4556 4686//4686 4685//4685
f 4557//4557 4558//4558 4687//4687
f 4557//4557 4687//4687 4686//4686
f 4558//4558 4559//4559 4688//4688
f 4558//4558 4688//4688 4687//4687
f 4559//4559 4560//4560 4689//4689
f 4559//4559 4689//4689 4688//4688
f 4560//4560 4561//4561 4690//4690
f 4560//4560 4690//4690 4689//4689
f 4561//4561 4562//4562 4691//4691
f 4561//4561 4691//4691 4690//4690
f 4562//4562 4563//4563 4692//4692
f 4562//4562 4692//4692 4691//4691
f 4563//4563 4564//4564 4693//4693
f 4563//4563 4693//4693 4692//4692
f 4564//4564 4565//4565 4694//4694
f 4564//4564 4694//4694 4693//4693
f 4565//4565 4566//4566 4695//4695
f 4565//4565 4695//4695 4694//4694
f 4566//4566 4567//4567 4696//4696
f 4566//4566 4696//4696 4695//4695
f 4567//4567 4568//4568 4697//4697
f 4567//4567 4697//4697 4696//4696
f 4568//4568 4569//4569 4698//4698
f 4568//4568 4698//4698 4697//4697
f 4569//4569 4570//4570 4699//4699
f 4569//4569 4699//4699 4698//4698
f 4570//4570 4571//4571 4700//4700
f 4570//4570 4700//4700 4699//4699
f 4571//4571 4572//4572 4701//4701
f 4571//4571 4701//4701 4700//4700
f 4572//4572 4573//4573 4702//4702
f 4572//4572 4702//4702 4701//4701
f 4573//4573 4574//4574 4703//4703
f 4573//4573 4703//4703 4702//4702
f 4574//4574 4575//4575 4704//4704
f 4574//4574 4704//4704 4703//4703
f 4575//4575 4576//4576 4705//4705
f 4575//4575 4705//4705 4704//4704
f 4576//4576 4577//4577 4706//4706
f 4576//4576 4706//4706 4705//4705
f 4577//4577 4578//4578 4707//4707
f 4577//4577 4707//4707 4706//4706
f 4578//4578 4579//4579 4708//4708
f 4578//4578 4708//4708 4707//4707
f 4579//4579 4580//4580 4709//4709
f 4579//4579 4709//4709 4708//4708
f 4580//4580 4581//4581 4710//4710
f 4580//4580 4710//4710 4709//4709
f 4581//4581 4582//4582 4711//4711
f 4581//4581 4711//4711 4710//4710
f 4582//4582 4583//4583 4712//4712
f 4582//4582 4712//4712 4711//4711
f 4583//4583 4584//4584 4713//4713
f 4583//4583 4713//4713 4712//4712
f 4584//4584 4585//4585 4714//4714
f 4584//4584 4714//4714 4713//4713
f 4585//4585 4586//4586 4715//4715
f 4585//4585 4715//4715 4714//4714
f 4586//4586 4587//4587 4716//4716
f 4586//4586 4716//4716 4715//4715
f 4587//4587 4588//4588 4717//4717
f 4587//4587 4717//4717 4716//4716
f 4588//4588 4589//4589 4718//4718
f 4588//4588 4718//4718 4717//4717
f 4589//4589 4590//4590 4719//4719
f 4589//4589 4719//4719 4718//4718
f 4590//4590 4591//4591 4720//4720
f 4590//4590 4720//4720 4719//4719
f 4591//4591 4592//4592 4721//4721
f 4591//4591 4721//4721 4720//4720
f 4592//4592 4593//4593 4722//4722
f 4592//4592 4722//4722 4721//4721
f 4593//4593 4594//4594 4723//4723
f 4593//4593 4723//4723 4722//4722
f 4594//4594 4595//4595 4724//4724
f 4594//4594 4724//4724 4723//4723
f 4595//4595 4596//4596 4725//4725
f 4595//4595 4725//4725 4724//4724
f 4596//4596 4597//4597 4726//4726
f 4596//4596 4726//4726 4725//4725
f 4597//4597 4598//4598 4727//4727
f 4597//4597 4727//4727 4726//4726
f 4598//4598 4599//4599 4728//4728
f 4598//4598 4728//4728 4727//4727
f 4599//4599 4600//4600 4729//4729
f 4599//4599 4729//4729 4728//4728
f 4600//4600 4601//4601 4730//4730
f 4600//4600 4730//4730 4729//4729
f 4601//4601 4602//4602 4731//4731
f 4601//4601 4731//4731 4730//4730
f 4602//4602 4603//4603 4732//4732
f 4602//4602 4732//4732 4731//4731
f 4603//4603 4604//4604 4733//4733
f 4603//4603 4733//4733 4732//4732
f 4604//4604 4605//4605 4734//4734
f 4604//4604 4734//4734 4733//4733
f 4605//4605 4606//4606 4735//4735
f 4605//4605 4735//4735 4734//4734
f 4606//4606 4607//4607 4736//4736
f 4606//4606 4736//4736 4735//4735
f 4607//4607 4608//4608 4737//4737
f 4607//4607 4737//4737 4736//4736
f 4608//4608 4609//4609 4738//4738
f 4608//4608 4738//4738 4737//4737
f 4609//4609 4610//4610 4739//4739
f 4609//4609 4739//4739 4738//4738
f 4610//4610 4611//4611 4740//4740
f 4610//4610 4740//4740 4739//4739
f 4611//4611 4612//4612 4741//4741
f 4611//4611 4741//4741 4740//4740
f 4612//4612 4613//4613 4742//4742
f 4612//4612 4742//4742 4741//4741
f 4613//4613 4614//4614 4743//4743
f 4613//4613 4743//4743 4742//4742
f 4614//4614 4615//4615 4744//4744
f 4614//4614 4744//4744 4743//4743
f 4615//4615 4616//4616 4745//4745
f 4615//4615 4745//4745 4744//4744
f 4616//4616 4617//4617 4746//4746
f 4616//4616 4746//4746 4745//4745
f 4617//4617 4618//4618 4747//4747
f 4617//4617 4747//4747 4746//4746
f 4618//4618 4619//4619 4748//4748
f 4618//4618 4748//4748 4747//4747
f 4619//4619 4620//4620 4749//4749
f 4619//4619 4749//4749 4748//4748
f 4620//4620 4621//4621 4750//4750
f 4620//4620 4750//4750 4749//4749
f 4621//4621 4622//4622 4751//4751
f 4621//4621 4751//4751 4750//4750
f 4622//4622 4623//4623 4752//4752
f 4622//4622 4752//4752 4751//4751
f 4623//4623 4624//4624 4753//4753
f 4623//4623 4753//4753 4752//4752
f 4624//4624 4625//4625 4754//4754
f 4624//4624 4754//4754 4753//4753
f 4625//4625 4626//4626 4755//4755
f 4625//4625 4755//4755 4754//4754
f 4626//4626 4627//4627 4756//4756
f 4626//4626 4756//4756 4755//4755
f 4627//4627 4628//4628 4757//4757
f 4627//4627 4757//4757 4756//4756
f 4628//4628 4629//4629 4758//4758
f 4628//4628 4758//4758 4757//4757
f 4629//4629 4630//4630 4759//4759
f 4629//4629 4759//4759 4758//4758
f 4630//4630 4631//4631 4760//4760
f 4630//4630 4760//4760 4759//4759
f 4631//4631 4632//4632 4761//4761
f 4631//4631 4761//4761 4760//4760
f 4632//4632 4633//4633 4762//4762
f 4632//4632 4762//4762 4761//4761
f 4633//4633 4634//4634 4763//4763
f 4633//4633 4763//4763 4762//4762
f 4634//4634 4635//4635 4764//4764
f 4634//4634 4764//4764 4763//4763
f 4635//4635 4636//4636 4765//4765
f 4635//4635 4765//4765 4764//4764
f 4636//4636 4637//4637 4766//4766
f 4636//4636 4766//4766 4765//4765
f 4637//4637 4638//4638 4767//4767
f 4637//4637 4767//4767 4766//4766
f 4638//4638 4639//4639 4768//4768
f 4638//4638 4768//4768 4767//4767
f 4639//4639 4640//4640 4769//4769
f 4639//4639 4769//4769 4768//4768
f 4640//4640 4641//4641 4770//4770
f 4640//4640 4770//4770 4769//4769
f 4641//4641 4642//4642 4771//4771
f 4641//4641 4771//4771 4770//4770
f 4642//4642 4643//4643 4772//4772
f 4642//4642 4772//4772 4771//4771
f 4643//4643 4644//4644 4773//4773
f 4643//4643 4773//4773 4772//4772
f 4645//4645 4646//4646 4775//4775
f 4645//4645 4775//4775 4774//4774
f 4646//4646 4647//4647 4776//4776
f 4646//4646 4776//4776 4775//4775
f 4647//4647 4648//4648 4777//4777
f 4647//4647 4777//4777 4776//4776
f 4648//4648 4649//4649 4778//4778
f 4648//4648 4778//4778 4777//4777
f 4649//4649 4650//4650 4779//4779
f 4649//4649 4779//4779 4778//4778
f 4650//4650 4651//4651 4780//4780
f 4650//4650 4780//4780 4779//4779
f 4651//4651 4652//4652 4781//4781
f 4651//4651 4781//4781 4780//4780
f 4652//4652 4653//4653 4782//4782
f 4652//4652 4782//4782 4781//4781
f 4653//4653 4654//4654 4783//4783
f 4653//4653 4783//4783 4782//4782
f 4654//4654 4655//4655 4784//4784
f 4654//4654 4784//4784 4783//4783
f 4655//4655 4656//4656 4785//4785
f 4655//4655 4785//4785 4784//4784
f 4656//4656 4657//4657 4786//4786
f 4656//4656 4786//4786 4785//4785
f 4657//4657 4658//4658 4787//4787
f 4657//4657 4787//4787 4786//4786
f 4658//4658 4659//4659 4788//4788
f 4658//4658 4788//4788 4787//4787
f 4659//4659 4660//4660 4789//4789
f 4659//4659 4789//4789 4788//4788
f 4660//4660 4661//4661 4790//4790
f 4660//4660 4790//4790 4789//4789
f 4661//4661 4662//4662 4791//4791
f 4661//4661 4791//4791 4790//4790
f 4662//4662 4663//4663 4792//4792
f 4662//4662 4792//4792 4791//4791
f 4663//4663 4664//4664 4793//4793
f 4663//4663 4793//4793 4792//4792
f 4664//4664 4665//4665 4794//4794
f 4664//4664 4794//4794 4793//4793
f 4665//4665 4666//4666 4795//4795
f 4665//4665 4795//4795 4794//4794
f 4666//4666 4667//4667 4796//4796
f 4666//4666 4796//4796 4795//4795
f 4667//4667 4668//4668 4797//4797
f 4667//4667 4797//4797 4796//4796
f 4668//4668 4669//4669 4798//4798
f 4668//4668 4798//4798 4797//4797
f 4669//4669 4670//4670 4799//4799
f 4669//4669 4799//4799 4798//4798
f 4670//4670 4671//4671 4800//4800
f 4670//4670 4800//4800 4799//4799
f 4671//4671 4672//4672 4801//4801
f 4671//4671 4801//4801 4800//4800
f 4672//4672 4673//4673 4802//4802
f 4672//4672 4802//4802 4801//4801
f 4673//4673 4674//4674 4803//4803
f 4673//4673 4803//4803 4802//4802
f 4674//4674 4675//4675 4804//4804
f 4674//4674 4804//4804 4803//4803
f 4675//4675 4676//4676 4805//4805
f 4675//4675 4805//4805 4804//4804
f 4676//4676 4677//4677 4806//4806
f 4676//4676 4806//4806 4805//4805
f 4677//4677 4678//4678 4807//4807
f 4677//4677 4807//4807 4806//4806
f 4678//4678 4679//4679 4808//4808
f 4678//4678 4808//4808 4807//4807
f 4679//4679 4680//4680 4809//4809
f 4679//4679 4809//4809 4808//4808
f 4680//4680 4681//4681 4810//4810
f 4680//4680 4810//4810 4809//4809
f 4681//4681 4682//4682 4811//4811
f 4681//4681 4811//4811 4810//4810
f 4682//4682 4683//4683 4812//4812
f 4682//4682 4812//4812 4811//4811
f 4683//4683 4684//4684 4813//4813
f 4683//4683 4813//4813 4812//4812
f 4684//4684 4685//4685 4814//4814
f 4684//4684 4814//4814 4813//4813
f 4685//4685 4686//4686 4815//4815
f 4685//4685 4815//4815 4814//4814
f 4686//4686 4687//4687 4816//4816
f 4686//4686 4816//4816 4815//4815
f 4687//4687 4688//4688 4817//4817
f 4687//4687 4817//4817 4816//4816
f 4688//4688 4689//4689 4818//4818
f 4688//4688 4818//4818 4817//4817
f 4689//4689 4690//4690 4819//4819
f 4689//4689 4819//4819 4818//4818
f 4690//4690 4691//4691 4820//4820
f 4690//4690 4820//4820 4819//4819
f 4691//4691 4692//4692 4821//4821
f 4691//4691 4821//4821 4820//4820
f 4692//4692 4693//4693 4822//4822
f 4692//4692 4822//4822 4821//4821
f 4693//4693 4694//4694 4823//4823
f 4693//4693 4823//4823 4822//4822
f 4694//4694 4695//4695 4824//4824
f 4694//4694 4824//4824 4823//4823
f 4695//4695 4696//4696 4825//4825
f 4695//4695 4825//4825 4824//4824
f 4696//4696 4697//4697 4826//4826
f 4696//4696 4826//4826 4825//4825
f 4697//4697 4698//4698 4827//4827
f 4697//4697 4827//4827 4826//4826
f 4698//4698 4699//4699 4828//4828
f 4698//4698 4828//4828 4827//4827
f 4699//4699 4700//4700 4829//4829
f 4699//4699 4829//4829 4828//4828
f 4700//4700 4701//4701 4830//4830
f 4700//4700 4830//4830 4829//4829
f 4701//4701 4702//4702 4831//4831
f 4701//4701 4831//4831 4830//4830
f 4702//4702 4703//4703 4832//4832
f 4702//4702 4832//4832 4831//4831
f 4703//4703 4704//4704 4833//4833
f 4703//4703 4833//4833 4832//4832
f 4704//4704 4705//4705 4834//4834
f 4704//4704 4834//4834 4833//4833
f 4705//4705 4706//4706 4835//4835
f 4705//4705 4835//4835 4834//4834
f 4706//4706 4707//4707 4836//4836
f 4706//4706 4836//4836 4835//4835
f 4707//4707 4708//4708 4837//4837
f 4707//4707 4837//4837 4836//4836
f 4708//4708 4709//4709 4838//4838
f 4708//4708 4838//4838 4837//4837
f 4709//4709 4710//4710 4839//4839
f 4709//4709 4839//4839 4838//4838
f 4710//4710 4711//4711 4840//4840
f 4710//4710 4840//4840 4839//4839
f 4711//4711 4712//4712 4841//4841
f 4711//4711 4841//4841 4840//4840
f 4712//4712 4713//4713 4842//4842
f 4712//4712 4842//4842 4841//4841
f 4713//4713 4714//4714 4843//4843
f 4713//4713 4843//4843 4842//4842
f 4714//4714 4715//4715 4844//4844
f 4714//4714 4844//4844 4843//4843
f 4715//4715 4716//4716 4845//4845
f 4715//4715 4845//4845 4844//4844
f 4716//4716 4717//4717 4846//4846
f 4716//4716 4846//4846 4845//4845
f 4717//4717 4718//4718 4847//4847
f 4717//4717 4847//4847 4846//4846
f 4718//4718 4719//4719 4848//4848
f 4718//4718 4848//4848 4847//4847
f 4719//4719 4720//4720 4849//4849
f 4719//4719 4849//4849 4848//4848
f 4720//4720 4721//4721 4850//4850
f 4720//4720 4850//4850 4849//4849
f 4721//4721 4722//4722 4851//4851
f 4721//4721 4851//4851 4850//4850
f 4722//4722 4723//4723 4852//4852
f 4722//4722 4852//4852 4851//4851
f 4723//4723 4724//4724 4853//4853
f 4723//4723 4853//4853 4852//4852
f 4724//4724 4725//4725 4854//4854
f 4724//4724 4854//4854 4853//4853
f 4725//4725 4726//4726 4855//4855
f 4725//4725 4855//4855 4854//4854
f 4726//4726 4727//4727 4856//4856
f 4726//4726 4856//4856 4855//4855
f 4727//4727 4728//4728 4857//4857
f 4727//4727 4857//4857 4856//4856
f 4728//4728 4729//4729 4858//4858
f 4728//4728 4858//4858 4857//4857
f 4729//4729 4730//4730 4859//4859
f 4729//4729 4859//4859 4858//4858
f 4730//4730 4731//4731 4860//4860
f 4730//4730 4860//4860 4859//4859
f 4731//4731 4732//4732 4861//4861
f 4731//4731 4861//4861 4860//4860
f 4732//4732 4733//4733 4862//4862
f 4732//4732 4862//4862 4861//4861
f 4733//4733 4734//4734 4863//4863
f 4733//4733 4863//4863 4862//4862
f 4734//4734 4735//4735 4864//4864
f 4734//4734 4864//4864 4863//4863
f 4735//4735 4736//4736 4865//4865
f 4735//4735 4865//4865 4864//4864
f 4736//4736 4737//4737 4866//4866
f 4736//4736 4866//4866 4865//4865
f 4737//4737 4738//4738 4867//4867
f 4737//4737 4867//4867 4866//4866
f 4738//4738 4739//4739 4868//4868
f 4738//4738 4868//4868 4867//4867
f 4739//4739 4740//4740 4869//4869
f 4739//4739 4869//4869 4868//4868
f 4740//4740 4741//4741 4870//4870
f 4740//4740 4870//4870 4869//4869
f 4741//4741 4742//4742 4871//4871
f 4741//4741 4871//4871 4870//4870
f 4742//4742 4743//4743 4872//4872
f 4742//4742 4872//4872 4871//4871
f 4743//4743 4744//4744 4873//4873
f 4743//4743 4873//4873 4872//4872
f 4744//4744 4745//4745 4874//4874
f 4744//4744 4874//4874 4873//4873
f 4745//4745 4746//4746 4875//4875
f 4745//4745 4875//4875 4874//4874
f 4746//4746 4747//4747 4876//4876
f 4746//4746 4876//4876 4875//4875
f 4747//4747 4748//4748 4877//4877
f 4747//4747 4877//4877 4876//4876
f 4748//4748 4749//4749 4878//4878
f 4748//4748 4878//4878 4877//4877
f 4749//4749 4750//4750 4879//4879
f 4749//4749 4879//4879 4878//4878
f 4750//4750 4751//4751 4880//4880
f 4750//4750 4880//4880 4879//4879
f 4751//4751 4752//4752 4881//4881
f 4751//4751 4881//4881 4880//4880
f 4752//4752 4753//4753 4882//4882
f 4752//4752 4882//4882 4881//4881
f 4753//4753 4754//4754 4883//4883
f 4753//4753 4883//4883 4882//4882
f 4754//4754 4755//4755 4884//4884
f 4754//4754 4884//4884 4883//4883
f 4755//4755 4756//4756 4885//4885
f 4755//4755 4885//4885 4884//4884
f 4756//4756 4757//4757 4886//4886
f 4756//4756 4886//4886 4885//4885
f 4757//4757 4758//4758 4887//4887
f 4757//4757 4887//4887 4886//4886
f 4758//4758 4759//4759 4888//4888
f 4758//4758 4888//4888 4887//4887
f 4759//4759 4760//4760 4889//4889
f 4759//4759 4889//4889 4888//4888
f 4760//4760 4761//4761 4890//4890
f 4760//4760 4890//4890 4889//4889
f 4761//4761 4762//4762 4891//4891
f 4761//4761 4891//4891 4890//4890
f 4762//4762 4763//4763 4892//4892
f 4762//4762 4892//4892 4891//4891
f 4763//4763 4764//4764 4893//4893
f 4763//4763 4893//4893 4892//4892
f 4764//4764 4765//4765 4894//4894
f 4764//4764 4894//4894 4893//4893
f 4765//4765 4766//4766 4895//4895
f 4765//4765 4895//4895 4894//4894
f 4766//4766 4767//4767 4896//4896
f 4766//4766 4896//4896 4895//4895
f 4767//4767 4768//4768 4897//4897
f 4767//4767 4897//4897 4896//4896
f 4768//4768 4769//4769 4898//4898
f 4768//4768 4898//4898 4897//4897
f 4769//4769 4770//4770 4899//4899
f 4769//4769 4899//4899 4898//4898
f 4770//4770 4771//4771 4900//4900
f 4770//4770 4900//4900 4899//4899
f 4771//4771 4772//4772 4901//4901
f 4771//4771 4901//4901 4900//4900
f 4772//4772 4773//4773 4902//4902
f 4772//4772 4902//4902 4901//4901
f 4774//4774 4775//4775 4904//4904
f 4774//4774 4904//4904 4903//4903
f 4775//4775 4776//4776 4905//4905
f 4775//4775 4905//4905 4904//4904
f 4776//4776 4777//4777 4906//4906
f 4776//4776 4906//4906 4905//4905
f 4777//4777 4778//4778 4907//4907
f 4777//4777 4907//4907 4906//4906
f 4778//4778 4779//4779 4908//4908
f 4778//4778 4908//4908 4907//4907
f 4779//4779 4780//4780 4909//4909
f 4779//4779 4909//4909 4908//4908
f 4780//4780 4781//4781 4910//4910
f 4780//4780 4910//4910 4909//4909
f 4781//4781 4782//4782 4911//4911
f 4781//4781 4911//4911 4910//4910
f 4782//4782 4783//4783 4912//4912
f 4782//4782 4912//4912 4911//4911
f 4783//4783 4784//4784 4913//4913
f 4783//4783 4913//4913 4912//4912
f 4784//4784 4785//4785 4914//4914
f 4784//4784 4914//4914 4913//4913
f 4785//4785 4786//4786 4915//4915
f 4785//4785 4915//4915 4914//4914
f 4786//4786 4787//4787 4916//4916
f 4786//4786 4916//4916 4915//4915
f 4787//4787 4788//4788 4917//4917
f 4787//4787 4917//4917 4916//4916
f 4788//4788 4789//4789 4918//4918
f 4788//4788 4918//4918 4917//4917
f 4789//4789 4790//4790 4919//4919
f 4789//4789 4919//4919 4918//4918
f 4790//4790 4791//4791 4920//4920
f 4790//4790 4920//4920 4919//4919
f 4791//4791 4792//4792 4921//4921
f 4791//4791 4921//4921 4920//4920
f 4792//4792 4793//4793 4922//4922
f 4792//4792 4922//4922 4921//4921
f 4793//4793 4794//4794 4923//4923
f 4793//4793 4923//4923 4922//4922
f 4794//4794 4795//4795 4924//4924
f 4794//4794 4924//4924 4923//4923
f 4795//4795 4796//4796 4925//4925
f 4795//4795 4925//4925 4924//4924
f 4796//4796 4797//4797 4926//4926
f 4796//4796 4926//4926 4925//4925
f 4797//4797 4798//4798 4927//4927
f 4797//4797 4927//4927 4926//4926
f 4798//4798 4799//4799 4928//4928
f 4798//4798 4928//4928 4927//4927
f 4799//4799 4800//4800 4929//4929
f 4799//4799 4929//4929 4928//4928
f 4800//4800 4801//4801 4930//4930
f 4800//4800 4930//4930 4929//4929
f 4801//4801 4802//4802 4931//4931
f 4801//4801 4931//4931 4930//4930
f 4802//4802 4803//4803 4932//4932
f 4802//4802 4932//4932 4931//4931
f 4803//4803 4804//4804 4933//4933
f 4803//4803 4933//4933 4932//4932
f 4804//4804 4805//4805 4934//4934
f 4804//4804 4934//4934 4933//4933
f 4805//4805 4806//4806 4935//4935
f 4805//4805 4935//4935 4934//4934
f 4806//4806 4807//4807 4936//4936
f 4806//4806 4936//4936 4935//4935
f 4807//4807 4808//4808 4937//4937
f 4807//4807 4937//4937 4936//4936
f 4808//4808 4809//4809 4938//4938
f 4808//4808 4938//4938 4937//4937
f 4809//4809 4810//4810 4939//4939
f 4809//4809 4939//4939 4938//4938
f 4810//4810 4811//4811 4940//4940
f 4810//4810 4940//4940 4939//4939
f 4811//4811 4812//4812 4941//4941
f 4811//4811 4941//4941 4940//4940
f 4812//4812 4813//4813 4942//4942
f 4812//4812 4942//4942 4941//4941
f 4813//4813 4814//4814 4943//4943
f 4813//4813 4943//4943 4942//4942
f 4814//4814 4815//4815 4944//4944
f 4814//4814 4944//4944 4943//4943
f 4815//4815 4816//4816 4945//4945
f 4815//4815 4945//4945 4944//4944
f 4816//4816 4817//4817 4946//4946
f 4816//4816 4946//4946 4945//4945
f 4817//4817 4818//4818 4947//4947
f 4817//4817 4947//4947 4946//4946
f 4818//4818 4819//4819 4948//4948
f 4818//4818 4948//4948 4947//4947
f 4819//4819 4820//4820 4949//4949
f 4819//4819 4949//4949 4948//4948
f 4820//4820 4821//4821 4950//4950
f 4820//4820 4950//4950 4949//4949
f 4821//4821 4822//4822 4951//4951
f 4821//4821 4951//4951 4950//4950
f 4822//4822 4823//4823 4952//4952
f 4822//4822 4952//4952 4951//4951
f 4823//4823 4824//4824 4953//4953
f 4823//4823 4953//4953 4952//4952
f 4824//4824 4825//4825 4954//4954
f 4824//4824 4954//4954 4953//4953
f 4825//4825 4826//4826 4955//4955
f 4825//4825 4955//4955 4954//4954
f 4826//4826 4827//4827 4956//4956
f 4826//4826 4956//4956 4955//4955
f 4827//4827 4828//4828 4957//4957
f 4827//4827 4957//4957 4956//4956
f 4828//4828 4829//4829 4958//4958
f 4828//4828 4958//4958 4957//4957
f 4829//4829 4830//4830 4959//4959
f 4829//4829 4959//4959 4958//4958
f 4830//4830 4831//4831 4960//4960
f 4830//4830 4960//4960 4959//4959
f 4831//4831 4832//4832 4961//4961
f 4831//4831 4961//4961 4960//4960
f 4832//4832 4833//4833 4962//4962
f 4832//4832 4962//4962 4961//4961
f 4833//4833 4834//4834 4963//4963
f 4833//4833 4963//4963 4962//4962
f 4834//4834 4835//4835 4964//4964
f 4834//4834 4964//4964 4963//4963
f 4835//4835 4836//4836 4965//4965
f 4835//4835 4965//4965 4964//4964
f 4836//4836 4837//4837 4966//4966
f 4836//4836 4966//4966 4965//4965
f 4837//4837 4838//4838 4967//4967
f 4837//4837 4967//4967 4966//4966
f 4838//4838 4839//4839 4968//4968
f 4838//4838 4968//4968 4967//4967
f 4839//4839 4840//4840 4969//4969
f 4839//4839 4969//4969 4968//4968
f 4840//4840 4841//4841 4970//4970
f 4840//4840 4970//4970 4969//4969
f 4841//4841 4842//4842 4971//4971
f 4841//4841 4971//4971 4970//4970
f 4842//4842 4843//4843 4972//4972
f 4842//4842 4972//4972 4971//4971
f 4843//4843 4844//4844 4973//4973
f 4843//4843 4973//4973 4972//4972
f 4844//4844 4845//4845 4974//4974
f 4844//4844 4974//4974 4973//4973
f 4845//4845 4846//4846 4975//4975
f 4845//4845 4975//4975 4974//4974
f 4846//4846 4847//4847 4976//4976
f 4846//4846 4976//4976 4975//4975
f 4847//4847 4848//4848 4977//4977
f 4847//4847 4977//4977 4976//4976
f 4848//4848 4849//4849 4978//4978
f 4848//4848 4978//4978 4977//4977
f 4849//4849 4850//4850 4979//4979
f 4849//4849 4979//4979 4978//4978
f 4850//4850 4851//4851 4980//4980
f 4850//4850 4980//4980 4979//4979
f 4851//4851 4852//4852 4981//4981
f 4851//4851 4981//4981 4980//4980
f 4852//4852 4853//4853 4982//4982
f 4852//4852 4982//4982 4981//4981
f 4853//4853 4854//4854 4983//4983
f 4853//4853 4983//4983 4982//4982
f 4854//4854 4855//4855 4984//4984
f 4854//4854 4984//4984 4983//4983
f 4855//4855 4856//4856 4985//4985
f 4855//4855 4985//4985 4984//4984
f 4856//4856 4857//4857 4986//4986
f 4856//4856 4986//4986 4985//4985
f 4857//4857 4858//4858 4987//4987
f 4857//4857 4987//4987 4986//4986
f 4858//4858 4859//4859 4988//4988
f 4858//4858 4988//4988 4987//4987
f 4859//4859 4860//4860 4989//4989
f 4859//4859 4989//4989 4988//4988
f 4860//4860 4861//4861 4990//4990
f 4860//4860 4990//4990 4989//4989
f 4861//4861 4862//4862 4991//4991
f 4861//4861 4991//4991 4990//4990
f 4862//4862 4863//4863 4992//4992
f 4862//4862 4992//4992 4991//4991
f 4863//4863 4864//4864 4993//4993
f 4863//4863 4993//4993 4992//4992
f 4864//4864 4865//4865 4994//4994
f 4864//4864 4994//4994 4993//4993
f 4865//4865 4866//4866 4995//4995
f 4865//4865 4995//4995 4994//4994
f 4866//4866 4867//4867 4996//4996
f 4866//4866 4996//4996 4995//4995
f 4867//4867 4868//4868 4997//4997
f 4867//4867 4997//4997 4996//4996
f 4868//4868 4869//4869 4998//4998
f 4868//4868 4998//4998 4997//4997
f 4869//4869 4870//4870 4999//4999
f 4869//4869 4999//4999 4998//4998
f 4870//4870 4871//4871 5000//5000
f 4870//4870 5000//5000 4999//4999
f 4871//4871 4872//4872 5001//5001
f 4871//4871 5001//5001 5000//5000
f 4872//4872 4873//4873 5002//5002
f 4872//4872 5002//5002 5001//5001
f 4873//4873 4874//4874 5003//5003
f 4873//4873 5003//5003 5002//5002
f 4874//4874 4875//4875 5004//5004
f 4874//4874 5004//5004 5003//5003
f 4875//4875 4876//4876 5005//5005
f 4875//4875 5005//5005 5004//5004
f 4876//4876 4877//4877 5006//5006
f 4876//4876 5006//5006 5005//5005
f 4877//4877 4878//4878 5007//5007
f 4877//4877 5007//5007 5006//5006
f 4878//4878 4879//4879 5008//5008
f 4878//4878 5008//5008 5007//5007
f 4879//4879 4880//4880 5009//5009
f 4879//4879 5009//5009 5008//5008
f 4880//4880 4881//4881 5010//5010
f 4880//4880 5010//5010 5009//5009
f 4881//4881 4882//4882 5011//5011
f 4881//4881 5011//5011 5010//5010
f 4882//4882 4883//4883 5012//5012
f 4882//4882 5012//5012 5011//5011
f 4883//4883 4884//4884 5013//5013
f 4883//4883 5013//5013 5012//5012
f 4884//4884 4885//4885 5014//5014
f 4884//4884 5014//5014 5013//5013
f 4885//4885 4886//4886 5015//5015
f 4885//4885 5015//5015 5014//5014
f 4886//4886 4887//4887 5016//5016
f 4886//4886 5016//5016 5015//5015
f 4887//4887 4888//4888 5017//5017
f 4887//4887 5017//5017 5016//5016
f 4888//4888 4889//4889 5018//5018
f 4888//4888 5018//5018 5017//5017
f 4889//4889 4890//4890 5019//5019
f 4889//4889 5019//5019 5018//5018
f 4890//4890 4891//4891 5020//5020
f 4890//4890 5020//5020 5019//5019
f 4891//4891 4892//4892 5021//5021
f 4891//4891 5021//5021 5020//5020
f 4892//4892 4893//4893 5022//5022
f 4892//4892 5022//5022 5021//5021
f 4893//4893 4894//4894 5023//5023
f 4893//4893 5023//5023 5022//5022
f 4894//4894 4895//4895 5024//5024
f 4894//4894 5024//5024 5023//5023
f 4895//4895 4896//4896 5025//5025
f 4895//4895 5025//5025 5024//5024
f 4896//4896 4897//4897 5026//5026
f 4896//4896 5026//5026 5025//5025
f 4897//4897 4898//4898 5027//5027
f 4897//4897 5027//5027 5026//5026
f 4898//4898 4899//4899 5028//5028
f 4898//4898 5028//5028 5027//5027
f 4899//4899 4900//4900 5029//5029
f 4899//4899 5029//5029 5028//5028
f 4900//4900 4901//4901 5030//5030
f 4900//4900 5030//5030 5029//5029
f 4901//4901 4902//4902 5031//5031
f 4901//4901 5031//5031 5030//5030
f 4903//4903 4904//4904 5033//5033
f 4903//4903 5033//5033 5032//5032
f 4904//4904 4905//4905 5034//5034
f 4904//4904 5034//5034 5033//5033
f 4905//4905 4906//4906 5035//5035
f 4905//4905 5035//5035 5034//5034
f 4906//4906 4907//4907 5036//5036
f 4906//4906 5036//5036 5035//5035
f 4907//4907 4908//4908 5037//5037
f 4907//4907 5037//5037 5036//5036
f 4908//4908 4909//4909 5038//5038
f 4908//4908 5038//5038 5037//5037
f 4909//4909 4910//4910 5039//5039
f 4909//4909 5039//5039 5038//5038
f 4910//4910 4911//4911 5040//5040
f 4910//4910 5040//5040 5039//5039
f 4911//4911 4912//4912 5041//5041
f 4911//4911 5041//5041 5040//5040
f 4912//4912 4913//4913 5042//5042
f 4912//4912 5042//5042 5041//5041
f 4913//4913 4914//4914 5043//5043
f 4913//4913 5043//5043 5042//5042
f 4914//4914 4915//4915 5044//5044
f 4914//4914 5044//5044 5043//5043
f 4915//4915 4916//4916 5045//5045
f 4915//4915 5045//5045 5044//5044
f 4916//4916 4917//4917 5046//5046
f 4916//4916 5046//5046 5045//5045
f 4917//4917 4918//4918 5047//5047
f 4917//4917 5047//5047 5046//5046
f 4918//4918 4919//4919 5048//5048
f 4918//4918 5048//5048 5047//5047
f 4919//4919 4920//4920 5049//5049
f 4919//4919 5049//5049 5048//5048
f 4920//4920 4921//4921 5050//5050
f 4920//4920 5050//5050 5049//5049
f 4921//4921 4922//4922 5051//5051
f 4921//4921 5051//5051 5050//5050
f 4922//4922 4923//4923 5052//5052
f 4922//4922 5052//5052 5051//5051
f 4923//4923 4924//4924 5053//5053
f 4923//4923 5053//5053 5052//5052
f 4924//4924 4925//4925 5054//5054
f 4924//4924 5054//5054 5053//5053
f 4925//4925 4926//4926 5055//5055
f 4925//4925 5055//5055 5054//5054
f 4926//4926 4927//4927 5056//5056
f 4926//4926 5056//5056 5055//5055
f 4927//4927 4928//4928 5057//5057
f 4927//4927 5057//5057 5056//5056
f 4928//4928 4929//4929 5058//5058
f 4928//4928 5058//5058 5057//5057
f 4929//4929 4930//4930 5059//5059
f 4929//4929 5059//5059 5058//5058
f 4930//4930 4931//4931 5060//5060
f 4930//4930 5060//5060 5059//5059
f 4931//4931 4932//4932 5061//5061
f 4931//4931 5061//5061 5060//5060
f 4932//4932 4933//4933 5062//5062
f 4932//4932 5062//5062 5061//5061
f 4933//4933 4934//4934 5063//5063
f 4933//4933 5063//5063 5062//5062
f 4934//4934 4935//4935 5064//5064
f 4934//4934 5064//5064 5063//5063
f 4935//4935 4936//4936 5065//5065
f 4935//4935 5065//5065 5064//5064
f 4936//4936 4937//4937 5066//5066
f 4936//4936 5066//5066 5065//5065
f 4937//4937 4938//4938 5067//5067
f 4937//4937 5067//5067 5066//5066
f 4938//4938 4939//4939 5068//5068
f 4938//4938 5068//5068 5067//5067
f 4939//4939 4940//4940 5069//5069
f 4939//4939 5069//5069 5068//5068
f 4940//4940 4941//4941 5070//5070
f 4940//4940 5070//5070 5069//5069
f 4941//4941 4942//4942 5071//5071
f 4941//4941 5071//5071 5070//5070
f 4942//4942 4943//4943 5072//5072
f 4942//4942 5072//5072 5071//5071
f 4943//4943 4944//4944 5073//5073
f 4943//4943 5073//5073 5072//5072
f 4944//4944 4945//4945 5074//5074
f 4944//4944 5074//5074 5073//5073
f 4945//4945 4946//4946 5075//5075
f 4945//4945 5075//5075 5074//5074
f 4946//4946 4947//4947 5076//5076
f 4946//4946 5076//5076 5075//5075
f 4947//4947 4948//4948 5077//5077
f 4947//4947 5077//5077 5076//5076
f 4948//4948 4949//4949 5078//5078
f 4948//4948 5078//5078 5077//5077
f 4949//4949 4950//4950 5079//5079
f 4949//4949 5079//5079 5078//5078
f 4950//4950 4951//4951 5080//5080
f 4950//4950 5080//5080 5079//5079
f 4951//4951 4952//4952 5081//5081
f 4951//4951 5081//5081 5080//5080
f 4952//4952 4953//4953 5082//5082
f 4952//4952 5082//5082 5081//5081
f 4953//4953 4954//4954 5083//5083
f 4953//4953 5083//5083 5082//5082
f 4954//4954 4955//4955 5084//5084
f 4954//4954 5084//5084 5083//5083
f 4955//4955 4956//4956 5085//5085
f 4955//4955 5085//5085 5084//5084
f 4956//4956 4957//4957 5086//5086
f 4956//4956 5086//5086 5085//5085
f 4957//4957 4958//4958 5087//5087
f 4957//4957 5087//5087 5086//5086
f 4958//4958 4959//4959 5088//5088
f 4958//4958 5088//5088 5087//5087
f 4959//4959 4960//4960 5089//5089
f 4959//4959 5089//5089 5088//5088
f 4960//4960 4961//4961 5090//5090
f 4960//4960 5090//5090 5089//5089
f 4961//4961 4962//4962 5091//5091
f 4961//4961 5091//5091 5090//5090
f 4962//4962 4963//4963 5092//5092
f 4962//4962 5092//5092 5091//5091
f 4963//4963 4964//4964 5093//5093
f 4963//4963 5093//5093 5092//5092
f 4964//4964 4965//4965 5094//5094
f 4964//4964 5094//5094 5093//5093
f 4965//4965 4966//4966 5095//5095
f 4965//4965 5095//5095 5094//5094
f 4966//4966 4967//4967 5096//5096
f 4966//4966 5096//5096 5095//5095
f 4967//4967 4968//4968 5097//5097
f 4967//4967 5097//5097 5096//5096
f 4968//4968 4969//4969 5098//5098
f 4968//4968 5098//5098 5097//5097
f 4969//4969 4970//4970 5099//5099
f 4969//4969 5099//5099 5098//5098
f 4970//4970 4971//4971 5100//5100
f 4970//4970 5100//5100 5099//5099
f 4971//4971 4972//4972 5101//5101
f 4971//4971 5101//5101 5100//5100
f 4972//4972 4973//4973 5102//5102
f 4972//4972 5102//5102 5101//5101
f 4973//4973 4974//4974 5103//5103
f 4973//4973 5103//5103 5102//5102
f 4974//4974 4975//4975 5104//5104
f 4974//4974 5104//5104 5103//5103
f 4975//4975 4976//4976 5105//5105
f 4975//4975 5105//5105 5104//5104
f 4976//4976 4977//4977 5106//5106
f 4976//4976 5106//5106 5105//5105
f 4977//4977 4978//4978 5107//5107
f 4977//4977 5107//5107 5106//5106
f 4978//4978 4979//4979 5108//5108
f 4978//4978 5108//5108 5107//5107
f 4979//4979 4980//4980 5109//5109
f 4979//4979 5109//5109 5108//5108
f 4980//4980 4981//4981 5110//5110
f 4980//4980 5110//5110 5109//5109
f 4981//4981 4982//4982 5111//5111
f 4981//4981 5111//5111 5110//5110
f 4982//4982 4983//4983 5112//5112
f 4982//4982 5112//5112 5111//5111
f 4983//4983 4984//4984 5113//5113
f 4983//4983 5113//5113 5112//5112
f 4984//4984 4985//4985 5114//5114
f 4984//4984 5114//5114 5113//5113
f 4985//4985 4986//4986 5115//5115
f 4985//4985 5115//5115 5114//5114
f 4986//4986 4987//4987 5116//5116
f 4986//4986 5116//5116 5115//5115
f 4987//4987 4988//4988 5117//5117
f 4987//4987 5117//5117 5116//5116
f 4988//4988 4989//4989 5118//5118
f 4988//4988 5118//5118 5117//5117
f 4989//4989 4990//4990 5119//5119
f 4989//4989 5119//5119 5118//5118
f 4990//4990 4991//4991 5120//5120
f 4990//4990 5120//5120 5119//5119
f 4991//4991 4992//4992 5121//5121
f 4991//4991 5121//5121 5120//5120
f 4992//4992 4993//4993 5122//5122
f 4992//4992 5122//5122 5121//5121
f 4993//4993 4994//4994 5123//5123
f 4993//4993 5123//5123 5122//5122
f 4994//4994 4995//4995 5124//5124
f 4994//4994 5124//5124 5123//5123
f 4995//4995 4996//4996 5125//5125
f 4995//4995 5125//5125 5124//5124
f 4996//4996 4997//4997 5126//5126
f 4996//4996 5126//5126 5125//5125
f 4997//4997 4998//4998 5127//5127
f 4997//4997 5127//5127 5126//5126
f 4998//4998 4999//4999 5128//5128
f 4998//4998 5128//5128 5127//5127
f 4999//4999 5000//5000 5129//5129
f 4999//4999 5129//5129 5128//5128
f 5000//5000 5001//5001 5130//5130
f 5000//5000 5130//5130 5129//5129
f 5001//5001 5002//5002 5131//5131
f 5001//5001 5131//5131 5130//5130
f 5002//5002 5003//5003 5132//5132
f 5002//5002 5132//5132 5131//5131
f 5003//5003 5004//5004 5133//5133
f 5003//5003 5133//5133 5132//5132
f 5004//5004 5005//5005 5134//5134
f 5004//5004 5134//5134 5133//5133
f 5005//5005 5006//5006 5135//5135
f 5005//5005 5135//5135 5134//5134
f 5006//5006 5007//5007 5136//5136
f 5006//5006 5136//5136 5135//5135
f 5007//5007 5008//5008 5137//5137
f 5007//5007 5137//5137 5136//5136
f 5008//5008 5009//5009 5138//5138
f 5008//5008 5138//5138 5137//5137
f 5009//5009 5010//5010 5139//5139
f 5009//5009 5139//5139 5138//5138
f 5010//5010 5011//5011 5140//5140
f 5010//5010 5140//5140 5139//5139
f 5011//5011 5012//5012 5141//5141
f 5011//5011 5141//5141 5140//5140
f 5012//5012 5013//5013 5142//5142
f 5012//5012 5142//5142 5141//5141
f 5013//5013 5014//5014 5143//5143
f 5013//5013 5143//5143 5142//5142
f 5014//5014 5015//5015 5144//5144
f 5014//5014 5144//5144 5143//5143
f 5015//5015 5016//5016 5145//5145
f 5015//5015 5145//5145 5144//5144
f 5016//5016 5017//5017 5146//5146
f 5016//5016 5146//5146 5145//5145
f 5017//5017 5018//5018 5147//5147
f 5017//5017 5147//5147 5146//5146
f 5018//5018 5019//5019 5148//5148
f 5018//5018 5148//5148 5147//5147
f 5019//5019 5020//5020 5149//5149
f 5019//5019 5149//5149 5148//5148
f 5020//5020 5021//5021 5150//5150
f 5020//5020 5150//5150 5149//5149
f 5021//5021 5022//5022 5151//5151
f 5021//5021 5151//5151 5150//5150
f 5022//5022 5023//5023 5152//5152
f 5022//5022 5152//5152 5151//5151
f 5023//5023 5024//5024 5153//5153
f 5023//5023 5153//5153 5152//5152
f 5024//5024 5025//5025 5154//5154
f 5024//5024 5154//5154 5153//5153
f 5025//5025 5026//5026 5155//5155
f 5025//5025 5155//5155 5154//5154
f 5026//5026 5027//5027 5156//5156
f 5026//5026 5156//5156 5155//5155
f 5027//5027 5028//5028 5157//5157
f 5027//5027 5157//5157 5156//5156
f 5028//5028 5029//5029 5158//5158
f 5028//5028 5158//5158 5157//5157
f 5029//5029 5030//5030 5159//5159
f 5029//5029 5159//5159 5158//5158
f 5030//5030 5031//5031 5160//5160
f 5030//5030 5160//5160 5159//5159
f 5032//5032 5033//5033 5162//5162
f 5032//5032 5162//5162 5161//5161
f 5033//5033 5034//5034 5163//5163
f 5033//5033 5163//5163 5162//5162
f 5034//5034 5035//5035 5164//5164
f 5034//5034 5164//5164 5163//5163
f 5035//5035 5036//5036 5165//5165
f 5035//5035 5165//5165 5164//5164
f 5036//5036 5037//5037 5166//5166
f 5036//5036 5166//5166 5165//5165
f 5037//5037 5038//5038 5167//5167
f 5037//5037 5167//5167 5166//5166
f 5038//5038 5039//5039 5168//5168
f 5038//5038 5168//5168 5167//5167
f 5039//5039 5040//5040 5169//5169
f 5039//5039 5169//5169 5168//5168
f 5040//5040 5041//5041 5170//5170
f 5040//5040 5170//5170 5169//5169
f 5041//5041 5042//5042 5171//5171
f 5041//5041 5171//5171 5170//5170
f 5042//5042 5043//5043 5172//5172
f 5042//5042 5172//5172 5171//5171
f 5043//5043 5044//5044 5173//5173
f 5043//5043 5173//5173 5172//5172
f 5044//5044 5045//5045 5174//5174
f 5044//5044 5174//5174 5173//5173
f 5045//5045 5046//5046 5175//5175
f 5045//5045 5175//5175 5174//5174
f 5046//5046 5047//5047 5176//5176
f 5046//5046 5176//5176 5175//5175
f 5047//5047 5048//5048 5177//5177
f 5047//5047 5177//5177 5176//5176
f 5048//5048 5049//5049 5178//5178
f 5048//5048 5178//5178 5177//5177
f 5049//5049 5050//5050 5179//5179
f 5049//5049 5179//5179 5178//5178
f 5050//5050 5051//5051 5180//5180
f 5050//5050 5180//5180 5179//5179
f 5051//5051 5052//5052 5181//5181
f 5051//5051 5181//5181 5180//5180
f 5052//5052 5053//5053 5182//5182
f 5052//5052 5182//5182 5181//5181
f 5053//5053 5054//5054 5183//5183
f 5053//5053 5183//5183 5182//5182
f 5054//5054 5055//5055 5184//5184
f 5054//5054 5184//5184 5183//5183
f 5055//5055 5056//5056 5185//5185
f 5055//5055 5185//5185 5184//5184
f 5056//5056 5057//5057 5186//5186
f 5056//5056 5186//5186 5185//5185
f 5057//5057 5058//5058 5187//5187
f 5057//5057 5187//5187 5186//5186
f 5058//5058 5059//5059 5188//5188
f 5058//5058 5188//5188 5187//5187
f 5059//5059 5060//5060 5189//5189
f 5059//5059 5189//5189 5188//5188
f 5060//5060 5061//5061 5190//5190
f 5060//5060 5190//5190 5189//5189
f 5061//5061 5062//5062 5191//5191
f 5061//5061 5191//5191 5190//5190
f 5062//5062 5063//5063 5192//5192
f 5062//5062 5192//5192 5191//5191
f 5063//5063 5064//5064 5193//5193
f 5063//5063 5193//5193 5192//5192
f 5064//5064 5065//5065 5194//5194
f 5064//5064 5194//5194 5193//5193
f 5065//5065 5066//5066 5195//5195
f 5065//5065 5195//5195 5194//5194
f 5066//5066 5067//5067 5196//5196
f 5066//5066 5196//5196 5195//5195
f 5067//5067 5068//5068 5197//5197
f 5067//5067 5197//5197 5196//5196
f 5068//5068 5069//5069 5198//5198
f 5068//5068 5198//5198 5197//5197
f 5069//5069 5070//5070 5199//5199
f 5069//5069 5199//5199 5198//5198
f 5070//5070 5071//5071 5200//5200
f 5070//5070 5200//5200 5199//5199
f 5071//5071 5072//5072 5201//5201
f 5071//5071 5201//5201 5200//5200
f 5072//5072 5073//5073 5202//5202
f 5072//5072 5202//5202 5201//5201
f 5073//5073 5074//5074 5203//5203
f 5073//5073 5203//5203 5202//5202
f 5074//5074 5075//5075 5204//5204
f 5074//5074 5204//5204 5203//5203
f 5075//5075 5076//5076 5205//5205
f 5075//5075 5205//5205 5204//5204
f 5076//5076 5077//5077 5206//5206
f 5076//5076 5206//5206 5205//5205
f 5077//5077 5078//5078 5207//5207
f 5077//5077 5207//5207 5206//5206
f 5078//5078 5079//5079 5208//5208
f 5078//5078 5208//5208 5207//5207
f 5079//5079 5080//5080 5209//5209
f 5079//5079 5209//5209 5208//5208
f 5080//5080 5081//5081 5210//5210
f 5080//5080 5210//5210 5209//5209
f 5081//5081 5082//5082 5211//5211
f 5081//5081 5211//5211 5210//5210
f 5082//5082 5083//5083 5212//5212
f 5082//5082 5212//5212 5211//5211
f 5083//5083 5084//5084 5213//5213
f 5083//5083 5213//5213 5212//5212
f 5084//5084 5085//5085 5214//5214
f 5084//5084 5214//5214 5213//5213
f 5085//5085 5086//5086 5215//5215
f 5085//5085 5215//5215 5214//5214
f 5086//5086 5087//5087 5216//5216
f 5086//5086 5216//5216 5215//5215
f 5087//5087 5088//5088 5217//5217
f 5087//5087 5217//5217 5216//5216
f 5088//5088 5089//5089 5218//5218
f 5088//5088 5218//5218 5217//5217
f 5089//5089 5090//5090 5219//5219
f 5089//5089 5219//5219 5218//5218
f 5090//5090 5091//5091 5220//5220
f 5090//5090 5220//5220 5219//5219
f 5091//5091 5092//5092 5221//5221
f 5091//5091 5221//5221 5220//5220
f 5092//5092 5093//5093 5222//5222
f 5092//5092 5222//5222 5221//5221
f 5093//5093 5094//5094 5223//5223
f 5093//5093 5223//5223 5222//5222
f 5094//5094 5095//5095 5224//5224
f 5094//5094 5224//5224 5223//5223
f 5095//5095 5096//5096 5225//5225
f 5095//5095 5225//5225 5224//5224
f 5096//5096 5097//5097 5226//5226
f 5096//5096 5226//5226 5225//5225
f 5097//5097 5098//5098 5227//5227
f 5097//5097 5227//5227 5226//5226
f 5098//5098 5099//5099 5228//5228
f 5098//5098 5228//5228 5227//5227
f 5099//5099 5100//5100 5229//5229
f 5099//5099 5229//5229 5228//5228
f 5100//5100 5101//5101 5230//5230
f 5100//5100 5230//5230 5229//5229
f 5101//5101 5102//5102 5231//5231
f 5101//5101 5231//5231 5230//5230
f 5102//5102 5103//5103 5232//5232
f 5102//5102 5232//5232 5231//5231
f 5103//5103 5104//5104 5233//5233
f 5103//5103 5233//5233 5232//5232
f 5104//5104 5105//5105 5234//5234
f 5104//5104 5234//5234 5233//5233
f 5105//5105 5106//5106 5235//5235
f 5105//5105 5235//5235 5234//5234
f 5106//5106 5107//5107 5236//5236
f 5106//5106 5236//5236 5235//5235
f 5107//5107 5108//5108 5237//5237
f 5107//5107 5237//5237 5236//5236
f 5108//5108 5109//5109 5238//5238
f 5108//5108 5238//5238 5237//5237
f 5109//5109 5110//5110 5239//5239
f 5109//5109 5239//5239 5238//5238
f 5110//5110 5111//5111 5240//5240
f 5110//5110 5240//5240 5239//5239
f 5111//5111 5112//5112 5241//5241
f 5111//5111 5241//5241 5240//5240
f 5112//5112 5113//5113 5242//5242
f 5112//5112 5242//5242 5241//5241
f 5113//5113 5114//5114 5243//5243
f 5113//5113 5243//5243 5242//5242
f 5114//5114 5115//5115 5244//5244
f 5114//5114 5244//5244 5243//5243
f 5115//5115 5116//5116 5245//5245
f 5115//5115 5245//5245 5244//5244
f 5116//5116 5117//5117 5246//5246
f 5116//5116 5246//5246 5245//5245
f 5117//5117 5118//5118 5247//5247
f 5117//5117 5247//5247 5246//5246
f 5118//5118 5119//5119 5248//5248
f 5118//5118 5248//5248 5247//5247
f 5119//5119 5120//5120 5249//5249
f 5119//5119 5249//5249 5248//5248
f 5120//5120 5121//5121 5250//5250
f 5120//5120 5250//5250 5249//5249
f 5121//5121 5122//5122 5251//5251
f 5121//5121 5251//5251 5250//5250
f 5122//5122 5123//5123 5252//5252
f 5122//5122 5252//5252 5251//5251
f 5123//5123 5124//5124 5253//5253
f 5123//5123 5253//5253 5252//5252
f 5124//5124 5125//5125 5254//5254
f 5124//5124 5254//5254 5253//5253
f 5125//5125 5126//5126 5255//5255
f 5125//5125 5255//5255 5254//5254
f 5126//5126 5127//5127 5256//5256
f 5126//5126 5256//5256 5255//5255
f 5127//5127 5128//5128 5257//5257
f 5127//5127 5257//5257 5256//5256
f 5128//5128 5129//5129 5258//5258
f 5128//5128 5258//5258 5257//5257
f 5129//5129 5130//5130 5259//5259
f 5129//5129 5259//5259 5258//5258
f 5130//5130 5131//5131 5260//5260
f 5130//5130 5260//5260 5259//5259
f 5131//5131 5132//5132 5261//5261
f 5131//5131 5261//5261 5260//5260
f 5132//5132 5133//5133 5262//5262
f 5132//5132 5262//5262 5261//5261
f 5133//5133 5134//5134 5263//5263
f 5133//5133 5263//5263 5262//5262
f 5134//5134 5135//5135 5264//5264
f 5134//5134 5264//5264 5263//5263
f 5135//5135 5136//5136 5265//5265
f 5135//5135 5265//5265 5264//5264
f 5136//5136 5137//5137 5266//5266
f 5136//5136 5266//5266 5265//5265
f 5137//5137 5138//5138 5267//5267
f 5137//5137 5267//5267 5266//5266
f 5138//5138 5139//5139 5268//5268
f 5138//5138 5268//5268 5267//5267
f 5139//5139 5140//5140 5269//5269
f 5139//5139 5269//5269 5268//5268
f 5140//5140 5141//5141 5270//5270
f 5140//5140 5270//5270 5269//5269
f 5141//5141 5142//5142 5271//5271
f 5141//5141 5271//5271 5270//5270
f 5142//5142 5143//5143 5272//5272
f 5142//5142 5272//5272 5271//5271
f 5143//5143 5144//5144 5273//5273
f 5143//5143 5273//5273 5272//5272
f 5144//5144 5145//5145 5274//5274
f 5144//5144 5274//5274 5273//5273
f 5145//5145 5146//5146 5275//5275
f 5145//5145 5275//5275 5274//5274
f 5146//5146 5147//5147 5276//5276
f 5146//5146 5276//5276 5275//5275
f 5147//5147 5148//5148 5277//5277
f 5147//5147 5277//5277 5276//5276
f 5148//5148 5149//5149 5278//5278
f 5148//5148 5278//5278 5277//5277
f 5149//5149 5150//5150 5279//5279
f 5149//5149 5279//5279 5278//5278
f 5150//5150 5151//5151 5280//5280
f 5150//5150 5280//5280 5279//5279
f 5151//5151 5152//5152 5281//5281
f 5151//5151 5281//5281 5280//5280
f 5152//5152 5153//5153 5282//5282
f 5152//5152 5282//5282 5281//5281
f 5153//5153 5154//5154 5283//5283
f 5153//5153 5283//5283 5282//5282
f 5154//5154 5155//5155 5284//5284
f 5154//5154 5284//5284 5283//5283
f 5155//5155 5156//5156 5285//5285
f 5155//5155 5285//5285 5284//5284
f 5156//5156 5157//5157 5286//5286
f 5156//5156 5286//5286 5285//5285
f 5157//5157 5158//5158 5287//5287
f 5157//5157 5287//5287 5286//5286
f 5158//5158 5159//5159 5288//5288
f 5158//5158 5288//5288 5287//5287
f 5159//5159 5160//5160 5289//5289
f 5159//5159 5289//5289 5288//5288
