{
  "renderer": "direct_vello",
  "scenario_digest": "089cbd008ee77673915eb71fed490b8564631edfc66175b18ea0e912b8ed1618",
  "input_digest": "56517a580ba7801e3e02eeac9176fbda91386822eb5fcffd54e8c8a8d8d42718",
  "source_digest": "07d602a48f09e3d876dd0b1f500bba756315439739dd07443110cc4a96938e2b",
  "font_digest": "833776a6fd68e2c71c0c52fd8041195bd3d0a336cdb278170b7ad71c7e1b3475",
  "glyph_digest": "2a6986e5358823c013a965d206563e5f3b300f7af1b326e5dc8ca5d7abb44ddf",
  "conditions": {
    "device": "Apple M4|Metal",
    "surface": "Bgra8UnormSrgb|fifo|1",
    "window": "2880x1708@2",
    "webview": "2-opaque-offline-child",
    "fixture": "g0-9-windowed-timeline.v1|1000-clips|100000-keys",
    "target": "aarch64-macos"
  },
  "measured_frames": 1802,
  "measured_seconds": 30.049456625,
  "acquire_count": 1922,
  "present_count": 1922,
  "skip_count": 3,
  "reconfigure_count": 0,
  "readback_count": 0,
  "frame_timing": {
    "samples": 1802,
    "median_frame_ms": 12.853166,
    "p95_frame_ms": 14.384667,
    "max_frame_ms": 16.987833000000002
  },
  "present_timing": {
    "samples": 1801,
    "median_frame_ms": 16.673125,
    "p95_frame_ms": 17.367667,
    "max_frame_ms": 18.46375
  },
  "input_timing": {
    "samples": 1802,
    "median_frame_ms": 1.7567089999999999,
    "p95_frame_ms": 2.127,
    "max_frame_ms": 3.0487499999999996
  },
  "rss": {
    "available": {
      "bytes": 218464256
    }
  },
  "resource_creations": {
    "initialization": {
      "pipelines": 2,
      "buffers": 2,
      "bind_groups": 2,
      "textures": 1
    },
    "warmup": {
      "pipelines": 0,
      "buffers": 0,
      "bind_groups": 0,
      "textures": 0
    },
    "measured": {
      "pipelines": 0,
      "buffers": 0,
      "bind_groups": 0,
      "textures": 0
    }
  },
  "completeness": "complete"
}