kind	owner	field_or_literal	value	file	line	context	suggested_token	verdict
design_const		MIN_WIDTH	3	next/shell/motolii-shell/src/batch_rename.rs	23	const	min_width	GREEN_POLICY
design_const		NOMINAL_WAVEFORM_WIDTH_PX	960.0	next/shell/motolii-shell/src/playback.rs	321	const	nominal_waveform_width_px	GREEN_POLICY
design_const		CANVAS_WIDTH	1600	next/shell/motolii-shell/src/screenshot.rs	202	const	canvas_width	GREEN_POLICY
utility_ref	theme	theme.space.m	token	next/shell/motolii-shell/src/screenshot.rs	218	theme.space.m	theme.space.m	GREEN
utility_ref	theme	theme.size.panel_header	token	next/shell/motolii-shell/src/screenshot.rs	226	theme.size.panel_header	theme.size.panel_header	GREEN
utility_ref	theme	theme.space.l	token	next/shell/motolii-shell/src/screenshot.rs	226	theme.space.l	theme.space.l	GREEN
utility_ref	theme	theme.space.m	token	next/shell/motolii-shell/src/screenshot.rs	226	theme.space.m	theme.space.m	GREEN
utility_ref	theme	theme.space.s	token	next/shell/motolii-shell/src/screenshot.rs	234	theme.space.s	theme.space.s	GREEN
utility_ref	theme	theme.text.body	token	next/shell/motolii-shell/src/screenshot.rs	234	theme.text.body	theme.text.body	GREEN
utility_ref	theme	theme.text.caption	token	next/shell/motolii-shell/src/screenshot.rs	234	theme.text.caption	theme.text.caption	GREEN
utility_ref	theme	theme.space.xs	token	next/shell/motolii-shell/src/screenshot.rs	240	theme.space.xs	theme.space.xs	GREEN
utility_ref	theme	theme.text.caption	token	next/shell/motolii-shell/src/screenshot.rs	240	theme.text.caption	theme.text.caption	GREEN
token_ref	dims	inspector_section_header_height	token	next/shell/motolii-shell/src/screenshot.rs	251	dims.inspector_section_header_height	inspector_section_header_height	GREEN
token_ref	dims	inspector_section_header_height	token	next/shell/motolii-shell/src/screenshot.rs	265	dims.inspector_section_header_height	inspector_section_header_height	GREEN
token_ref	dims	inspector_row_height	token	next/shell/motolii-shell/src/screenshot.rs	266	dims.inspector_row_height	inspector_row_height	GREEN
token_ref	dims	inspector_row_height	token	next/shell/motolii-shell/src/screenshot.rs	293	dims.inspector_row_height	inspector_row_height	GREEN
utility_ref	theme	theme.stroke.hairline	token	next/shell/motolii-shell/src/screenshot.rs	297	theme.stroke.hairline	theme.stroke.hairline	GREEN
token_ref	colors	border_hairline_weak	token	next/shell/motolii-shell/src/screenshot.rs	298	colors.border_hairline_weak	border_hairline_weak	GREEN
token_ref	dims	inspector_value_width	token	next/shell/motolii-shell/src/screenshot.rs	301	dims.inspector_value_width	inspector_value_width	GREEN
utility_ref	theme	theme.space.s	token	next/shell/motolii-shell/src/screenshot.rs	302	theme.space.s	theme.space.s	GREEN
utility_ref	theme	theme.space.xs	token	next/shell/motolii-shell/src/screenshot.rs	304	theme.space.xs	theme.space.xs	GREEN
token_ref	dims	inspector_glyph_width	token	next/shell/motolii-shell/src/screenshot.rs	305	dims.inspector_glyph_width	inspector_glyph_width	GREEN
utility_ref	theme	theme.space.m	token	next/shell/motolii-shell/src/screenshot.rs	306	theme.space.m	theme.space.m	GREEN
token_ref	colors	surface_app	token	next/shell/motolii-shell/src/screenshot.rs	308	colors.surface_app	surface_app	GREEN
token_ref	dims	inspector_panel_width	token	next/shell/motolii-shell/src/screenshot.rs	323	dims.inspector_panel_width	inspector_panel_width	GREEN
token_ref	colors	surface_panel	token	next/shell/motolii-shell/src/screenshot.rs	328	colors.surface_panel	surface_panel	GREEN
utility_ref	theme	theme.stroke.hairline	token	next/shell/motolii-shell/src/screenshot.rs	332	theme.stroke.hairline	theme.stroke.hairline	GREEN
token_ref	colors	border_default	token	next/shell/motolii-shell/src/screenshot.rs	333	colors.border_default	border_default	GREEN
token_ref	dims	inspector_section_header_height	token	next/shell/motolii-shell/src/screenshot.rs	339	dims.inspector_section_header_height	inspector_section_header_height	GREEN
utility_ref	theme	theme.stroke.hairline	token	next/shell/motolii-shell/src/screenshot.rs	343	theme.stroke.hairline	theme.stroke.hairline	GREEN
token_ref	colors	border_default	token	next/shell/motolii-shell/src/screenshot.rs	344	colors.border_default	border_default	GREEN
token_ref	colors	surface_raised	token	next/shell/motolii-shell/src/screenshot.rs	355	colors.surface_raised	surface_raised	GREEN
utility_ref	theme	theme.stroke.hairline	token	next/shell/motolii-shell/src/screenshot.rs	359	theme.stroke.hairline	theme.stroke.hairline	GREEN
token_ref	colors	border_default	token	next/shell/motolii-shell/src/screenshot.rs	360	colors.border_default	border_default	GREEN
token_ref	dims	inspector_row_height	token	next/shell/motolii-shell/src/screenshot.rs	365	dims.inspector_row_height	inspector_row_height	GREEN
utility_ref	theme	theme.stroke.hairline	token	next/shell/motolii-shell/src/screenshot.rs	369	theme.stroke.hairline	theme.stroke.hairline	GREEN
token_ref	colors	border_default	token	next/shell/motolii-shell/src/screenshot.rs	370	colors.border_default	border_default	GREEN
token_ref	dims	inspector_section_header_height	token	next/shell/motolii-shell/src/screenshot.rs	376	dims.inspector_section_header_height	inspector_section_header_height	GREEN
token_ref	dims	inspector_row_height	token	next/shell/motolii-shell/src/screenshot.rs	380	dims.inspector_row_height	inspector_row_height	GREEN
token_ref	dims	inspector_section_header_height	token	next/shell/motolii-shell/src/screenshot.rs	384	dims.inspector_section_header_height	inspector_section_header_height	GREEN
token_ref	dims	inspector_row_height	token	next/shell/motolii-shell/src/screenshot.rs	388	dims.inspector_row_height	inspector_row_height	GREEN
token_ref	dims	inspector_section_header_height	token	next/shell/motolii-shell/src/screenshot.rs	392	dims.inspector_section_header_height	inspector_section_header_height	GREEN
token_ref	dims	inspector_row_height	token	next/shell/motolii-shell/src/screenshot.rs	393	dims.inspector_row_height	inspector_row_height	GREEN
utility_ref	theme	theme.stroke.hairline	token	next/shell/motolii-shell/src/screenshot.rs	397	theme.stroke.hairline	theme.stroke.hairline	GREEN
token_ref	colors	border_hairline_weak	token	next/shell/motolii-shell/src/screenshot.rs	398	colors.border_hairline_weak	border_hairline_weak	GREEN
utility_ref	theme	theme.stroke.hairline	token	next/shell/motolii-shell/src/screenshot.rs	407	theme.stroke.hairline	theme.stroke.hairline	GREEN
token_ref	colors	border_default	token	next/shell/motolii-shell/src/screenshot.rs	408	colors.border_default	border_default	GREEN
token_ref	dims	row_height	token	next/shell/motolii-shell/src/screenshot.rs	451	dims.row_height	row_height	GREEN
utility_ref	theme	theme.space.xs	token	next/shell/motolii-shell/src/screenshot.rs	454	theme.space.xs	theme.space.xs	GREEN
utility_ref	theme	theme.text.micro	token	next/shell/motolii-shell/src/screenshot.rs	454	theme.text.micro	theme.text.micro	GREEN
token_ref	colors	surface_panel	token	next/shell/motolii-shell/src/screenshot.rs	467	colors.surface_panel	surface_panel	GREEN
token_ref	colors	border_default	token	next/shell/motolii-shell/src/screenshot.rs	468	colors.border_default	border_default	GREEN
utility_ref	theme	theme.stroke.hairline	token	next/shell/motolii-shell/src/screenshot.rs	468	theme.stroke.hairline	theme.stroke.hairline	GREEN
token_ref	colors	surface_raised	token	next/shell/motolii-shell/src/screenshot.rs	473	colors.surface_raised	surface_raised	GREEN
token_ref	colors	border_default	token	next/shell/motolii-shell/src/screenshot.rs	474	colors.border_default	border_default	GREEN
utility_ref	theme	theme.stroke.hairline	token	next/shell/motolii-shell/src/screenshot.rs	474	theme.stroke.hairline	theme.stroke.hairline	GREEN
utility_ref	theme	theme.space.xs	token	next/shell/motolii-shell/src/screenshot.rs	477	theme.space.xs	theme.space.xs	GREEN
utility_ref	theme	theme.space.xs	token	next/shell/motolii-shell/src/screenshot.rs	478	theme.space.xs	theme.space.xs	GREEN
utility_ref	theme	theme.space.s	token	next/shell/motolii-shell/src/screenshot.rs	480	theme.space.s	theme.space.s	GREEN
utility_ref	theme	theme.space.m	token	next/shell/motolii-shell/src/screenshot.rs	481	theme.space.m	theme.space.m	GREEN
utility_ref	theme	theme.space.s	token	next/shell/motolii-shell/src/screenshot.rs	487	theme.space.s	theme.space.s	GREEN
token_ref	colors	surface_raised	token	next/shell/motolii-shell/src/screenshot.rs	488	colors.surface_raised	surface_raised	GREEN
token_ref	colors	border_default	token	next/shell/motolii-shell/src/screenshot.rs	489	colors.border_default	border_default	GREEN
utility_ref	theme	theme.stroke.hairline	token	next/shell/motolii-shell/src/screenshot.rs	489	theme.stroke.hairline	theme.stroke.hairline	GREEN
utility_ref	theme	theme.space.s	token	next/shell/motolii-shell/src/screenshot.rs	493	theme.space.s	theme.space.s	GREEN
utility_ref	theme	theme.space.l	token	next/shell/motolii-shell/src/screenshot.rs	528	theme.space.l	theme.space.l	GREEN
utility_ref	theme	theme.space.m	token	next/shell/motolii-shell/src/screenshot.rs	529	theme.space.m	theme.space.m	GREEN
utility_ref	theme	theme.size.panel_header	token	next/shell/motolii-shell/src/screenshot.rs	532	theme.size.panel_header	theme.size.panel_header	GREEN
token_ref	dims	row_height	token	next/shell/motolii-shell/src/screenshot.rs	537	dims.row_height	row_height	GREEN
token_ref	dims	row_height	token	next/shell/motolii-shell/src/screenshot.rs	543	dims.row_height	row_height	GREEN
token_ref	dims	row_height	token	next/shell/motolii-shell/src/screenshot.rs	544	dims.row_height	row_height	GREEN
token_ref	dims	row_height	token	next/shell/motolii-shell/src/screenshot.rs	547	dims.row_height	row_height	GREEN
token_ref	dims	row_height	token	next/shell/motolii-shell/src/screenshot.rs	548	dims.row_height	row_height	GREEN
token_ref	dims	timeline_param_row_height	token	next/shell/motolii-shell/src/screenshot.rs	549	dims.timeline_param_row_height	timeline_param_row_height	GREEN
utility_ref	theme	theme.size.transport	token	next/shell/motolii-shell/src/screenshot.rs	550	theme.size.transport	theme.size.transport	GREEN
token_ref	dims	row_height	token	next/shell/motolii-shell/src/screenshot.rs	551	dims.row_height	row_height	GREEN
component_ref	dims.components	browser.panel_height_row_height_ratio	token	next/shell/motolii-shell/src/screenshot.rs	563	dims.components.browser.panel_height_row_height_ratio	browser.panel_height_row_height_ratio	GREEN
token_ref	dims	row_height	token	next/shell/motolii-shell/src/screenshot.rs	563	dims.row_height	row_height	GREEN
token_ref	dims	inspector_panel_width	token	next/shell/motolii-shell/src/screenshot.rs	590	dims.inspector_panel_width	inspector_panel_width	GREEN
token_ref	colors	surface_app	token	next/shell/motolii-shell/src/screenshot.rs	596	colors.surface_app	surface_app	GREEN
token_ref	colors	surface_panel	token	next/shell/motolii-shell/src/screenshot.rs	610	colors.surface_panel	surface_panel	GREEN
utility_ref	theme	theme.stroke.hairline	token	next/shell/motolii-shell/src/screenshot.rs	615	theme.stroke.hairline	theme.stroke.hairline	GREEN
token_ref	colors	border_default	token	next/shell/motolii-shell/src/screenshot.rs	616	colors.border_default	border_default	GREEN
utility_ref	theme	theme.space.s	token	next/shell/motolii-shell/src/screenshot.rs	619	theme.space.s	theme.space.s	GREEN
utility_ref	theme	theme.space.xs	token	next/shell/motolii-shell/src/screenshot.rs	624	theme.space.xs	theme.space.xs	GREEN
utility_ref	theme	theme.space.xs	token	next/shell/motolii-shell/src/screenshot.rs	626	theme.space.xs	theme.space.xs	GREEN
token_ref	colors	surface_raised	token	next/shell/motolii-shell/src/screenshot.rs	627	colors.surface_raised	surface_raised	GREEN
utility_ref	theme	theme.space.s	token	next/shell/motolii-shell/src/screenshot.rs	629	theme.space.s	theme.space.s	GREEN
token_ref	colors	surface_app	token	next/shell/motolii-shell/src/screenshot.rs	651	colors.surface_app	surface_app	GREEN
utility_ref	theme	theme.stroke.hairline	token	next/shell/motolii-shell/src/screenshot.rs	718	theme.stroke.hairline	theme.stroke.hairline	GREEN
token_ref	colors	action_active	token	next/shell/motolii-shell/src/screenshot.rs	719	colors.action_active	action_active	GREEN
utility_ref	theme	theme.stroke.hairline	token	next/shell/motolii-shell/src/screenshot.rs	734	theme.stroke.hairline	theme.stroke.hairline	GREEN
token_ref	colors	border_hairline_weak	token	next/shell/motolii-shell/src/screenshot.rs	735	colors.border_hairline_weak	border_hairline_weak	GREEN
token_ref	dims	timeline_lane_bar_width	token	next/shell/motolii-shell/src/screenshot.rs	744	dims.timeline_lane_bar_width	timeline_lane_bar_width	GREEN
token_ref	colors	surface_panel	token	next/shell/motolii-shell/src/screenshot.rs	753	colors.surface_panel	surface_panel	GREEN
token_ref	dims	row_height	token	next/shell/motolii-shell/src/screenshot.rs	755	dims.row_height	row_height	GREEN
token_ref	colors	surface_raised	token	next/shell/motolii-shell/src/screenshot.rs	764	colors.surface_raised	surface_raised	GREEN
utility_ref	theme	theme.stroke.hairline	token	next/shell/motolii-shell/src/screenshot.rs	773	theme.stroke.hairline	theme.stroke.hairline	GREEN
token_ref	colors	border_default	token	next/shell/motolii-shell/src/screenshot.rs	774	colors.border_default	border_default	GREEN
token_ref	dims	row_height	token	next/shell/motolii-shell/src/screenshot.rs	788	dims.row_height	row_height	GREEN
component_ref	dims.components	timeline.target_cell_ratio	token	next/shell/motolii-shell/src/screenshot.rs	789	dims.components.timeline.target_cell_ratio	timeline.target_cell_ratio	GREEN
utility_ref	theme	theme.space.m	token	next/shell/motolii-shell/src/screenshot.rs	799	theme.space.m	theme.space.m	GREEN
utility_ref	theme	theme.space.s	token	next/shell/motolii-shell/src/screenshot.rs	799	theme.space.s	theme.space.s	GREEN
token_ref	colors	border_strong	token	next/shell/motolii-shell/src/screenshot.rs	802	colors.border_strong	border_strong	GREEN
token_ref	colors	border_hairline_weak	token	next/shell/motolii-shell/src/screenshot.rs	804	colors.border_hairline_weak	border_hairline_weak	GREEN
utility_ref	theme	theme.stroke.hairline	token	next/shell/motolii-shell/src/screenshot.rs	806	theme.stroke.hairline	theme.stroke.hairline	GREEN
token_ref	dims	row_height	token	next/shell/motolii-shell/src/screenshot.rs	822	dims.row_height	row_height	GREEN
token_ref	dims	timeline_param_row_height	token	next/shell/motolii-shell/src/screenshot.rs	823	dims.timeline_param_row_height	timeline_param_row_height	GREEN
token_ref	dims	row_height	token	next/shell/motolii-shell/src/screenshot.rs	833	dims.row_height	row_height	GREEN
token_ref	colors	timeline_row_zebra	token	next/shell/motolii-shell/src/screenshot.rs	834	colors.timeline_row_zebra	timeline_row_zebra	GREEN
token_ref	dims	row_height	token	next/shell/motolii-shell/src/screenshot.rs	843	dims.row_height	row_height	GREEN
component_ref	dims.components	timeline.target_cell_ratio	token	next/shell/motolii-shell/src/screenshot.rs	844	dims.components.timeline.target_cell_ratio	timeline.target_cell_ratio	GREEN
token_ref	colors	timeline_time_band	token	next/shell/motolii-shell/src/screenshot.rs	861	colors.timeline_time_band	timeline_time_band	GREEN
token_ref	dims	row_height	token	next/shell/motolii-shell/src/screenshot.rs	881	dims.row_height	row_height	GREEN
component_ref	dims.components	timeline.target_cell_ratio	token	next/shell/motolii-shell/src/screenshot.rs	882	dims.components.timeline.target_cell_ratio	timeline.target_cell_ratio	GREEN
token_ref	colors	timeline_grid_major	token	next/shell/motolii-shell/src/screenshot.rs	890	colors.timeline_grid_major	timeline_grid_major	GREEN
token_ref	colors	timeline_grid_minor	token	next/shell/motolii-shell/src/screenshot.rs	892	colors.timeline_grid_minor	timeline_grid_minor	GREEN
utility_ref	theme	theme.stroke.hairline	token	next/shell/motolii-shell/src/screenshot.rs	894	theme.stroke.hairline	theme.stroke.hairline	GREEN
utility_ref	theme	theme.stroke.hairline	token	next/shell/motolii-shell/src/screenshot.rs	910	theme.stroke.hairline	theme.stroke.hairline	GREEN
token_ref	colors	way_timeline	token	next/shell/motolii-shell/src/screenshot.rs	911	colors.way_timeline	way_timeline	GREEN
token_ref	dims	row_height	token	next/shell/motolii-shell/src/screenshot.rs	919	dims.row_height	row_height	GREEN
token_ref	dims	timeline_param_row_height	token	next/shell/motolii-shell/src/screenshot.rs	920	dims.timeline_param_row_height	timeline_param_row_height	GREEN
token_ref	dims	row_height	token	next/shell/motolii-shell/src/screenshot.rs	933	dims.row_height	row_height	GREEN
token_ref	colors	state_selected	token	next/shell/motolii-shell/src/screenshot.rs	934	colors.state_selected	state_selected	GREEN
token_ref	colors	text_muted	token	next/shell/motolii-shell/src/screenshot.rs	948	colors.text_muted	text_muted	GREEN
token_ref	colors	way_timeline	token	next/shell/motolii-shell/src/screenshot.rs	955	colors.way_timeline	way_timeline	GREEN
utility_ref	theme	theme.space.xs	token	next/shell/motolii-shell/src/screenshot.rs	960	theme.space.xs	theme.space.xs	GREEN
token_ref	dims	row_height	token	next/shell/motolii-shell/src/screenshot.rs	962	dims.row_height	row_height	GREEN
utility_ref	theme	theme.space.s	token	next/shell/motolii-shell/src/screenshot.rs	962	theme.space.s	theme.space.s	GREEN
token_ref	dims	row_height	token	next/shell/motolii-shell/src/screenshot.rs	972	dims.row_height	row_height	GREEN
utility_ref	theme	theme.stroke.hairline	token	next/shell/motolii-shell/src/screenshot.rs	973	theme.stroke.hairline	theme.stroke.hairline	GREEN
token_ref	colors	border_hairline_weak	token	next/shell/motolii-shell/src/screenshot.rs	974	colors.border_hairline_weak	border_hairline_weak	GREEN
utility_ref	theme	theme.space.m	token	next/shell/motolii-shell/src/screenshot.rs	980	theme.space.m	theme.space.m	GREEN
token_ref	dims	row_height	token	next/shell/motolii-shell/src/screenshot.rs	981	dims.row_height	row_height	GREEN
utility_ref	theme	theme.space.s	token	next/shell/motolii-shell/src/screenshot.rs	984	theme.space.s	theme.space.s	GREEN
token_ref	colors	way_timeline	token	next/shell/motolii-shell/src/screenshot.rs	988	colors.way_timeline	way_timeline	GREEN
token_ref	dims	inspector_glyph_width	token	next/shell/motolii-shell/src/screenshot.rs	991	dims.inspector_glyph_width	inspector_glyph_width	GREEN
token_ref	dims	row_height	token	next/shell/motolii-shell/src/screenshot.rs	992	dims.row_height	row_height	GREEN
utility_ref	theme	theme.space.xs	token	next/shell/motolii-shell/src/screenshot.rs	992	theme.space.xs	theme.space.xs	GREEN
token_ref	dims	row_height	token	next/shell/motolii-shell/src/screenshot.rs	993	dims.row_height	row_height	GREEN
utility_ref	theme	theme.space.xs	token	next/shell/motolii-shell/src/screenshot.rs	994	theme.space.xs	theme.space.xs	GREEN
utility_ref	theme	theme.space.s	token	next/shell/motolii-shell/src/screenshot.rs	996	theme.space.s	theme.space.s	GREEN
token_ref	colors	action_active	token	next/shell/motolii-shell/src/screenshot.rs	998	colors.action_active	action_active	GREEN
token_ref	colors	border_default	token	next/shell/motolii-shell/src/screenshot.rs	998	colors.border_default	border_default	GREEN
utility_ref	theme	theme.stroke.hairline	token	next/shell/motolii-shell/src/screenshot.rs	1002	theme.stroke.hairline	theme.stroke.hairline	GREEN
token_ref	dims	timeline_param_row_height	token	next/shell/motolii-shell/src/screenshot.rs	1017	dims.timeline_param_row_height	timeline_param_row_height	GREEN
token_ref	dims	row_height	token	next/shell/motolii-shell/src/screenshot.rs	1018	dims.row_height	row_height	GREEN
token_ref	colors	timeline_row_zebra	token	next/shell/motolii-shell/src/screenshot.rs	1028	colors.timeline_row_zebra	timeline_row_zebra	GREEN
utility_ref	theme	theme.stroke.hairline	token	next/shell/motolii-shell/src/screenshot.rs	1036	theme.stroke.hairline	theme.stroke.hairline	GREEN
token_ref	colors	border_hairline_weak	token	next/shell/motolii-shell/src/screenshot.rs	1037	colors.border_hairline_weak	border_hairline_weak	GREEN
utility_ref	theme	theme.space.m	token	next/shell/motolii-shell/src/screenshot.rs	1039	theme.space.m	theme.space.m	GREEN
token_ref	colors	action_active	token	next/shell/motolii-shell/src/screenshot.rs	1047	colors.action_active	action_active	GREEN
token_ref	colors	way_timeline	token	next/shell/motolii-shell/src/screenshot.rs	1049	colors.way_timeline	way_timeline	GREEN
utility_ref	theme	theme.stroke.hairline	token	next/shell/motolii-shell/src/screenshot.rs	1064	theme.stroke.hairline	theme.stroke.hairline	GREEN
token_ref	colors	border_default	token	next/shell/motolii-shell/src/screenshot.rs	1065	colors.border_default	border_default	GREEN
utility_ref	theme	theme.stroke.hairline	token	next/shell/motolii-shell/src/screenshot.rs	1074	theme.stroke.hairline	theme.stroke.hairline	GREEN
token_ref	colors	action_active	token	next/shell/motolii-shell/src/screenshot.rs	1075	colors.action_active	action_active	GREEN
token_ref	colors	surface_panel	token	next/shell/motolii-shell/src/screenshot.rs	1086	colors.surface_panel	surface_panel	GREEN
token_ref	colors	status_warning	token	next/shell/motolii-shell/src/screenshot.rs	1094	colors.status_warning	status_warning	GREEN
token_ref	colors	text_muted	token	next/shell/motolii-shell/src/screenshot.rs	1096	colors.text_muted	text_muted	GREEN
utility_ref	theme	theme.stroke.hairline	token	next/shell/motolii-shell/src/screenshot.rs	1101	theme.stroke.hairline	theme.stroke.hairline	GREEN
token_ref	colors	border_default	token	next/shell/motolii-shell/src/screenshot.rs	1102	colors.border_default	border_default	GREEN
utility_ref	theme	theme.space.xs	token	next/shell/motolii-shell/src/screenshot.rs	1108	theme.space.xs	theme.space.xs	GREEN
utility_ref	theme	theme.space.s	token	next/shell/motolii-shell/src/source_preview.rs	235	theme.space.s	theme.space.s	GREEN
utility_ref	theme	theme.text.body	token	next/shell/motolii-shell/src/source_preview.rs	238	theme.text.body	theme.text.body	GREEN
utility_ref	theme	theme.space.m	token	next/shell/motolii-shell/src/source_preview.rs	239	theme.space.m	theme.space.m	GREEN
utility_ref	theme	theme.space.l	token	next/shell/motolii-shell/src/source_preview.rs	240	theme.space.l	theme.space.l	GREEN
token_ref	colors	surface_panel	token	next/shell/motolii-shell/src/source_preview.rs	244	colors.surface_panel	surface_panel	GREEN
utility_ref	theme	theme.space.l	token	next/shell/motolii-shell/src/view.rs	348	theme.space.l	theme.space.l	GREEN
utility_ref	theme	theme.space.l	token	next/shell/motolii-shell/src/view.rs	382	theme.space.l	theme.space.l	GREEN
utility_ref	theme	theme.space.m	token	next/shell/motolii-shell/src/view.rs	499	theme.space.m	theme.space.m	GREEN
token_ref	dims	row_height	token	next/shell/motolii-shell/src/view.rs	501	dims.row_height	row_height	GREEN
raw_literal		0.0	0.0	next/shell/motolii-shell/src/view.rs	505	size	view_size	IGNORED_ZERO
token_ref	colors	surface_hover	token	next/shell/motolii-shell/src/view.rs	517	colors.surface_hover	surface_hover	GREEN
token_ref	colors	focus	token	next/shell/motolii-shell/src/view.rs	519	colors.focus	focus	GREEN
utility_ref	theme	theme.stroke.hairline	token	next/shell/motolii-shell/src/view.rs	520	theme.stroke.hairline	theme.stroke.hairline	GREEN
token_ref	colors	focus	token	next/shell/motolii-shell/src/view.rs	525	colors.focus	focus	GREEN
utility_ref	theme	theme.stroke.hairline	token	next/shell/motolii-shell/src/view.rs	526	theme.stroke.hairline	theme.stroke.hairline	GREEN
token_ref	colors	focus	token	next/shell/motolii-shell/src/view.rs	529	colors.focus	focus	GREEN
utility_ref	theme	theme.stroke.hairline	token	next/shell/motolii-shell/src/view.rs	530	theme.stroke.hairline	theme.stroke.hairline	GREEN
utility_ref	theme	theme.space.m	token	next/shell/motolii-shell/src/view.rs	537	theme.space.m	theme.space.m	GREEN
utility_ref	theme	theme.space.l	token	next/shell/motolii-shell/src/view.rs	538	theme.space.l	theme.space.l	GREEN
utility_ref	theme	theme.space.xs	token	next/shell/motolii-shell/src/view.rs	561	theme.space.xs	theme.space.xs	GREEN
token_ref	colors	text_muted	token	next/shell/motolii-shell/src/view.rs	564	colors.text_muted	text_muted	GREEN
utility_ref	theme	theme.space.m	token	next/shell/motolii-shell/src/view.rs	575	theme.space.m	theme.space.m	GREEN
utility_ref	theme	theme.space.s	token	next/shell/motolii-shell/src/view.rs	575	theme.space.s	theme.space.s	GREEN
utility_ref	theme	theme.text.micro	token	next/shell/motolii-shell/src/view.rs	618	theme.text.micro	theme.text.micro	GREEN
token_ref	colors	text_secondary	token	next/shell/motolii-shell/src/view.rs	619	colors.text_secondary	text_secondary	GREEN
utility_ref	theme	theme.size.pane_header	token	next/shell/motolii-shell/src/view.rs	621	theme.size.pane_header	theme.size.pane_header	GREEN
raw_literal		0.0	0.0	next/shell/motolii-shell/src/view.rs	623	padding	view_padding	IGNORED_ZERO
utility_ref	theme	theme.space.m	token	next/shell/motolii-shell/src/view.rs	623	theme.space.m	theme.space.m	GREEN
raw_literal		0	0	next/shell/motolii-shell/src/view.rs	625	padding	view_padding	IGNORED_ZERO
token_ref	colors	surface_raised	token	next/shell/motolii-shell/src/view.rs	627	colors.surface_raised	surface_raised	GREEN
utility_ref	theme	theme.space.m	token	next/shell/motolii-shell/src/view.rs	679	theme.space.m	theme.space.m	GREEN
utility_ref	theme	theme.size.panel_header	token	next/shell/motolii-shell/src/view.rs	686	theme.size.panel_header	theme.size.panel_header	GREEN
raw_literal		0.0	0.0	next/shell/motolii-shell/src/view.rs	687	padding	view_padding	IGNORED_ZERO
utility_ref	theme	theme.space.s	token	next/shell/motolii-shell/src/view.rs	687	theme.space.s	theme.space.s	GREEN
utility_ref	theme	theme.text.body	token	next/shell/motolii-shell/src/view.rs	710	theme.text.body	theme.text.body	GREEN
token_ref	colors	text_secondary	token	next/shell/motolii-shell/src/view.rs	711	colors.text_secondary	text_secondary	GREEN
utility_ref	theme	theme.space.s	token	next/shell/motolii-shell/src/view.rs	715	theme.space.s	theme.space.s	GREEN
token_ref	colors	surface_hover	token	next/shell/motolii-shell/src/view.rs	721	colors.surface_hover	surface_hover	GREEN
token_ref	colors	text_secondary	token	next/shell/motolii-shell/src/view.rs	730	colors.text_secondary	text_secondary	GREEN
token_ref	colors	text_primary	token	next/shell/motolii-shell/src/view.rs	736	colors.text_primary	text_primary	GREEN
utility_ref	theme	theme.text.caption	token	next/shell/motolii-shell/src/view.rs	736	theme.text.caption	theme.text.caption	GREEN
utility_ref	theme	theme.space.s	token	next/shell/motolii-shell/src/view.rs	737	theme.space.s	theme.space.s	GREEN
utility_ref	theme	theme.space.xs	token	next/shell/motolii-shell/src/view.rs	737	theme.space.xs	theme.space.xs	GREEN
token_ref	colors	surface_raised	token	next/shell/motolii-shell/src/view.rs	739	colors.surface_raised	surface_raised	GREEN
token_ref	colors	border_default	token	next/shell/motolii-shell/src/view.rs	741	colors.border_default	border_default	GREEN
utility_ref	theme	theme.stroke.hairline	token	next/shell/motolii-shell/src/view.rs	742	theme.stroke.hairline	theme.stroke.hairline	GREEN
utility_ref	theme	theme.space.xs	token	next/shell/motolii-shell/src/view.rs	749	theme.space.xs	theme.space.xs	GREEN
utility_ref	theme	theme.text.body	token	next/shell/motolii-shell/src/view.rs	857	theme.text.body	theme.text.body	GREEN
token_ref	colors	text_muted	token	next/shell/motolii-shell/src/view.rs	858	colors.text_muted	text_muted	GREEN
raw_literal		0.0	0.0	next/shell/motolii-shell/src/view.rs	893	spacing	view_spacing	IGNORED_ZERO
raw_literal		0.0	0.0	next/shell/motolii-shell/src/view.rs	894	spacing	view_spacing	IGNORED_ZERO
token_ref	colors	surface_app	token	next/shell/motolii-shell/src/view.rs	898	colors.surface_app	surface_app	GREEN
utility_ref	theme	theme.stroke.hairline	token	next/shell/motolii-shell/src/view.rs	901	theme.stroke.hairline	theme.stroke.hairline	GREEN
token_ref	colors	surface_panel	token	next/shell/motolii-shell/src/view.rs	918	colors.surface_panel	surface_panel	GREEN
utility_ref	theme	theme.stroke.hairline	token	next/shell/motolii-shell/src/view.rs	921	theme.stroke.hairline	theme.stroke.hairline	GREEN
token_ref	colors	status_warning	token	next/shell/motolii-shell/src/view.rs	942	colors.status_warning	status_warning	GREEN
token_ref	colors	text_muted	token	next/shell/motolii-shell/src/view.rs	945	colors.text_muted	text_muted	GREEN
utility_ref	theme	theme.text.caption	token	next/shell/motolii-shell/src/view.rs	948	theme.text.caption	theme.text.caption	GREEN
utility_ref	theme	theme.space.m	token	next/shell/motolii-shell/src/view.rs	950	theme.space.m	theme.space.m	GREEN
utility_ref	theme	theme.space.xs	token	next/shell/motolii-shell/src/view.rs	950	theme.space.xs	theme.space.xs	GREEN
component_ref	dims.components	browser.grid_columns	token	next/ui/motolii-browser-pane/src/card_view.rs	30	dims.components.browser.grid_columns	browser.grid_columns	GREEN
token_ref	dims	browser_list_thumb_width	token	next/ui/motolii-browser-pane/src/card_view.rs	75	dims.browser_list_thumb_width	browser_list_thumb_width	GREEN
utility_ref	theme	theme.space.s	token	next/ui/motolii-browser-pane/src/card_view.rs	91	theme.space.s	theme.space.s	GREEN
token_ref	colors	text_primary	token	next/ui/motolii-browser-pane/src/card_view.rs	107	colors.text_primary	text_primary	GREEN
utility_ref	theme	theme.text.micro	token	next/ui/motolii-browser-pane/src/card_view.rs	107	theme.text.micro	theme.text.micro	GREEN
utility_ref	theme	theme.stroke.hairline	token	next/ui/motolii-browser-pane/src/card_view.rs	116	theme.stroke.hairline	theme.stroke.hairline	GREEN
component_ref	dims.components	browser.card_width_row_height_ratio	token	next/ui/motolii-browser-pane/src/card_view.rs	150	dims.components.browser.card_width_row_height_ratio	browser.card_width_row_height_ratio	GREEN
token_ref	dims	row_height	token	next/ui/motolii-browser-pane/src/card_view.rs	150	dims.row_height	row_height	GREEN
component_ref	dims.components	browser.card_width_row_height_ratio	token	next/ui/motolii-browser-pane/src/card_view.rs	175	dims.components.browser.card_width_row_height_ratio	browser.card_width_row_height_ratio	GREEN
token_ref	dims	row_height	token	next/ui/motolii-browser-pane/src/card_view.rs	175	dims.row_height	row_height	GREEN
component_ref	dims.components	browser.thumb_aspect_h	token	next/ui/motolii-browser-pane/src/card_view.rs	176	dims.components.browser.thumb_aspect_h	browser.thumb_aspect_h	GREEN
component_ref	dims.components	browser.thumb_aspect_w	token	next/ui/motolii-browser-pane/src/card_view.rs	177	dims.components.browser.thumb_aspect_w	browser.thumb_aspect_w	GREEN
utility_ref	theme	theme.text.micro	token	next/ui/motolii-browser-pane/src/card_view.rs	181	theme.text.micro	theme.text.micro	GREEN
token_ref	colors	text_primary	token	next/ui/motolii-browser-pane/src/card_view.rs	182	colors.text_primary	text_primary	GREEN
utility_ref	theme	theme.text.micro	token	next/ui/motolii-browser-pane/src/card_view.rs	187	theme.text.micro	theme.text.micro	GREEN
token_ref	colors	text_muted	token	next/ui/motolii-browser-pane/src/card_view.rs	188	colors.text_muted	text_muted	GREEN
utility_ref	theme	theme.space.xs	token	next/ui/motolii-browser-pane/src/card_view.rs	197	theme.space.xs	theme.space.xs	GREEN
token_ref	dims	browser_list_thumb_width	token	next/ui/motolii-browser-pane/src/card_view.rs	200	dims.browser_list_thumb_width	browser_list_thumb_width	GREEN
component_ref	dims.components	browser.thumb_aspect_h	token	next/ui/motolii-browser-pane/src/card_view.rs	201	dims.components.browser.thumb_aspect_h	browser.thumb_aspect_h	GREEN
component_ref	dims.components	browser.thumb_aspect_w	token	next/ui/motolii-browser-pane/src/card_view.rs	202	dims.components.browser.thumb_aspect_w	browser.thumb_aspect_w	GREEN
token_ref	colors	text_primary	token	next/ui/motolii-browser-pane/src/card_view.rs	204	colors.text_primary	text_primary	GREEN
utility_ref	theme	theme.text.micro	token	next/ui/motolii-browser-pane/src/card_view.rs	204	theme.text.micro	theme.text.micro	GREEN
token_ref	colors	text_muted	token	next/ui/motolii-browser-pane/src/card_view.rs	205	colors.text_muted	text_muted	GREEN
utility_ref	theme	theme.text.micro	token	next/ui/motolii-browser-pane/src/card_view.rs	205	theme.text.micro	theme.text.micro	GREEN
utility_ref	theme	theme.space.xs	token	next/ui/motolii-browser-pane/src/card_view.rs	211	theme.space.xs	theme.space.xs	GREEN
token_ref	colors	text_muted	token	next/ui/motolii-browser-pane/src/card_view.rs	257	colors.text_muted	text_muted	GREEN
utility_ref	theme	theme.text.caption	token	next/ui/motolii-browser-pane/src/card_view.rs	257	theme.text.caption	theme.text.caption	GREEN
utility_ref	theme	theme.space.m	token	next/ui/motolii-browser-pane/src/card_view.rs	258	theme.space.m	theme.space.m	GREEN
utility_ref	theme	theme.space.s	token	next/ui/motolii-browser-pane/src/card_view.rs	285	theme.space.s	theme.space.s	GREEN
utility_ref	theme	theme.space.s	token	next/ui/motolii-browser-pane/src/card_view.rs	289	theme.space.s	theme.space.s	GREEN
token_ref	colors	text_muted	token	next/ui/motolii-browser-pane/src/card_view.rs	322	colors.text_muted	text_muted	GREEN
utility_ref	theme	theme.text.caption	token	next/ui/motolii-browser-pane/src/card_view.rs	322	theme.text.caption	theme.text.caption	GREEN
utility_ref	theme	theme.space.m	token	next/ui/motolii-browser-pane/src/card_view.rs	323	theme.space.m	theme.space.m	GREEN
utility_ref	theme	theme.space.s	token	next/ui/motolii-browser-pane/src/card_view.rs	359	theme.space.s	theme.space.s	GREEN
utility_ref	theme	theme.space.s	token	next/ui/motolii-browser-pane/src/card_view.rs	363	theme.space.s	theme.space.s	GREEN
utility_ref	theme	theme.space.xs	token	next/ui/motolii-browser-pane/src/card_view.rs	496	theme.space.xs	theme.space.xs	GREEN
utility_ref	theme	theme.space.xs	token	next/ui/motolii-browser-pane/src/card_view.rs	501	theme.space.xs	theme.space.xs	GREEN
component_ref	dims.components	browser.filter_chip_corner_radius_row_height_ratio	token	next/ui/motolii-browser-pane/src/card_view.rs	533	dims.components.browser.filter_chip_corner_radius_row_height_ratio	browser.filter_chip_corner_radius_row_height_ratio	GREEN
token_ref	dims	row_height	token	next/ui/motolii-browser-pane/src/card_view.rs	534	dims.row_height	row_height	GREEN
utility_ref	theme	theme.text.micro	token	next/ui/motolii-browser-pane/src/card_view.rs	537	theme.text.micro	theme.text.micro	GREEN
token_ref	colors	text_muted	token	next/ui/motolii-browser-pane/src/card_view.rs	538	colors.text_muted	text_muted	GREEN
utility_ref	theme	theme.space.s	token	next/ui/motolii-browser-pane/src/card_view.rs	543	theme.space.s	theme.space.s	GREEN
utility_ref	theme	theme.space.xs	token	next/ui/motolii-browser-pane/src/card_view.rs	543	theme.space.xs	theme.space.xs	GREEN
utility_ref	theme	theme.text.caption	token	next/ui/motolii-browser-pane/src/card_view.rs	551	theme.text.caption	theme.text.caption	GREEN
token_ref	colors	text_primary	token	next/ui/motolii-browser-pane/src/card_view.rs	552	colors.text_primary	text_primary	GREEN
utility_ref	theme	theme.space.s	token	next/ui/motolii-browser-pane/src/card_view.rs	554	theme.space.s	theme.space.s	GREEN
utility_ref	theme	theme.space.xs	token	next/ui/motolii-browser-pane/src/card_view.rs	554	theme.space.xs	theme.space.xs	GREEN
token_ref	colors	surface_raised	token	next/ui/motolii-browser-pane/src/card_view.rs	556	colors.surface_raised	surface_raised	GREEN
token_ref	colors	border_default	token	next/ui/motolii-browser-pane/src/card_view.rs	558	colors.border_default	border_default	GREEN
utility_ref	theme	theme.stroke.hairline	token	next/ui/motolii-browser-pane/src/card_view.rs	559	theme.stroke.hairline	theme.stroke.hairline	GREEN
utility_ref	theme	theme.space.xs	token	next/ui/motolii-browser-pane/src/card_view.rs	566	theme.space.xs	theme.space.xs	GREEN
component_ref	dims.components	browser.filter_chip_corner_radius_row_height_ratio	token	next/ui/motolii-browser-pane/src/card_view.rs	598	dims.components.browser.filter_chip_corner_radius_row_height_ratio	browser.filter_chip_corner_radius_row_height_ratio	GREEN
token_ref	dims	row_height	token	next/ui/motolii-browser-pane/src/card_view.rs	599	dims.row_height	row_height	GREEN
utility_ref	theme	theme.text.micro	token	next/ui/motolii-browser-pane/src/card_view.rs	601	theme.text.micro	theme.text.micro	GREEN
utility_ref	theme	theme.space.s	token	next/ui/motolii-browser-pane/src/card_view.rs	604	theme.space.s	theme.space.s	GREEN
utility_ref	theme	theme.space.xs	token	next/ui/motolii-browser-pane/src/card_view.rs	604	theme.space.xs	theme.space.xs	GREEN
token_ref	colors	state_selected	token	next/ui/motolii-browser-pane/src/card_view.rs	629	colors.state_selected	state_selected	GREEN
token_ref	colors	surface_hover	token	next/ui/motolii-browser-pane/src/card_view.rs	632	colors.surface_hover	surface_hover	GREEN
token_ref	colors	focus	token	next/ui/motolii-browser-pane/src/card_view.rs	637	colors.focus	focus	GREEN
token_ref	colors	text_primary	token	next/ui/motolii-browser-pane/src/card_view.rs	643	colors.text_primary	text_primary	GREEN
utility_ref	theme	theme.stroke.hairline	token	next/ui/motolii-browser-pane/src/card_view.rs	646	theme.stroke.hairline	theme.stroke.hairline	GREEN
token_ref	colors	way_timeline	token	next/ui/motolii-browser-pane/src/card_view.rs	671	colors.way_timeline	way_timeline	GREEN
token_ref	colors	shape	token	next/ui/motolii-browser-pane/src/card_view.rs	672	colors.shape	shape	GREEN
token_ref	colors	data	token	next/ui/motolii-browser-pane/src/card_view.rs	673	colors.data	data	GREEN
token_ref	colors	surface_raised	token	next/ui/motolii-browser-pane/src/card_view.rs	674	colors.surface_raised	surface_raised	GREEN
utility_ref	theme	theme.text.micro	token	next/ui/motolii-browser-pane/src/card_view.rs	713	theme.text.micro	theme.text.micro	GREEN
token_ref	colors	status_warning	token	next/ui/motolii-browser-pane/src/card_view.rs	714	colors.status_warning	status_warning	GREEN
utility_ref	theme	theme.text.caption	token	next/ui/motolii-browser-pane/src/card_view.rs	722	theme.text.caption	theme.text.caption	GREEN
token_ref	colors	text_primary	token	next/ui/motolii-browser-pane/src/card_view.rs	723	colors.text_primary	text_primary	GREEN
utility_ref	theme	theme.space.s	token	next/ui/motolii-browser-pane/src/card_view.rs	725	theme.space.s	theme.space.s	GREEN
utility_ref	theme	theme.space.xs	token	next/ui/motolii-browser-pane/src/card_view.rs	725	theme.space.xs	theme.space.xs	GREEN
token_ref	colors	surface_raised	token	next/ui/motolii-browser-pane/src/card_view.rs	727	colors.surface_raised	surface_raised	GREEN
token_ref	colors	border_default	token	next/ui/motolii-browser-pane/src/card_view.rs	729	colors.border_default	border_default	GREEN
utility_ref	theme	theme.stroke.hairline	token	next/ui/motolii-browser-pane/src/card_view.rs	730	theme.stroke.hairline	theme.stroke.hairline	GREEN
utility_ref	theme	theme.space.xs	token	next/ui/motolii-browser-pane/src/card_view.rs	737	theme.space.xs	theme.space.xs	GREEN
utility_ref	theme	theme.text.micro	token	next/ui/motolii-browser-pane/src/context_menu.rs	103	theme.text.micro	theme.text.micro	GREEN
token_ref	colors	text_primary	token	next/ui/motolii-browser-pane/src/context_menu.rs	104	colors.text_primary	text_primary	GREEN
utility_ref	theme	theme.space.s	token	next/ui/motolii-browser-pane/src/context_menu.rs	108	theme.space.s	theme.space.s	GREEN
utility_ref	theme	theme.space.xs	token	next/ui/motolii-browser-pane/src/context_menu.rs	108	theme.space.xs	theme.space.xs	GREEN
component_ref	dims.components	browser.filter_chip_corner_radius_row_height_ratio	token	next/ui/motolii-browser-pane/src/context_menu.rs	115	dims.components.browser.filter_chip_corner_radius_row_height_ratio	browser.filter_chip_corner_radius_row_height_ratio	GREEN
token_ref	dims	row_height	token	next/ui/motolii-browser-pane/src/context_menu.rs	116	dims.row_height	row_height	GREEN
utility_ref	theme	theme.space.xs	token	next/ui/motolii-browser-pane/src/context_menu.rs	124	theme.space.xs	theme.space.xs	GREEN
utility_ref	theme	theme.space.xs	token	next/ui/motolii-browser-pane/src/context_menu.rs	126	theme.space.xs	theme.space.xs	GREEN
token_ref	colors	surface_raised	token	next/ui/motolii-browser-pane/src/context_menu.rs	128	colors.surface_raised	surface_raised	GREEN
token_ref	colors	border_default	token	next/ui/motolii-browser-pane/src/context_menu.rs	130	colors.border_default	border_default	GREEN
utility_ref	theme	theme.stroke.hairline	token	next/ui/motolii-browser-pane/src/context_menu.rs	131	theme.stroke.hairline	theme.stroke.hairline	GREEN
component_ref	dims.components	browser.filter_chip_corner_radius_row_height_ratio	token	next/ui/motolii-browser-pane/src/filter_view.rs	34	dims.components.browser.filter_chip_corner_radius_row_height_ratio	browser.filter_chip_corner_radius_row_height_ratio	GREEN
token_ref	dims	row_height	token	next/ui/motolii-browser-pane/src/filter_view.rs	35	dims.row_height	row_height	GREEN
utility_ref	theme	theme.space.s	token	next/ui/motolii-browser-pane/src/filter_view.rs	36	theme.space.s	theme.space.s	GREEN
utility_ref	theme	theme.space.xs	token	next/ui/motolii-browser-pane/src/filter_view.rs	36	theme.space.xs	theme.space.xs	GREEN
component_ref	dims.components	browser.filter_chip_corner_radius_row_height_ratio	token	next/ui/motolii-browser-pane/src/filter_view.rs	74	dims.components.browser.filter_chip_corner_radius_row_height_ratio	browser.filter_chip_corner_radius_row_height_ratio	GREEN
token_ref	dims	row_height	token	next/ui/motolii-browser-pane/src/filter_view.rs	75	dims.row_height	row_height	GREEN
utility_ref	theme	theme.space.s	token	next/ui/motolii-browser-pane/src/filter_view.rs	76	theme.space.s	theme.space.s	GREEN
utility_ref	theme	theme.space.xs	token	next/ui/motolii-browser-pane/src/filter_view.rs	76	theme.space.xs	theme.space.xs	GREEN
utility_ref	theme	theme.space.xs	token	next/ui/motolii-browser-pane/src/filter_view.rs	92	theme.space.xs	theme.space.xs	GREEN
component_ref	dims.components	browser.filter_chip_corner_radius_row_height_ratio	token	next/ui/motolii-browser-pane/src/filter_view.rs	109	dims.components.browser.filter_chip_corner_radius_row_height_ratio	browser.filter_chip_corner_radius_row_height_ratio	GREEN
token_ref	dims	row_height	token	next/ui/motolii-browser-pane/src/filter_view.rs	110	dims.row_height	row_height	GREEN
utility_ref	theme	theme.space.s	token	next/ui/motolii-browser-pane/src/filter_view.rs	111	theme.space.s	theme.space.s	GREEN
utility_ref	theme	theme.space.xs	token	next/ui/motolii-browser-pane/src/filter_view.rs	111	theme.space.xs	theme.space.xs	GREEN
component_ref	dims.components	browser.filter_chip_corner_radius_row_height_ratio	token	next/ui/motolii-browser-pane/src/filter_view.rs	143	dims.components.browser.filter_chip_corner_radius_row_height_ratio	browser.filter_chip_corner_radius_row_height_ratio	GREEN
token_ref	dims	row_height	token	next/ui/motolii-browser-pane/src/filter_view.rs	144	dims.row_height	row_height	GREEN
utility_ref	theme	theme.space.s	token	next/ui/motolii-browser-pane/src/filter_view.rs	145	theme.space.s	theme.space.s	GREEN
utility_ref	theme	theme.space.xs	token	next/ui/motolii-browser-pane/src/filter_view.rs	145	theme.space.xs	theme.space.xs	GREEN
utility_ref	theme	theme.space.xs	token	next/ui/motolii-browser-pane/src/filter_view.rs	149	theme.space.xs	theme.space.xs	GREEN
utility_ref	theme	theme.text.micro	token	next/ui/motolii-browser-pane/src/filter_view.rs	156	theme.text.micro	theme.text.micro	GREEN
utility_ref	theme	theme.space.xs	token	next/ui/motolii-browser-pane/src/filter_view.rs	167	theme.space.xs	theme.space.xs	GREEN
utility_ref	theme	theme.space.xs	token	next/ui/motolii-browser-pane/src/filter_view.rs	189	theme.space.xs	theme.space.xs	GREEN
token_ref	colors	action_active	token	next/ui/motolii-browser-pane/src/filter_view.rs	204	colors.action_active	action_active	GREEN
token_ref	colors	text_muted	token	next/ui/motolii-browser-pane/src/filter_view.rs	206	colors.text_muted	text_muted	GREEN
utility_ref	theme	theme.text.micro	token	next/ui/motolii-browser-pane/src/filter_view.rs	209	theme.text.micro	theme.text.micro	GREEN
utility_ref	theme	theme.target.minimum	token	next/ui/motolii-browser-pane/src/filter_view.rs	213	theme.target.minimum	theme.target.minimum	GREEN
utility_ref	theme	theme.target.minimum	token	next/ui/motolii-browser-pane/src/filter_view.rs	214	theme.target.minimum	theme.target.minimum	GREEN
utility_ref	theme	theme.space.xs	token	next/ui/motolii-browser-pane/src/filter_view.rs	215	theme.space.xs	theme.space.xs	GREEN
token_ref	colors	state_selected	token	next/ui/motolii-browser-pane/src/filter_view.rs	218	colors.state_selected	state_selected	GREEN
token_ref	colors	surface_hover	token	next/ui/motolii-browser-pane/src/filter_view.rs	222	colors.surface_hover	surface_hover	GREEN
utility_ref	theme	theme.text.caption	token	next/ui/motolii-browser-pane/src/filter_view.rs	240	theme.text.caption	theme.text.caption	GREEN
token_ref	colors	text_primary	token	next/ui/motolii-browser-pane/src/filter_view.rs	241	colors.text_primary	text_primary	GREEN
utility_ref	theme	theme.space.s	token	next/ui/motolii-browser-pane/src/filter_view.rs	243	theme.space.s	theme.space.s	GREEN
utility_ref	theme	theme.space.xs	token	next/ui/motolii-browser-pane/src/filter_view.rs	243	theme.space.xs	theme.space.xs	GREEN
token_ref	colors	surface_raised	token	next/ui/motolii-browser-pane/src/filter_view.rs	245	colors.surface_raised	surface_raised	GREEN
token_ref	colors	border_default	token	next/ui/motolii-browser-pane/src/filter_view.rs	247	colors.border_default	border_default	GREEN
utility_ref	theme	theme.stroke.hairline	token	next/ui/motolii-browser-pane/src/filter_view.rs	248	theme.stroke.hairline	theme.stroke.hairline	GREEN
utility_ref	theme	theme.space.xs	token	next/ui/motolii-browser-pane/src/filter_view.rs	255	theme.space.xs	theme.space.xs	GREEN
utility_ref	theme	theme.space.xs	token	next/ui/motolii-browser-pane/src/lib.rs	309	theme.space.xs	theme.space.xs	GREEN
utility_ref	theme	theme.space.xs	token	next/ui/motolii-browser-pane/src/lib.rs	358	theme.space.xs	theme.space.xs	GREEN
token_ref	dims	browser_tab_underline	token	next/ui/motolii-browser-pane/src/lib.rs	375	dims.browser_tab_underline	browser_tab_underline	GREEN
token_ref	dims	browser_tab_bar_height	token	next/ui/motolii-browser-pane/src/lib.rs	377	dims.browser_tab_bar_height	browser_tab_bar_height	GREEN
utility_ref	theme	theme.stroke.hairline	token	next/ui/motolii-browser-pane/src/lib.rs	377	theme.stroke.hairline	theme.stroke.hairline	GREEN
utility_ref	theme	theme.text.micro	token	next/ui/motolii-browser-pane/src/lib.rs	383	theme.text.micro	theme.text.micro	GREEN
raw_literal		0	0	next/ui/motolii-browser-pane/src/lib.rs	392	padding	lib_padding	IGNORED_ZERO
token_ref	colors	action_active	token	next/ui/motolii-browser-pane/src/lib.rs	402	colors.action_active	action_active	GREEN
utility_ref	theme	theme.stroke.hairline	token	next/ui/motolii-browser-pane/src/lib.rs	418	theme.stroke.hairline	theme.stroke.hairline	GREEN
token_ref	colors	surface_app	token	next/ui/motolii-browser-pane/src/lib.rs	430	colors.surface_app	surface_app	GREEN
token_ref	colors	surface_hover	token	next/ui/motolii-browser-pane/src/lib.rs	433	colors.surface_hover	surface_hover	GREEN
token_ref	colors	text_primary	token	next/ui/motolii-browser-pane/src/lib.rs	440	colors.text_primary	text_primary	GREEN
token_ref	colors	text_muted	token	next/ui/motolii-browser-pane/src/lib.rs	442	colors.text_muted	text_muted	GREEN
utility_ref	theme	theme.space.xs	token	next/ui/motolii-browser-pane/src/lib.rs	527	theme.space.xs	theme.space.xs	GREEN
utility_ref	theme	theme.text.micro	token	next/ui/motolii-browser-pane/src/lib.rs	555	theme.text.micro	theme.text.micro	GREEN
token_ref	colors	text_muted	token	next/ui/motolii-browser-pane/src/lib.rs	556	colors.text_muted	text_muted	GREEN
utility_ref	theme	theme.space.xs	token	next/ui/motolii-browser-pane/src/lib.rs	572	theme.space.xs	theme.space.xs	GREEN
utility_ref	theme	theme.space.xs	token	next/ui/motolii-browser-pane/src/media_preview.rs	80	theme.space.xs	theme.space.xs	GREEN
token_ref	colors	state_selected	token	next/ui/motolii-browser-pane/src/media_preview.rs	103	colors.state_selected	state_selected	GREEN
token_ref	colors	surface_hover	token	next/ui/motolii-browser-pane/src/media_preview.rs	105	colors.surface_hover	surface_hover	GREEN
token_ref	colors	focus	token	next/ui/motolii-browser-pane/src/media_preview.rs	110	colors.focus	focus	GREEN
utility_ref	theme	theme.stroke.hairline	token	next/ui/motolii-browser-pane/src/media_preview.rs	118	theme.stroke.hairline	theme.stroke.hairline	GREEN
utility_ref	theme	theme.space.xs	token	next/ui/motolii-browser-pane/src/preview_view.rs	39	theme.space.xs	theme.space.xs	GREEN
utility_ref	theme	theme.space.xs	token	next/ui/motolii-browser-pane/src/preview_view.rs	72	theme.space.xs	theme.space.xs	GREEN
utility_ref	theme	theme.text.micro	token	next/ui/motolii-browser-pane/src/preview_view.rs	150	theme.text.micro	theme.text.micro	GREEN
token_ref	colors	text_muted	token	next/ui/motolii-browser-pane/src/preview_view.rs	151	colors.text_muted	text_muted	GREEN
utility_ref	theme	theme.text.caption	token	next/ui/motolii-browser-pane/src/preview_view.rs	156	theme.text.caption	theme.text.caption	GREEN
token_ref	colors	text_muted	token	next/ui/motolii-browser-pane/src/preview_view.rs	157	colors.text_muted	text_muted	GREEN
utility_ref	theme	theme.space.m	token	next/ui/motolii-browser-pane/src/preview_view.rs	159	theme.space.m	theme.space.m	GREEN
utility_ref	theme	theme.space.s	token	next/ui/motolii-browser-pane/src/preview_view.rs	184	theme.space.s	theme.space.s	GREEN
utility_ref	theme	theme.space.s	token	next/ui/motolii-browser-pane/src/preview_view.rs	187	theme.space.s	theme.space.s	GREEN
token_ref	colors	surface_raised	token	next/ui/motolii-browser-pane/src/preview_view.rs	221	colors.surface_raised	surface_raised	GREEN
utility_ref	theme	theme.space.xs	token	next/ui/motolii-browser-pane/src/preview_view.rs	239	theme.space.xs	theme.space.xs	GREEN
utility_ref	theme	theme.space.xs	token	next/ui/motolii-browser-pane/src/preview_view.rs	264	theme.space.xs	theme.space.xs	GREEN
utility_ref	theme	theme.space.xs	token	next/ui/motolii-browser-pane/src/preview_view.rs	278	theme.space.xs	theme.space.xs	GREEN
token_ref	colors	state_selected	token	next/ui/motolii-browser-pane/src/preview_view.rs	290	colors.state_selected	state_selected	GREEN
token_ref	colors	surface_hover	token	next/ui/motolii-browser-pane/src/preview_view.rs	292	colors.surface_hover	surface_hover	GREEN
utility_ref	theme	theme.space.m	token	next/ui/motolii-browser-pane/src/rail_view.rs	32	theme.space.m	theme.space.m	GREEN
utility_ref	theme	theme.space.xs	token	next/ui/motolii-browser-pane/src/rail_view.rs	32	theme.space.xs	theme.space.xs	GREEN
utility_ref	theme	theme.space.m	token	next/ui/motolii-browser-pane/src/rail_view.rs	54	theme.space.m	theme.space.m	GREEN
utility_ref	theme	theme.space.xs	token	next/ui/motolii-browser-pane/src/rail_view.rs	54	theme.space.xs	theme.space.xs	GREEN
token_ref	colors	surface_panel	token	next/ui/motolii-browser-pane/src/rail_view.rs	90	colors.surface_panel	surface_panel	GREEN
utility_ref	theme	theme.stroke.hairline	token	next/ui/motolii-browser-pane/src/rail_view.rs	93	theme.stroke.hairline	theme.stroke.hairline	GREEN
utility_ref	theme	theme.space.xs	token	next/ui/motolii-browser-pane/src/rail_view.rs	109	theme.space.xs	theme.space.xs	GREEN
utility_ref	theme	theme.space.xs	token	next/ui/motolii-browser-pane/src/rail_view.rs	110	theme.space.xs	theme.space.xs	GREEN
utility_ref	theme	theme.text.micro	token	next/ui/motolii-browser-pane/src/rail_view.rs	140	theme.text.micro	theme.text.micro	GREEN
token_ref	colors	text_muted	token	next/ui/motolii-browser-pane/src/rail_view.rs	141	colors.text_muted	text_muted	GREEN
utility_ref	theme	theme.space.m	token	next/ui/motolii-browser-pane/src/rail_view.rs	168	theme.space.m	theme.space.m	GREEN
utility_ref	theme	theme.space.xs	token	next/ui/motolii-browser-pane/src/rail_view.rs	168	theme.space.xs	theme.space.xs	GREEN
token_ref	colors	surface_hover	token	next/ui/motolii-browser-pane/src/rail_view.rs	189	colors.surface_hover	surface_hover	GREEN
token_ref	colors	focus	token	next/ui/motolii-browser-pane/src/rail_view.rs	191	colors.focus	focus	GREEN
utility_ref	theme	theme.stroke.hairline	token	next/ui/motolii-browser-pane/src/rail_view.rs	192	theme.stroke.hairline	theme.stroke.hairline	GREEN
utility_ref	theme	theme.text.micro	token	next/ui/motolii-browser-pane/src/search_view.rs	20	theme.text.micro	theme.text.micro	GREEN
utility_ref	theme	theme.text.micro	token	next/ui/motolii-browser-pane/src/search_view.rs	46	theme.text.micro	theme.text.micro	GREEN
token_ref	colors	state_selected	token	next/ui/motolii-browser-pane/src/search_view.rs	80	colors.state_selected	state_selected	GREEN
token_ref	colors	surface_hover	token	next/ui/motolii-browser-pane/src/search_view.rs	83	colors.surface_hover	surface_hover	GREEN
token_ref	colors	state_selected	token	next/ui/motolii-browser-pane/src/search_view.rs	84	colors.state_selected	state_selected	GREEN
token_ref	colors	action_active	token	next/ui/motolii-browser-pane/src/search_view.rs	89	colors.action_active	action_active	GREEN
token_ref	colors	state_disabled	token	next/ui/motolii-browser-pane/src/search_view.rs	94	colors.state_disabled	state_disabled	GREEN
token_ref	colors	action_active	token	next/ui/motolii-browser-pane/src/search_view.rs	96	colors.action_active	action_active	GREEN
token_ref	colors	text_primary	token	next/ui/motolii-browser-pane/src/search_view.rs	98	colors.text_primary	text_primary	GREEN
utility_ref	theme	theme.stroke.hairline	token	next/ui/motolii-browser-pane/src/search_view.rs	105	theme.stroke.hairline	theme.stroke.hairline	GREEN
token_ref	colors	action_active	token	next/ui/motolii-browser-pane/src/search_view.rs	121	colors.action_active	action_active	GREEN
token_ref	colors	border_default	token	next/ui/motolii-browser-pane/src/search_view.rs	122	colors.border_default	border_default	GREEN
token_ref	colors	surface_raised	token	next/ui/motolii-browser-pane/src/search_view.rs	125	colors.surface_raised	surface_raised	GREEN
utility_ref	theme	theme.stroke.hairline	token	next/ui/motolii-browser-pane/src/search_view.rs	128	theme.stroke.hairline	theme.stroke.hairline	GREEN
token_ref	colors	text_muted	token	next/ui/motolii-browser-pane/src/search_view.rs	131	colors.text_muted	text_muted	GREEN
token_ref	colors	text_primary	token	next/ui/motolii-browser-pane/src/search_view.rs	132	colors.text_primary	text_primary	GREEN
token_ref	colors	action_active	token	next/ui/motolii-browser-pane/src/search_view.rs	133	colors.action_active	action_active	GREEN
utility_ref	theme	theme.space.xs	token	next/ui/motolii-export-pane/src/lib.rs	560	theme.space.xs	theme.space.xs	GREEN
raw_literal		0.0	0.0	next/ui/motolii-export-pane/src/lib.rs	561	padding	lib_padding	IGNORED_ZERO
utility_ref	theme	theme.space.m	token	next/ui/motolii-export-pane/src/lib.rs	561	theme.space.m	theme.space.m	GREEN
utility_ref	theme	theme.text.body	token	next/ui/motolii-export-pane/src/lib.rs	576	theme.text.body	theme.text.body	GREEN
token_ref	colors	text_primary	token	next/ui/motolii-export-pane/src/lib.rs	577	colors.text_primary	text_primary	GREEN
utility_ref	theme	theme.text.caption	token	next/ui/motolii-export-pane/src/lib.rs	579	theme.text.caption	theme.text.caption	GREEN
token_ref	colors	text_muted	token	next/ui/motolii-export-pane/src/lib.rs	580	colors.text_muted	text_muted	GREEN
utility_ref	theme	theme.space.xs	token	next/ui/motolii-export-pane/src/lib.rs	582	theme.space.xs	theme.space.xs	GREEN
utility_ref	theme	theme.space.s	token	next/ui/motolii-export-pane/src/lib.rs	585	theme.space.s	theme.space.s	GREEN
utility_ref	theme	theme.space.xs	token	next/ui/motolii-export-pane/src/lib.rs	585	theme.space.xs	theme.space.xs	GREEN
token_ref	colors	state_selected	token	next/ui/motolii-export-pane/src/lib.rs	592	colors.state_selected	state_selected	GREEN
utility_ref	theme	theme.text.body	token	next/ui/motolii-export-pane/src/lib.rs	612	theme.text.body	theme.text.body	GREEN
token_ref	colors	text_primary	token	next/ui/motolii-export-pane/src/lib.rs	613	colors.text_primary	text_primary	GREEN
token_ref	colors	text_primary	token	next/ui/motolii-export-pane/src/lib.rs	615	colors.text_primary	text_primary	GREEN
utility_ref	theme	theme.text.body	token	next/ui/motolii-export-pane/src/lib.rs	615	theme.text.body	theme.text.body	GREEN
utility_ref	theme	theme.space.xs	token	next/ui/motolii-export-pane/src/lib.rs	617	theme.space.xs	theme.space.xs	GREEN
token_ref	dims	inspector_row_height	token	next/ui/motolii-export-pane/src/lib.rs	618	dims.inspector_row_height	inspector_row_height	GREEN
raw_literal		0.0	0.0	next/ui/motolii-export-pane/src/lib.rs	620	padding	lib_padding	IGNORED_ZERO
utility_ref	theme	theme.space.m	token	next/ui/motolii-export-pane/src/lib.rs	620	theme.space.m	theme.space.m	GREEN
token_ref	colors	text_primary	token	next/ui/motolii-export-pane/src/lib.rs	636	colors.text_primary	text_primary	GREEN
token_ref	colors	text_muted	token	next/ui/motolii-export-pane/src/lib.rs	637	colors.text_muted	text_muted	GREEN
utility_ref	theme	theme.text.body	token	next/ui/motolii-export-pane/src/lib.rs	639	theme.text.body	theme.text.body	GREEN
utility_ref	theme	theme.text.body	token	next/ui/motolii-export-pane/src/lib.rs	646	theme.text.body	theme.text.body	GREEN
token_ref	colors	text_primary	token	next/ui/motolii-export-pane/src/lib.rs	647	colors.text_primary	text_primary	GREEN
utility_ref	theme	theme.text.body	token	next/ui/motolii-export-pane/src/lib.rs	649	theme.text.body	theme.text.body	GREEN
utility_ref	theme	theme.space.xs	token	next/ui/motolii-export-pane/src/lib.rs	652	theme.space.xs	theme.space.xs	GREEN
token_ref	dims	inspector_row_height	token	next/ui/motolii-export-pane/src/lib.rs	653	dims.inspector_row_height	inspector_row_height	GREEN
raw_literal		0.0	0.0	next/ui/motolii-export-pane/src/lib.rs	655	padding	lib_padding	IGNORED_ZERO
utility_ref	theme	theme.space.m	token	next/ui/motolii-export-pane/src/lib.rs	655	theme.space.m	theme.space.m	GREEN
utility_ref	theme	theme.text.body	token	next/ui/motolii-export-pane/src/lib.rs	670	theme.text.body	theme.text.body	GREEN
utility_ref	theme	theme.text.body	token	next/ui/motolii-export-pane/src/lib.rs	677	theme.text.body	theme.text.body	GREEN
token_ref	colors	text_primary	token	next/ui/motolii-export-pane/src/lib.rs	678	colors.text_primary	text_primary	GREEN
utility_ref	theme	theme.space.xs	token	next/ui/motolii-export-pane/src/lib.rs	682	theme.space.xs	theme.space.xs	GREEN
token_ref	dims	inspector_row_height	token	next/ui/motolii-export-pane/src/lib.rs	683	dims.inspector_row_height	inspector_row_height	GREEN
raw_literal		0.0	0.0	next/ui/motolii-export-pane/src/lib.rs	685	padding	lib_padding	IGNORED_ZERO
utility_ref	theme	theme.space.m	token	next/ui/motolii-export-pane/src/lib.rs	685	theme.space.m	theme.space.m	GREEN
utility_ref	theme	theme.text.body	token	next/ui/motolii-export-pane/src/lib.rs	692	theme.text.body	theme.text.body	GREEN
token_ref	dims	inspector_row_height	token	next/ui/motolii-export-pane/src/lib.rs	698	dims.inspector_row_height	inspector_row_height	GREEN
raw_literal		0.0	0.0	next/ui/motolii-export-pane/src/lib.rs	700	padding	lib_padding	IGNORED_ZERO
utility_ref	theme	theme.space.m	token	next/ui/motolii-export-pane/src/lib.rs	700	theme.space.m	theme.space.m	GREEN
utility_ref	theme	theme.text.body	token	next/ui/motolii-export-pane/src/lib.rs	712	theme.text.body	theme.text.body	GREEN
token_ref	colors	text_primary	token	next/ui/motolii-export-pane/src/lib.rs	713	colors.text_primary	text_primary	GREEN
utility_ref	theme	theme.text.body	token	next/ui/motolii-export-pane/src/lib.rs	717	theme.text.body	theme.text.body	GREEN
token_ref	colors	text_primary	token	next/ui/motolii-export-pane/src/lib.rs	718	colors.text_primary	text_primary	GREEN
utility_ref	theme	theme.space.xs	token	next/ui/motolii-export-pane/src/lib.rs	723	theme.space.xs	theme.space.xs	GREEN
token_ref	dims	inspector_row_height	token	next/ui/motolii-export-pane/src/lib.rs	724	dims.inspector_row_height	inspector_row_height	GREEN
raw_literal		0.0	0.0	next/ui/motolii-export-pane/src/lib.rs	726	padding	lib_padding	IGNORED_ZERO
utility_ref	theme	theme.space.m	token	next/ui/motolii-export-pane/src/lib.rs	726	theme.space.m	theme.space.m	GREEN
token_ref	colors	text_muted	token	next/ui/motolii-export-pane/src/lib.rs	736	colors.text_muted	text_muted	GREEN
utility_ref	theme	theme.text.caption	token	next/ui/motolii-export-pane/src/lib.rs	736	theme.text.caption	theme.text.caption	GREEN
utility_ref	theme	theme.space.m	token	next/ui/motolii-export-pane/src/lib.rs	738	theme.space.m	theme.space.m	GREEN
utility_ref	theme	theme.space.xs	token	next/ui/motolii-export-pane/src/lib.rs	738	theme.space.xs	theme.space.xs	GREEN
utility_ref	theme	theme.text.caption	token	next/ui/motolii-export-pane/src/lib.rs	746	theme.text.caption	theme.text.caption	GREEN
token_ref	colors	status_warning	token	next/ui/motolii-export-pane/src/lib.rs	747	colors.status_warning	status_warning	GREEN
utility_ref	theme	theme.space.m	token	next/ui/motolii-export-pane/src/lib.rs	750	theme.space.m	theme.space.m	GREEN
utility_ref	theme	theme.space.xs	token	next/ui/motolii-export-pane/src/lib.rs	750	theme.space.xs	theme.space.xs	GREEN
token_ref	colors	action_active	token	next/ui/motolii-export-pane/src/lib.rs	763	colors.action_active	action_active	GREEN
token_ref	colors	surface_raised	token	next/ui/motolii-export-pane/src/lib.rs	765	colors.surface_raised	surface_raised	GREEN
token_ref	colors	text_primary	token	next/ui/motolii-export-pane/src/lib.rs	767	colors.text_primary	text_primary	GREEN
token_ref	colors	action_active	token	next/ui/motolii-export-pane/src/lib.rs	771	colors.action_active	action_active	GREEN
token_ref	colors	surface_hover	token	next/ui/motolii-export-pane/src/lib.rs	773	colors.surface_hover	surface_hover	GREEN
token_ref	colors	text_primary	token	next/ui/motolii-export-pane/src/lib.rs	775	colors.text_primary	text_primary	GREEN
token_ref	colors	state_selected	token	next/ui/motolii-export-pane/src/lib.rs	779	colors.state_selected	state_selected	GREEN
token_ref	colors	surface_panel	token	next/ui/motolii-export-pane/src/lib.rs	781	colors.surface_panel	surface_panel	GREEN
token_ref	colors	state_disabled	token	next/ui/motolii-export-pane/src/lib.rs	783	colors.state_disabled	state_disabled	GREEN
utility_ref	theme	theme.text.body	token	next/ui/motolii-inspector-pane/src/attrs.rs	125	theme.text.body	theme.text.body	GREEN
token_ref	colors	text_primary	token	next/ui/motolii-inspector-pane/src/attrs.rs	126	colors.text_primary	text_primary	GREEN
utility_ref	theme	theme.text.body	token	next/ui/motolii-inspector-pane/src/attrs.rs	128	theme.text.body	theme.text.body	GREEN
utility_ref	theme	theme.space.xs	token	next/ui/motolii-inspector-pane/src/attrs.rs	132	theme.space.xs	theme.space.xs	GREEN
utility_ref	theme	theme.text.body	token	next/ui/motolii-inspector-pane/src/attrs.rs	178	theme.text.body	theme.text.body	GREEN
token_ref	dims	inspector_value_width	token	next/ui/motolii-inspector-pane/src/attrs.rs	179	dims.inspector_value_width	inspector_value_width	GREEN
utility_ref	theme	theme.text.body	token	next/ui/motolii-inspector-pane/src/attrs.rs	186	theme.text.body	theme.text.body	GREEN
token_ref	colors	text_primary	token	next/ui/motolii-inspector-pane/src/attrs.rs	187	colors.text_primary	text_primary	GREEN
token_ref	colors	text_muted	token	next/ui/motolii-inspector-pane/src/attrs.rs	190	colors.text_muted	text_muted	GREEN
utility_ref	theme	theme.text.caption	token	next/ui/motolii-inspector-pane/src/attrs.rs	190	theme.text.caption	theme.text.caption	GREEN
utility_ref	theme	theme.text.caption	token	next/ui/motolii-inspector-pane/src/attrs.rs	191	theme.text.caption	theme.text.caption	GREEN
utility_ref	theme	theme.space.xs	token	next/ui/motolii-inspector-pane/src/attrs.rs	195	theme.space.xs	theme.space.xs	GREEN
utility_ref	theme	theme.stroke.hairline	token	next/ui/motolii-inspector-pane/src/chrome.rs	82	theme.stroke.hairline	theme.stroke.hairline	GREEN
token_ref	dims	inspector_row_height	token	next/ui/motolii-inspector-pane/src/chrome.rs	98	dims.inspector_row_height	inspector_row_height	GREEN
raw_literal		0.0	0.0	next/ui/motolii-inspector-pane/src/chrome.rs	114	padding	chrome_padding	IGNORED_ZERO
utility_ref	theme	theme.space.m	token	next/ui/motolii-inspector-pane/src/chrome.rs	114	theme.space.m	theme.space.m	GREEN
token_ref	colors	way_timeline	token	next/ui/motolii-inspector-pane/src/chrome.rs	134	colors.way_timeline	way_timeline	GREEN
token_ref	dims	inspector_row_height	token	next/ui/motolii-inspector-pane/src/chrome.rs	135	dims.inspector_row_height	inspector_row_height	GREEN
raw_literal		0.0	0.0	next/ui/motolii-inspector-pane/src/chrome.rs	139	padding	chrome_padding	IGNORED_ZERO
token_ref	colors	border_default	token	next/ui/motolii-inspector-pane/src/chrome.rs	167	colors.border_default	border_default	GREEN
token_ref	colors	text_primary	token	next/ui/motolii-inspector-pane/src/chrome.rs	172	colors.text_primary	text_primary	GREEN
utility_ref	theme	theme.stroke.hairline	token	next/ui/motolii-inspector-pane/src/chrome.rs	175	theme.stroke.hairline	theme.stroke.hairline	GREEN
token_ref	dims	inspector_value_width	token	next/ui/motolii-inspector-pane/src/chrome.rs	186	dims.inspector_value_width	inspector_value_width	GREEN
utility_ref	theme	theme.text.caption	token	next/ui/motolii-inspector-pane/src/chrome.rs	189	theme.text.caption	theme.text.caption	GREEN
token_ref	colors	text_muted	token	next/ui/motolii-inspector-pane/src/chrome.rs	190	colors.text_muted	text_muted	GREEN
utility_ref	theme	theme.text.caption	token	next/ui/motolii-inspector-pane/src/chrome.rs	197	theme.text.caption	theme.text.caption	GREEN
token_ref	colors	text_muted	token	next/ui/motolii-inspector-pane/src/chrome.rs	198	colors.text_muted	text_muted	GREEN
utility_ref	theme	theme.space.xs	token	next/ui/motolii-inspector-pane/src/chrome.rs	200	theme.space.xs	theme.space.xs	GREEN
utility_ref	theme	theme.text.caption	token	next/ui/motolii-inspector-pane/src/chrome.rs	202	theme.text.caption	theme.text.caption	GREEN
token_ref	colors	action_active	token	next/ui/motolii-inspector-pane/src/chrome.rs	203	colors.action_active	action_active	GREEN
token_ref	dims	inspector_glyph_width	token	next/ui/motolii-inspector-pane/src/chrome.rs	204	dims.inspector_glyph_width	inspector_glyph_width	GREEN
utility_ref	theme	theme.space.xs	token	next/ui/motolii-inspector-pane/src/chrome.rs	207	theme.space.xs	theme.space.xs	GREEN
token_ref	dims	inspector_panel_width	token	next/ui/motolii-inspector-pane/src/chrome.rs	268	dims.inspector_panel_width	inspector_panel_width	GREEN
utility_ref	theme	theme.space.m	token	next/ui/motolii-inspector-pane/src/chrome.rs	268	theme.space.m	theme.space.m	GREEN
token_ref	dims	inspector_row_height	token	next/ui/motolii-inspector-pane/src/chrome.rs	271	dims.inspector_row_height	inspector_row_height	GREEN
token_ref	dims	inspector_value_width	token	next/ui/motolii-inspector-pane/src/chrome.rs	272	dims.inspector_value_width	inspector_value_width	GREEN
token_ref	dims	inspector_glyph_width	token	next/ui/motolii-inspector-pane/src/chrome.rs	273	dims.inspector_glyph_width	inspector_glyph_width	GREEN
utility_ref	theme	theme.space.xs	token	next/ui/motolii-inspector-pane/src/chrome.rs	274	theme.space.xs	theme.space.xs	GREEN
token_ref	colors	text_muted	token	next/ui/motolii-inspector-pane/src/chrome.rs	293	colors.text_muted	text_muted	GREEN
utility_ref	theme	theme.text.body	token	next/ui/motolii-inspector-pane/src/chrome.rs	311	theme.text.body	theme.text.body	GREEN
token_ref	dims	inspector_value_width	token	next/ui/motolii-inspector-pane/src/chrome.rs	325	dims.inspector_value_width	inspector_value_width	GREEN
token_ref	colors	action_active	token	next/ui/motolii-inspector-pane/src/chrome.rs	346	colors.action_active	action_active	GREEN
token_ref	colors	text_primary	token	next/ui/motolii-inspector-pane/src/chrome.rs	348	colors.text_primary	text_primary	GREEN
token_ref	colors	action_active	token	next/ui/motolii-inspector-pane/src/chrome.rs	362	colors.action_active	action_active	GREEN
utility_ref	theme	theme.text.body	token	next/ui/motolii-inspector-pane/src/chrome.rs	387	theme.text.body	theme.text.body	GREEN
token_ref	dims	inspector_value_width	token	next/ui/motolii-inspector-pane/src/chrome.rs	461	dims.inspector_value_width	inspector_value_width	GREEN
token_ref	dims	inspector_value_width	token	next/ui/motolii-inspector-pane/src/chrome.rs	474	dims.inspector_value_width	inspector_value_width	GREEN
token_ref	dims	inspector_row_height	token	next/ui/motolii-inspector-pane/src/chrome.rs	597	dims.inspector_row_height	inspector_row_height	GREEN
utility_ref	theme	theme.space.s	token	next/ui/motolii-inspector-pane/src/chrome.rs	597	theme.space.s	theme.space.s	GREEN
utility_ref	theme	theme.text.body	token	next/ui/motolii-inspector-pane/src/chrome.rs	613	theme.text.body	theme.text.body	GREEN
utility_ref	theme	theme.text.body	token	next/ui/motolii-inspector-pane/src/chrome.rs	620	theme.text.body	theme.text.body	GREEN
token_ref	colors	surface_hover	token	next/ui/motolii-inspector-pane/src/chrome.rs	636	colors.surface_hover	surface_hover	GREEN
token_ref	colors	text_primary	token	next/ui/motolii-inspector-pane/src/chrome.rs	641	colors.text_primary	text_primary	GREEN
token_ref	colors	text_muted	token	next/ui/motolii-inspector-pane/src/chrome.rs	642	colors.text_muted	text_muted	GREEN
token_ref	colors	text_primary	token	next/ui/motolii-inspector-pane/src/chrome.rs	643	colors.text_primary	text_primary	GREEN
token_ref	colors	border_default	token	next/ui/motolii-inspector-pane/src/chrome.rs	646	colors.border_default	border_default	GREEN
utility_ref	theme	theme.stroke.hairline	token	next/ui/motolii-inspector-pane/src/chrome.rs	647	theme.stroke.hairline	theme.stroke.hairline	GREEN
utility_ref	theme	theme.text.body	token	next/ui/motolii-inspector-pane/src/chrome.rs	669	theme.text.body	theme.text.body	GREEN
token_ref	dims	inspector_value_width	token	next/ui/motolii-inspector-pane/src/chrome.rs	674	dims.inspector_value_width	inspector_value_width	GREEN
token_ref	dims	inspector_value_width	token	next/ui/motolii-inspector-pane/src/chrome.rs	695	dims.inspector_value_width	inspector_value_width	GREEN
token_ref	dims	inspector_row_height	token	next/ui/motolii-inspector-pane/src/chrome.rs	705	dims.inspector_row_height	inspector_row_height	GREEN
utility_ref	theme	theme.space.xs	token	next/ui/motolii-inspector-pane/src/chrome.rs	705	theme.space.xs	theme.space.xs	GREEN
utility_ref	theme	theme.target.minimum	token	next/ui/motolii-inspector-pane/src/chrome.rs	705	theme.target.minimum	theme.target.minimum	GREEN
utility_ref	theme	theme.text.caption	token	next/ui/motolii-inspector-pane/src/chrome.rs	714	theme.text.caption	theme.text.caption	GREEN
token_ref	dims	inspector_glyph_width	token	next/ui/motolii-inspector-pane/src/chrome.rs	719	dims.inspector_glyph_width	inspector_glyph_width	GREEN
raw_literal		0.0	0.0	next/ui/motolii-inspector-pane/src/chrome.rs	721	padding	chrome_padding	IGNORED_ZERO
token_ref	colors	text_muted	token	next/ui/motolii-inspector-pane/src/chrome.rs	759	colors.text_muted	text_muted	GREEN
token_ref	colors	action_active	token	next/ui/motolii-inspector-pane/src/chrome.rs	760	colors.action_active	action_active	GREEN
token_ref	colors	action_active	token	next/ui/motolii-inspector-pane/src/chrome.rs	761	colors.action_active	action_active	GREEN
utility_ref	theme	theme.text.caption	token	next/ui/motolii-inspector-pane/src/chrome.rs	765	theme.text.caption	theme.text.caption	GREEN
token_ref	dims	inspector_glyph_width	token	next/ui/motolii-inspector-pane/src/chrome.rs	769	dims.inspector_glyph_width	inspector_glyph_width	GREEN
raw_literal		0.0	0.0	next/ui/motolii-inspector-pane/src/chrome.rs	771	padding	chrome_padding	IGNORED_ZERO
token_ref	dims	inspector_glyph_width	token	next/ui/motolii-inspector-pane/src/chrome.rs	802	dims.inspector_glyph_width	inspector_glyph_width	GREEN
token_ref	colors	action_active	token	next/ui/motolii-inspector-pane/src/chrome.rs	821	colors.action_active	action_active	GREEN
utility_ref	theme	theme.stroke.hairline	token	next/ui/motolii-inspector-pane/src/chrome.rs	822	theme.stroke.hairline	theme.stroke.hairline	GREEN
token_ref	colors	action_active	token	next/ui/motolii-inspector-pane/src/chrome.rs	825	colors.action_active	action_active	GREEN
token_ref	colors	surface_hover	token	next/ui/motolii-inspector-pane/src/chrome.rs	831	colors.surface_hover	surface_hover	GREEN
token_ref	colors	surface_hover	token	next/ui/motolii-inspector-pane/src/chrome.rs	871	colors.surface_hover	surface_hover	GREEN
token_ref	colors	border_default	token	next/ui/motolii-inspector-pane/src/chrome.rs	873	colors.border_default	border_default	GREEN
utility_ref	theme	theme.stroke.hairline	token	next/ui/motolii-inspector-pane/src/chrome.rs	874	theme.stroke.hairline	theme.stroke.hairline	GREEN
token_ref	colors	surface_hover	token	next/ui/motolii-inspector-pane/src/chrome.rs	888	colors.surface_hover	surface_hover	GREEN
token_ref	colors	state_selected	token	next/ui/motolii-inspector-pane/src/chrome.rs	889	colors.state_selected	state_selected	GREEN
token_ref	colors	state_disabled	token	next/ui/motolii-inspector-pane/src/chrome.rs	893	colors.state_disabled	state_disabled	GREEN
token_ref	colors	text_primary	token	next/ui/motolii-inspector-pane/src/chrome.rs	895	colors.text_primary	text_primary	GREEN
token_ref	colors	action_active	token	next/ui/motolii-inspector-pane/src/chrome.rs	914	colors.action_active	action_active	GREEN
token_ref	colors	surface_app	token	next/ui/motolii-inspector-pane/src/chrome.rs	914	colors.surface_app	surface_app	GREEN
token_ref	colors	border_default	token	next/ui/motolii-inspector-pane/src/chrome.rs	915	colors.border_default	border_default	GREEN
token_ref	colors	surface_hover	token	next/ui/motolii-inspector-pane/src/chrome.rs	915	colors.surface_hover	surface_hover	GREEN
utility_ref	theme	theme.stroke.focus	token	next/ui/motolii-inspector-pane/src/chrome.rs	923	theme.stroke.focus	theme.stroke.focus	GREEN
utility_ref	theme	theme.stroke.hairline	token	next/ui/motolii-inspector-pane/src/chrome.rs	925	theme.stroke.hairline	theme.stroke.hairline	GREEN
token_ref	colors	text_muted	token	next/ui/motolii-inspector-pane/src/chrome.rs	931	colors.text_muted	text_muted	GREEN
token_ref	colors	text_primary	token	next/ui/motolii-inspector-pane/src/chrome.rs	932	colors.text_primary	text_primary	GREEN
token_ref	colors	action_active	token	next/ui/motolii-inspector-pane/src/chrome.rs	933	colors.action_active	action_active	GREEN
utility_ref	theme	theme.text.caption	token	next/ui/motolii-inspector-pane/src/chrome.rs	949	theme.text.caption	theme.text.caption	GREEN
token_ref	colors	text_muted	token	next/ui/motolii-inspector-pane/src/chrome.rs	950	colors.text_muted	text_muted	GREEN
utility_ref	theme	theme.space.m	token	next/ui/motolii-inspector-pane/src/chrome.rs	953	theme.space.m	theme.space.m	GREEN
utility_ref	theme	theme.space.xs	token	next/ui/motolii-inspector-pane/src/chrome.rs	953	theme.space.xs	theme.space.xs	GREEN
utility_ref	theme	theme.stroke.hairline	token	next/ui/motolii-inspector-pane/src/chrome.rs	957	theme.stroke.hairline	theme.stroke.hairline	GREEN
utility_ref	theme	theme.text.body	token	next/ui/motolii-inspector-pane/src/color.rs	387	theme.text.body	theme.text.body	GREEN
token_ref	colors	text_primary	token	next/ui/motolii-inspector-pane/src/color.rs	388	colors.text_primary	text_primary	GREEN
utility_ref	theme	theme.space.xs	token	next/ui/motolii-inspector-pane/src/color.rs	390	theme.space.xs	theme.space.xs	GREEN
utility_ref	theme	theme.space.xs	token	next/ui/motolii-inspector-pane/src/color.rs	392	theme.space.xs	theme.space.xs	GREEN
token_ref	dims	inspector_row_height	token	next/ui/motolii-inspector-pane/src/color.rs	397	dims.inspector_row_height	inspector_row_height	GREEN
raw_literal		0.0	0.0	next/ui/motolii-inspector-pane/src/color.rs	398	padding	color_padding	IGNORED_ZERO
utility_ref	theme	theme.space.m	token	next/ui/motolii-inspector-pane/src/color.rs	398	theme.space.m	theme.space.m	GREEN
utility_ref	theme	theme.text.caption	token	next/ui/motolii-inspector-pane/src/color.rs	426	theme.text.caption	theme.text.caption	GREEN
token_ref	colors	text_muted	token	next/ui/motolii-inspector-pane/src/color.rs	427	colors.text_muted	text_muted	GREEN
token_ref	dims	inspector_value_width	token	next/ui/motolii-inspector-pane/src/color.rs	429	dims.inspector_value_width	inspector_value_width	GREEN
utility_ref	theme	theme.text.caption	token	next/ui/motolii-inspector-pane/src/color.rs	436	theme.text.caption	theme.text.caption	GREEN
token_ref	colors	text_muted	token	next/ui/motolii-inspector-pane/src/color.rs	437	colors.text_muted	text_muted	GREEN
token_ref	dims	inspector_value_width	token	next/ui/motolii-inspector-pane/src/color.rs	439	dims.inspector_value_width	inspector_value_width	GREEN
utility_ref	theme	theme.text.body	token	next/ui/motolii-inspector-pane/src/color.rs	451	theme.text.body	theme.text.body	GREEN
token_ref	dims	inspector_value_width	token	next/ui/motolii-inspector-pane/src/color.rs	452	dims.inspector_value_width	inspector_value_width	GREEN
raw_literal		0.0	0.0	next/ui/motolii-inspector-pane/src/color.rs	453	padding	color_padding	IGNORED_ZERO
raw_literal		0.0	0.0	next/ui/motolii-inspector-pane/src/color.rs	457	spacing	color_spacing	IGNORED_ZERO
token_ref	dims	inspector_row_height	token	next/ui/motolii-inspector-pane/src/color.rs	468	dims.inspector_row_height	inspector_row_height	GREEN
raw_literal		0.0	0.0	next/ui/motolii-inspector-pane/src/color.rs	478	padding	color_padding	IGNORED_ZERO
utility_ref	theme	theme.stroke.hairline	token	next/ui/motolii-inspector-pane/src/color.rs	485	theme.stroke.hairline	theme.stroke.hairline	GREEN
token_ref	colors	text_primary	token	next/ui/motolii-inspector-pane/src/effects.rs	323	colors.text_primary	text_primary	GREEN
utility_ref	theme	theme.text.caption	token	next/ui/motolii-inspector-pane/src/effects.rs	329	theme.text.caption	theme.text.caption	GREEN
raw_literal		0.0	0.0	next/ui/motolii-inspector-pane/src/effects.rs	334	padding	effects_padding	IGNORED_ZERO
utility_ref	theme	theme.space.s	token	next/ui/motolii-inspector-pane/src/effects.rs	334	theme.space.s	theme.space.s	GREEN
utility_ref	theme	theme.text.body	token	next/ui/motolii-inspector-pane/src/effects.rs	341	theme.text.body	theme.text.body	GREEN
utility_ref	theme	theme.text.caption	token	next/ui/motolii-inspector-pane/src/effects.rs	350	theme.text.caption	theme.text.caption	GREEN
raw_literal		0.0	0.0	next/ui/motolii-inspector-pane/src/effects.rs	355	padding	effects_padding	IGNORED_ZERO
utility_ref	theme	theme.space.s	token	next/ui/motolii-inspector-pane/src/effects.rs	355	theme.space.s	theme.space.s	GREEN
utility_ref	theme	theme.space.xs	token	next/ui/motolii-inspector-pane/src/effects.rs	365	theme.space.xs	theme.space.xs	GREEN
token_ref	dims	inspector_panel_width	token	next/ui/motolii-inspector-pane/src/lib.rs	596	dims.inspector_panel_width	inspector_panel_width	GREEN
utility_ref	theme	theme.text.caption	token	next/ui/motolii-inspector-pane/src/lib.rs	606	theme.text.caption	theme.text.caption	GREEN
token_ref	colors	text_muted	token	next/ui/motolii-inspector-pane/src/lib.rs	607	colors.text_muted	text_muted	GREEN
utility_ref	theme	theme.space.m	token	next/ui/motolii-inspector-pane/src/lib.rs	609	theme.space.m	theme.space.m	GREEN
utility_ref	theme	theme.text.caption	token	next/ui/motolii-inspector-pane/src/lib.rs	648	theme.text.caption	theme.text.caption	GREEN
token_ref	colors	text_muted	token	next/ui/motolii-inspector-pane/src/lib.rs	649	colors.text_muted	text_muted	GREEN
utility_ref	theme	theme.space.m	token	next/ui/motolii-inspector-pane/src/lib.rs	651	theme.space.m	theme.space.m	GREEN
utility_ref	theme	theme.text.body	token	next/ui/motolii-inspector-pane/src/lib.rs	740	theme.text.body	theme.text.body	GREEN
token_ref	colors	text_primary	token	next/ui/motolii-inspector-pane/src/lib.rs	742	colors.text_primary	text_primary	GREEN
utility_ref	theme	theme.text.caption	token	next/ui/motolii-inspector-pane/src/lib.rs	744	theme.text.caption	theme.text.caption	GREEN
utility_ref	theme	theme.space.m	token	next/ui/motolii-inspector-pane/src/lib.rs	747	theme.space.m	theme.space.m	GREEN
utility_ref	theme	theme.space.s	token	next/ui/motolii-inspector-pane/src/lib.rs	747	theme.space.s	theme.space.s	GREEN
utility_ref	theme	theme.text.body	token	next/ui/motolii-inspector-pane/src/lib.rs	787	theme.text.body	theme.text.body	GREEN
utility_ref	theme	theme.text.caption	token	next/ui/motolii-inspector-pane/src/lib.rs	795	theme.text.caption	theme.text.caption	GREEN
raw_literal		0.0	0.0	next/ui/motolii-inspector-pane/src/lib.rs	799	spacing	lib_spacing	IGNORED_ZERO
utility_ref	theme	theme.space.xs	token	next/ui/motolii-inspector-pane/src/lib.rs	806	theme.space.xs	theme.space.xs	GREEN
utility_ref	theme	theme.space.s	token	next/ui/motolii-inspector-pane/src/lib.rs	815	theme.space.s	theme.space.s	GREEN
utility_ref	theme	theme.space.m	token	next/ui/motolii-inspector-pane/src/lib.rs	818	theme.space.m	theme.space.m	GREEN
utility_ref	theme	theme.space.s	token	next/ui/motolii-inspector-pane/src/lib.rs	818	theme.space.s	theme.space.s	GREEN
token_ref	colors	surface_raised	token	next/ui/motolii-inspector-pane/src/lib.rs	822	colors.surface_raised	surface_raised	GREEN
utility_ref	theme	theme.stroke.hairline	token	next/ui/motolii-inspector-pane/src/lib.rs	825	theme.stroke.hairline	theme.stroke.hairline	GREEN
utility_ref	theme	theme.text.body	token	next/ui/motolii-inspector-pane/src/link.rs	225	theme.text.body	theme.text.body	GREEN
token_ref	dims	inspector_value_width	token	next/ui/motolii-inspector-pane/src/link.rs	226	dims.inspector_value_width	inspector_value_width	GREEN
utility_ref	theme	theme.text.body	token	next/ui/motolii-inspector-pane/src/link.rs	233	theme.text.body	theme.text.body	GREEN
token_ref	colors	text_primary	token	next/ui/motolii-inspector-pane/src/link.rs	234	colors.text_primary	text_primary	GREEN
utility_ref	theme	theme.text.caption	token	next/ui/motolii-inspector-pane/src/link.rs	237	theme.text.caption	theme.text.caption	GREEN
utility_ref	theme	theme.space.xs	token	next/ui/motolii-inspector-pane/src/link.rs	241	theme.space.xs	theme.space.xs	GREEN
utility_ref	theme	theme.text.body	token	next/ui/motolii-inspector-pane/src/mask.rs	182	theme.text.body	theme.text.body	GREEN
token_ref	colors	text_primary	token	next/ui/motolii-inspector-pane/src/mask.rs	183	colors.text_primary	text_primary	GREEN
utility_ref	theme	theme.text.body	token	next/ui/motolii-inspector-pane/src/mask.rs	187	theme.text.body	theme.text.body	GREEN
utility_ref	theme	theme.text.caption	token	next/ui/motolii-inspector-pane/src/mask.rs	194	theme.text.caption	theme.text.caption	GREEN
raw_literal		0.0	0.0	next/ui/motolii-inspector-pane/src/mask.rs	199	padding	mask_padding	IGNORED_ZERO
utility_ref	theme	theme.space.s	token	next/ui/motolii-inspector-pane/src/mask.rs	199	theme.space.s	theme.space.s	GREEN
utility_ref	theme	theme.space.xs	token	next/ui/motolii-inspector-pane/src/mask.rs	203	theme.space.xs	theme.space.xs	GREEN
utility_ref	theme	theme.text.body	token	next/ui/motolii-inspector-pane/src/matte.rs	147	theme.text.body	theme.text.body	GREEN
token_ref	dims	inspector_value_width	token	next/ui/motolii-inspector-pane/src/matte.rs	148	dims.inspector_value_width	inspector_value_width	GREEN
utility_ref	theme	theme.text.body	token	next/ui/motolii-inspector-pane/src/matte.rs	159	theme.text.body	theme.text.body	GREEN
token_ref	colors	text_primary	token	next/ui/motolii-inspector-pane/src/matte.rs	160	colors.text_primary	text_primary	GREEN
utility_ref	theme	theme.text.body	token	next/ui/motolii-inspector-pane/src/matte.rs	163	theme.text.body	theme.text.body	GREEN
utility_ref	theme	theme.text.caption	token	next/ui/motolii-inspector-pane/src/matte.rs	166	theme.text.caption	theme.text.caption	GREEN
utility_ref	theme	theme.space.xs	token	next/ui/motolii-inspector-pane/src/matte.rs	170	theme.space.xs	theme.space.xs	GREEN
utility_ref	theme	theme.text.body	token	next/ui/motolii-inspector-pane/src/shape.rs	133	theme.text.body	theme.text.body	GREEN
token_ref	colors	text_primary	token	next/ui/motolii-inspector-pane/src/shape.rs	134	colors.text_primary	text_primary	GREEN
utility_ref	theme	theme.text.caption	token	next/ui/motolii-inspector-pane/src/shape.rs	140	theme.text.caption	theme.text.caption	GREEN
utility_ref	theme	theme.text.caption	token	next/ui/motolii-inspector-pane/src/shape.rs	140	theme.text.caption	theme.text.caption	GREEN
utility_ref	theme	theme.space.xs	token	next/ui/motolii-inspector-pane/src/shape.rs	141	theme.space.xs	theme.space.xs	GREEN
utility_ref	theme	theme.text.body	token	next/ui/motolii-inspector-pane/src/shape.rs	162	theme.text.body	theme.text.body	GREEN
token_ref	dims	inspector_value_width	token	next/ui/motolii-inspector-pane/src/shape.rs	163	dims.inspector_value_width	inspector_value_width	GREEN
utility_ref	theme	theme.text.body	token	next/ui/motolii-inspector-pane/src/shape_fill.rs	177	theme.text.body	theme.text.body	GREEN
utility_ref	theme	theme.text.caption	token	next/ui/motolii-inspector-pane/src/shape_fill.rs	181	theme.text.caption	theme.text.caption	GREEN
utility_ref	theme	theme.space.s	token	next/ui/motolii-inspector-pane/src/shape_fill.rs	183	theme.space.s	theme.space.s	GREEN
utility_ref	theme	theme.space.xs	token	next/ui/motolii-inspector-pane/src/shape_fill.rs	183	theme.space.xs	theme.space.xs	GREEN
utility_ref	theme	theme.text.caption	token	next/ui/motolii-inspector-pane/src/shape_fill.rs	186	theme.text.caption	theme.text.caption	GREEN
utility_ref	theme	theme.space.xs	token	next/ui/motolii-inspector-pane/src/shape_fill.rs	191	theme.space.xs	theme.space.xs	GREEN
token_ref	dims	inspector_row_height	token	next/ui/motolii-inspector-pane/src/shape_fill.rs	212	dims.inspector_row_height	inspector_row_height	GREEN
token_ref	dims	inspector_row_height	token	next/ui/motolii-inspector-pane/src/shape_fill.rs	213	dims.inspector_row_height	inspector_row_height	GREEN
token_ref	colors	border_default	token	next/ui/motolii-inspector-pane/src/shape_fill.rs	221	colors.border_default	border_default	GREEN
utility_ref	theme	theme.stroke.hairline	token	next/ui/motolii-inspector-pane/src/shape_fill.rs	221	theme.stroke.hairline	theme.stroke.hairline	GREEN
raw_literal		0.0	0.0	next/ui/motolii-inspector-pane/src/shape_fill.rs	226	padding	shape_fill_padding	IGNORED_ZERO
utility_ref	theme	theme.space.s	token	next/ui/motolii-inspector-pane/src/shape_stroke.rs	184	theme.space.s	theme.space.s	GREEN
utility_ref	theme	theme.space.xs	token	next/ui/motolii-inspector-pane/src/shape_stroke.rs	184	theme.space.xs	theme.space.xs	GREEN
utility_ref	theme	theme.space.s	token	next/ui/motolii-inspector-pane/src/shape_stroke.rs	187	theme.space.s	theme.space.s	GREEN
utility_ref	theme	theme.space.xs	token	next/ui/motolii-inspector-pane/src/shape_stroke.rs	187	theme.space.xs	theme.space.xs	GREEN
utility_ref	theme	theme.space.s	token	next/ui/motolii-inspector-pane/src/shape_stroke.rs	190	theme.space.s	theme.space.s	GREEN
utility_ref	theme	theme.space.xs	token	next/ui/motolii-inspector-pane/src/shape_stroke.rs	190	theme.space.xs	theme.space.xs	GREEN
utility_ref	theme	theme.text.caption	token	next/ui/motolii-inspector-pane/src/shape_stroke.rs	193	theme.text.caption	theme.text.caption	GREEN
utility_ref	theme	theme.space.xs	token	next/ui/motolii-inspector-pane/src/shape_stroke.rs	199	theme.space.xs	theme.space.xs	GREEN
utility_ref	theme	theme.text.body	token	next/ui/motolii-inspector-pane/src/shape_stroke.rs	220	theme.text.body	theme.text.body	GREEN
token_ref	dims	inspector_value_width	token	next/ui/motolii-inspector-pane/src/shape_stroke.rs	221	dims.inspector_value_width	inspector_value_width	GREEN
utility_ref	theme	theme.text.body	token	next/ui/motolii-inspector-pane/src/text/view.rs	139	theme.text.body	theme.text.body	GREEN
token_ref	dims	inspector_value_width	token	next/ui/motolii-inspector-pane/src/text/view.rs	140	dims.inspector_value_width	inspector_value_width	GREEN
utility_ref	theme	theme.text.body	token	next/ui/motolii-inspector-pane/src/text/view.rs	147	theme.text.body	theme.text.body	GREEN
token_ref	colors	text_primary	token	next/ui/motolii-inspector-pane/src/text/view.rs	148	colors.text_primary	text_primary	GREEN
utility_ref	theme	theme.space.xs	token	next/ui/motolii-inspector-pane/src/text/view.rs	152	theme.space.xs	theme.space.xs	GREEN
token_ref	dims	inspector_row_height	token	next/ui/motolii-inspector-pane/src/text/view.rs	187	dims.inspector_row_height	inspector_row_height	GREEN
utility_ref	theme	theme.text.body	token	next/ui/motolii-inspector-pane/src/text/view.rs	192	theme.text.body	theme.text.body	GREEN
utility_ref	theme	theme.text.body	token	next/ui/motolii-inspector-pane/src/text/view.rs	202	theme.text.body	theme.text.body	GREEN
token_ref	colors	text_primary	token	next/ui/motolii-inspector-pane/src/text/view.rs	203	colors.text_primary	text_primary	GREEN
utility_ref	theme	theme.space.xs	token	next/ui/motolii-inspector-pane/src/text/view.rs	207	theme.space.xs	theme.space.xs	GREEN
token_ref	colors	action_active	token	next/ui/motolii-inspector-pane/src/text/view.rs	223	colors.action_active	action_active	GREEN
token_ref	colors	surface_app	token	next/ui/motolii-inspector-pane/src/text/view.rs	223	colors.surface_app	surface_app	GREEN
token_ref	colors	border_default	token	next/ui/motolii-inspector-pane/src/text/view.rs	224	colors.border_default	border_default	GREEN
token_ref	colors	surface_hover	token	next/ui/motolii-inspector-pane/src/text/view.rs	224	colors.surface_hover	surface_hover	GREEN
utility_ref	theme	theme.stroke.hairline	token	next/ui/motolii-inspector-pane/src/text/view.rs	231	theme.stroke.hairline	theme.stroke.hairline	GREEN
token_ref	colors	text_muted	token	next/ui/motolii-inspector-pane/src/text/view.rs	234	colors.text_muted	text_muted	GREEN
token_ref	colors	text_primary	token	next/ui/motolii-inspector-pane/src/text/view.rs	235	colors.text_primary	text_primary	GREEN
token_ref	colors	action_active	token	next/ui/motolii-inspector-pane/src/text/view.rs	236	colors.action_active	action_active	GREEN
utility_ref	theme	theme.text.body	token	next/ui/motolii-inspector-pane/src/text/view.rs	293	theme.text.body	theme.text.body	GREEN
token_ref	dims	inspector_value_width	token	next/ui/motolii-inspector-pane/src/text/view.rs	294	dims.inspector_value_width	inspector_value_width	GREEN
utility_ref	theme	theme.text.body	token	next/ui/motolii-inspector-pane/src/text/view.rs	302	theme.text.body	theme.text.body	GREEN
token_ref	colors	text_primary	token	next/ui/motolii-inspector-pane/src/text/view.rs	303	colors.text_primary	text_primary	GREEN
utility_ref	theme	theme.space.xs	token	next/ui/motolii-inspector-pane/src/text/view.rs	307	theme.space.xs	theme.space.xs	GREEN
utility_ref	theme	theme.text.body	token	next/ui/motolii-inspector-pane/src/text/view.rs	312	theme.text.body	theme.text.body	GREEN
token_ref	colors	text_primary	token	next/ui/motolii-inspector-pane/src/text/view.rs	313	colors.text_primary	text_primary	GREEN
utility_ref	theme	theme.space.xs	token	next/ui/motolii-inspector-pane/src/text/view.rs	319	theme.space.xs	theme.space.xs	GREEN
utility_ref	theme	theme.text.caption	token	next/ui/motolii-inspector-pane/src/text/view.rs	335	theme.text.caption	theme.text.caption	GREEN
token_ref	colors	text_muted	token	next/ui/motolii-inspector-pane/src/text/view.rs	336	colors.text_muted	text_muted	GREEN
utility_ref	theme	theme.text.body	token	next/ui/motolii-inspector-pane/src/text/view.rs	388	theme.text.body	theme.text.body	GREEN
token_ref	dims	inspector_value_width	token	next/ui/motolii-inspector-pane/src/text/view.rs	389	dims.inspector_value_width	inspector_value_width	GREEN
utility_ref	theme	theme.text.body	token	next/ui/motolii-inspector-pane/src/text/view.rs	411	theme.text.body	theme.text.body	GREEN
token_ref	dims	inspector_value_width	token	next/ui/motolii-inspector-pane/src/text/view.rs	412	dims.inspector_value_width	inspector_value_width	GREEN
utility_ref	theme	theme.text.body	token	next/ui/motolii-inspector-pane/src/text/view.rs	419	theme.text.body	theme.text.body	GREEN
token_ref	colors	text_primary	token	next/ui/motolii-inspector-pane/src/text/view.rs	420	colors.text_primary	text_primary	GREEN
utility_ref	theme	theme.space.xs	token	next/ui/motolii-inspector-pane/src/text/view.rs	425	theme.space.xs	theme.space.xs	GREEN
utility_ref	theme	theme.text.body	token	next/ui/motolii-inspector-pane/src/text/view.rs	453	theme.text.body	theme.text.body	GREEN
token_ref	dims	inspector_value_width	token	next/ui/motolii-inspector-pane/src/text/view.rs	454	dims.inspector_value_width	inspector_value_width	GREEN
utility_ref	theme	theme.text.body	token	next/ui/motolii-inspector-pane/src/text/view.rs	461	theme.text.body	theme.text.body	GREEN
token_ref	colors	text_primary	token	next/ui/motolii-inspector-pane/src/text/view.rs	462	colors.text_primary	text_primary	GREEN
utility_ref	theme	theme.text.caption	token	next/ui/motolii-inspector-pane/src/text/view.rs	465	theme.text.caption	theme.text.caption	GREEN
utility_ref	theme	theme.space.xs	token	next/ui/motolii-inspector-pane/src/text/view.rs	471	theme.space.xs	theme.space.xs	GREEN
utility_ref	theme	theme.text.body	token	next/ui/motolii-inspector-pane/src/text/view.rs	493	theme.text.body	theme.text.body	GREEN
token_ref	dims	inspector_value_width	token	next/ui/motolii-inspector-pane/src/text/view.rs	494	dims.inspector_value_width	inspector_value_width	GREEN
utility_ref	theme	theme.text.body	token	next/ui/motolii-inspector-pane/src/text/view.rs	501	theme.text.body	theme.text.body	GREEN
token_ref	colors	text_primary	token	next/ui/motolii-inspector-pane/src/text/view.rs	502	colors.text_primary	text_primary	GREEN
utility_ref	theme	theme.text.caption	token	next/ui/motolii-inspector-pane/src/text/view.rs	505	theme.text.caption	theme.text.caption	GREEN
utility_ref	theme	theme.space.xs	token	next/ui/motolii-inspector-pane/src/text/view.rs	511	theme.space.xs	theme.space.xs	GREEN
utility_ref	theme	theme.text.body	token	next/ui/motolii-inspector-pane/src/text/view.rs	523	theme.text.body	theme.text.body	GREEN
token_ref	colors	text_primary	token	next/ui/motolii-inspector-pane/src/text/view.rs	524	colors.text_primary	text_primary	GREEN
utility_ref	theme	theme.text.body	token	next/ui/motolii-inspector-pane/src/text/view.rs	526	theme.text.body	theme.text.body	GREEN
utility_ref	theme	theme.space.xs	token	next/ui/motolii-inspector-pane/src/text/view.rs	530	theme.space.xs	theme.space.xs	GREEN
utility_ref	theme	theme.text.body	token	next/ui/motolii-inspector-pane/src/transform/interaction.rs	481	theme.text.body	theme.text.body	GREEN
token_ref	colors	text_primary	token	next/ui/motolii-inspector-pane/src/transform/interaction.rs	482	colors.text_primary	text_primary	GREEN
token_ref	dims	inspector_row_height	token	next/ui/motolii-inspector-pane/src/transform/interaction.rs	502	dims.inspector_row_height	inspector_row_height	GREEN
utility_ref	theme	theme.space.xs	token	next/ui/motolii-inspector-pane/src/transform/interaction.rs	505	theme.space.xs	theme.space.xs	GREEN
utility_ref	theme	theme.space.xs	token	next/ui/motolii-menubar/src/context.rs	321	theme.space.xs	theme.space.xs	GREEN
utility_ref	theme	theme.space.xs	token	next/ui/motolii-menubar/src/context.rs	322	theme.space.xs	theme.space.xs	GREEN
token_ref	dims	menubar_menu_width	token	next/ui/motolii-menubar/src/context.rs	323	dims.menubar_menu_width	menubar_menu_width	GREEN
token_ref	colors	surface_raised	token	next/ui/motolii-menubar/src/context.rs	325	colors.surface_raised	surface_raised	GREEN
token_ref	colors	border_default	token	next/ui/motolii-menubar/src/context.rs	327	colors.border_default	border_default	GREEN
utility_ref	theme	theme.stroke.hairline	token	next/ui/motolii-menubar/src/context.rs	328	theme.stroke.hairline	theme.stroke.hairline	GREEN
token_ref	dims	menubar_menu_width	token	next/ui/motolii-menubar/src/lib.rs	89	dims.menubar_menu_width	menubar_menu_width	GREEN
utility_ref	theme	theme.space.xs	token	next/ui/motolii-menubar/src/lib.rs	90	theme.space.xs	theme.space.xs	GREEN
token_ref	colors	surface_hover	token	next/ui/motolii-menubar/src/lib.rs	113	colors.surface_hover	surface_hover	GREEN
token_ref	colors	text_primary	token	next/ui/motolii-menubar/src/lib.rs	124	colors.text_primary	text_primary	GREEN
utility_ref	theme	theme.text.body	token	next/ui/motolii-menubar/src/lib.rs	124	theme.text.body	theme.text.body	GREEN
utility_ref	theme	theme.space.m	token	next/ui/motolii-menubar/src/lib.rs	125	theme.space.m	theme.space.m	GREEN
utility_ref	theme	theme.space.xs	token	next/ui/motolii-menubar/src/lib.rs	125	theme.space.xs	theme.space.xs	GREEN
utility_ref	theme	theme.text.caption	token	next/ui/motolii-menubar/src/lib.rs	143	theme.text.caption	theme.text.caption	GREEN
token_ref	colors	text_muted	token	next/ui/motolii-menubar/src/lib.rs	144	colors.text_muted	text_muted	GREEN
utility_ref	theme	theme.text.body	token	next/ui/motolii-menubar/src/lib.rs	153	theme.text.body	theme.text.body	GREEN
utility_ref	theme	theme.space.m	token	next/ui/motolii-menubar/src/lib.rs	157	theme.space.m	theme.space.m	GREEN
token_ref	colors	surface_hover	token	next/ui/motolii-menubar/src/lib.rs	169	colors.surface_hover	surface_hover	GREEN
token_ref	colors	state_selected	token	next/ui/motolii-menubar/src/lib.rs	170	colors.state_selected	state_selected	GREEN
token_ref	colors	text_primary	token	next/ui/motolii-menubar/src/lib.rs	175	colors.text_primary	text_primary	GREEN
token_ref	colors	surface_raised	token	next/ui/motolii-menubar/src/lib.rs	190	colors.surface_raised	surface_raised	GREEN
token_ref	colors	border_default	token	next/ui/motolii-menubar/src/lib.rs	192	colors.border_default	border_default	GREEN
utility_ref	theme	theme.stroke.hairline	token	next/ui/motolii-menubar/src/lib.rs	193	theme.stroke.hairline	theme.stroke.hairline	GREEN
token_ref	colors	surface_hover	token	next/ui/motolii-settings-pane/src/chrome.rs	51	colors.surface_hover	surface_hover	GREEN
token_ref	colors	state_selected	token	next/ui/motolii-settings-pane/src/chrome.rs	52	colors.state_selected	state_selected	GREEN
token_ref	colors	surface_panel	token	next/ui/motolii-settings-pane/src/chrome.rs	53	colors.surface_panel	surface_panel	GREEN
token_ref	colors	surface_raised	token	next/ui/motolii-settings-pane/src/chrome.rs	54	colors.surface_raised	surface_raised	GREEN
token_ref	colors	state_disabled	token	next/ui/motolii-settings-pane/src/chrome.rs	57	colors.state_disabled	state_disabled	GREEN
token_ref	colors	text_primary	token	next/ui/motolii-settings-pane/src/chrome.rs	59	colors.text_primary	text_primary	GREEN
utility_ref	theme	theme.stroke.hairline	token	next/ui/motolii-settings-pane/src/chrome.rs	66	theme.stroke.hairline	theme.stroke.hairline	GREEN
token_ref	colors	surface_panel	token	next/ui/motolii-settings-pane/src/chrome.rs	85	colors.surface_panel	surface_panel	GREEN
utility_ref	theme	theme.stroke.hairline	token	next/ui/motolii-settings-pane/src/chrome.rs	88	theme.stroke.hairline	theme.stroke.hairline	GREEN
utility_ref	theme	theme.text.caption	token	next/ui/motolii-settings-pane/src/chrome.rs	113	theme.text.caption	theme.text.caption	GREEN
token_ref	dims	inspector_section_header_height	token	next/ui/motolii-settings-pane/src/chrome.rs	117	dims.inspector_section_header_height	inspector_section_header_height	GREEN
raw_literal		0.0	0.0	next/ui/motolii-settings-pane/src/chrome.rs	118	padding	chrome_padding	IGNORED_ZERO
utility_ref	theme	theme.space.m	token	next/ui/motolii-settings-pane/src/chrome.rs	118	theme.space.m	theme.space.m	GREEN
token_ref	colors	action_active	token	next/ui/motolii-settings-pane/src/chrome.rs	132	colors.action_active	action_active	GREEN
token_ref	colors	border_default	token	next/ui/motolii-settings-pane/src/chrome.rs	133	colors.border_default	border_default	GREEN
token_ref	colors	surface_app	token	next/ui/motolii-settings-pane/src/chrome.rs	136	colors.surface_app	surface_app	GREEN
utility_ref	theme	theme.stroke.focus	token	next/ui/motolii-settings-pane/src/chrome.rs	140	theme.stroke.focus	theme.stroke.focus	GREEN
utility_ref	theme	theme.stroke.hairline	token	next/ui/motolii-settings-pane/src/chrome.rs	142	theme.stroke.hairline	theme.stroke.hairline	GREEN
token_ref	colors	text_muted	token	next/ui/motolii-settings-pane/src/chrome.rs	150	colors.text_muted	text_muted	GREEN
token_ref	colors	text_primary	token	next/ui/motolii-settings-pane/src/chrome.rs	151	colors.text_primary	text_primary	GREEN
token_ref	colors	action_active	token	next/ui/motolii-settings-pane/src/chrome.rs	152	colors.action_active	action_active	GREEN
token_ref	colors	action_active	token	next/ui/motolii-settings-pane/src/chrome.rs	175	colors.action_active	action_active	GREEN
token_ref	colors	surface_raised	token	next/ui/motolii-settings-pane/src/chrome.rs	177	colors.surface_raised	surface_raised	GREEN
token_ref	colors	text_primary	token	next/ui/motolii-settings-pane/src/chrome.rs	179	colors.text_primary	text_primary	GREEN
token_ref	colors	action_active	token	next/ui/motolii-settings-pane/src/chrome.rs	183	colors.action_active	action_active	GREEN
token_ref	colors	surface_hover	token	next/ui/motolii-settings-pane/src/chrome.rs	185	colors.surface_hover	surface_hover	GREEN
token_ref	colors	text_primary	token	next/ui/motolii-settings-pane/src/chrome.rs	187	colors.text_primary	text_primary	GREEN
token_ref	colors	state_selected	token	next/ui/motolii-settings-pane/src/chrome.rs	191	colors.state_selected	state_selected	GREEN
token_ref	colors	surface_panel	token	next/ui/motolii-settings-pane/src/chrome.rs	193	colors.surface_panel	surface_panel	GREEN
token_ref	colors	state_disabled	token	next/ui/motolii-settings-pane/src/chrome.rs	195	colors.state_disabled	state_disabled	GREEN
token_ref	dims	ui_scale	token	next/ui/motolii-settings-pane/src/lib.rs	262	dims.ui_scale	ui_scale	GREEN
token_ref	colors	checkerboard_light	token	next/ui/motolii-settings-pane/src/lib.rs	355	colors.checkerboard_light	checkerboard_light	GREEN
token_ref	colors	checkerboard_dark	token	next/ui/motolii-settings-pane/src/lib.rs	356	colors.checkerboard_dark	checkerboard_dark	GREEN
utility_ref	theme	theme.text.caption	token	next/ui/motolii-settings-pane/src/lib.rs	410	theme.text.caption	theme.text.caption	GREEN
token_ref	colors	text_muted	token	next/ui/motolii-settings-pane/src/lib.rs	411	colors.text_muted	text_muted	GREEN
raw_literal		0.0	0.0	next/ui/motolii-settings-pane/src/lib.rs	413	padding	lib_padding	IGNORED_ZERO
utility_ref	theme	theme.space.m	token	next/ui/motolii-settings-pane/src/lib.rs	413	theme.space.m	theme.space.m	GREEN
utility_ref	theme	theme.stroke.hairline	token	next/ui/motolii-settings-pane/src/lib.rs	464	theme.stroke.hairline	theme.stroke.hairline	GREEN
utility_ref	theme	theme.text.body	token	next/ui/motolii-settings-pane/src/lib.rs	491	theme.text.body	theme.text.body	GREEN
token_ref	colors	text_primary	token	next/ui/motolii-settings-pane/src/lib.rs	492	colors.text_primary	text_primary	GREEN
utility_ref	theme	theme.space.xs	token	next/ui/motolii-settings-pane/src/lib.rs	494	theme.space.xs	theme.space.xs	GREEN
utility_ref	theme	theme.space.xs	token	next/ui/motolii-settings-pane/src/lib.rs	496	theme.space.xs	theme.space.xs	GREEN
token_ref	dims	inspector_row_height	token	next/ui/motolii-settings-pane/src/lib.rs	497	dims.inspector_row_height	inspector_row_height	GREEN
raw_literal		0.0	0.0	next/ui/motolii-settings-pane/src/lib.rs	499	padding	lib_padding	IGNORED_ZERO
utility_ref	theme	theme.space.m	token	next/ui/motolii-settings-pane/src/lib.rs	499	theme.space.m	theme.space.m	GREEN
utility_ref	theme	theme.text.caption	token	next/ui/motolii-settings-pane/src/lib.rs	524	theme.text.caption	theme.text.caption	GREEN
token_ref	colors	text_muted	token	next/ui/motolii-settings-pane/src/lib.rs	525	colors.text_muted	text_muted	GREEN
token_ref	dims	inspector_value_width	token	next/ui/motolii-settings-pane/src/lib.rs	527	dims.inspector_value_width	inspector_value_width	GREEN
utility_ref	theme	theme.text.body	token	next/ui/motolii-settings-pane/src/lib.rs	539	theme.text.body	theme.text.body	GREEN
token_ref	dims	inspector_value_width	token	next/ui/motolii-settings-pane/src/lib.rs	540	dims.inspector_value_width	inspector_value_width	GREEN
raw_literal		0.0	0.0	next/ui/motolii-settings-pane/src/lib.rs	541	padding	lib_padding	IGNORED_ZERO
raw_literal		0.0	0.0	next/ui/motolii-settings-pane/src/lib.rs	545	spacing	lib_spacing	IGNORED_ZERO
utility_ref	theme	theme.space.xs	token	next/ui/motolii-settings-pane/src/lib.rs	558	theme.space.xs	theme.space.xs	GREEN
raw_literal		0.0	0.0	next/ui/motolii-settings-pane/src/lib.rs	559	padding	lib_padding	IGNORED_ZERO
utility_ref	theme	theme.space.m	token	next/ui/motolii-settings-pane/src/lib.rs	559	theme.space.m	theme.space.m	GREEN
utility_ref	theme	theme.text.caption	token	next/ui/motolii-settings-pane/src/lib.rs	569	theme.text.caption	theme.text.caption	GREEN
utility_ref	theme	theme.text.body	token	next/ui/motolii-settings-pane/src/lib.rs	591	theme.text.body	theme.text.body	GREEN
token_ref	colors	text_primary	token	next/ui/motolii-settings-pane/src/lib.rs	592	colors.text_primary	text_primary	GREEN
utility_ref	theme	theme.text.body	token	next/ui/motolii-settings-pane/src/lib.rs	600	theme.text.body	theme.text.body	GREEN
token_ref	dims	inspector_value_width	token	next/ui/motolii-settings-pane/src/lib.rs	601	dims.inspector_value_width	inspector_value_width	GREEN
raw_literal		0.0	0.0	next/ui/motolii-settings-pane/src/lib.rs	602	padding	lib_padding	IGNORED_ZERO
utility_ref	theme	theme.space.xs	token	next/ui/motolii-settings-pane/src/lib.rs	606	theme.space.xs	theme.space.xs	GREEN
token_ref	dims	inspector_row_height	token	next/ui/motolii-settings-pane/src/lib.rs	607	dims.inspector_row_height	inspector_row_height	GREEN
raw_literal		0.0	0.0	next/ui/motolii-settings-pane/src/lib.rs	609	padding	lib_padding	IGNORED_ZERO
utility_ref	theme	theme.space.m	token	next/ui/motolii-settings-pane/src/lib.rs	609	theme.space.m	theme.space.m	GREEN
utility_ref	theme	theme.text.caption	token	next/ui/motolii-settings-pane/src/lib.rs	620	theme.text.caption	theme.text.caption	GREEN
token_ref	colors	text_muted	token	next/ui/motolii-settings-pane/src/lib.rs	621	colors.text_muted	text_muted	GREEN
utility_ref	theme	theme.space.m	token	next/ui/motolii-settings-pane/src/lib.rs	623	theme.space.m	theme.space.m	GREEN
utility_ref	theme	theme.space.xs	token	next/ui/motolii-settings-pane/src/lib.rs	623	theme.space.xs	theme.space.xs	GREEN
utility_ref	theme	theme.text.caption	token	next/ui/motolii-settings-pane/src/sections.rs	470	theme.text.caption	theme.text.caption	GREEN
token_ref	colors	text_muted	token	next/ui/motolii-settings-pane/src/sections.rs	471	colors.text_muted	text_muted	GREEN
raw_literal		0.0	0.0	next/ui/motolii-settings-pane/src/sections.rs	473	padding	sections_padding	IGNORED_ZERO
utility_ref	theme	theme.space.m	token	next/ui/motolii-settings-pane/src/sections.rs	473	theme.space.m	theme.space.m	GREEN
utility_ref	theme	theme.space.xs	token	next/ui/motolii-settings-pane/src/sections.rs	588	theme.space.xs	theme.space.xs	GREEN
token_ref	dims	inspector_row_height	token	next/ui/motolii-settings-pane/src/sections.rs	589	dims.inspector_row_height	inspector_row_height	GREEN
utility_ref	theme	theme.space.m	token	next/ui/motolii-settings-pane/src/sections.rs	590	theme.space.m	theme.space.m	GREEN
token_ref	dims	inspector_value_width	token	next/ui/motolii-settings-pane/src/sections.rs	602	dims.inspector_value_width	inspector_value_width	GREEN
utility_ref	theme	theme.text.body	token	next/ui/motolii-settings-pane/src/sections.rs	625	theme.text.body	theme.text.body	GREEN
token_ref	colors	text_primary	token	next/ui/motolii-settings-pane/src/sections.rs	626	colors.text_primary	text_primary	GREEN
utility_ref	theme	theme.text.caption	token	next/ui/motolii-settings-pane/src/sections.rs	664	theme.text.caption	theme.text.caption	GREEN
token_ref	colors	text_muted	token	next/ui/motolii-settings-pane/src/sections.rs	665	colors.text_muted	text_muted	GREEN
token_ref	dims	inspector_value_width	token	next/ui/motolii-settings-pane/src/sections.rs	667	dims.inspector_value_width	inspector_value_width	GREEN
utility_ref	theme	theme.text.body	token	next/ui/motolii-settings-pane/src/sections.rs	676	theme.text.body	theme.text.body	GREEN
token_ref	dims	inspector_value_width	token	next/ui/motolii-settings-pane/src/sections.rs	677	dims.inspector_value_width	inspector_value_width	GREEN
raw_literal		0.0	0.0	next/ui/motolii-settings-pane/src/sections.rs	678	padding	sections_padding	IGNORED_ZERO
raw_literal		0.0	0.0	next/ui/motolii-settings-pane/src/sections.rs	682	spacing	sections_spacing	IGNORED_ZERO
utility_ref	theme	theme.text.body	token	next/ui/motolii-settings-pane/src/sections.rs	701	theme.text.body	theme.text.body	GREEN
token_ref	colors	text_primary	token	next/ui/motolii-settings-pane/src/sections.rs	702	colors.text_primary	text_primary	GREEN
utility_ref	theme	theme.text.body	token	next/ui/motolii-settings-pane/src/sections.rs	705	theme.text.body	theme.text.body	GREEN
utility_ref	theme	theme.space.xs	token	next/ui/motolii-settings-pane/src/sections.rs	709	theme.space.xs	theme.space.xs	GREEN
token_ref	dims	inspector_row_height	token	next/ui/motolii-settings-pane/src/sections.rs	710	dims.inspector_row_height	inspector_row_height	GREEN
raw_literal		0.0	0.0	next/ui/motolii-settings-pane/src/sections.rs	712	padding	sections_padding	IGNORED_ZERO
utility_ref	theme	theme.space.m	token	next/ui/motolii-settings-pane/src/sections.rs	712	theme.space.m	theme.space.m	GREEN
utility_ref	theme	theme.text.body	token	next/ui/motolii-settings-pane/src/sections.rs	735	theme.text.body	theme.text.body	GREEN
token_ref	colors	text_primary	token	next/ui/motolii-settings-pane/src/sections.rs	736	colors.text_primary	text_primary	GREEN
utility_ref	theme	theme.text.caption	token	next/ui/motolii-settings-pane/src/sections.rs	769	theme.text.caption	theme.text.caption	GREEN
token_ref	colors	text_muted	token	next/ui/motolii-settings-pane/src/sections.rs	770	colors.text_muted	text_muted	GREEN
token_ref	dims	inspector_value_width	token	next/ui/motolii-settings-pane/src/sections.rs	772	dims.inspector_value_width	inspector_value_width	GREEN
utility_ref	theme	theme.text.body	token	next/ui/motolii-settings-pane/src/sections.rs	780	theme.text.body	theme.text.body	GREEN
token_ref	dims	inspector_value_width	token	next/ui/motolii-settings-pane/src/sections.rs	781	dims.inspector_value_width	inspector_value_width	GREEN
raw_literal		0.0	0.0	next/ui/motolii-settings-pane/src/sections.rs	782	padding	sections_padding	IGNORED_ZERO
raw_literal		0.0	0.0	next/ui/motolii-settings-pane/src/sections.rs	786	spacing	sections_spacing	IGNORED_ZERO
utility_ref	theme	theme.text.body	token	next/ui/motolii-settings-pane/src/sections.rs	799	theme.text.body	theme.text.body	GREEN
token_ref	colors	text_primary	token	next/ui/motolii-settings-pane/src/sections.rs	800	colors.text_primary	text_primary	GREEN
utility_ref	theme	theme.text.body	token	next/ui/motolii-settings-pane/src/sections.rs	803	theme.text.body	theme.text.body	GREEN
token_ref	colors	text_primary	token	next/ui/motolii-settings-pane/src/sections.rs	804	colors.text_primary	text_primary	GREEN
utility_ref	theme	theme.space.xs	token	next/ui/motolii-settings-pane/src/sections.rs	806	theme.space.xs	theme.space.xs	GREEN
token_ref	dims	inspector_row_height	token	next/ui/motolii-settings-pane/src/sections.rs	807	dims.inspector_row_height	inspector_row_height	GREEN
raw_literal		0.0	0.0	next/ui/motolii-settings-pane/src/sections.rs	809	padding	sections_padding	IGNORED_ZERO
utility_ref	theme	theme.space.m	token	next/ui/motolii-settings-pane/src/sections.rs	809	theme.space.m	theme.space.m	GREEN
token_ref	dims	gizmo_rotate_offset	token	next/ui/motolii-stage-pane/src/gizmo/handles.rs	196	dims.gizmo_rotate_offset	gizmo_rotate_offset	GREEN
token_ref	dims	gizmo_rotate_offset	token	next/ui/motolii-stage-pane/src/gizmo/handles.rs	197	dims.gizmo_rotate_offset	gizmo_rotate_offset	GREEN
token_ref	dims	gizmo_hit_radius	token	next/ui/motolii-stage-pane/src/gizmo/handles.rs	212	dims.gizmo_hit_radius	gizmo_hit_radius	GREEN
token_ref	colors	action_active	token	next/ui/motolii-stage-pane/src/gizmo/overlay.rs	162	colors.action_active	action_active	GREEN
token_ref	colors	surface_raised	token	next/ui/motolii-stage-pane/src/gizmo/overlay.rs	163	colors.surface_raised	surface_raised	GREEN
utility_ref	theme	theme.stroke.hairline	token	next/ui/motolii-stage-pane/src/gizmo/overlay.rs	166	theme.stroke.hairline	theme.stroke.hairline	GREEN
token_ref	dims	gizmo_handle_size	token	next/ui/motolii-stage-pane/src/gizmo/overlay.rs	182	dims.gizmo_handle_size	gizmo_handle_size	GREEN
token_ref	dims	gizmo_handle_size	token	next/ui/motolii-stage-pane/src/gizmo/overlay.rs	188	dims.gizmo_handle_size	gizmo_handle_size	GREEN
token_ref	dims	gizmo_anchor_radius	token	next/ui/motolii-stage-pane/src/gizmo/overlay.rs	200	dims.gizmo_anchor_radius	gizmo_anchor_radius	GREEN
utility_ref	theme	theme.text.body	token	next/ui/motolii-stage-pane/src/lib.rs	231	theme.text.body	theme.text.body	GREEN
raw_literal		0.0	0.0	next/ui/motolii-stage-pane/src/lib.rs	233	padding	lib_padding	IGNORED_ZERO
utility_ref	theme	theme.space.m	token	next/ui/motolii-stage-pane/src/lib.rs	299	theme.space.m	theme.space.m	GREEN
utility_ref	theme	theme.space.m	token	next/ui/motolii-stage-pane/src/lib.rs	300	theme.space.m	theme.space.m	GREEN
utility_ref	theme	theme.space.xs	token	next/ui/motolii-stage-pane/src/lib.rs	300	theme.space.xs	theme.space.xs	GREEN
token_ref	colors	action_active	token	next/ui/motolii-stage-pane/src/lib.rs	668	colors.action_active	action_active	GREEN
utility_ref	theme	theme.stroke.hairline	token	next/ui/motolii-stage-pane/src/lib.rs	669	theme.stroke.hairline	theme.stroke.hairline	GREEN
token_ref	colors	action_active	token	next/ui/motolii-stage-pane/src/marquee.rs	497	colors.action_active	action_active	GREEN
utility_ref	theme	theme.stroke.hairline	token	next/ui/motolii-stage-pane/src/marquee.rs	507	theme.stroke.hairline	theme.stroke.hairline	GREEN
utility_ref	theme	theme.text.body	token	next/ui/motolii-stage-pane/src/mask_path_edit.rs	106	theme.text.body	theme.text.body	GREEN
utility_ref	theme	theme.space.m	token	next/ui/motolii-stage-pane/src/mask_path_edit.rs	107	theme.space.m	theme.space.m	GREEN
utility_ref	theme	theme.space.xs	token	next/ui/motolii-stage-pane/src/mask_path_edit.rs	107	theme.space.xs	theme.space.xs	GREEN
token_ref	colors	surface_raised	token	next/ui/motolii-stage-pane/src/mask_path_edit.rs	109	colors.surface_raised	surface_raised	GREEN
token_ref	colors	border_default	token	next/ui/motolii-stage-pane/src/mask_path_edit.rs	111	colors.border_default	border_default	GREEN
utility_ref	theme	theme.stroke.hairline	token	next/ui/motolii-stage-pane/src/mask_path_edit.rs	112	theme.stroke.hairline	theme.stroke.hairline	GREEN
token_ref	dims	gizmo_hit_radius	token	next/ui/motolii-stage-pane/src/mask_path_edit.rs	220	dims.gizmo_hit_radius	gizmo_hit_radius	GREEN
token_ref	dims	gizmo_handle_size	token	next/ui/motolii-stage-pane/src/mask_path_edit.rs	317	dims.gizmo_handle_size	gizmo_handle_size	GREEN
token_ref	colors	action_active	token	next/ui/motolii-stage-pane/src/mask_path_edit.rs	320	colors.action_active	action_active	GREEN
token_ref	colors	surface_app	token	next/ui/motolii-stage-pane/src/mask_path_edit.rs	322	colors.surface_app	surface_app	GREEN
token_ref	colors	action_active	token	next/ui/motolii-stage-pane/src/mask_path_edit.rs	326	colors.action_active	action_active	GREEN
utility_ref	theme	theme.stroke.hairline	token	next/ui/motolii-stage-pane/src/mask_path_edit.rs	327	theme.stroke.hairline	theme.stroke.hairline	GREEN
utility_ref	theme	theme.text.body	token	next/ui/motolii-stage-pane/src/path_edit.rs	174	theme.text.body	theme.text.body	GREEN
utility_ref	theme	theme.space.m	token	next/ui/motolii-stage-pane/src/path_edit.rs	176	theme.space.m	theme.space.m	GREEN
utility_ref	theme	theme.space.xs	token	next/ui/motolii-stage-pane/src/path_edit.rs	176	theme.space.xs	theme.space.xs	GREEN
token_ref	colors	surface_hover	token	next/ui/motolii-stage-pane/src/path_edit.rs	180	colors.surface_hover	surface_hover	GREEN
token_ref	colors	text_secondary	token	next/ui/motolii-stage-pane/src/path_edit.rs	181	colors.text_secondary	text_secondary	GREEN
utility_ref	theme	theme.space.xs	token	next/ui/motolii-stage-pane/src/path_edit.rs	187	theme.space.xs	theme.space.xs	GREEN
utility_ref	theme	theme.space.m	token	next/ui/motolii-stage-pane/src/path_edit.rs	188	theme.space.m	theme.space.m	GREEN
utility_ref	theme	theme.space.xs	token	next/ui/motolii-stage-pane/src/path_edit.rs	188	theme.space.xs	theme.space.xs	GREEN
token_ref	dims	gizmo_hit_radius	token	next/ui/motolii-stage-pane/src/path_edit.rs	294	dims.gizmo_hit_radius	gizmo_hit_radius	GREEN
token_ref	colors	action_active	token	next/ui/motolii-stage-pane/src/path_edit.rs	379	colors.action_active	action_active	GREEN
token_ref	dims	gizmo_handle_size	token	next/ui/motolii-stage-pane/src/path_edit.rs	392	dims.gizmo_handle_size	gizmo_handle_size	GREEN
token_ref	colors	surface_app	token	next/ui/motolii-stage-pane/src/path_edit.rs	397	colors.surface_app	surface_app	GREEN
utility_ref	theme	theme.stroke.hairline	token	next/ui/motolii-stage-pane/src/path_edit.rs	402	theme.stroke.hairline	theme.stroke.hairline	GREEN
utility_ref	theme	theme.space.xs	token	next/ui/motolii-stage-pane/src/shape_tool.rs	82	theme.space.xs	theme.space.xs	GREEN
utility_ref	theme	theme.space.m	token	next/ui/motolii-stage-pane/src/shape_tool.rs	83	theme.space.m	theme.space.m	GREEN
utility_ref	theme	theme.space.xs	token	next/ui/motolii-stage-pane/src/shape_tool.rs	83	theme.space.xs	theme.space.xs	GREEN
utility_ref	theme	theme.text.body	token	next/ui/motolii-stage-pane/src/shape_tool.rs	94	theme.text.body	theme.text.body	GREEN
utility_ref	theme	theme.space.m	token	next/ui/motolii-stage-pane/src/shape_tool.rs	96	theme.space.m	theme.space.m	GREEN
utility_ref	theme	theme.space.xs	token	next/ui/motolii-stage-pane/src/shape_tool.rs	96	theme.space.xs	theme.space.xs	GREEN
token_ref	colors	state_selected	token	next/ui/motolii-stage-pane/src/shape_tool.rs	100	colors.state_selected	state_selected	GREEN
token_ref	colors	surface_hover	token	next/ui/motolii-stage-pane/src/shape_tool.rs	102	colors.surface_hover	surface_hover	GREEN
token_ref	colors	text_primary	token	next/ui/motolii-stage-pane/src/shape_tool.rs	109	colors.text_primary	text_primary	GREEN
token_ref	colors	text_secondary	token	next/ui/motolii-stage-pane/src/shape_tool.rs	111	colors.text_secondary	text_secondary	GREEN
token_ref	colors	text_muted	token	next/ui/motolii-stage-pane/src/shape_tool.rs	113	colors.text_muted	text_muted	GREEN
token_ref	colors	action_active	token	next/ui/motolii-stage-pane/src/shape_tool.rs	304	colors.action_active	action_active	GREEN
utility_ref	theme	theme.stroke.hairline	token	next/ui/motolii-stage-pane/src/shape_tool.rs	324	theme.stroke.hairline	theme.stroke.hairline	GREEN
utility_ref	theme	theme.stroke.hairline	token	next/ui/motolii-stage-pane/src/shape_tool.rs	345	theme.stroke.hairline	theme.stroke.hairline	GREEN
token_ref	dims	gizmo_handle_size	token	next/ui/motolii-stage-pane/src/shape_tool.rs	351	dims.gizmo_handle_size	gizmo_handle_size	GREEN
utility_ref	theme	theme.space.s	token	next/ui/motolii-stage-pane/src/sheets.rs	88	theme.space.s	theme.space.s	GREEN
utility_ref	theme	theme.stroke.hairline	token	next/ui/motolii-stage-pane/src/sheets.rs	372	theme.stroke.hairline	theme.stroke.hairline	GREEN
component_ref	dims.components	stage.grid_ink_factor	token	next/ui/motolii-stage-pane/src/sheets.rs	386	dims.components.stage.grid_ink_factor	stage.grid_ink_factor	GREEN
utility_ref	theme	theme.stroke.hairline	token	next/ui/motolii-stage-pane/src/sheets.rs	389	theme.stroke.hairline	theme.stroke.hairline	GREEN
component_ref	dims.components	stage.grid_divisions	token	next/ui/motolii-stage-pane/src/sheets.rs	394	dims.components.stage.grid_divisions	stage.grid_divisions	GREEN
component_ref	dims.components	stage.action_safe_inset	token	next/ui/motolii-stage-pane/src/sheets.rs	420	dims.components.stage.action_safe_inset	stage.action_safe_inset	GREEN
component_ref	dims.components	stage.title_safe_inset	token	next/ui/motolii-stage-pane/src/sheets.rs	421	dims.components.stage.title_safe_inset	stage.title_safe_inset	GREEN
utility_ref	theme	theme.space.xs	token	next/ui/motolii-stage-pane/src/viewer_bar.rs	138	theme.space.xs	theme.space.xs	GREEN
utility_ref	theme	theme.space.xs	token	next/ui/motolii-stage-pane/src/viewer_bar.rs	180	theme.space.xs	theme.space.xs	GREEN
utility_ref	theme	theme.space.xs	token	next/ui/motolii-stage-pane/src/viewer_bar.rs	243	theme.space.xs	theme.space.xs	GREEN
utility_ref	theme	theme.space.l	token	next/ui/motolii-stage-pane/src/viewer_bar.rs	298	theme.space.l	theme.space.l	GREEN
utility_ref	theme	theme.space.l	token	next/ui/motolii-stage-pane/src/viewer_bar.rs	300	theme.space.l	theme.space.l	GREEN
utility_ref	theme	theme.space.m	token	next/ui/motolii-stage-pane/src/viewer_bar.rs	303	theme.space.m	theme.space.m	GREEN
utility_ref	theme	theme.space.m	token	next/ui/motolii-stage-pane/src/viewer_bar.rs	304	theme.space.m	theme.space.m	GREEN
utility_ref	theme	theme.space.xs	token	next/ui/motolii-stage-pane/src/viewer_bar.rs	304	theme.space.xs	theme.space.xs	GREEN
utility_ref	theme	theme.text.body	token	next/ui/motolii-stage-pane/src/viewer_bar.rs	326	theme.text.body	theme.text.body	GREEN
utility_ref	theme	theme.space.m	token	next/ui/motolii-stage-pane/src/viewer_bar.rs	328	theme.space.m	theme.space.m	GREEN
utility_ref	theme	theme.space.xs	token	next/ui/motolii-stage-pane/src/viewer_bar.rs	328	theme.space.xs	theme.space.xs	GREEN
token_ref	colors	state_selected	token	next/ui/motolii-stage-pane/src/viewer_bar.rs	332	colors.state_selected	state_selected	GREEN
token_ref	colors	surface_hover	token	next/ui/motolii-stage-pane/src/viewer_bar.rs	334	colors.surface_hover	surface_hover	GREEN
token_ref	colors	text_primary	token	next/ui/motolii-stage-pane/src/viewer_bar.rs	341	colors.text_primary	text_primary	GREEN
token_ref	colors	text_secondary	token	next/ui/motolii-stage-pane/src/viewer_bar.rs	343	colors.text_secondary	text_secondary	GREEN
token_ref	colors	text_muted	token	next/ui/motolii-stage-pane/src/viewer_bar.rs	345	colors.text_muted	text_muted	GREEN
token_ref	dims	row_height	token	next/ui/motolii-timeline-pane/src/canvas.rs	103	dims.row_height	row_height	GREEN
utility_ref	theme	theme.stroke.hairline	token	next/ui/motolii-timeline-pane/src/canvas.rs	115	theme.stroke.hairline	theme.stroke.hairline	GREEN
token_ref	colors	surface_panel	token	next/ui/motolii-timeline-pane/src/canvas.rs	128	colors.surface_panel	surface_panel	GREEN
token_ref	colors	timeline_row_zebra	token	next/ui/motolii-timeline-pane/src/canvas.rs	173	colors.timeline_row_zebra	timeline_row_zebra	GREEN
token_ref	colors	state_selected	token	next/ui/motolii-timeline-pane/src/canvas.rs	213	colors.state_selected	state_selected	GREEN
token_ref	colors	action_active	token	next/ui/motolii-timeline-pane/src/canvas.rs	230	colors.action_active	action_active	GREEN
token_ref	colors	text_muted	token	next/ui/motolii-timeline-pane/src/canvas.rs	232	colors.text_muted	text_muted	GREEN
token_ref	colors	way_timeline	token	next/ui/motolii-timeline-pane/src/canvas.rs	239	colors.way_timeline	way_timeline	GREEN
token_ref	colors	data	token	next/ui/motolii-timeline-pane/src/canvas.rs	273	colors.data	data	GREEN
utility_ref	theme	theme.stroke.hairline	token	next/ui/motolii-timeline-pane/src/canvas.rs	281	theme.stroke.hairline	theme.stroke.hairline	GREEN
token_ref	colors	border_hairline_weak	token	next/ui/motolii-timeline-pane/src/canvas.rs	300	colors.border_hairline_weak	border_hairline_weak	GREEN
utility_ref	theme	theme.space.l	token	next/ui/motolii-timeline-pane/src/canvas.rs	332	theme.space.l	theme.space.l	GREEN
utility_ref	theme	theme.space.xs	token	next/ui/motolii-timeline-pane/src/canvas.rs	332	theme.space.xs	theme.space.xs	GREEN
token_ref	colors	action_active	token	next/ui/motolii-timeline-pane/src/canvas.rs	333	colors.action_active	action_active	GREEN
utility_ref	theme	theme.text.caption	token	next/ui/motolii-timeline-pane/src/canvas.rs	334	theme.text.caption	theme.text.caption	GREEN
token_ref	dims	row_height	token	next/ui/motolii-timeline-pane/src/canvas.rs	507	dims.row_height	row_height	GREEN
component_ref	dims.components	timeline.target_cell_ratio	token	next/ui/motolii-timeline-pane/src/canvas.rs	508	dims.components.timeline.target_cell_ratio	timeline.target_cell_ratio	GREEN
token_ref	colors	border_strong	token	next/ui/motolii-timeline-pane/src/canvas.rs	521	colors.border_strong	border_strong	GREEN
token_ref	colors	border_hairline_weak	token	next/ui/motolii-timeline-pane/src/canvas.rs	523	colors.border_hairline_weak	border_hairline_weak	GREEN
utility_ref	theme	theme.stroke.hairline	token	next/ui/motolii-timeline-pane/src/canvas.rs	528	theme.stroke.hairline	theme.stroke.hairline	GREEN
utility_ref	theme	theme.space.xs	token	next/ui/motolii-timeline-pane/src/canvas.rs	533	theme.space.xs	theme.space.xs	GREEN
token_ref	colors	text_secondary	token	next/ui/motolii-timeline-pane/src/canvas.rs	534	colors.text_secondary	text_secondary	GREEN
utility_ref	theme	theme.text.caption	token	next/ui/motolii-timeline-pane/src/canvas.rs	535	theme.text.caption	theme.text.caption	GREEN
token_ref	colors	action_active	token	next/ui/motolii-timeline-pane/src/canvas.rs	582	colors.action_active	action_active	GREEN
token_ref	colors	border_strong	token	next/ui/motolii-timeline-pane/src/canvas.rs	582	colors.border_strong	border_strong	GREEN
token_ref	colors	action_active	token	next/ui/motolii-timeline-pane/src/canvas.rs	626	colors.action_active	action_active	GREEN
token_ref	dims	row_height	token	next/ui/motolii-timeline-pane/src/canvas.rs	652	dims.row_height	row_height	GREEN
component_ref	dims.components	timeline.target_cell_ratio	token	next/ui/motolii-timeline-pane/src/canvas.rs	653	dims.components.timeline.target_cell_ratio	timeline.target_cell_ratio	GREEN
token_ref	colors	timeline_time_band	token	next/ui/motolii-timeline-pane/src/canvas.rs	668	colors.timeline_time_band	timeline_time_band	GREEN
token_ref	dims	row_height	token	next/ui/motolii-timeline-pane/src/canvas.rs	702	dims.row_height	row_height	GREEN
component_ref	dims.components	timeline.target_cell_ratio	token	next/ui/motolii-timeline-pane/src/canvas.rs	703	dims.components.timeline.target_cell_ratio	timeline.target_cell_ratio	GREEN
token_ref	colors	timeline_grid_major	token	next/ui/motolii-timeline-pane/src/canvas.rs	711	colors.timeline_grid_major	timeline_grid_major	GREEN
token_ref	colors	timeline_grid_minor	token	next/ui/motolii-timeline-pane/src/canvas.rs	713	colors.timeline_grid_minor	timeline_grid_minor	GREEN
utility_ref	theme	theme.stroke.hairline	token	next/ui/motolii-timeline-pane/src/canvas.rs	718	theme.stroke.hairline	theme.stroke.hairline	GREEN
utility_ref	theme	theme.text.caption	token	next/ui/motolii-timeline-pane/src/graph_editor.rs	149	theme.text.caption	theme.text.caption	GREEN
utility_ref	theme	theme.space.xs	token	next/ui/motolii-timeline-pane/src/graph_editor.rs	150	theme.space.xs	theme.space.xs	GREEN
raw_literal		0.0	0.0	next/ui/motolii-timeline-pane/src/graph_editor.rs	153	padding	graph_editor_padding	IGNORED_ZERO
utility_ref	theme	theme.space.s	token	next/ui/motolii-timeline-pane/src/graph_editor.rs	153	theme.space.s	theme.space.s	GREEN
utility_ref	theme	theme.size.panel_header	token	next/ui/motolii-timeline-pane/src/graph_editor.rs	155	theme.size.panel_header	theme.size.panel_header	GREEN
token_ref	colors	surface_panel	token	next/ui/motolii-timeline-pane/src/graph_editor.rs	157	colors.surface_panel	surface_panel	GREEN
utility_ref	theme	theme.text.caption	token	next/ui/motolii-timeline-pane/src/graph_editor.rs	164	theme.text.caption	theme.text.caption	GREEN
raw_literal		0.0	0.0	next/ui/motolii-timeline-pane/src/graph_editor.rs	165	padding	graph_editor_padding	IGNORED_ZERO
utility_ref	theme	theme.space.s	token	next/ui/motolii-timeline-pane/src/graph_editor.rs	165	theme.space.s	theme.space.s	GREEN
token_ref	dims	graph_editor_plot_height	token	next/ui/motolii-timeline-pane/src/graph_editor.rs	188	dims.graph_editor_plot_height	graph_editor_plot_height	GREEN
token_ref	dims	graph_control_label_width	token	next/ui/motolii-timeline-pane/src/graph_editor.rs	197	dims.graph_control_label_width	graph_control_label_width	GREEN
token_ref	dims	inspector_value_width	token	next/ui/motolii-timeline-pane/src/graph_editor.rs	201	dims.inspector_value_width	inspector_value_width	GREEN
raw_literal		0.0	0.0	next/ui/motolii-timeline-pane/src/graph_editor.rs	202	padding	graph_editor_padding	IGNORED_ZERO
utility_ref	theme	theme.space.xs	token	next/ui/motolii-timeline-pane/src/graph_editor.rs	202	theme.space.xs	theme.space.xs	GREEN
utility_ref	theme	theme.space.xs	token	next/ui/motolii-timeline-pane/src/graph_editor.rs	204	theme.space.xs	theme.space.xs	GREEN
token_ref	colors	text_muted	token	next/ui/motolii-timeline-pane/src/graph_editor.rs	215	colors.text_muted	text_muted	GREEN
utility_ref	theme	theme.text.caption	token	next/ui/motolii-timeline-pane/src/graph_editor.rs	215	theme.text.caption	theme.text.caption	GREEN
utility_ref	theme	theme.space.m	token	next/ui/motolii-timeline-pane/src/graph_editor.rs	217	theme.space.m	theme.space.m	GREEN
utility_ref	theme	theme.text.caption	token	next/ui/motolii-timeline-pane/src/graph_editor.rs	219	theme.text.caption	theme.text.caption	GREEN
token_ref	colors	text_muted	token	next/ui/motolii-timeline-pane/src/graph_editor.rs	220	colors.text_muted	text_muted	GREEN
utility_ref	theme	theme.space.m	token	next/ui/motolii-timeline-pane/src/graph_editor.rs	222	theme.space.m	theme.space.m	GREEN
utility_ref	theme	theme.space.s	token	next/ui/motolii-timeline-pane/src/graph_editor.rs	222	theme.space.s	theme.space.s	GREEN
token_ref	colors	surface_panel	token	next/ui/motolii-timeline-pane/src/graph_editor.rs	225	colors.surface_panel	surface_panel	GREEN
token_ref	colors	surface_app	token	next/ui/motolii-timeline-pane/src/graph_editor.rs	343	colors.surface_app	surface_app	GREEN
token_ref	colors	timeline_grid_minor	token	next/ui/motolii-timeline-pane/src/graph_editor.rs	354	colors.timeline_grid_minor	timeline_grid_minor	GREEN
token_ref	colors	timeline_grid_minor	token	next/ui/motolii-timeline-pane/src/graph_editor.rs	363	colors.timeline_grid_minor	timeline_grid_minor	GREEN
token_ref	colors	action_active	token	next/ui/motolii-timeline-pane/src/graph_editor.rs	382	colors.action_active	action_active	GREEN
token_ref	colors	text_muted	token	next/ui/motolii-timeline-pane/src/graph_editor.rs	390	colors.text_muted	text_muted	GREEN
token_ref	colors	text_muted	token	next/ui/motolii-timeline-pane/src/graph_editor.rs	396	colors.text_muted	text_muted	GREEN
token_ref	colors	action_active	token	next/ui/motolii-timeline-pane/src/graph_editor.rs	402	colors.action_active	action_active	GREEN
token_ref	dims	row_height	token	next/ui/motolii-timeline-pane/src/input.rs	84	dims.row_height	row_height	GREEN
token_ref	dims	row_height	token	next/ui/motolii-timeline-pane/src/input.rs	347	dims.row_height	row_height	GREEN
token_ref	dims	row_height	token	next/ui/motolii-timeline-pane/src/key_rows.rs	47	dims.row_height	row_height	GREEN
token_ref	colors	timeline_row_zebra	token	next/ui/motolii-timeline-pane/src/key_rows.rs	135	colors.timeline_row_zebra	timeline_row_zebra	GREEN
token_ref	colors	border_hairline_weak	token	next/ui/motolii-timeline-pane/src/key_rows.rs	147	colors.border_hairline_weak	border_hairline_weak	GREEN
utility_ref	theme	theme.stroke.hairline	token	next/ui/motolii-timeline-pane/src/key_rows.rs	148	theme.stroke.hairline	theme.stroke.hairline	GREEN
token_ref	colors	action_active	token	next/ui/motolii-timeline-pane/src/key_rows.rs	159	colors.action_active	action_active	GREEN
token_ref	colors	way_timeline	token	next/ui/motolii-timeline-pane/src/key_rows.rs	161	colors.way_timeline	way_timeline	GREEN
component_ref	dims.components	timeline.key_diamond_size	token	next/ui/motolii-timeline-pane/src/key_rows.rs	167	dims.components.timeline.key_diamond_size	timeline.key_diamond_size	GREEN
component_ref	dims.components	timeline.key_hit	token	next/ui/motolii-timeline-pane/src/key_rows.rs	272	dims.components.timeline.key_hit	timeline.key_hit	GREEN
component_ref	dims.components	timeline.key_hit	token	next/ui/motolii-timeline-pane/src/key_rows.rs	354	dims.components.timeline.key_hit	timeline.key_hit	GREEN
token_ref	colors	way_timeline	token	next/ui/motolii-timeline-pane/src/lane_bar.rs	91	colors.way_timeline	way_timeline	GREEN
utility_ref	theme	theme.space.s	token	next/ui/motolii-timeline-pane/src/lane_bar.rs	137	theme.space.s	theme.space.s	GREEN
utility_ref	theme	theme.space.xs	token	next/ui/motolii-timeline-pane/src/lane_bar.rs	139	theme.space.xs	theme.space.xs	GREEN
utility_ref	theme	theme.space.s	token	next/ui/motolii-timeline-pane/src/lane_bar.rs	140	theme.space.s	theme.space.s	GREEN
token_ref	dims	row_height	token	next/ui/motolii-timeline-pane/src/lib.rs	362	dims.row_height	row_height	GREEN
token_ref	dims	timeline_lane_bar_width	token	next/ui/motolii-timeline-pane/src/lib.rs	369	dims.timeline_lane_bar_width	timeline_lane_bar_width	GREEN
token_ref	dims	timeline_param_row_height	token	next/ui/motolii-timeline-pane/src/lib.rs	375	dims.timeline_param_row_height	timeline_param_row_height	GREEN
token_ref	dims	row_height	token	next/ui/motolii-timeline-pane/src/lib.rs	383	dims.row_height	row_height	GREEN
token_ref	dims	row_height	token	next/ui/motolii-timeline-pane/src/lib.rs	397	dims.row_height	row_height	GREEN
component_ref	dims.components	timeline.viewport_default_size	token	next/ui/motolii-timeline-pane/src/lib.rs	449	dims.components.timeline.viewport_default_size	timeline.viewport_default_size	GREEN
token_ref	colors	way_timeline	token	next/ui/motolii-timeline-pane/src/markers.rs	425	colors.way_timeline	way_timeline	GREEN
token_ref	colors	way_timeline	token	next/ui/motolii-timeline-pane/src/markers.rs	436	colors.way_timeline	way_timeline	GREEN
token_ref	colors	way_timeline	token	next/ui/motolii-timeline-pane/src/markers.rs	443	colors.way_timeline	way_timeline	GREEN
utility_ref	theme	theme.stroke.hairline	token	next/ui/motolii-timeline-pane/src/markers.rs	444	theme.stroke.hairline	theme.stroke.hairline	GREEN
utility_ref	theme	theme.space.xs	token	next/ui/motolii-timeline-pane/src/markers.rs	451	theme.space.xs	theme.space.xs	GREEN
token_ref	colors	text_secondary	token	next/ui/motolii-timeline-pane/src/markers.rs	452	colors.text_secondary	text_secondary	GREEN
utility_ref	theme	theme.text.caption	token	next/ui/motolii-timeline-pane/src/markers.rs	453	theme.text.caption	theme.text.caption	GREEN
utility_ref	theme	theme.text.caption	token	next/ui/motolii-timeline-pane/src/markers.rs	470	theme.text.caption	theme.text.caption	GREEN
utility_ref	theme	theme.text.caption	token	next/ui/motolii-timeline-pane/src/markers.rs	472	theme.text.caption	theme.text.caption	GREEN
token_ref	colors	text_secondary	token	next/ui/motolii-timeline-pane/src/markers.rs	473	colors.text_secondary	text_secondary	GREEN
utility_ref	theme	theme.space.s	token	next/ui/motolii-timeline-pane/src/markers.rs	475	theme.space.s	theme.space.s	GREEN
utility_ref	theme	theme.text.caption	token	next/ui/motolii-timeline-pane/src/markers.rs	482	theme.text.caption	theme.text.caption	GREEN
token_ref	colors	text_secondary	token	next/ui/motolii-timeline-pane/src/markers.rs	483	colors.text_secondary	text_secondary	GREEN
utility_ref	theme	theme.text.caption	token	next/ui/motolii-timeline-pane/src/markers.rs	496	theme.text.caption	theme.text.caption	GREEN
raw_literal		0.0	0.0	next/ui/motolii-timeline-pane/src/markers.rs	497	padding	markers_padding	IGNORED_ZERO
utility_ref	theme	theme.space.xs	token	next/ui/motolii-timeline-pane/src/markers.rs	497	theme.space.xs	theme.space.xs	GREEN
utility_ref	theme	theme.text.caption	token	next/ui/motolii-timeline-pane/src/markers.rs	501	theme.text.caption	theme.text.caption	GREEN
token_ref	colors	text_primary	token	next/ui/motolii-timeline-pane/src/markers.rs	502	colors.text_primary	text_primary	GREEN
utility_ref	theme	theme.text.caption	token	next/ui/motolii-timeline-pane/src/markers.rs	507	theme.text.caption	theme.text.caption	GREEN
raw_literal		0.0	0.0	next/ui/motolii-timeline-pane/src/markers.rs	509	padding	markers_padding	IGNORED_ZERO
utility_ref	theme	theme.space.xs	token	next/ui/motolii-timeline-pane/src/markers.rs	509	theme.space.xs	theme.space.xs	GREEN
utility_ref	theme	theme.text.caption	token	next/ui/motolii-timeline-pane/src/markers.rs	512	theme.text.caption	theme.text.caption	GREEN
utility_ref	theme	theme.text.caption	token	next/ui/motolii-timeline-pane/src/markers.rs	515	theme.text.caption	theme.text.caption	GREEN
utility_ref	theme	theme.text.caption	token	next/ui/motolii-timeline-pane/src/markers.rs	518	theme.text.caption	theme.text.caption	GREEN
raw_literal		0.0	0.0	next/ui/motolii-timeline-pane/src/markers.rs	520	padding	markers_padding	IGNORED_ZERO
utility_ref	theme	theme.space.xs	token	next/ui/motolii-timeline-pane/src/markers.rs	520	theme.space.xs	theme.space.xs	GREEN
utility_ref	theme	theme.space.xs	token	next/ui/motolii-timeline-pane/src/markers.rs	524	theme.space.xs	theme.space.xs	GREEN
token_ref	dims	row_height	token	next/ui/motolii-timeline-pane/src/markers.rs	526	dims.row_height	row_height	GREEN
token_ref	dims	row_height	token	next/ui/motolii-timeline-pane/src/markers.rs	535	dims.row_height	row_height	GREEN
utility_ref	theme	theme.space.xs	token	next/ui/motolii-timeline-pane/src/markers.rs	537	theme.space.xs	theme.space.xs	GREEN
utility_ref	theme	theme.space.s	token	next/ui/motolii-timeline-pane/src/markers.rs	538	theme.space.s	theme.space.s	GREEN
utility_ref	theme	theme.space.xs	token	next/ui/motolii-timeline-pane/src/markers.rs	538	theme.space.xs	theme.space.xs	GREEN
token_ref	dims	row_height	token	next/ui/motolii-timeline-pane/src/rail.rs	102	dims.row_height	row_height	GREEN
token_ref	colors	surface_panel	token	next/ui/motolii-timeline-pane/src/rail.rs	154	colors.surface_panel	surface_panel	GREEN
token_ref	colors	border_default	token	next/ui/motolii-timeline-pane/src/rail.rs	156	colors.border_default	border_default	GREEN
utility_ref	theme	theme.stroke.hairline	token	next/ui/motolii-timeline-pane/src/rail.rs	157	theme.stroke.hairline	theme.stroke.hairline	GREEN
token_ref	colors	border_default	token	next/ui/motolii-timeline-pane/src/rail.rs	191	colors.border_default	border_default	GREEN
utility_ref	theme	theme.stroke.hairline	token	next/ui/motolii-timeline-pane/src/rail.rs	192	theme.stroke.hairline	theme.stroke.hairline	GREEN
token_ref	colors	text_secondary	token	next/ui/motolii-timeline-pane/src/rail.rs	223	colors.text_secondary	text_secondary	GREEN
raw_literal		0	0	next/ui/motolii-timeline-pane/src/rail.rs	231	padding	rail_padding	IGNORED_ZERO
token_ref	colors	text_secondary	token	next/ui/motolii-timeline-pane/src/rail.rs	235	colors.text_secondary	text_secondary	GREEN
token_ref	colors	text_muted	token	next/ui/motolii-timeline-pane/src/rail.rs	293	colors.text_muted	text_muted	GREEN
token_ref	colors	text_primary	token	next/ui/motolii-timeline-pane/src/rail.rs	293	colors.text_primary	text_primary	GREEN
utility_ref	theme	theme.text.caption	token	next/ui/motolii-timeline-pane/src/rail.rs	309	theme.text.caption	theme.text.caption	GREEN
raw_literal		0.0	0.0	next/ui/motolii-timeline-pane/src/rail.rs	310	padding	rail_padding	IGNORED_ZERO
utility_ref	theme	theme.space.xs	token	next/ui/motolii-timeline-pane/src/rail.rs	310	theme.space.xs	theme.space.xs	GREEN
utility_ref	theme	theme.text.caption	token	next/ui/motolii-timeline-pane/src/rail.rs	314	theme.text.caption	theme.text.caption	GREEN
utility_ref	theme	theme.space.xs	token	next/ui/motolii-timeline-pane/src/rail.rs	328	theme.space.xs	theme.space.xs	GREEN
utility_ref	theme	theme.space.s	token	next/ui/motolii-timeline-pane/src/rail.rs	340	theme.space.s	theme.space.s	GREEN
raw_literal		0.0	0.0	next/ui/motolii-timeline-pane/src/rail.rs	345	padding	rail_padding	IGNORED_ZERO
utility_ref	theme	theme.space.s	token	next/ui/motolii-timeline-pane/src/rail.rs	345	theme.space.s	theme.space.s	GREEN
raw_literal		0	0	next/ui/motolii-timeline-pane/src/rail.rs	364	padding	rail_padding	IGNORED_ZERO
token_ref	colors	state_selected	token	next/ui/motolii-timeline-pane/src/rail.rs	368	colors.state_selected	state_selected	GREEN
token_ref	colors	surface_hover	token	next/ui/motolii-timeline-pane/src/rail.rs	372	colors.surface_hover	surface_hover	GREEN
token_ref	colors	border_hairline_weak	token	next/ui/motolii-timeline-pane/src/rail.rs	380	colors.border_hairline_weak	border_hairline_weak	GREEN
utility_ref	theme	theme.stroke.hairline	token	next/ui/motolii-timeline-pane/src/rail.rs	381	theme.stroke.hairline	theme.stroke.hairline	GREEN
token_ref	dims	row_height	token	next/ui/motolii-timeline-pane/src/rail.rs	413	dims.row_height	row_height	GREEN
token_ref	colors	action_active	token	next/ui/motolii-timeline-pane/src/rail.rs	420	colors.action_active	action_active	GREEN
token_ref	colors	text_secondary	token	next/ui/motolii-timeline-pane/src/rail.rs	420	colors.text_secondary	text_secondary	GREEN
raw_literal		0	0	next/ui/motolii-timeline-pane/src/rail.rs	438	padding	rail_padding	IGNORED_ZERO
token_ref	colors	surface_hover	token	next/ui/motolii-timeline-pane/src/rail.rs	447	colors.surface_hover	surface_hover	GREEN
utility_ref	theme	theme.text.caption	token	next/ui/motolii-timeline-pane/src/rail.rs	478	theme.text.caption	theme.text.caption	GREEN
token_ref	colors	text_secondary	token	next/ui/motolii-timeline-pane/src/rail.rs	479	colors.text_secondary	text_secondary	GREEN
utility_ref	theme	theme.space.l	token	next/ui/motolii-timeline-pane/src/rail.rs	486	theme.space.l	theme.space.l	GREEN
token_ref	colors	timeline_row_zebra	token	next/ui/motolii-timeline-pane/src/rail.rs	489	colors.timeline_row_zebra	timeline_row_zebra	GREEN
token_ref	colors	border_hairline_weak	token	next/ui/motolii-timeline-pane/src/rail.rs	494	colors.border_hairline_weak	border_hairline_weak	GREEN
utility_ref	theme	theme.stroke.hairline	token	next/ui/motolii-timeline-pane/src/rail.rs	495	theme.stroke.hairline	theme.stroke.hairline	GREEN
token_ref	dims	row_height	token	next/ui/motolii-timeline-pane/src/ruler.rs	103	dims.row_height	row_height	GREEN
utility_ref	theme	theme.stroke.hairline	token	next/ui/motolii-timeline-pane/src/ruler.rs	219	theme.stroke.hairline	theme.stroke.hairline	GREEN
token_ref	colors	surface_raised	token	next/ui/motolii-timeline-pane/src/ruler.rs	224	colors.surface_raised	surface_raised	GREEN
token_ref	colors	border_default	token	next/ui/motolii-timeline-pane/src/ruler.rs	242	colors.border_default	border_default	GREEN
token_ref	colors	way_timeline	token	next/ui/motolii-timeline-pane/src/ruler.rs	260	colors.way_timeline	way_timeline	GREEN
utility_ref	theme	theme.space.m	token	next/ui/motolii-timeline-pane/src/transport.rs	195	theme.space.m	theme.space.m	GREEN
utility_ref	theme	theme.space.m	token	next/ui/motolii-timeline-pane/src/transport.rs	197	theme.space.m	theme.space.m	GREEN
utility_ref	theme	theme.space.m	token	next/ui/motolii-timeline-pane/src/transport.rs	202	theme.space.m	theme.space.m	GREEN
utility_ref	theme	theme.text.body	token	next/ui/motolii-timeline-pane/src/transport.rs	207	theme.text.body	theme.text.body	GREEN
token_ref	dims	inspector_value_width	token	next/ui/motolii-timeline-pane/src/transport.rs	209	dims.inspector_value_width	inspector_value_width	GREEN
raw_literal		0.0	0.0	next/ui/motolii-timeline-pane/src/transport.rs	210	padding	transport_padding	IGNORED_ZERO
utility_ref	theme	theme.space.xs	token	next/ui/motolii-timeline-pane/src/transport.rs	210	theme.space.xs	theme.space.xs	GREEN
utility_ref	theme	theme.space.s	token	next/ui/motolii-timeline-pane/src/transport.rs	215	theme.space.s	theme.space.s	GREEN
utility_ref	theme	theme.text.body	token	next/ui/motolii-timeline-pane/src/transport.rs	218	theme.text.body	theme.text.body	GREEN
token_ref	colors	text_primary	token	next/ui/motolii-timeline-pane/src/transport.rs	220	colors.text_primary	text_primary	GREEN
token_ref	dims	timeline_transport_gap	token	next/ui/motolii-timeline-pane/src/transport.rs	228	dims.timeline_transport_gap	timeline_transport_gap	GREEN
raw_literal		0.0	0.0	next/ui/motolii-timeline-pane/src/transport.rs	230	padding	transport_padding	IGNORED_ZERO
utility_ref	theme	theme.space.s	token	next/ui/motolii-timeline-pane/src/transport.rs	230	theme.space.s	theme.space.s	GREEN
token_ref	dims	timeline_transport_height	token	next/ui/motolii-timeline-pane/src/transport.rs	233	dims.timeline_transport_height	timeline_transport_height	GREEN
token_ref	colors	surface_panel	token	next/ui/motolii-timeline-pane/src/transport.rs	238	colors.surface_panel	surface_panel	GREEN
token_ref	colors	text_muted	token	next/ui/motolii-timeline-pane/src/transport.rs	247	colors.text_muted	text_muted	GREEN
utility_ref	theme	theme.text.caption	token	next/ui/motolii-timeline-pane/src/transport.rs	247	theme.text.caption	theme.text.caption	GREEN
token_ref	colors	action_active	token	next/ui/motolii-timeline-pane/src/transport.rs	269	colors.action_active	action_active	GREEN
token_ref	colors	text_secondary	token	next/ui/motolii-timeline-pane/src/transport.rs	269	colors.text_secondary	text_secondary	GREEN
utility_ref	theme	theme.text.body	token	next/ui/motolii-timeline-pane/src/transport.rs	272	theme.text.body	theme.text.body	GREEN
token_ref	dims	timeline_transport_button_width	token	next/ui/motolii-timeline-pane/src/transport.rs	282	dims.timeline_transport_button_width	timeline_transport_button_width	GREEN
raw_literal		0	0	next/ui/motolii-timeline-pane/src/transport.rs	284	padding	transport_padding	IGNORED_ZERO
token_ref	colors	surface_hover	token	next/ui/motolii-timeline-pane/src/transport.rs	290	colors.surface_hover	surface_hover	GREEN
design_const		TARGET_PX_PER_BUCKET	2.0	next/ui/motolii-timeline-pane/src/waveform_view.rs	54	const	target_px_per_bucket	GREEN_POLICY
