kind	symbol	crate	path:line	vis	callers	doc1行	到達経路
Intent	AddLayer	motolii-store	core/motolii-store/src/document.rs:310	pub	320		
Intent	RemoveLayer	motolii-store	core/motolii-store/src/document.rs:311	pub	34	墓標を立てるだけで、chunk は落とさない(落とすと undo で戻せない)。	
Intent	SetTrack	motolii-store	core/motolii-store/src/document.rs:313	pub	301		
Intent	SetPropertySlot	motolii-store	core/motolii-store/src/document.rs:318	pub	29	この property をスロット参照へ切り替える(`properties/property sid`、`slot`	
Intent	SetPropertyLink	motolii-store	core/motolii-store/src/document.rs:328	pub	33	この property を**型付き link**(`docs/reviews/2026-08-22-persona-touchdesigner-round2.md`	
Intent	SetPropertyModulators	motolii-store	core/motolii-store/src/document.rs:347	pub	31	この property の modulator 列を差し替える(裁定213「接続子は加算」)。	
Intent	SetCameraPropertyModulators	motolii-store	core/motolii-store/src/document.rs:361	pub	4	カメラの property 版(同上、`SetCameraTrack`/`SetCameraPropertySlot` と	
Intent	SetMeta	motolii-store	core/motolii-store/src/document.rs:367	pub	150	素材と重ね順の**新規配置専用**。	
Intent	SetSource	motolii-store	core/motolii-store/src/document.rs:380	pub	30	既存 layer の素材を差し替える(`meta` を読んで `source` だけ書き換える)。	
Intent	SetOrder	motolii-store	core/motolii-store/src/document.rs:385	pub	19	既存 layer の重ね順を変える(`meta` を読んで `order` だけ書き換える)。	
Intent	SetMasks	motolii-store	core/motolii-store/src/document.rs:387	pub	61	マスクの並びと重ね方。**並べ替え・削除・モード変更はこれ1つ**	
Intent	AddMask	motolii-store	core/motolii-store/src/document.rs:406	pub	38	マスクを1枚**追加する専用の口**。`SetMasks`(一覧の並べ替え・削除・mode 変更)	
Intent	SetTiming	motolii-store	core/motolii-store/src/document.rs:423	pub	32	comp 上の配置と、素材のどこを使うか。move / trim / split はすべてこれ1つ。	
Intent	SetAttrs	motolii-store	core/motolii-store/src/document.rs:428	pub	178	layer の非アニメーション属性(hidden / parent / blend mode / matte / name /	
Intent	SetEffects	motolii-store	core/motolii-store/src/document.rs:441	pub	65	layer が持つ effect インスタンスの列(id・plugin id・順序のみ。param 値は	
Intent	SetShapes	motolii-store	core/motolii-store/src/document.rs:447	pub	34	shape-layer の図形列。丸ごと差し替え。裁定173 H4: `Vec<crate::ShapeNode>` —	
Intent	SetTextDocument	motolii-store	core/motolii-store/src/document.rs:457	pub	95	text-layer の中身(content・組版既定値・フォント参照)。丸ごと差し替え —	
Intent	SetComposition	motolii-store	core/motolii-store/src/document.rs:464	pub	111	comp の設定(解像度・fps・尺)。**undo が効く**ので普通の編集と同じ経路。	
Intent	SetMarkers	motolii-store	core/motolii-store/src/document.rs:466	pub	20	comp のマーカー一覧。追加・削除・並べ替え・改名はすべてこれ1つ	
Intent	SetCameraTrack	motolii-store	core/motolii-store/src/document.rs:469	pub	22	カメラの property(`camera.center`/`camera.zoom`/`camera.roll`、裁定113/115)。	
Intent	SetCameraPropertySlot	motolii-store	core/motolii-store/src/document.rs:476	pub	5	カメラの property をスロット参照へ切り替える。[`Intent::SetPropertySlot`] の	
Intent	SetSlots	motolii-store	core/motolii-store/src/document.rs:482	pub	19	comp の Slots 表(`composition/animation/slots`)。追加・削除・並べ替え・	
Intent	AdmitAsset	motolii-store	core/motolii-store/src/document.rs:487	pub	28	素材を台帳へ迎え入れる(裁定162: bin-first、取り込んだが未配置の素材)。	
Intent	RemoveAsset	motolii-store	core/motolii-store/src/document.rs:497	pub	20	台帳から素材を取り除く。**この素材を指す layer が居るかは見ない**	
Intent	Freeze	motolii-store	core/motolii-store/src/document.rs:502	pub	47	**freeze 意図動詞**(裁定119、G1 に続く「意図優先の原則」の実装束)。	
Intent	Unfreeze	motolii-store	core/motolii-store/src/document.rs:524	pub	33	**unfreeze 意図動詞**。`group` の `LayerAttrs.frozen` を `false` に戻すだけ	
Message	SelectScope	motolii-browser-pane	ui/motolii-browser-pane/src/state.rs:30	pub	17	rail の scope ボタン、または filter shelf の同義チップ	
Message	SelectPreviewScope	motolii-browser-pane	ui/motolii-browser-pane/src/state.rs:36	pub	15	非 media タブの rail 行、または filter shelf の同義チップ	
Message	SelectCard	motolii-browser-pane	ui/motolii-browser-pane/src/state.rs:41	pub	33	カタログのカード click(mock `selectCard` の単一選択のみ — Shift/⌘ の	
Message	SelectTab	motolii-browser-pane	ui/motolii-browser-pane/src/state.rs:45	pub	29	タブ帯(mock `.libraryTabs`)のタブクリック。mock `chooseTab` の転写 —	
Message	QueryChanged	motolii-browser-pane	ui/motolii-browser-pane/src/state.rs:50	pub	11	検索欄への打鍵。**即時反映**(Settings の下書き/Enter 確定とは違う —	
Message	ClearFilters	motolii-browser-pane	ui/motolii-browser-pane/src/state.rs:54	pub	13	filter shelf の Clear ボタン(mock `.clearFilter`)。scope を	
Message	ToggleBrowserPanel	motolii-browser-pane	ui/motolii-browser-pane/src/state.rs:57	pub	20	header の "Browser" トグル(B3)。`settings_pane::Message::	
Message	CreateFromCard	motolii-browser-pane	ui/motolii-browser-pane/src/state.rs:61	pub	39	create タブのカードの**ダブルクリック**=「作る」(B36 実体化 —	
Message	AddMaskFromCard	motolii-browser-pane	ui/motolii-browser-pane/src/state.rs:69	pub	8	effects タブの Mask カードのダブルクリック(裁定205 施工第2号 §A —	
Message	ApplyEffectFromCard	motolii-browser-pane	ui/motolii-browser-pane/src/state.rs:77	pub	7	effects タブの Glow カードのダブルクリック(裁定205 施工第2号 §B —	
Message	DropHoverChanged	motolii-browser-pane	ui/motolii-browser-pane/src/state.rs:83	pub	9	OS の file-drag が窓に入っている/出た(B08 続編: drop 先ハイライト)。	
Message	RecentlyAdmitted	motolii-browser-pane	ui/motolii-browser-pane/src/state.rs:89	pub	11	取り込み(admit)直後の新規素材 id 列(B08 続編: 新規素材ハイライト)。	
Message	CardHovered	motolii-browser-pane	ui/motolii-browser-pane/src/state.rs:94	pub	10	create カードへの cursor 進入(`mouse_area::on_enter`)。create カード	
Message	CardUnhovered	motolii-browser-pane	ui/motolii-browser-pane/src/state.rs:100	pub	7	create カードからの cursor 退出(`mouse_area::on_exit`)。隣カードへの	
Message	SelectSortKey	motolii-browser-pane	ui/motolii-browser-pane/src/state.rs:104	pub	12	並べ替えキー選択(B08 第4切片「素材の整理」)。filter shelf のチップ	
Message	SelectViewMode	motolii-browser-pane	ui/motolii-browser-pane/src/state.rs:111	pub	10	grid/list 表示形式切替(B08 第4切片。`Icon::GridView`/`Icon::ViewList`	
Message	ReplaceSelectedLayerSource	motolii-browser-pane	ui/motolii-browser-pane/src/state.rs:116	pub	12	素材の置換(map 616「Replace selected footage item」/617「Replace	
Message	RemoveAssetFromCard	motolii-browser-pane	ui/motolii-browser-pane/src/state.rs:130	pub	6	素材を台帳から外す(`A01-entry.tsv` `RemoveAsset` 行 — store 側は	
Message	ToggleExportDialog	motolii-export-pane	ui/motolii-export-pane/src/lib.rs:108	pub	13	窓 open/close(map 538「Quick Export」消化)。表示だけのトグル —	
Message	QualitySelect	motolii-export-pane	ui/motolii-export-pane/src/lib.rs:111	pub	7	品質の選択(`ExportJob::qp0` へ写る実在の二値)。押した瞬間に確定	
Message	RangeSelect	motolii-export-pane	ui/motolii-export-pane/src/lib.rs:114	pub	6	範囲の選択(全体 / 作業範囲のみ)。同じく即時確定。	
Message	PickOutputPath	motolii-export-pane	ui/motolii-export-pane/src/lib.rs:116	pub	14	書き出し先の選択(2026-08-22 第2波、File 束の rfd 非同期化と同時発注)。	
Message	OutputPathChosen	motolii-export-pane	ui/motolii-export-pane/src/lib.rs:121	pub	9	[`Message::PickOutputPath`] の結果。`None` = キャンセル(現在の	
Message	Export	motolii-export-pane	ui/motolii-export-pane/src/lib.rs:124	pub	145	Export 実行(map 529 消化)。shell が `motolii_export::ExportJob` を	
Message	CancelExport	motolii-export-pane	ui/motolii-export-pane/src/lib.rs:127	pub	7	実行中の中断 — shell が保持する `motolii_export::Cancel` の	
Message	ChannelInput	motolii-inspector-pane	ui/motolii-inspector-pane/src/color.rs:268	pub	3	色欄(R/G/B/A)への打鍵。**まだ Document を書かない** — 下書きを更新する	
Message	ChannelSubmit	motolii-inspector-pane	ui/motolii-inspector-pane/src/color.rs:271	pub	3	色欄の Enter — ここで初めて [`commit_text_style_color`] を1回呼ぶ	
Message	ChannelDragPressed	motolii-inspector-pane	ui/motolii-inspector-pane/src/color.rs:274	pub	3	色欄のキャプション press(裁定217 連続量 drag 化、E-5)。	
Message	FieldInput	motolii-inspector-pane	ui/motolii-inspector-pane/src/lib.rs:198	pub	18	Transform 行の値セルへの打鍵。**まだ Document を書かない** — 下書きを	
Message	FieldSubmit	motolii-inspector-pane	ui/motolii-inspector-pane/src/lib.rs:201	pub	15	Transform 行の Enter — **ここで初めて `Intent::SetTrack` を1回出す**	
Message	NameInput	motolii-inspector-pane	ui/motolii-inspector-pane/src/lib.rs:204	pub	4	Attrs の Name 欄への打鍵。同上、まだ書かない。	
Message	NameSubmit	motolii-inspector-pane	ui/motolii-inspector-pane/src/lib.rs:206	pub	4	Attrs の Name 欄の Enter — `Intent::SetAttrs` を1回出す。	
Message	ToggleHidden	motolii-inspector-pane	ui/motolii-inspector-pane/src/lib.rs:208	pub	18	Attrs の Hidden トグル。下書きを経由せず即 `Intent::SetAttrs` を1回出す	
Message	CycleBlendMode	motolii-inspector-pane	ui/motolii-inspector-pane/src/lib.rs:211	pub	19	Attrs の Blend 巡回ボタン。`ToggleHidden` と同じ即時操作の形 — 下書きを	
Message	ValuePressed	motolii-inspector-pane	ui/motolii-inspector-pane/src/lib.rs:216	pub	18	値セルの press。**まだ Document を書かない** — click か drag かは	
Message	PointerMoved	motolii-inspector-pane	ui/motolii-inspector-pane/src/lib.rs:219	pub	30	window 全体の cursor 移動(`subscription()` の `inspector_pointer_event`	
Message	PointerReleased	motolii-inspector-pane	ui/motolii-inspector-pane/src/lib.rs:224	pub	16	左クリック release(同じく window 全体から)。drag が実際に動いていれば	
Message	SpeedInput	motolii-inspector-pane	ui/motolii-inspector-pane/src/lib.rs:230	pub	6	Speed 欄への打鍵。**まだ Document を書かない** — 下書きを更新するだけ	
Message	SpeedSubmit	motolii-inspector-pane	ui/motolii-inspector-pane/src/lib.rs:235	pub	8	Speed 欄の Enter — ここで初めて1回の `Intent::SetTiming` を出す	
Message	ResetSpeed	motolii-inspector-pane	ui/motolii-inspector-pane/src/lib.rs:238	pub	10	Speed 行の Reset ボタン。下書きを経由せず即 100% へ — 既に100%なら	
Message	KeyPressed	motolii-inspector-pane	ui/motolii-inspector-pane/src/lib.rs:244	pub	32	Transform 行の Key セル click。下書きを経由せず即1回の `Intent::SetTrack`	
Message	CycleMaskMode	motolii-inspector-pane	ui/motolii-inspector-pane/src/lib.rs:252	pub	7	この mask の mode を宣言順の次へ巡回。`CycleBlendMode` と同じ即時操作の	
Message	ToggleMaskInverted	motolii-inspector-pane	ui/motolii-inspector-pane/src/lib.rs:256	pub	3	この mask の inverted を裏返す。`ToggleHidden` と同じ即時操作の形	
Message	RemoveEffect	motolii-inspector-pane	ui/motolii-inspector-pane/src/lib.rs:261	pub	4	この effect を適用済み stack から取り除く。即1回の `Intent::SetEffects`	
Message	MoveEffectUp	motolii-inspector-pane	ui/motolii-inspector-pane/src/lib.rs:268	pub	2	この effect を1つ上(適用順の前)へ。既に先頭なら **Intent を出さない**	
Message	MoveEffectDown	motolii-inspector-pane	ui/motolii-inspector-pane/src/lib.rs:271	pub	2	この effect を1つ下(適用順の後)へ。既に末尾なら同じく no-op。	
Message	ToggleEffectBypass	motolii-inspector-pane	ui/motolii-inspector-pane/src/lib.rs:273	pub	2	この effect の enabled(`effects/effect/en`)を裏返す — bypass。	
Message	CycleLabelColor	motolii-inspector-pane	ui/motolii-inspector-pane/src/lib.rs:279	pub	10	ident 帯の色チップ click — `LayerAttrs.label_color` の palette index を	
Message	TextFieldInput	motolii-inspector-pane	ui/motolii-inspector-pane/src/lib.rs:285	pub	9	TEXT section の text_input 系フィールドへの打鍵。**まだ Document を	
Message	TextFieldSubmit	motolii-inspector-pane	ui/motolii-inspector-pane/src/lib.rs:293	pub	13	TEXT section のフィールドの Enter — ここで初めて1回の	
Message	CycleTextJustify	motolii-inspector-pane	ui/motolii-inspector-pane/src/lib.rs:298	pub	2	Justify(揃え、`text-document j`)の巡回ボタン。`CycleBlendMode`/	
Message	ResetLineHeightAuto	motolii-inspector-pane	ui/motolii-inspector-pane/src/lib.rs:302	pub	2	Line Height を Auto(`None` — フォントのメトリクスから)へ戻すボタン。	
Message	ResetTracking	motolii-inspector-pane	ui/motolii-inspector-pane/src/lib.rs:306	pub	2	Tracking を 0 へ戻すボタン。`ResetSpeed` と同じ即時操作の形(map	
Message	PickFont	motolii-inspector-pane	ui/motolii-inspector-pane/src/lib.rs:309	pub	9	2026-08-22 追い発注「フォントが選べる・選ばなくても落ちない」:	
Message	TextStyleKeyPressed	motolii-inspector-pane	ui/motolii-inspector-pane/src/lib.rs:321	pub	5	Key 列 click。`KeyPressed` と同じ即時操作の形(即1回の	
Message	TextStyleValuePressed	motolii-inspector-pane	ui/motolii-inspector-pane/src/lib.rs:327	pub	5	drag ハンドル press。`ValuePressed` と同じ形 — click か drag かは	
Message	Color	motolii-inspector-pane	ui/motolii-inspector-pane/src/lib.rs:336	pub	450	TEXT section の Fill/Stroke 色欄。`color` module は自己完結の	
Message	PickMatteSource	motolii-inspector-pane	ui/motolii-inspector-pane/src/lib.rs:345	pub	4	MATTE 元の pick_list からの選択。`PickFont` と同じ即時操作の形(下書き	
Message	CycleMatteMode	motolii-inspector-pane	ui/motolii-inspector-pane/src/lib.rs:348	pub	2	MATTE mode 巡回ボタン。`CycleBlendMode`/`CycleMaskMode` と同じ即時	
Message	ClearMatte	motolii-inspector-pane	ui/motolii-inspector-pane/src/lib.rs:351	pub	2	MATTE を外す。`ResetSpeed` と同じ即時操作の形(matte が無ければ	
Message	PickLinkSource	motolii-inspector-pane	ui/motolii-inspector-pane/src/lib.rs:357	pub	2	LINK 元の pick_list からの選択(payload = 対象 property + 選んだ	
Message	ClearLink	motolii-inspector-pane	ui/motolii-inspector-pane/src/lib.rs:361	pub	2	LINK を外す(`Intent::SetTrack` を再び投げて static 値へ戻す —	
Message	ToggleSettingsPanel	motolii-settings-pane	ui/motolii-settings-pane/src/lib.rs:93	pub	22	ヘッダの歯車ボタン。表示だけのトグル — Document にも undo 履歴にも乗らない。	
Message	BackgroundPreset	motolii-settings-pane	ui/motolii-settings-pane/src/lib.rs:95	pub	36	背景色プリセット(黒/白/グレー18%)。押した瞬間に確定する	
Message	BackgroundChannelInput	motolii-settings-pane	ui/motolii-settings-pane/src/lib.rs:98	pub	7	背景 RGBA の1チャンネルへの打鍵。**まだ Document を書かない** —	
Message	BackgroundChannelSubmit	motolii-settings-pane	ui/motolii-settings-pane/src/lib.rs:101	pub	7	背景 RGBA の1チャンネルの Enter — ここで初めて `Intent::SetComposition` を	
Message	UiScaleInput	motolii-settings-pane	ui/motolii-settings-pane/src/lib.rs:104	pub	4	ui_scale(%)欄への打鍵。まだ書かない。	
Message	UiScaleSubmit	motolii-settings-pane	ui/motolii-settings-pane/src/lib.rs:106	pub	3	ui_scale(%)欄の Enter — 50..200 にクランプして `Tokens`/`Dimensions` を	
Message	BackgroundChannelDragPressed	motolii-settings-pane	ui/motolii-settings-pane/src/lib.rs:109	pub	2	背景 RGBA 欄のキャプション press(裁定217 連続量 drag 化、E-5)。	
Message	Legacy	motolii-settings-pane	ui/motolii-settings-pane/src/sections.rs:96	pub	35	旧 [`crate::Message`] の全腕をそのまま包む(背景色・プリセット・	
Message	CompFieldInput	motolii-settings-pane	ui/motolii-settings-pane/src/sections.rs:100	pub	12	Composition 数値欄(W/H/FPS/尺)への打鍵。**まだ Document を書かない**	
Message	CompFieldSubmit	motolii-settings-pane	ui/motolii-settings-pane/src/sections.rs:104	pub	11	Composition 数値欄の Enter — ここで初めて `Intent::SetComposition` を	
Message	AutoSaveToggle	motolii-settings-pane	ui/motolii-settings-pane/src/sections.rs:107	pub	8	AUTOSAVE 有効/無効トグル(裁定187 toggler)。**shell-local な bool**	
Message	AutoSaveFieldInput	motolii-settings-pane	ui/motolii-settings-pane/src/sections.rs:111	pub	6	自動保存の数値欄(間隔[分]・世代数)への打鍵。**まだ `AutoSaveConfig` を	
Message	AutoSaveFieldSubmit	motolii-settings-pane	ui/motolii-settings-pane/src/sections.rs:114	pub	6	自動保存の数値欄の Enter — ここで初めて [`AutoSaveConfig`] の対応	
Message	CompFieldDragPressed	motolii-settings-pane	ui/motolii-settings-pane/src/sections.rs:117	pub	8	Composition 数値欄のキャプション press(裁定217 連続量 drag 化、E-5)。	
Message	AutoSaveFieldDragPressed	motolii-settings-pane	ui/motolii-settings-pane/src/sections.rs:126	pub	2	AUTOSAVE 数値欄のキャプション press。[`Message::CompFieldDragPressed`]	
Message	Undo	motolii-shell	shell/motolii-shell/src/lib.rs:220	pub	219		
Message	Redo	motolii-shell	shell/motolii-shell/src/lib.rs:221	pub	68		
Message	ScrubTo	motolii-shell	shell/motolii-shell/src/lib.rs:222	pub	63		
Message	Select	motolii-shell	shell/motolii-shell/src/lib.rs:223	pub	66		
Message	AddLayer	motolii-shell	shell/motolii-shell/src/lib.rs:224	pub	320		
Message	AdmitPaths	motolii-shell	shell/motolii-shell/src/lib.rs:225	pub	21	OS から落ちてきた path。**受理も拒否もここ1箇所**で決める。	
Message	DropReceived	motolii-shell	shell/motolii-shell/src/lib.rs:231	pub	3	落下を1件ずつ溜める。winit は1ファイル1事象で送ってくるので、	
Message	FlushDrops	motolii-shell	shell/motolii-shell/src/lib.rs:234	pub	9	落下の区切り。次の描画要求が来た時点で、溜めた分を**まとめて1操作**にする。	
Message	TokensFileChanged	motolii-shell	shell/motolii-shell/src/lib.rs:236	pub	5	トークンファイル(寸法・色)が変わった。**debug ビルドでしか実際には届かない**	
Message	MainWindowOpened	motolii-shell	shell/motolii-shell/src/lib.rs:242	pub	3	boot の `window::open`(`Shell::boot`/`boot_fixture`)が開いた main 窓。	
Message	SettingsWindowOpened	motolii-shell	shell/motolii-shell/src/lib.rs:248	pub	3	`toggle_settings_window` の `window::open` が開いた Settings 窓(S2)。	
Message	WindowClosed	motolii-shell	shell/motolii-shell/src/lib.rs:252	pub	14	どれかの窓が閉じた(`iced::window::close_events` 購読)。**main 窓なら	
Message	Inspector	motolii-shell	shell/motolii-shell/src/lib.rs:262	pub	341	`motolii_inspector_pane::Message` を1本で畳む(iced 標準型 — 子 pane の	
Message	Timeline	motolii-shell	shell/motolii-shell/src/lib.rs:269	pub	394	レーンバー M/S/L・クリップ move/trim・property 行(キー行)のキー選択・	
Message	StepPlayhead	motolii-shell	shell/motolii-shell/src/lib.rs:282	pub	42	Step Forward/Back(正典 §5「矢印キー」)。符号つき frame 数(素で ±1、	
Message	JumpPlayheadToStart	motolii-shell	shell/motolii-shell/src/lib.rs:286	pub	23	JumpToCompStart(正典 §8.1)。既定割当 Home。	
Message	JumpPlayheadToEnd	motolii-shell	shell/motolii-shell/src/lib.rs:288	pub	19	JumpToCompEnd(正典 §8.1)。既定割当 End。	
Message	JumpMeaningPoint	motolii-shell	shell/motolii-shell/src/lib.rs:290	pub	18	JumpPrev/NextMeaningPoint(正典 §8.1)。既定割当 J(Prev)/K(Next)。	
Message	JumpClipEdge	motolii-shell	shell/motolii-shell/src/lib.rs:297	pub	17	JumpToClipIn/Out(正典 §8.1)。既定割当 I(In)/O(Out)。選択 layer の	
Message	JumpToWorkAreaStart	motolii-shell	shell/motolii-shell/src/lib.rs:300	pub	12	JumpToLoopStart(map 1064「作業範囲の先頭へ」、B18/第5波結線)。既定割当	
Message	JumpToWorkAreaEnd	motolii-shell	shell/motolii-shell/src/lib.rs:305	pub	11	JumpToLoopEnd(map 1064「作業範囲の末尾へ」)。既定割当 Shift+End。	
Message	KeyboardModifiersChanged	motolii-shell	shell/motolii-shell/src/lib.rs:311	pub	9	Shift の押下状態。`CursorMoved` 自体は modifiers を運ばないので	
Message	EscapePressed	motolii-shell	shell/motolii-shell/src/lib.rs:314	pub	22	Esc — drag 中なら復元、typing 下書き中(値セル/名前欄)ならそれを破棄。	
Message	Settings	motolii-shell	shell/motolii-shell/src/lib.rs:318	pub	220	`motolii_settings_pane::sections::Message` を1本で畳む(iced 標準型 —	
Message	Stage	motolii-shell	shell/motolii-shell/src/lib.rs:328	pub	339	`motolii_stage_pane::Message` を1本で畳む(iced 標準の「子 pane の	
Message	Gizmo	motolii-shell	shell/motolii-shell/src/lib.rs:332	pub	5	Stage ギズモの drag 事象(GZ 結線、第5波)。[`stage::GizmoDrag`] は	
Message	ZoomIn	motolii-shell	shell/motolii-shell/src/lib.rs:341	pub	4	map 1441「Zoom In」。[`stage::zoom::zoom_step`] を	
Message	ZoomOut	motolii-shell	shell/motolii-shell/src/lib.rs:344	pub	4	map 1442「Zoom Out」。[`stage::zoom::zoom_step`] を	
Message	ZoomToFit	motolii-shell	shell/motolii-shell/src/lib.rs:347	pub	2	map 1491/1492「Zoom to fit」。`bounds` に依存しない唯一の	
Message	Browser	motolii-shell	shell/motolii-shell/src/lib.rs:356	pub	211	`motolii_browser_pane::Message` を1本で畳む(`Message::Settings`/	
Message	PaneClicked	motolii-shell	shell/motolii-shell/src/lib.rs:368	pub	7	pane 本体がクリックされた。`iced::widget::pane_grid::PaneGrid::	
Message	PaneResized	motolii-shell	shell/motolii-shell/src/lib.rs:378	pub	2	境界ドラッグでリサイズ。`iced::widget::pane_grid::PaneGrid::on_resize`	
Message	PaneDragged	motolii-shell	shell/motolii-shell/src/lib.rs:383	pub	4	パネルのドラッグ並べ替え(ドッキング)。	
Message	CopyLayer	motolii-shell	shell/motolii-shell/src/lib.rs:396	pub	20	`Session::selection` の layer をアプリ内クリップボードへ写す(`clipboard.rs`	
Message	PasteLayer	motolii-shell	shell/motolii-shell/src/lib.rs:400	pub	21	クリップボードの layer を新規 layer として配置する。**元時刻のまま**	
Message	CutLayer	motolii-shell	shell/motolii-shell/src/lib.rs:404	pub	21	Copy + 削除。**1 undo**(`Intent::RemoveLayer` 1つだけを apply する —	
Message	DuplicateLayer	motolii-shell	shell/motolii-shell/src/lib.rs:408	pub	18	クリップボードを経由しないその場複製(Cmd+D)。1 `apply_all` = 1 undo。	
Message	SelectAllLayers	motolii-shell	shell/motolii-shell/src/lib.rs:411	pub	25	見えている行を選択する(正典 §4「Cmd+A 正: 見えている行だけ」)。fold は	
Message	DeselectAllLayers	motolii-shell	shell/motolii-shell/src/lib.rs:414	pub	21	選択を全解除する(正典: 空白クリックと同義のキーボード入口)。	
Message	DeleteSelectedLayers	motolii-shell	shell/motolii-shell/src/lib.rs:416	pub	2	Delete(軸台帳 A08 id431)。Cut(`CutLayer`)の副作用としてしか存在	
Message	HideSelectedLayers	motolii-shell	shell/motolii-shell/src/lib.rs:424	pub	1	Timeline rail M glyph 一括版(軸台帳 A08「Hidden トグル」の穴)。	
Message	SoloSelectedLayers	motolii-shell	shell/motolii-shell/src/lib.rs:428	pub	1	Timeline rail S glyph 一括版(軸台帳 A08 id314 の穴)。	
Message	LockSelectedLayers	motolii-shell	shell/motolii-shell/src/lib.rs:430	pub	1	Timeline rail L glyph 一括版(軸台帳 A08 id874「Lock selected	
Message	GroupLayers	motolii-shell	shell/motolii-shell/src/lib.rs:439	pub	24	⌘G。`Session::selected_layers` を新しい `LayerSource::Group` layer の	
Message	UngroupLayers	motolii-shell	shell/motolii-shell/src/lib.rs:443	pub	21	⌘⇧G。選択に含まれる `LayerSource::Group` layer を解除する(Group でない	
Message	FreezeGroups	motolii-shell	shell/motolii-shell/src/lib.rs:452	pub	11	Layer メニューの Freeze。選択中の `LayerSource::Group` layer の	
Message	UnfreezeGroups	motolii-shell	shell/motolii-shell/src/lib.rs:458	pub	6	Layer メニューの Unfreeze。`FreezeGroups` と対称(`Intent::Unfreeze`)。	
Message	NewProjectRequested	motolii-shell	shell/motolii-shell/src/lib.rs:460	pub	20	New Project(Cmd+N・File メニュー、normal-map id 1221)。dirty なら	
Message	NewProjectConfirmed	motolii-shell	shell/motolii-shell/src/lib.rs:468	pub	4	`NewProjectRequested` の確認結果(true = 破棄して `reset_document`、	
Message	SaveRequested	motolii-shell	shell/motolii-shell/src/lib.rs:473	pub	20	平の Save(id 1224、C-1 波C 発注「保存と復帰」)。**`current_path` が	
Message	SaveAsRequested	motolii-shell	shell/motolii-shell/src/lib.rs:484	pub	25	Save As(Cmd+Shift+S・File メニュー、id 1225)。	
Message	SaveAsPathChosen	motolii-shell	shell/motolii-shell/src/lib.rs:490	pub	6	`SaveAsRequested` の path 選択結果。`None` = キャンセル(何もしない)。	
Message	SaveACopyRequested	motolii-shell	shell/motolii-shell/src/lib.rs:492	pub	10	Save a Copy(File メニューのみ、id 1227 — normal-map の shortcut 出典が	
Message	SaveACopyPathChosen	motolii-shell	shell/motolii-shell/src/lib.rs:498	pub	3	`SaveACopyRequested` の path 選択結果。`None` = キャンセル。	
Message	OpenRequested	motolii-shell	shell/motolii-shell/src/lib.rs:500	pub	9	Open(File メニュー、normal-map id 1226「Open Project」── shortcut 出典	
Message	OpenPathChosen	motolii-shell	shell/motolii-shell/src/lib.rs:507	pub	3	`OpenRequested` の最終結果(確認キャンセル・path キャンセルのどちらも	
Message	ImportMediaRequested	motolii-shell	shell/motolii-shell/src/lib.rs:510	pub	6	File > Import Media…(normal-map id 592「Import (media/file)」の第2の	
Message	QuitRequested	motolii-shell	shell/motolii-shell/src/lib.rs:515	pub	19	Quit(Cmd+Q・File メニュー、id 1223)。dirty なら confirm_discard を	
Message	QuitConfirmed	motolii-shell	shell/motolii-shell/src/lib.rs:518	pub	3	`QuitRequested` の確認結果(true = `self.dialogs.quit()`、	
Message	WindowCloseRequested	motolii-shell	shell/motolii-shell/src/lib.rs:521	pub	5	OS の赤信号(×)ボタン(C-1 波C「保存と復帰」、A06「閉じる確認」の穴)。	
Message	WindowCloseConfirmed	motolii-shell	shell/motolii-shell/src/lib.rs:529	pub	2	`WindowCloseRequested` の確認結果(true = `iced::exit()`、false = 何も	
Message	LastProjectPathRead	motolii-shell	shell/motolii-shell/src/lib.rs:533	pub	4	起動直後、`document_io::read_last_project_path` が返した前回プロジェクト	
Message	AutoSaveRecoveryConfirmed	motolii-shell	shell/motolii-shell/src/lib.rs:539	pub	4	前回プロジェクトを黙って再オープンした直後、autosave 世代の方が	
Message	TogglePlayback	motolii-shell	shell/motolii-shell/src/lib.rs:548	pub	27	Space。Play/Pause をトグルする。**ドラッグ中は無効**(拘束5「再生と	
Message	PlaybackTick	motolii-shell	shell/motolii-shell/src/lib.rs:552	pub	17	再生中だけ発行される tick(`subscription()` が `is_running()` の間だけ	
Message	AutoSaveTick	motolii-shell	shell/motolii-shell/src/lib.rs:558	pub	13	`auto_save::tick_subscription` が `auto_save_config.interval_secs` 秒	
Message	Sheet	motolii-shell	shell/motolii-shell/src/lib.rs:566	pub	33	Stage 方眼シート束(`stage::sheets` 冒頭 doc「結線は次波」— この波で	
Message	Marquee	motolii-shell	shell/motolii-shell/src/lib.rs:572	pub	12	Stage 矩形選択(`stage::marquee` 冒頭 doc「結線は supervisor」)。	
Message	Marker	motolii-shell	shell/motolii-shell/src/lib.rs:577	pub	73	Timeline マーカーレーン(B19、`timeline::markers` 冒頭 doc の統合手順)。	
Message	Export	motolii-shell	shell/motolii-shell/src/lib.rs:583	pub	145	Export ダイアログ(B09、`export_pane` crate doc「shell 結線」節)。	
Message	ExportWindowOpened	motolii-shell	shell/motolii-shell/src/lib.rs:587	pub	2	`toggle_export_window` の `window::open` が開いた Export 窓。	
Message	ExportProgressed	motolii-shell	shell/motolii-shell/src/lib.rs:591	pub	4	Export の実行が背景スレッドから届ける進捗/完了(C-3、	
Message	RenameSelectedLayer	motolii-shell	shell/motolii-shell/src/lib.rs:595	pub	11	Enter(単一選択時)= rename 開始(正典 §6、`timeline::write` 冒頭 doc)。	
Message	Observe	motolii-stage-pane	ui/motolii-stage-pane/src/lib.rs:125	pub	24	`StageOverlay`(ホイール/中ボタンドラッグ)が計算済みの観測カメラ値を	
Message	ResetToRenderCamera	motolii-stage-pane	ui/motolii-stage-pane/src/lib.rs:131	pub	30	「カメラへ戻る」— 1アクション(既定割当 Shift+F、仮)。観測カメラを破棄して	
Message	CycleResolutionCap	motolii-stage-pane	ui/motolii-stage-pane/src/lib.rs:136	pub	16	Stage 下縁状態帯(裁定163 S 空間スコア): プレビュー解像度 cap のクリック	
Message	ToggleCheckerboard	motolii-stage-pane	ui/motolii-stage-pane/src/lib.rs:141	pub	31	Stage 下縁状態帯 — 市松トグル。**旧 `settings_pane::Message::	
Message	SelectViewTab	motolii-stage-pane	ui/motolii-stage-pane/src/viewer_bar.rs:83	pub	3	視点タブのクリック(B17)。翻訳先は module 冒頭 doc 参照。	
Message	SelectResolutionCap	motolii-stage-pane	ui/motolii-stage-pane/src/viewer_bar.rs:85	pub	2	画質メニューの直接選択(B23)。既存の巡回専用	
Message	SelectChannelDisplay	motolii-stage-pane	ui/motolii-stage-pane/src/viewer_bar.rs:89	pub	2	チャンネル表示の切替(B05 Viewer 側)。	
Message	Select	motolii-timeline-pane	ui/motolii-timeline-pane/src/write.rs:39	pub	66	例外: 本来は core 腕(`input.rs` のレーンバー行クリックが直接発行)。	
Message	ScrubTo	motolii-timeline-pane	ui/motolii-timeline-pane/src/write.rs:41	pub	63	例外: 本来は core 腕(`input.rs` のルーラー/空白部クリックが直接発行)。	
Message	ToggleMute	motolii-timeline-pane	ui/motolii-timeline-pane/src/write.rs:43	pub	17	例外: `toggle_layer_hidden` が Inspector と共有のため Shell に残る。	
Message	ToggleSolo	motolii-timeline-pane	ui/motolii-timeline-pane/src/write.rs:45	pub	14		
Message	ToggleLock	motolii-timeline-pane	ui/motolii-timeline-pane/src/write.rs:46	pub	19		
Message	BarGrabbed	motolii-timeline-pane	ui/motolii-timeline-pane/src/write.rs:49	pub	19		
Message	DragMoved	motolii-timeline-pane	ui/motolii-timeline-pane/src/write.rs:54	pub	19		
Message	DragReleased	motolii-timeline-pane	ui/motolii-timeline-pane/src/write.rs:58	pub	20		
Message	DragCancelled	motolii-timeline-pane	ui/motolii-timeline-pane/src/write.rs:59	pub	11		
Message	KeySelect	motolii-timeline-pane	ui/motolii-timeline-pane/src/write.rs:62	pub	20		
Message	DeleteSelectedKeys	motolii-timeline-pane	ui/motolii-timeline-pane/src/write.rs:63	pub	24		
Message	SetKeyInterp	motolii-timeline-pane	ui/motolii-timeline-pane/src/write.rs:66	pub	16	選択キーの補間切替(map 495/512/513/514・正典 §3「イージング」+ §7-1	
Message	DeselectAllKeys	motolii-timeline-pane	ui/motolii-timeline-pane/src/write.rs:73	pub	2	全キー・選択解除(map 484 Deselect all keyframes)。Session だけを触る	
Message	SelectAllKeysOfProperty	motolii-timeline-pane	ui/motolii-timeline-pane/src/write.rs:76	pub	8	property の全キー選択(map 509・正典 §8.1 SelectAllKeysOfProperty	
Message	SelectAllVisibleKeys	motolii-timeline-pane	ui/motolii-timeline-pane/src/write.rs:80	pub	2	表示中の全キー・全 property を選択(map 510)。「表示中」= 今の	
Message	ReverseSelectedKeys	motolii-timeline-pane	ui/motolii-timeline-pane/src/write.rs:84	pub	6	Time-Reverse Keyframes(map 518)。選択キー集合を `(layer, property)`	
Message	ToggleKeyframeAtPlayhead	motolii-timeline-pane	ui/motolii-timeline-pane/src/write.rs:91	pub	1	キーの追加/削除(map 472「Add Keyframe」・473/474(公式表記/ショートカット	
Message	CopySelectedKeys	motolii-timeline-pane	ui/motolii-timeline-pane/src/write.rs:103	pub	1	コピー(map に単体行は無い — 507「Reverse paste」の土台、keys2 モジュール	
Message	PasteKeys	motolii-timeline-pane	ui/motolii-timeline-pane/src/write.rs:109	pub	1	通常貼り付け(507 の土台)。playhead を新しい anchor として	
Message	PasteKeysReversed	motolii-timeline-pane	ui/motolii-timeline-pane/src/write.rs:113	pub	1	Reverse paste copied keyframes(map 507)。同上、	
Message	JumpToNextClipEdit	motolii-timeline-pane	ui/motolii-timeline-pane/src/write.rs:116	pub	1	Next Clip/Edit(map 1088「Next Clip/Edit」・1089「Next Edit」〈Premiere	
Message	JumpToPreviousClipEdit	motolii-timeline-pane	ui/motolii-timeline-pane/src/write.rs:123	pub	1	Previous Clip/Edit(map 1108「Previous Clip/Edit」・1109「Previous	
Message	RestackLayer	motolii-timeline-pane	ui/motolii-timeline-pane/src/write.rs:129	pub	19	選択 layer(複数は block)の Stage 合成順(`meta.order`)を動かす。	
Message	RenameBegin	motolii-timeline-pane	ui/motolii-timeline-pane/src/write.rs:138	pub	12	rename 開始(正典 §6: Enter(単一選択時)/メニュー — 入口は shell の	
Message	RenameEdited	motolii-timeline-pane	ui/motolii-timeline-pane/src/write.rs:144	pub	10	rename 下書きの毎打鍵(rail の `text_input.on_input`)。Document 不接触。	
Message	RenameCommit	motolii-timeline-pane	ui/motolii-timeline-pane/src/write.rs:146	pub	11	rename 確定(`text_input.on_submit` = Enter)。空名は拒否して**編集継続**	
Message	RenameCancel	motolii-timeline-pane	ui/motolii-timeline-pane/src/write.rs:151	pub	2	rename 取消(Esc は shell の `EscapePressed` が	
Message	KeyGrabbed	motolii-timeline-pane	ui/motolii-timeline-pane/src/write.rs:157	pub	17		
Message	KeyDragMoved	motolii-timeline-pane	ui/motolii-timeline-pane/src/write.rs:162	pub	12		
Message	KeyDragReleased	motolii-timeline-pane	ui/motolii-timeline-pane/src/write.rs:166	pub	12		
Message	KeyDragCancelled	motolii-timeline-pane	ui/motolii-timeline-pane/src/write.rs:167	pub	3		
Message	NudgeKeyframe	motolii-timeline-pane	ui/motolii-timeline-pane/src/write.rs:168	pub	28		
Message	TogglePlayback	motolii-timeline-pane	ui/motolii-timeline-pane/src/write.rs:171	pub	27	transport の Play‖Pause(map 1041)。**Select/ScrubTo と同じ「例外」の	
Message	StepPlayhead	motolii-timeline-pane	ui/motolii-timeline-pane/src/write.rs:178	pub	42	transport の 1コマ戻/進(map 1042/1043)。shell の既存	
Message	JumpPlayheadToStart	motolii-timeline-pane	ui/motolii-timeline-pane/src/write.rs:182	pub	23	transport の先頭へ(map 1045)。shell の既存 `Message::JumpPlayheadToStart`。	
Message	JumpPlayheadToEnd	motolii-timeline-pane	ui/motolii-timeline-pane/src/write.rs:184	pub	19	transport の末尾へ(map 1044)。shell の既存 `Message::JumpPlayheadToEnd`	
Message	ToggleFold	motolii-timeline-pane	ui/motolii-timeline-pane/src/write.rs:189	pub	25	rail の fold 三角(開閉ボタン)クリック。**Shell の5例外に含まれない**	
Message	ToggleLoop	motolii-timeline-pane	ui/motolii-timeline-pane/src/write.rs:198	pub	19	ループ on/off(map 1082/1083 Loop/Unloop・transport 帯のループボタン・	
Message	LoopBandGrabbed	motolii-timeline-pane	ui/motolii-timeline-pane/src/write.rs:203	pub	16	ループ帯(ルーラ最上段)を押した瞬間(正典 §5: 空白=新規・端=リサイズ・	
Message	LoopDragMoved	motolii-timeline-pane	ui/motolii-timeline-pane/src/write.rs:207	pub	13	ループ帯ドラッグ中のポインタ移動。スナップは持たない(正典 §2 の	
Message	LoopDragReleased	motolii-timeline-pane	ui/motolii-timeline-pane/src/write.rs:210	pub	12		
Message	LoopDragCancelled	motolii-timeline-pane	ui/motolii-timeline-pane/src/write.rs:211	pub	5		
Message	SetWorkAreaIn	motolii-timeline-pane	ui/motolii-timeline-pane/src/write.rs:212	pub	10	Mark In / Set Work Area In(map 725・296): In 点を playhead へ。	
Message	SetWorkAreaOut	motolii-timeline-pane	ui/motolii-timeline-pane/src/write.rs:214	pub	13	Mark Out / Set Work Area Out(map 726・297): Out 点を playhead へ。	
Message	ClearWorkAreaIn	motolii-timeline-pane	ui/motolii-timeline-pane/src/write.rs:216	pub	2	Clear In(map 719): In 点だけ解除(先頭へ開く)。帯は残る。	
Message	ClearWorkAreaOut	motolii-timeline-pane	ui/motolii-timeline-pane/src/write.rs:218	pub	2	Clear Out(map 721): Out 点だけ解除(終端へ開く)。帯は残る。	
Message	ClearWorkArea	motolii-timeline-pane	ui/motolii-timeline-pane/src/write.rs:220	pub	2	Clear In and Out(map 720): 作業範囲そのものを消す。	
Message	SetWorkAreaToSelection	motolii-timeline-pane	ui/motolii-timeline-pane/src/write.rs:222	pub	3	Mark Clip / Mark Selection(map 724/727): 選択 layer(複数選択は	
Message	Shuttle	motolii-timeline-pane	ui/motolii-timeline-pane/src/write.rs:227	pub	19	transport 4腕(`TogglePlayback` 等)と同じ**shell 先取りの例外** —	
Message	SplitAtPlayhead	motolii-timeline-pane	ui/motolii-timeline-pane/src/write.rs:234	pub	25	Command+B(map 267)/メニュー Split(id 163/317 ほか)。選択レイヤー	
Message	WaveformFetched	motolii-timeline-pane	ui/motolii-timeline-pane/src/write.rs:242	pub	7	非同期取得の完了。shell が(`PaneState::plan_waveforms` が返した要求を	
Message	WaveformFetchFailed	motolii-timeline-pane	ui/motolii-timeline-pane/src/write.rs:250	pub	6	非同期取得の失敗(音声トラック無し・ffmpeg 不在 等)。`NotRequested` へ	
Message	Noop	r4-widget-timeline	probes/r4-widget-timeline/src/lib.rs:58	pub	1		
Message	MainOpened	r5-multiwindow	probes/r5-multiwindow/src/main.rs:191	pub	2		
Message	SettingsOpened	r5-multiwindow	probes/r5-multiwindow/src/main.rs:192	pub	4		
Message	WindowClosed	r5-multiwindow	probes/r5-multiwindow/src/main.rs:193	pub	14		
Message	Frame	r5-multiwindow	probes/r5-multiwindow/src/main.rs:194	pub	26	`window::frames()` — 全窓の redraw で刻む。自走の駆動源。	
Message	OpenSettings	r5-multiwindow	probes/r5-multiwindow/src/main.rs:196	pub	2		
Message	CloseSettings	r5-multiwindow	probes/r5-multiwindow/src/main.rs:197	pub	2		
Message	Increment	r5-multiwindow	probes/r5-multiwindow/src/main.rs:198	pub	3		
PropId	mask.	motolii-store	core/motolii-store/src/lib.rs:102	pub	3	マスクの形状・不透明度トラックの名前は `mask.{id}.…` で始まる。	評価なし
PropId	text_range.	motolii-store	core/motolii-store/src/lib.rs:107	pub	4	テキストアニメーター([`crate::TextRangeId`])の selector/style/transform/variation	評価なし
PropId	text_style.	motolii-store	core/motolii-store/src/lib.rs:112	pub	3	スタイル表の行([`crate::TextStyleId`])が持つ動く量(今のところ可変フォント軸	評価なし
PropId	effect.	motolii-store	core/motolii-store/src/lib.rs:116	pub	3	effect インスタンス([`crate::EffectId`])の param トラックの名前は	評価なし
PropId	anchor	motolii-store	core/motolii-store/src/lib.rs:121	pub	21	変換の中心。**レイヤ自身の座標単位の点**であって 0..1 の正規化ピボットではない。	評価なし
PropId	position	motolii-store	core/motolii-store/src/lib.rs:123	pub	92	**anchor が着地する点**。`top_left` ではない(裁定60)。	評価なし
PropId	position.x	motolii-store	core/motolii-store/src/lib.rs:125	pub	7	split(x/y 別 track)の X 側。`position` 本体が無い時だけ読む(裁定61: 別 track が	評価なし
PropId	position.y	motolii-store	core/motolii-store/src/lib.rs:128	pub	5	同 Y 側。	評価なし
PropId	scale	motolii-store	core/motolii-store/src/lib.rs:130	pub	16	1.0 が等倍(Lottie のパーセントは採らない、裁定58)。	評価なし
PropId	rotation	motolii-store	core/motolii-store/src/lib.rs:132	pub	23	度・時計回り(AE と同じ。ラジアンは人が読めない)。	評価なし
PropId	opacity	motolii-store	core/motolii-store/src/lib.rs:134	pub	45		評価なし
PropId	skew	motolii-store	core/motolii-store/src/lib.rs:135	pub	4	skew の量(度)。`LayerPlacement::from_transform` の穴だった箇所(裁定69)。	評価なし
PropId	skew_axis	motolii-store	core/motolii-store/src/lib.rs:137	pub	4	skew の軸(度)。0 なら x 軸、90 なら y 軸に沿った点が不動点になる。	評価なし
PropId	level	motolii-store	core/motolii-store/src/lib.rs:139	pub	19	`layers/audio-settings/lv`(Level)。clip の音量(gain)。1.0 が等倍。	評価なし
PropId	pan	motolii-store	core/motolii-store/src/lib.rs:143	pub	20	ステレオ pan。-1.0 が全振り左、0.0 が中央(既定)、1.0 が全振り右。	評価なし
PropId	fade_in	motolii-store	core/motolii-store/src/lib.rs:150	pub	22	clip 先頭からのフェードイン尺(秒、`RationalTime` ではなく `f64` — 他の	評価なし
PropId	fade_out	motolii-store	core/motolii-store/src/lib.rs:157	pub	19	clip 末尾までのフェードアウト尺(秒)。0.0(既定・無効)ならフェードなし。	評価なし
PropId	time_remap	motolii-store	core/motolii-store/src/lib.rs:160	pub	9	`layers/precomposition-layer/tm`(Time Remap)。値がそのまま**素材のフレーム番号**	評価なし
PropId	speed	motolii-store	core/motolii-store/src/lib.rs:165	pub	4	`layers/layer/sr`(Time Stretch)の track 版。裁定63 が空けた穴 —	評価なし
PropId	position.z	motolii-store	core/motolii-store/src/lib.rs:173	pub	5	layer の奥行き(裁定113/116)。**既定 0**(全員 z=0)。`position.x`/`position.y`	評価なし
PropId	camera.center	motolii-store	core/motolii-store/src/lib.rs:178	pub	5	カメラの property(裁定113/115、裁定116 で実装)。`layer` ではなく `/composition`	評価なし
PropId	camera.zoom	motolii-store	core/motolii-store/src/lib.rs:182	pub	12	既定 1.0(zoom 無し)。	評価なし
PropId	camera.roll	motolii-store	core/motolii-store/src/lib.rs:184	pub	6	度・時計回り。既定 0.0(roll 無し)。	評価なし
enum	AudioError	motolii-audio	engine/motolii-audio/src/error.rs:10	pub	75	motolii-audioの全公開APIが返すエラー。	
enum	AudioOutOfRange	motolii-audio	engine/motolii-audio/src/mix.rs:56	pub	18	ソース採取が素材の実尺を外れたときの挙動。旧 `motolii_doc::AudioOutOfRange` と	
enum	FadeCurve	motolii-audio	engine/motolii-audio/src/mix.rs:67	pub	17	フェードの補間則(B42)。	
enum	TimeMapError	motolii-audio	engine/motolii-audio/src/time_map.rs:24	pub	13		
enum	Category	motolii-browser-pane	ui/motolii-browser-pane/src/model.rs:47	pub	27	rail/filter が読む粗い種別。`AssetListItem::kind` の prefix(`/` 区切りの	
enum	RailScope	motolii-browser-pane	ui/motolii-browser-pane/src/model.rs:112	pub	82	rail の scope(mock `.librarySidebar` `LIBRARY` 節、第一波は種別のみ)。	
enum	LibraryTab	motolii-browser-pane	ui/motolii-browser-pane/src/model.rs:165	pub	140	Browser のタブ(mock html:412-415 `data-tab="media"/"effects"/"create"/	
enum	PreviewTag	motolii-browser-pane	ui/motolii-browser-pane/src/model.rs:215	pub	61	非 media タブの rail 行/フィルタチップのカテゴリ(mock が**タブ別に宣言	
enum	PreviewScope	motolii-browser-pane	ui/motolii-browser-pane/src/model.rs:301	pub	54	非 media タブの rail scope(media の [`RailScope`] と同格の	
enum	CardKey	motolii-browser-pane	ui/motolii-browser-pane/src/model.rs:323	pub	51	カタログのカード1枚の同定(カード click の Message が運ぶ面)。media 由来	
enum	CreateKind	motolii-browser-pane	ui/motolii-browser-pane/src/model.rs:334	pub	63	create タブのカードが「作る」もの(B36 新規コンテンツ作成束の消化、	
enum	SelectionAction	motolii-browser-pane	ui/motolii-browser-pane/src/model.rs:376	pub	12	カードが「新規レイヤーを作る」のではなく**選択中の単一レイヤーへ何かを	
enum	CatalogCard	motolii-browser-pane	ui/motolii-browser-pane/src/model.rs:605	pub	7	catalog grid の1枚(タブ別投影の結果)。media タブ由来か preview-local	
enum	SortKey	motolii-browser-pane	ui/motolii-browser-pane/src/model.rs:769	pub	49	一覧の並べ替えキー(発注書「並べ替え(名前/追加日/種別)」)。3種とも	
enum	ViewMode	motolii-browser-pane	ui/motolii-browser-pane/src/model.rs:823	pub	57	カード grid の表示形式(発注書「表示形式(グリッド/リスト —	
enum	EffectPass	motolii-compositor	engine/motolii-compositor/src/effects/mod.rs:24	pub	54	layer に適用する GPU pass の記述。**f32 param を持つので `Eq` は導出できない**	
enum	HeadlessError	motolii-compositor	engine/motolii-compositor/src/headless.rs:8	pub	6		
enum	BlendMode	motolii-compositor	engine/motolii-compositor/src/lib.rs:107	pub	321	合成器が表現できる blend mode。Document 側の `motolii_store::BlendMode`(17値	
enum	CompositorError	motolii-compositor	engine/motolii-compositor/src/lib.rs:301	pub	67		
enum	MatteMode	motolii-compositor	engine/motolii-compositor/src/matte.rs:68	pub	108	track matte の重ね方(AE/Lottie の4値、`motolii_store::MatteMode` と1対1)。	
enum	PixelFormat	motolii-core	core/motolii-core/src/frame.rs:5	pub	53	ピクセルフォーマット。パック系はwgpu::TextureFormatに1:1で対応させる前提の命名。	
enum	ColorSpace	motolii-core	core/motolii-core/src/frame.rs:38	pub	56	色空間タグ。「タグを持つ」だけでなく変換の正しさはゴールデンテストで守る(落とし穴B-3)。	
enum	FrameDescError	motolii-core	core/motolii-core/src/frame.rs:67	pub	7		
enum	RationalTimeError	motolii-core	core/motolii-core/src/time.rs:22	pub	83		
enum	FpsError	motolii-core	core/motolii-core/src/time.rs:278	pub	6		
enum	EngineError	motolii-engine	engine/motolii-engine/src/lib.rs:40	pub	52		
enum	MaskFoldError	motolii-engine	engine/motolii-engine/src/mask.rs:96	pub	2	[`fold_masks`] の失敗理由。ラスタライズ失敗([`VectorError`])と、代数側の寸法	
enum	TextRenderError	motolii-engine	engine/motolii-engine/src/text.rs:38	pub	6	[`rasterize_text_document`] が返しうる失敗。シェイピング側([`TextShapeError`])と	
enum	TrackError	motolii-eval	core/motolii-eval/src/track.rs:8	pub	22		
enum	Interp	motolii-eval	core/motolii-eval/src/track.rs:32	pub	299	キーフレーム区間(このキーから次のキーまで)の補間方法。	
enum	Value	motolii-eval	core/motolii-eval/src/value.rs:22	pub	944	パラメータ値。補間は同一バリアント間のみ定義される。	
enum	ExportError	motolii-export	engine/motolii-export/src/lib.rs:65	pub	27		
enum	LottieExportError	motolii-export	engine/motolii-export/src/lottie.rs:78	pub	36		
enum	ExportQuality	motolii-export-pane	ui/motolii-export-pane/src/lib.rs:140	pub	26	品質 — `motolii_export::ExportJob::qp0` の顔。実在する唯一の書き出し選択肢	
enum	ExportRange	motolii-export-pane	ui/motolii-export-pane/src/lib.rs:173	pub	34	書き出し範囲の選択。全体 = `export_with_cancel` の `0..duration_frames`	
enum	ColorChannel	motolii-inspector-pane	ui/motolii-inspector-pane/src/color.rs:75	pub	43	RGBA の1チャンネル。`motolii_settings_pane::BackgroundChannel` と同型	
enum	ColorTarget	motolii-inspector-pane	ui/motolii-inspector-pane/src/color.rs:110	pub	57	この editor が書ける色。`TextDocumentStyle` の既定行(`styles[0]`)の	
enum	GlowParam	motolii-inspector-pane	ui/motolii-inspector-pane/src/effects.rs:37	pub	33	Glow の param カタログ(engine `translate_glow_params` が読む3つの named	
enum	LinkTarget	motolii-inspector-pane	ui/motolii-inspector-pane/src/link.rs:37	pub	56	v1 の link 対象(発注書「器が通ることが目的」の範囲 ── 標準 property 5種	
enum	RowValue	motolii-inspector-pane	ui/motolii-inspector-pane/src/projection.rs:83	pub	58		
enum	TextField	motolii-inspector-pane	ui/motolii-inspector-pane/src/text.rs:79	pub	69	TEXT section の text_input 系フィールドの識別。**`TransformField` とは	
enum	TextStyleField	motolii-inspector-pane	ui/motolii-inspector-pane/src/text.rs:813	pub	48	track へ書く3フィールド。**id 付きではない** — この section は既定行	
enum	TransformField	motolii-inspector-pane	ui/motolii-inspector-pane/src/transform.rs:43	pub	242	Transform 行が動かす field の識別。**`LayerId` を持たない** — 対象は常に	
enum	KeyRow	motolii-inspector-pane	ui/motolii-inspector-pane/src/transform.rs:183	pub	99	Key セルが動かす行の識別。**行 = property 1本**(X/Y/Z 軸は現行モデルどおり	
enum	KeyCellState	motolii-inspector-pane	ui/motolii-inspector-pane/src/transform.rs:276	pub	84	Key セルの3状態(AE 文法 — 意図優先・裁定174)。	
enum	Scope	motolii-keymap	ui/motolii-keymap/src/binding.rs:8	pub	71	発火する文脈。**現行 shell に実在する区別だけ**を型にする —	
enum	NamedKey	motolii-keymap	ui/motolii-keymap/src/key.rs:9	pub	54	名前つきキー。**現行 shell が実際に処理している物だけ**を列挙する	
enum	Key	motolii-keymap	ui/motolii-keymap/src/key.rs:40	pub	326	キー。`Character` は常に小文字 ASCII で保持する — 現行 shell の	
enum	VerbId	motolii-keymap	ui/motolii-keymap/src/verb.rs:14	pub	158		
enum	MediaError	motolii-media	engine/motolii-media/src/lib.rs:55	pub	90		
enum	AudioEncodeMode	motolii-media	engine/motolii-media/src/mux.rs:24	pub	14		
enum	MediaStreamKind	motolii-media	engine/motolii-media/src/probe.rs:64	pub	10		
enum	DrawPath	motolii-menubar	ui/motolii-menubar/src/vendored/menu/common.rs:18	pub	14	## FakeHovering:	
enum	Axis	motolii-menubar	ui/motolii-menubar/src/vendored/menu/flex.rs:36	pub	49	The main axis of a flex layout.	
enum	Status	motolii-menubar	ui/motolii-menubar/src/vendored/style/status.rs:9	pub	207	The Status of a widget event.	
enum	BackgroundChannel	motolii-settings-pane	ui/motolii-settings-pane/src/lib.rs:119	pub	27	`Composition.background` の編集対象チャンネル。R/G/B/A の4本、常にどれか1つ	
enum	BackgroundPreset	motolii-settings-pane	ui/motolii-settings-pane/src/lib.rs:158	pub	36	プリセット4種。押した瞬間に確定する(下書きを経由しない、Inspector の	
enum	CompField	motolii-settings-pane	ui/motolii-settings-pane/src/sections.rs:135	pub	77	`Composition` の編集対象フィールド。`background` だけは既存の	
enum	AutoSaveField	motolii-settings-pane	ui/motolii-settings-pane/src/sections.rs:296	pub	45	`AutoSaveConfig` の編集対象フィールド。「有効/無効」は `bool` 単体	
enum	ExportEvent	motolii-shell	shell/motolii-shell/src/export_ops.rs:82	pub	9	背景スレッドから `Task::run` 経由で届く進捗/完了イベント。	
enum	PaneKind	motolii-shell	shell/motolii-shell/src/pane_layout.rs:43	pub	135	4つのパネル種別。`pane_grid::State<PaneKind>` の `T`。	
enum	PaneKind	motolii-shell-state	ui/motolii-shell-state/src/focus.rs:84	pub	135	4つのパネル種別。値・並びは `pane_layout::PaneKind`/	
enum	KeyboardClaim	motolii-shell-state	ui/motolii-shell-state/src/focus.rs:95	pub	19	呼び出し口で明示する「今キーボード入力を誰が掴んでいるか」。pane 巡回/	
enum	Axis	motolii-shell-state	ui/motolii-shell-state/src/layout.rs:121	pub	49	分割の向き。`iced::widget::pane_grid::Axis` と名前まで1:1対応する	
enum	Branch	motolii-shell-state	ui/motolii-shell-state/src/layout.rs:130	pub	23	分割木を根から降りるときの1歩——`Split` の `a`/`b` どちら側へ進むか	
enum	LayoutNode	motolii-shell-state	ui/motolii-shell-state/src/layout.rs:141	pub	71	pane 分割木——`pane_grid::Configuration<K>` と同じ形	
enum	KeySelectionOp	motolii-shell-state	ui/motolii-shell-state/src/lib.rs:128	pub	40	property 行のキー選択操作(正典 §3・§4 と同じ文法: 単独/Cmd トグル/Shift 範囲)。	
enum	GizmoPhase	motolii-stage-pane	ui/motolii-stage-pane/src/gizmo.rs:113	pub	39	drag の段階。`Move`/`Commit` の値は [`GizmoValue`] が property の区別ごと運ぶ。	
enum	GizmoProperty	motolii-stage-pane	ui/motolii-stage-pane/src/gizmo.rs:122	pub	38	drag が書く先の property(第2切片で Anchor が加入)。shell 側の宛先:	
enum	GizmoValue	motolii-stage-pane	ui/motolii-stage-pane/src/gizmo.rs:149	pub	65	drag が計算した新しい値(store の単位そのまま: position/anchor = comp/親空間	
enum	ScaleHandle	motolii-stage-pane	ui/motolii-stage-pane/src/gizmo.rs:309	pub	29	bbox の8ハンドル(角4+辺4)。並びは [`SCALE_HANDLES`] が固定する。	
enum	GizmoHandle	motolii-stage-pane	ui/motolii-stage-pane/src/gizmo.rs:367	pub	46	hit-test の結果(= drag の種別)。優先順位は [`gizmo_hit_test`] doc 参照。	
enum	PreviewResolutionCap	motolii-stage-pane	ui/motolii-stage-pane/src/lib.rs:158	pub	62	プレビュー解像度の上限。ユーザーが明示的に選ぶ cap — 実効スケールは	
enum	Sheet	motolii-stage-pane	ui/motolii-stage-pane/src/sheets.rs:103	pub	33	方眼シート束の1枚。mock v5 のチェックボックス4つと1:1。	
enum	SheetMessage	motolii-stage-pane	ui/motolii-stage-pane/src/sheets.rs:116	pub	22	表示トグルの Message。**発火元は Viewer(状態帯 or View メニュー、結線は	
enum	ViewTab	motolii-stage-pane	ui/motolii-stage-pane/src/viewer_bar.rs:99	pub	15	タブの見た目状態。**Document には一切乗らない**(表示専用の分岐 —	
enum	ChannelDisplay	motolii-stage-pane	ui/motolii-stage-pane/src/viewer_bar.rs:187	pub	36	表示チャンネルの選択。**Document には一切乗らない**(市松と同格の表示専用	
enum	ZoomStepDirection	motolii-stage-pane	ui/motolii-stage-pane/src/zoom.rs:96	pub	18	[`zoom_step`] の向き。	
enum	NamedZoomLevel	motolii-stage-pane	ui/motolii-stage-pane/src/zoom.rs:158	pub	18	名前付きズーム段(map 1491/1492 `Zoom to fit`・1490/1480 `Zoom to 100%`/	
enum	LayerStepDirection	motolii-stage-pane	ui/motolii-stage-pane/src/zoom.rs:270	pub	14	[`step_layer_selection`] の向き。	
enum	AssetError	motolii-store	core/motolii-store/src/asset.rs:49	pub	19		
enum	AssetStatus	motolii-store	core/motolii-store/src/asset.rs:63	pub	66	「いま参照できるかどうか」— **環境の事実であって作品の内容ではない**	
enum	BlendMode	motolii-store	core/motolii-store/src/attrs.rs:14	pub	321	手前までの覆いと、このマスクの覆いをどう重ねるか、ではなく——	
enum	MatteMode	motolii-store	core/motolii-store/src/attrs.rs:105	pub	108	matte の重ね方(Lottie `constants/matte-mode` の4値、AE の語彙、裁定66)。	
enum	SourceFingerprintDecode	motolii-store	core/motolii-store/src/fingerprint.rs:17	pub	7		
enum	SourceFingerprintError	motolii-store	core/motolii-store/src/fingerprint.rs:26	pub	5		
enum	StoreError	motolii-store	core/motolii-store/src/lib.rs:78	pub	243		
enum	LayerSource	motolii-store	core/motolii-store/src/lib.rs:188	pub	417	layer の素材。media が入るまでは単色だけ。	
enum	MaskMode	motolii-store	core/motolii-store/src/mask.rs:74	pub	140	手前までのマスクの覆いと、このマスクの覆いをどう重ねるか。	
enum	PropertyBase	motolii-store	core/motolii-store/src/slot.rs:170	pub	25	[`PropertySource::base`] の中身。**排他的な二択**(`properties/property sid`	
enum	TextJustify	motolii-store	core/motolii-store/src/text.rs:117	pub	87	水平揃え(`text-document j`)。Rive `text.alignValue` が同じ意味を持つと地図の note が	
enum	TextBasedOn	motolii-store	core/motolii-store/src/text.rs:293	pub	6	範囲選択器の粒度(`constants/text-based`)。AE 由来で発明の余地が無い。	
enum	TextRangeUnits	motolii-store	core/motolii-store/src/text.rs:303	pub	6	範囲値の単位(`constants/text-range-units`)。歌詞は Index、テンプレートは Percent。	
enum	TextShape	motolii-store	core/motolii-store/src/text.rs:310	pub	6	重みカーブの形(`constants/text-shape`)。text-model §6「shape の初期セット」の	
enum	TextGrouping	motolii-store	core/motolii-store/src/text.rs:322	pub	7	グループ内アンカーの粒度(`constants/text-grouping`)。`text-alignment-options g`	
enum	CssDeclError	motolii-taffy	ui/motolii-taffy/src/css.rs:29	pub	27	CSS 宣言の変換に失敗した箇所の申告。	
enum	ToolStatus	motolii-testkit	core/motolii-testkit/src/lib.rs:35	pub	8	外部ツールの状態。「未導入」と「導入済みだが実行失敗」を区別する	
enum	TestkitError	motolii-testkit	core/motolii-testkit/src/lib.rs:136	pub	7		
enum	Hit	motolii-timeline-pane	ui/motolii-timeline-pane/src/hit.rs:18	pub	33	click/drag した先が何か。	
enum	BarPart	motolii-timeline-pane	ui/motolii-timeline-pane/src/hit.rs:27	pub	50	bar の中のどこを掴んだか — 本体(move)か端(trim)か。	
enum	KeyframeToggle	motolii-timeline-pane	ui/motolii-timeline-pane/src/keys2.rs:36	pub	10	「現在時刻にキーを追加/削除」(map 476)の判定結果。**位置決めだけ**を返す	
enum	EaseSide	motolii-timeline-pane	ui/motolii-timeline-pane/src/keys2.rs:67	pub	9	Easy Ease の適用側(map 485「Easy Ease」=Both・486/489「…In」=In・	
enum	KeyInterpolation	motolii-timeline-pane	ui/motolii-timeline-pane/src/keys2.rs:91	pub	20	pane-local の補間種別の顔。**`motolii-eval` の実際の enum の写しではない**	
enum	MarkerMessage	motolii-timeline-pane	ui/motolii-timeline-pane/src/markers.rs:236	pub	35	マーカーレーンの Message(`crate::Message` へは**合流させていない** —	
enum	JumpDirection	motolii-timeline-pane	ui/motolii-timeline-pane/src/nav.rs:31	pub	33	JumpPrev/NextMeaningPoint(正典 §8.1)の向き。	
enum	ClipEdge	motolii-timeline-pane	ui/motolii-timeline-pane/src/nav.rs:77	pub	20	JumpToClipIn/Out(正典 §8.1)の対象端。	
enum	LayerSelectionOp	motolii-timeline-pane	ui/motolii-timeline-pane/src/rows.rs:67	pub	22	レイヤー行クリックの操作種別。`crate::state::KeySelectionOp` と同じ3形	
enum	ShuttleCommand	motolii-timeline-pane	ui/motolii-timeline-pane/src/shuttle.rs:28	pub	49	JKL の3動詞(pane-local [`crate::Message::Shuttle`] が運ぶ)。	
enum	StackDirection	motolii-timeline-pane	ui/motolii-timeline-pane/src/stacking.rs:35	pub	45	重なり移動の向き。`Forward`/`ToFront` = 前面(order 大)へ。	
enum	WaveformState	motolii-timeline-pane	ui/motolii-timeline-pane/src/waveform_view.rs:82	pub	48	クリップの波形取得状態。**「まだ無い/取得中/ある」の3状態**そのもの	
enum	WaveformAction	motolii-timeline-pane	ui/motolii-timeline-pane/src/waveform_view.rs:111	pub	20	[`plan`] の結果。**発火そのものはしない**(純関数は I/O を持てない) —	
enum	LoopBandPart	motolii-timeline-pane	ui/motolii-timeline-pane/src/work_area.rs:63	pub	44	ループ帯(ルーラ最上段)の中のどこを押したか。	
enum	TextWeight	motolii-tokens-rs	ui/motolii-tokens-rs/src/lib.rs:806	pub	17	文字の太さ3段(裁定137「文字の階層はサイズでなく weight(400/600/800)と	
enum	Ink	motolii-tokens-rs	ui/motolii-tokens-rs/src/lib.rs:838	pub	27	ink 3段(裁定137)。**新色は発明しない** — 既存 [`Colors`] の `text_*` を	
enum	PathEditError	motolii-vector	engine/motolii-vector/src/edit.rs:60	pub	31	頂点編集の失敗。**壊れた入力を黙って丸めない**(裁定37 と同じ考え方 — この	
enum	ShapeNode	motolii-vector	engine/motolii-vector/src/group.rs:35	pub	114	シェイプ内グループのノード。	
enum	PathSource	motolii-vector	engine/motolii-vector/src/lib.rs:136	pub	102	パス源。`shapes/path` `shapes/rectangle` `shapes/ellipse` `shapes/polystar` の4つ。	
enum	OpKind	motolii-vector	engine/motolii-vector/src/lib.rs:199	pub	53	演算子。`shape-1` で3つ、`shape-2` で3つ、`shape-3` で1つ。	
enum	Brush	motolii-vector	engine/motolii-vector/src/lib.rs:320	pub	68	塗り方。`fill` と `gradient-fill`、`stroke` と `gradient-stroke` の違いは**これ1つ**。	
enum	GradientType	motolii-vector	engine/motolii-vector/src/lib.rs:366	pub	17	`constants/gradient-type`。	
enum	FillRule	motolii-vector	engine/motolii-vector/src/lib.rs:447	pub	37	`constants/fill-rule`。**中マドを賄う**(裁定74)。	
enum	LineCap	motolii-vector	engine/motolii-vector/src/lib.rs:455	pub	19	`constants/line-cap`。	
enum	LineJoin	motolii-vector	engine/motolii-vector/src/lib.rs:464	pub	40	`constants/line-join`。`offset-path`(shape-2)と共有する enum。	
enum	StarType	motolii-vector	engine/motolii-vector/src/lib.rs:473	pub	27	`constants/star-type`。	
enum	PointType	motolii-vector	engine/motolii-vector/src/lib.rs:483	pub	18	`zig-zag.pt` — 山の頂点をコーナーにするか滑らかにするか。	
enum	Composite	motolii-vector	engine/motolii-vector/src/lib.rs:493	pub	18	`constants/composite` — repeater の Above/Below。**描く順**を決める。	
enum	TrimMultiple	motolii-vector	engine/motolii-vector/src/lib.rs:503	pub	17	`constants/trim-multiple-shapes` — trim の複数輪郭モード。	
enum	VectorError	motolii-vector	engine/motolii-vector/src/lib.rs:549	pub	35		
enum	StackEditError	motolii-vector	engine/motolii-vector/src/stack_edit.rs:47	pub	21	スタック編集の失敗。範囲外 index を**panic ではなく明示エラー**にする	
enum	TextJustify	motolii-vector	engine/motolii-vector/src/text.rs:64	pub	87	水平揃え。`motolii_store::TextJustify` と同じ3値(独立した型 — module doc 参照)。	
enum	TextShapeError	motolii-vector	engine/motolii-vector/src/text.rs:114	pub	19	この module の入り口が返しうる失敗。**黙って空の画/既定フォントへ落とさない**	
enum	MenuSlot	motolii-verbs	ui/motolii-verbs/src/lib.rs:66	pub	30	メニューバーの4本(`motolii_menubar::menus` の4関数に対応)。	
enum	ContextSlot	motolii-verbs	ui/motolii-verbs/src/lib.rs:75	pub	31	右クリック文脈の4種(`motolii_menubar::context` の4関数に対応)。	
enum	PanelSlot	motolii-verbs	ui/motolii-verbs/src/lib.rs:84	pub	8	パネル常設コントロール(メニューでも右クリックでもない、rail の glyph	
enum	Entry	motolii-verbs	ui/motolii-verbs/src/lib.rs:95	pub	97	動詞1つが持ちうる入口の種別。	
enum	PlyError	r3-pointcloud	probes/r3-pointcloud/src/lib.rs:19	pub	24		
enum	TextShapeError	r6-text-shaping	probes/r6-text-shaping/src/lib.rs:56	pub	19	この probe の入り口が返しうる失敗。**黙って空の画を返さない**(裁定37 と同じ理由 —	
fn	PcmCache::from_interleaved	motolii-audio	engine/motolii-audio/src/cache.rs:27	pub	12	インターリーブf32バッファから構築する。境界検査済みの`read_frames`/`frame_at`の	
fn	PcmCache::format	motolii-audio	engine/motolii-audio/src/cache.rs:51	pub	574		
fn	PcmCache::frame_count	motolii-audio	engine/motolii-audio/src/cache.rs:55	pub	36	楽曲全体のフレーム数(1フレーム=全チャンネル分のサンプル1組)。	
fn	PcmCache::read_frames	motolii-audio	engine/motolii-audio/src/cache.rs:60	pub	11	`start_frame`から`frame_count`フレーム分のインターリーブサンプルを読む。	
fn	PcmCache::frame_at	motolii-audio	engine/motolii-audio/src/cache.rs:77	pub	5	単一フレーム(全チャンネルのサンプル)を読む。`read_frames(idx, 1)`の糖衣。	
fn	perceptual_sample_frames	motolii-audio	engine/motolii-audio/src/clock.rs:43	pub	8	聴感再生位置 = 供給済み − デバイス待ち(リング充填は引かない)。	
fn	sample_frames_to_time	motolii-audio	engine/motolii-audio/src/clock.rs:49	pub	7	デバイスサンプルフレーム位置を`RationalTime`へ(浮動小数秒を使わない)。	
fn	display_frame_without_latency_compensation	motolii-audio	engine/motolii-audio/src/clock.rs:60	pub	1	補償なし(供給済み直結)の表示フレーム床 — ドリフトテストの対照用。	
fn	synced_display_frame	motolii-audio	engine/motolii-audio/src/clock.rs:69	pub	1	聴感時刻から独立に同期表示フレームを求める(`next_frame_plan`と同等の床)。	
fn	drift_within_one_frame	motolii-audio	engine/motolii-audio/src/clock.rs:77	pub	3	表示フレームPTS(床)と聴感時刻の差が1フレーム長以内か。	
fn	DeviceWaitLatency::wait_frames	motolii-audio	engine/motolii-audio/src/clock.rs:105	pub	10		
fn	DeviceWaitLatency::set_wait_frames	motolii-audio	engine/motolii-audio/src/clock.rs:109	pub	2	シミュレーション/テスト用、および実デバイス結線が直接書く口。	
fn	DeviceWaitLatency::update_from_output_callback	motolii-audio	engine/motolii-audio/src/clock.rs:114	pub	8	cpal `OutputCallbackInfo::timestamp()` の `playback − callback` を写す	
fn	PlaybackCounters::frames_supplied	motolii-audio	engine/motolii-audio/src/clock.rs:146	pub	21	実PCMサンプルから供給できたフレーム数(=論理sample位置)。	
fn	PlaybackCounters::silence_frames	motolii-audio	engine/motolii-audio/src/clock.rs:151	pub	19	アンダーランで無音を充填したフレーム数(論理sample位置には加算されない)。	
fn	PlaybackCounters::underrun_events	motolii-audio	engine/motolii-audio/src/clock.rs:156	pub	9	アンダーランが発生したコールバック呼び出し回数。	
fn	PlaybackCounters::advance_supplied_for_simulation	motolii-audio	engine/motolii-audio/src/clock.rs:161	pub	25	ヘッドレスTransportシミュレーション専用: 実PCMを伴わず供給済みだけ進める。	
fn	PlaybackCounters::record_block	motolii-audio	engine/motolii-audio/src/clock.rs:167	pub	12	1回のデバイスコールバック(または headless シミュレーション)分の結果を記録する。	
fn	PlaybackClock::new	motolii-audio	engine/motolii-audio/src/clock.rs:210	pub	2363	停止状態(原点=ZERO)で構築する。`start`を呼ぶまで`position()`は`ZERO`のまま。	
fn	PlaybackClock::start	motolii-audio	engine/motolii-audio/src/clock.rs:229	pub	613	`at`を新しい原点として走行を開始する。	
fn	PlaybackClock::pause	motolii-audio	engine/motolii-audio/src/clock.rs:235	pub	18	現在位置を凍結して停止する(冪等 — 既に停止中なら何もしない)。	
fn	PlaybackClock::resume	motolii-audio	engine/motolii-audio/src/clock.rs:246	pub	4	凍結位置から走行を再開する(冪等 — 既に走行中なら何もしない)。	
fn	PlaybackClock::seek	motolii-audio	engine/motolii-audio/src/clock.rs:254	pub	58	走行状態を変えずに`to`へ跳ぶ。	
fn	PlaybackClock::is_running	motolii-audio	engine/motolii-audio/src/clock.rs:259	pub	13		
fn	PlaybackClock::sample_rate	motolii-audio	engine/motolii-audio/src/clock.rs:263	pub	99		
fn	PlaybackClock::position	motolii-audio	engine/motolii-audio/src/clock.rs:267	pub	507	現在の論理再生位置。停止中は凍結値(カウンタの続きを見ない)。	
fn	canonical_format	motolii-audio	engine/motolii-audio/src/convert.rs:14	pub	8		
fn	time_to_canonical_frames	motolii-audio	engine/motolii-audio/src/convert.rs:21	pub	11	タイムライン時刻を正準(48kHz)サンプルフレーム数へ(旧	
fn	to_canonical	motolii-audio	engine/motolii-audio/src/convert.rs:35	pub	8	任意形式のPCMを正準48k stereoへ変換する(channel-map → 必要なら固定比resample)。	
fn	decode_file	motolii-audio	engine/motolii-audio/src/decode.rs:28	pub	3	パスから楽曲1本をデコードし、インターリーブf32 PCM全展開キャッシュを作る。	
fn	decode_file_audio_ordinal	motolii-audio	engine/motolii-audio/src/decode.rs:37	pub	5	kind内audio ordinalを指定してデコードする(AG-2)。欠落は`StreamNotFound`。	
fn	decode_stream	motolii-audio	engine/motolii-audio/src/decode.rs:51	pub	1	`MediaSourceStream`から直接デコードする(テスト用: メモリ上のバイト列を	
fn	NegotiatedOutput::device_format	motolii-audio	engine/motolii-audio/src/device.rs:44	pub	0		呼び手ゼロ
fn	NegotiatedOutput::needs_resample	motolii-audio	engine/motolii-audio/src/device.rs:51	pub	0		呼び手ゼロ
fn	OutputStream::open_default	motolii-audio	engine/motolii-audio/src/device.rs:62	pub	4	デフォルト出力デバイスへ`consumer`を繋いで再生を開始する。	
fn	OutputStream::open_on_device	motolii-audio	engine/motolii-audio/src/device.rs:76	pub	5	指定デバイスへ`consumer`を繋いで再生を開始する(テスト/明示選択用)。	
fn	OutputStream::open_negotiated_shared	motolii-audio	engine/motolii-audio/src/device.rs:90	pub	4	`PlaybackCounters`/`DeviceWaitLatency`(A1の`PlaybackClock`と共有する)で	
fn	OutputStream::pause	motolii-audio	engine/motolii-audio/src/device.rs:121	pub	18		
fn	OutputStream::play	motolii-audio	engine/motolii-audio/src/device.rs:125	pub	3		
fn	negotiate_output	motolii-audio	engine/motolii-audio/src/device.rs:130	pub	7	デバイスのサポート範囲から出力レートを交渉する(D4-FU、旧版から無改造)。	
fn	select_device_sample_rate	motolii-audio	engine/motolii-audio/src/device.rs:160	pub	7	サポート範囲リストからデバイス出力レートを選ぶ(ハードウェア無しの単体テスト用、	
fn	ClipLatch::new	motolii-audio	engine/motolii-audio/src/meter.rs:45	pub	2363		
fn	ClipLatch::observe	motolii-audio	engine/motolii-audio/src/meter.rs:49	pub	9		
fn	ClipLatch::reset	motolii-audio	engine/motolii-audio/src/meter.rs:55	pub	23		
fn	ClipLatch::is_latched	motolii-audio	engine/motolii-audio/src/meter.rs:59	pub	4		
fn	AudioMeter::new	motolii-audio	engine/motolii-audio/src/meter.rs:65	pub	2363		
fn	AudioMeter::observe_interleaved_stereo	motolii-audio	engine/motolii-audio/src/meter.rs:69	pub	4	mix結果ブロックを観測する。PCM値は変更しない(呼び出し側バッファは読み取り専用)。	
fn	AudioMeter::snapshot	motolii-audio	engine/motolii-audio/src/meter.rs:95	pub	53		
fn	AudioMeter::reset	motolii-audio	engine/motolii-audio/src/meter.rs:103	pub	23	UIの手動リセット用。ラッチ式CLIPも含めて消す。	
fn	MixSource::validate	motolii-audio	engine/motolii-audio/src/mix.rs:133	pub	16		
fn	mix_audio	motolii-audio	engine/motolii-audio/src/mix.rs:158	pub	58	正準フレーム範囲 `[start_frame, start_frame + frame_count)` を mix する。	
fn	normalize_gain_for_peak	motolii-audio	engine/motolii-audio/src/mix.rs:364	pub	9	map id42(Loudness normalisation)の薄い顔。**真の LUFS(ITU-R BS.1770	
fn	MixProducer::spawn	motolii-audio	engine/motolii-audio/src/producer.rs:65	pub	24	`start_frame`(正準48kサンプルフレーム — comp動画フレームではない、	
fn	MixProducer::seek	motolii-audio	engine/motolii-audio/src/producer.rs:110	pub	58	走行中に目標(正準48kサンプルフレーム)へ跳ぶ。次ループ先頭で反映される —	
fn	MixProducer::finished	motolii-audio	engine/motolii-audio/src/producer.rs:116	pub	17	終端まで供給し終えた(flush含む)か。	
fn	MixProducer::stop	motolii-audio	engine/motolii-audio/src/producer.rs:121	pub	22	供給を止めてスレッドをjoinする(`?`早期returnで飛ばされないよう、	
fn	AudioProgram::from_view	motolii-audio	engine/motolii-audio/src/program.rs:84	pub	15	`StoreView::layers()` の順で source を列挙する。この並びは store の重ね順	
fn	AudioProgram::sources	motolii-audio	engine/motolii-audio/src/program.rs:119	pub	39		
fn	AudioProgram::master_gain	motolii-audio	engine/motolii-audio/src/program.rs:123	pub	28		
fn	AudioProgram::composition_duration	motolii-audio	engine/motolii-audio/src/program.rs:127	pub	10	Documentが所有するcomposition尺。	
fn	AudioProgram::mix_audio	motolii-audio	engine/motolii-audio/src/program.rs:132	pub	58	preview/export同一の `mix_audio` 入口。	
fn	program_from_sources	motolii-audio	engine/motolii-audio/src/program.rs:270	pub	1	テスト用: source を直接渡して `AudioProgram` を作る(store を経由しない)。	
fn	FixedRatioResampler::new	motolii-audio	engine/motolii-audio/src/resample.rs:28	pub	2363	`source_rate != device_rate` のときだけ成功する。一致時は呼び出し側が恒等パスを選ぶ。	
fn	FixedRatioResampler::channels	motolii-audio	engine/motolii-audio/src/resample.rs:73	pub	130		
fn	FixedRatioResampler::input_frames_next	motolii-audio	engine/motolii-audio/src/resample.rs:77	pub	7		
fn	FixedRatioResampler::output_delay	motolii-audio	engine/motolii-audio/src/resample.rs:81	pub	4		
fn	FixedRatioResampler::reset	motolii-audio	engine/motolii-audio/src/resample.rs:85	pub	23	シーク/再起動時: 内部状態と先頭 trim を初期化する。	
fn	FixedRatioResampler::process_interleaved	motolii-audio	engine/motolii-audio/src/resample.rs:92	pub	3	インターリーブ入力を1チャンク処理し、trim 後のインターリーブ出力を返す。	
fn	FixedRatioResampler::process_partial_interleaved	motolii-audio	engine/motolii-audio/src/resample.rs:112	pub	2	トラック終端など、必要フレーム未満の残りを流し込む。	
fn	FixedRatioResampler::flush_silence_chunk	motolii-audio	engine/motolii-audio/src/resample.rs:133	pub	3	無音/空入力で遅延分を吐き切る(終端フラッシュ)。	
fn	source_frame_to_device	motolii-audio	engine/motolii-audio/src/resample.rs:179	pub	2	ソースフレーム番号をデバイス側フレーム番号へ写す(整数比の切り捨て)。	
fn	fill_or_silence	motolii-audio	engine/motolii-audio/src/ring.rs:21	pub	21	`consumer`から`dst`(インターリーブ、`channels`の倍数長)を**フレーム単位**で読む。	
fn	PlaybackSession::open_default	motolii-audio	engine/motolii-audio/src/session.rs:48	pub	4	デフォルト出力デバイスで、`at`(タイムライン時刻)から再生開始する。	
fn	PlaybackSession::open_on_device	motolii-audio	engine/motolii-audio/src/session.rs:57	pub	5	指定デバイスで再生を開始する(テスト/明示選択用)。	
fn	PlaybackSession::clock	motolii-audio	engine/motolii-audio/src/session.rs:99	pub	99		
fn	PlaybackSession::clock_mut	motolii-audio	engine/motolii-audio/src/session.rs:103	pub	0		呼び手ゼロ
fn	PlaybackSession::negotiated	motolii-audio	engine/motolii-audio/src/session.rs:107	pub	16		
fn	PlaybackSession::seek	motolii-audio	engine/motolii-audio/src/session.rs:111	pub	58	走行状態を変えずに`at`へ跳ぶ(発注書「再生中の scrub は seek」)。**論理	
fn	PlaybackSession::for_simulation	motolii-audio	engine/motolii-audio/src/session.rs:125	pub	13	**試験専用の縫い目**(ORACLE「デバイス抽象はフェイクで — A1と同じ手」)。	
fn	TimeMap::identity	motolii-audio	engine/motolii-audio/src/time_map.rs:55	pub	37		
fn	TimeMap::offset	motolii-audio	engine/motolii-audio/src/time_map.rs:59	pub	211	ソース原点オフセットのみ(速度1)。	
fn	TimeMap::constant_speed	motolii-audio	engine/motolii-audio/src/time_map.rs:68	pub	10		
fn	TimeMap::speed_num	motolii-audio	engine/motolii-audio/src/time_map.rs:81	pub	14		
fn	TimeMap::speed_den	motolii-audio	engine/motolii-audio/src/time_map.rs:85	pub	14		
fn	TimeMap::validate	motolii-audio	engine/motolii-audio/src/time_map.rs:89	pub	16	構築不変条件の再確認。正準コンストラクタ経由なら常に Ok。	
fn	TimeMap::try_map	motolii-audio	engine/motolii-audio/src/time_map.rs:100	pub	6	クリップローカル時刻 → ソース時刻。未検証入力でも panic しない。	
fn	TimeMap::is_identity	motolii-audio	engine/motolii-audio/src/time_map.rs:109	pub	4	意味的恒等: 正準アフィンが恒等か。	
fn	pane_view	motolii-browser-pane	ui/motolii-browser-pane/src/lib.rs:226	pub	46	**タブ帯込みの pane 全体**(mock `.libraryTabs` html:411-416 + タブ別	
fn	view	motolii-browser-pane	ui/motolii-browser-pane/src/lib.rs:382	pub	1647	rail(mock `.librarySidebar` `LIBRARY` 節)+ filter shelf(mock	
fn	panel_container_style	motolii-browser-pane	ui/motolii-browser-pane/src/lib.rs:527	pub	25	rail/catalog 容器の共通スタイル。線化 D5(裁定179 文法1「枠は内容と同族色、	
fn	drop_target_style	motolii-browser-pane	ui/motolii-browser-pane/src/lib.rs:626	pub	8	drop 受け入れ面のハイライト(B08 続編)。`motolii-shell` の pane_grid	
fn	chip_style	motolii-browser-pane	ui/motolii-browser-pane/src/lib.rs:935	pub	13	[`labeled_button`]/Clear ボタン共通のスタイル(裁定179「箱は状態の器」、	
fn	create_card_face	motolii-browser-pane	ui/motolii-browser-pane/src/lib.rs:1777	pub	9	create カード(mouse_area 経路)の面 — button 経路の [`card_style`] と	
fn	category_of	motolii-browser-pane	ui/motolii-browser-pane/src/model.rs:62	pub	12	`kind` 文字列(`video/mp4` 等)→ [`Category`]。純関数、IO なし。	
fn	Category::label	motolii-browser-pane	ui/motolii-browser-pane/src/model.rs:73	pub	525	カード grid の caption(B3)が読む表示文言。`RailScope::label` と語彙は	
fn	Category::glyph	motolii-browser-pane	ui/motolii-browser-pane/src/model.rs:85	pub	183	カード grid の thumb に載せる種別グリフ(B3)。rail の種別行アイコン	
fn	format_duration	motolii-browser-pane	ui/motolii-browser-pane/src/model.rs:98	pub	14	尺の表示整形(mm:ss)。**IO なし・純関数**。`None`(probe が尺を読めなかった	
fn	RailScope::label	motolii-browser-pane	ui/motolii-browser-pane/src/model.rs:138	pub	525	mock の表示文言そのまま(`.locationRow`/`.filterShelf button` のラベル)。	
fn	LibraryTab::label	motolii-browser-pane	ui/motolii-browser-pane/src/model.rs:186	pub	525	mock のタブラベルそのまま(html:412-415)。	
fn	LibraryTab::all_label	motolii-browser-pane	ui/motolii-browser-pane/src/model.rs:196	pub	9	rail 先頭の「全件」行のラベル(mock `.tabScoped-*` の	
fn	PreviewTag::label	motolii-browser-pane	ui/motolii-browser-pane/src/model.rs:247	pub	525	mock の表示文言そのまま(rail 行とチップで共通 — html:444-446/454-455/	
fn	PreviewTag::tab	motolii-browser-pane	ui/motolii-browser-pane/src/model.rs:264	pub	94	このタグが属するタブ(タグ語彙はタブ別 — 試験がカタログとの整合を	
fn	preview_tags	motolii-browser-pane	ui/motolii-browser-pane/src/model.rs:290	pub	11	タブごとの rail カテゴリ(=フィルタチップ)並び。**media は空**(media は	
fn	preview_catalog	motolii-browser-pane	ui/motolii-browser-pane/src/model.rs:593	pub	15	タブごとの preview-local 静的カタログ。**media は空**(media タブは	
fn	catalog	motolii-browser-pane	ui/motolii-browser-pane/src/model.rs:615	pub	43	タブ別のカタログ投影(純関数、IO なし)。	
fn	preview_visible	motolii-browser-pane	ui/motolii-browser-pane/src/model.rs:639	pub	15	非 media タブのカタログを [`PreviewScope`] + 検索文字列で絞る純関数	
fn	assets	motolii-browser-pane	ui/motolii-browser-pane/src/model.rs:658	pub	85	台帳の一覧を投影する。**順序は決定論(admit 順 = `AssetId` 昇順)** —	
fn	visible	motolii-browser-pane	ui/motolii-browser-pane/src/model.rs:691	pub	98	rail scope + 検索文字列で [`assets`] の一覧をさらに絞る純関数(B2	
fn	asset_to_layer_source	motolii-browser-pane	ui/motolii-browser-pane/src/model.rs:730	pub	12	`Asset` → `Intent::SetSource { layer, source }` へ渡す `LayerSource` を	
fn	can_replace_source	motolii-browser-pane	ui/motolii-browser-pane/src/model.rs:751	pub	11	置換先 layer のゲーティング(map 616/617「選択素材を置換」)。呼び手	
fn	SortKey::label	motolii-browser-pane	ui/motolii-browser-pane/src/model.rs:794	pub	525	filter shelf のチップに載る表示文言(mock に類例が無い新規 UI なので	
fn	sorted	motolii-browser-pane	ui/motolii-browser-pane/src/model.rs:805	pub	17	[`SortKey`] に従い一覧を並べ替える純関数(IO なし)。**安定ソート**	
fn	ViewMode::tooltip_label	motolii-browser-pane	ui/motolii-browser-pane/src/model.rs:834	pub	3	tooltip の文言(裁定187 icon+tooltip ペア — アイコン自体は	
fn	PaneState::new	motolii-browser-pane	ui/motolii-browser-pane/src/state.rs:187	pub	2363		
fn	PaneState::tab	motolii-browser-pane	ui/motolii-browser-pane/src/state.rs:191	pub	94	active なタブ(mock `state.tab`)。`pane_view` がタブ帯の active 表示と	
fn	PaneState::scope	motolii-browser-pane	ui/motolii-browser-pane/src/state.rs:197	pub	131		
fn	PaneState::preview_scope	motolii-browser-pane	ui/motolii-browser-pane/src/state.rs:201	pub	12	非 media タブの rail scope(`pane_view` が rail の選択表示と	
fn	PaneState::selected	motolii-browser-pane	ui/motolii-browser-pane/src/state.rs:207	pub	240	カタログの単一選択(`pane_view` がカードの選択意匠に読む)。	
fn	PaneState::query	motolii-browser-pane	ui/motolii-browser-pane/src/state.rs:212	pub	101		
fn	PaneState::is_open	motolii-browser-pane	ui/motolii-browser-pane/src/state.rs:216	pub	19	パネルが開いているか(B3)。`Shell::view` がこれを読んで	
fn	PaneState::hovered	motolii-browser-pane	ui/motolii-browser-pane/src/state.rs:223	pub	44	cursor が乗っている create カード(`pane_view` が hover 意匠に読む)。	
fn	PaneState::drop_hover	motolii-browser-pane	ui/motolii-browser-pane/src/state.rs:228	pub	15	OS file-drag が窓に入っているか(`pane_view` が media タブの drop 先	
fn	PaneState::recently_admitted	motolii-browser-pane	ui/motolii-browser-pane/src/state.rs:234	pub	6	取り込み直後の新規素材 id 列(`pane_view` がカードのハイライトに読む)。	
fn	PaneState::sort_key	motolii-browser-pane	ui/motolii-browser-pane/src/state.rs:239	pub	18	並べ替えキー(`pane_view` が media catalog の並べ替えと sort チップの	
fn	PaneState::view_mode	motolii-browser-pane	ui/motolii-browser-pane/src/state.rs:245	pub	44	grid/list 表示形式(`pane_view` が catalog grid の列数と view mode	
fn	PaneState::update	motolii-browser-pane	ui/motolii-browser-pane/src/state.rs:251	pub	1061	pane 側の唯一の書き口。	
fn	EffectPass::padding	motolii-compositor	engine/motolii-compositor/src/effects/mod.rs:47	pub	347	この pass が layer 自身のテクスチャ境界の外へ出力を広げたい量(texel、	
fn	HeadlessGpu::new	motolii-compositor	engine/motolii-compositor/src/headless.rs:25	pub	2363		
fn	RenderTiming::total_us	motolii-compositor	engine/motolii-compositor/src/lib.rs:336	pub	2		
fn	Compositor::headless	motolii-compositor	engine/motolii-compositor/src/lib.rs:370	pub	139	窓を持たない GPU の上に合成器を建てる。**export も preview もこれ1つ**。	
fn	Compositor::with_device	motolii-compositor	engine/motolii-compositor/src/lib.rs:393	pub	38	外部から与えられた GPU device/queue の上に合成器を組む第二コンストラクタ	
fn	Compositor::with_device_using_headless_defaults	motolii-compositor	engine/motolii-compositor/src/lib.rs:432	pub	3	[`Self::with_device`]の既定 config 版(裁定171 v2 M4、**additive** —	
fn	Compositor::upload_rgba	motolii-compositor	engine/motolii-compositor/src/lib.rs:456	pub	48	premultiplied RGBA8 を GPU へ載せる。	
fn	Compositor::upload_yuv420p	motolii-compositor	engine/motolii-compositor/src/lib.rs:479	pub	2	デコード直後の YUV420p(planar)をそのまま GPU へ載せる。	
fn	Compositor::render	motolii-compositor	engine/motolii-compositor/src/lib.rs:532	pub	221	**唯一の評価経路**。RGBA8(premultiplied)を返す。	
fn	Compositor::render_with_timing	motolii-compositor	engine/motolii-compositor/src/lib.rs:545	pub	27	内訳つき。**どこが遅いかを隠さない**ための口で、製品経路は [`Self::render`]。	
fn	Compositor::render_with_effects	motolii-compositor	engine/motolii-compositor/src/lib.rs:703	pub	51	**layer 単位オフスクリーンパスの入口**(裁定153 S2、2026-08-21)。	
fn	Compositor::render_to_texture	motolii-compositor	engine/motolii-compositor/src/lib.rs:1027	pub	37	**裁定171 v2(M4)— zero-copy GPU 出力**。[`Self::render_with_effects`]と	
fn	Compositor::effect_passes_created_textures	motolii-compositor	engine/motolii-compositor/src/lib.rs:1365	pub	13	試験専用の introspection。`effect_scratch` が実際に**新規生成**した	
fn	Compositor::sequential_submits	motolii-compositor	engine/motolii-compositor/src/lib.rs:1372	pub	13	試験専用の introspection。[`Self::accumulate_sequential`] が `queue.submit`	
fn	Compositor::render_sequential	motolii-compositor	engine/motolii-compositor/src/lib.rs:1868	pub	31	**逐次合成(accumulator)経路の薄い入口**(裁定161 BL1b、BL3 で分離可能 blend	
fn	Compositor::matte_layer	motolii-compositor	engine/motolii-compositor/src/lib.rs:1980	pub	22	**track matte 適用パス**(BL4)。`layer`(matte を持つ本体)と `matte_source`	
fn	distance_from_camera	motolii-core	core/motolii-core/src/camera.rs:76	pub	4	world の z 平面(`LayerPlacement::z`)からカメラまでの距離。**AE と同じ符号** —	
fn	camera_projection	motolii-core	core/motolii-core/src/camera.rs:120	pub	18	`comp`/`camera` から view + projection を組む。**投影の正本はここ1箇所**。	
fn	CameraProjection::view_matrix	motolii-core	core/motolii-core/src/camera.rs:164	pub	8	world → view。`macaw::IsoTransform::transform_point3` と同じ規約	
fn	CameraProjection::projection_matrix	motolii-core	core/motolii-core/src/camera.rs:171	pub	3		
fn	camera_screen_from_world_at_z	motolii-core	core/motolii-core/src/camera.rs:180	pub	8	固定した world z の平面に限れば、このカメラの写像は**アフィン**である	
fn	camera_screen_from_world_z0	motolii-core	core/motolii-core/src/camera.rs:215	pub	30	[`camera_screen_from_world_at_z`] の z=0 版。pinned layer の「カメラを打ち消す」用途は	
fn	PixelFormat::bytes_per_pixel	motolii-core	core/motolii-core/src/frame.rs:21	pub	2	パック系フォーマットの1ピクセルあたりバイト数。YUV系(プレーナ)はNone。	
fn	PixelFormat::is_yuv	motolii-core	core/motolii-core/src/frame.rs:33	pub	2		
fn	FrameDesc::packed	motolii-core	core/motolii-core/src/frame.rs:78	pub	23	パディングなし(stride = width * bpp)のパック系記述子を作る。	
fn	FrameDesc::try_packed	motolii-core	core/motolii-core/src/frame.rs:90	pub	2		
fn	FrameDesc::yuv	motolii-core	core/motolii-core/src/frame.rs:110	pub	6	YUV系(タイトパッキング)の記述子を作る。4:2:0のため偶数サイズのみ。	
fn	FrameDesc::try_yuv	motolii-core	core/motolii-core/src/frame.rs:116	pub	3		
fn	FrameDesc::data_size	motolii-core	core/motolii-core/src/frame.rs:138	pub	10	フレーム全体のバイト数。	
fn	FrameDesc::validate	motolii-core	core/motolii-core/src/frame.rs:148	pub	16		
fn	FrameDesc::same_aspect_integer_scale	motolii-core	core/motolii-core/src/frame.rs:167	pub	8	同一アスペクト比かつ、どちらかが他方の整数倍解像度か(Draft縮小の動画背景など)。	
fn	CpuFrame::new	motolii-core	core/motolii-core/src/frame.rs:200	pub	2363		
fn	premultiply_rgba_f32	motolii-core	core/motolii-core/src/frame.rs:206	pub	2	Straight RGBAをpremultiplied RGBAへ変換する。	
fn	premultiply_rgba_u8	motolii-core	core/motolii-core/src/frame.rs:216	pub	2	u8 straight RGBAをpremultiplied RGBAへ変換する。テスト・CPU素材の境界用。	
fn	LayerPlacement::from_transform	motolii-core	core/motolii-core/src/frame.rs:396	pub	43	Lottie の適用順序で行列を組む。**ここが transform の意味の正本**。	
fn	RationalTime::try_new	motolii-core	core/motolii-core/src/time.rs:49	pub	290	M2E-16: den==0拒否・符号正規化・既約化・0/x→0/1・オーバーフローはErr。	
fn	RationalTime::from_seconds	motolii-core	core/motolii-core/src/time.rs:54	pub	37		
fn	RationalTime::num	motolii-core	core/motolii-core/src/time.rs:58	pub	164		
fn	RationalTime::den	motolii-core	core/motolii-core/src/time.rs:62	pub	205		
fn	RationalTime::as_seconds_f64	motolii-core	core/motolii-core/src/time.rs:66	pub	13	表示・デバッグ用途のみ。比較や演算にはf64を使わないこと。	
fn	RationalTime::try_from_frame	motolii-core	core/motolii-core/src/time.rs:71	pub	99	フレーム番号から時刻へ(frame / fps)。	
fn	RationalTime::try_to_frame_floor	motolii-core	core/motolii-core/src/time.rs:84	pub	21	時刻が属するフレーム番号(床関数)。負の時刻でも数学的な床を返す。	
fn	RationalTime::try_to_frame_round	motolii-core	core/motolii-core/src/time.rs:89	pub	29	時刻に最も近いフレーム番号(有理数最近傍。半端はゼロから遠ざかる)。	
fn	RationalTime::try_from_decimal_str	motolii-core	core/motolii-core/src/time.rs:100	pub	5	10進秒文字列(ffprobe等)を有理数へ。入力は表示用の近似であり、	
fn	RationalTime::try_to_sample_index	motolii-core	core/motolii-core/src/time.rs:146	pub	5	等間隔サンプル添字の床と区間内補間率 `u ∈ [0,1)`。	
fn	RationalTime::try_to_sample_index_since	motolii-core	core/motolii-core/src/time.rs:155	pub	3	`self - origin` を中間`RationalTime`に落とさず rate 添字を求める(S7)。	
fn	RationalTime::try_neg	motolii-core	core/motolii-core/src/time.rs:203	pub	1		
fn	RationalTime::try_add	motolii-core	core/motolii-core/src/time.rs:207	pub	10		
fn	RationalTime::try_sub	motolii-core	core/motolii-core/src/time.rs:221	pub	15		
fn	RationalTime::try_mul	motolii-core	core/motolii-core/src/time.rs:235	pub	1		
fn	RationalTime::try_mul_i64	motolii-core	core/motolii-core/src/time.rs:245	pub	2		
fn	Fps::try_new	motolii-core	core/motolii-core/src/time.rs:300	pub	290	正値かつ既約。`60/2` → `30/1`(D1g / M2E-16同型)。	
fn	Fps::num	motolii-core	core/motolii-core/src/time.rs:312	pub	164		
fn	Fps::den	motolii-core	core/motolii-core/src/time.rs:316	pub	205		
fn	Fps::frame_duration	motolii-core	core/motolii-core/src/time.rs:320	pub	1	1フレームの長さ。Fpsの正値不変条件により常に成功する。	
fn	Fps::as_f64	motolii-core	core/motolii-core/src/time.rs:328	pub	29		
fn	format_ffmpeg_seek_before_frame	motolii-core	core/motolii-core/src/time.rs:333	pub	6	ffmpeg `-ss` 用: 目的フレームの半フレーム手前の秒文字列(小数6桁)。	
fn	U256::from_u128	motolii-core	core/motolii-core/src/wide_div.rs:15	pub	9		
fn	U256::widening_mul	motolii-core	core/motolii-core/src/wide_div.rs:19	pub	5		
fn	U256::checked_mul_u128	motolii-core	core/motolii-core/src/wide_div.rs:35	pub	2		
fn	U256::cmp	motolii-core	core/motolii-core/src/wide_div.rs:51	pub	26		
fn	U256::saturating_sub	motolii-core	core/motolii-core/src/wide_div.rs:58	pub	23		
fn	U256::shl1	motolii-core	core/motolii-core/src/wide_div.rs:65	pub	2		
fn	U256::bit	motolii-core	core/motolii-core/src/wide_div.rs:71	pub	7		
fn	Panel::html_path	motolii-css-metrics	ui/motolii-css-metrics/src/lib.rs:47	pub	21	mock への絶対パス。`CARGO_MANIFEST_DIR`(この crate)起点なので	
fn	mock_path	motolii-css-metrics	ui/motolii-css-metrics/src/lib.rs:54	pub	1	`next/reference/mocks/<file>` への絶対パス(cwd 非依存)。	
fn	extract	motolii-css-metrics	ui/motolii-css-metrics/src/lib.rs:80	pub	16	文書1つを layout まで解いて、`<body>` 配下の全 Element(+生成 pseudo box)	
fn	select	motolii-css-metrics	ui/motolii-css-metrics/src/lib.rs:135	pub	21	`selector` に合う行を文書順で全部返す。	
fn	select_one	motolii-css-metrics	ui/motolii-css-metrics/src/lib.rs:144	pub	15	`selector` に合う最初の行。**存在しなければ Err**(発注の受入条件)。	
fn	Engine::new	motolii-engine	engine/motolii-engine/src/lib.rs:210	pub	2363		
fn	Engine::with_device	motolii-engine	engine/motolii-engine/src/lib.rs:224	pub	38	**裁定171 v2(M4、supervisor 裁定でこのメソッドを additive 許可)**。iced	
fn	Engine::render_frame	motolii-engine	engine/motolii-engine/src/lib.rs:247	pub	205	**唯一の評価経路**。Document のある時刻の姿を1枚の RGBA8 にする。	
fn	Engine::layer_failures	motolii-engine	engine/motolii-engine/src/lib.rs:264	pub	21	**A05 隔離の読み出し口**(Q3: 黙って握りつぶさない)。直近の	
fn	Engine::render_frame_without_background	motolii-engine	engine/motolii-engine/src/lib.rs:281	pub	29	市松「AE型の透明可視化モード」専用の入力(裁定141)。[`Self::render_frame`]と	
fn	Engine::render_frame_with_view_camera	motolii-engine	engine/motolii-engine/src/lib.rs:299	pub	32	観測視点(裁定157)で描く第二エントリ。[`Self::render_frame`]と**同じ合成器・	
fn	Engine::render_resolved_to_texture	motolii-engine	engine/motolii-engine/src/lib.rs:631	pub	21	**裁定171 v2(M4)— zero-copy GPU 出力、resolve 済みスナップショット版**。	
fn	Engine::render_resolved_to_texture_with_shapes	motolii-engine	engine/motolii-engine/src/lib.rs:687	pub	6	[`Self::render_resolved_to_texture`]の拡張版(2026-08-22、シェイプが画に	
fn	Engine::render_frame_to_texture	motolii-engine	engine/motolii-engine/src/lib.rs:715	pub	24	[`Self::render_resolved_to_texture`]の `&StoreView<'_>` 版	
fn	Engine::apply_matte	motolii-engine	engine/motolii-engine/src/lib.rs:765	pub	10	**BL4 track matte 消費**。`target`(matte を持つ本体、既に texture が乗った	
fn	Engine::cached_frame_count	motolii-engine	engine/motolii-engine/src/lib.rs:807	pub	13	実測用。抱えているフレーム数。	
fn	Engine::cached_text_texture_count	motolii-engine	engine/motolii-engine/src/lib.rs:812	pub	6	実測用。抱えている text texture の枚数([`TextCacheKey`] 鍵の数)——	
fn	Engine::cached_shape_texture_count	motolii-engine	engine/motolii-engine/src/lib.rs:819	pub	5	実測用。抱えている shape texture の枚数([`ShapeCacheKey`] 鍵の数)——	
fn	rasterize_mask_coverage	motolii-engine	engine/motolii-engine/src/mask.rs:59	pub	10	[`ResolvedMask::shape`] を `canvas` の座標系でラスタライズし、被覆率(coverage)だけを	
fn	fold_masks	motolii-engine	engine/motolii-engine/src/mask.rs:160	pub	9	`masks` を **order 通り**に畳んで、layer 全体に効く最終 coverage を1枚返す。	
fn	rasterize_shapes	motolii-engine	engine/motolii-engine/src/shape.rs:50	pub	10	`shapes` を `canvas` へラスタライズする。**空なら `Ok(None)`**(`SetShapes` が	
fn	rasterize_text_document	motolii-engine	engine/motolii-engine/src/text.rs:110	pub	18	`document` の**既定行**(裁定98、`styles.first()`)を時刻 `t` で評価し、`canvas` へ	
fn	cubic_bezier_ease	motolii-eval	core/motolii-eval/src/bezier.rs:1	pub	15	CSSの`cubic-bezier(x1, y1, x2, y2)`と同じ定義のイージング曲線。	
fn	Interp::split_at	motolii-eval	core/motolii-eval/src/track.rs:48	pub	9		
fn	KeyframeTrack::new	motolii-eval	core/motolii-eval/src/track.rs:254	pub	2363		
fn	KeyframeTrack::try_from_keys	motolii-eval	core/motolii-eval/src/track.rs:258	pub	2	生のキー列から検証込みで組む。`#[serde(try_from = "KeyframeTrackDe")]` が	
fn	KeyframeTrack::insert	motolii-eval	core/motolii-eval/src/track.rs:270	pub	244	キーを挿入する。同時刻のキーが既にあれば置き換える。	
fn	KeyframeTrack::keys	motolii-eval	core/motolii-eval/src/track.rs:278	pub	313		
fn	KeyframeTrack::validate	motolii-eval	core/motolii-eval/src/track.rs:282	pub	16		
fn	KeyframeTrack::eval	motolii-eval	core/motolii-eval/src/track.rs:302	pub	115	時刻tでの値。範囲外は端の値でクランプ。キーが無い場合はF64(0.0)。	
fn	Value::lerp	motolii-eval	core/motolii-eval/src/value.rs:67	pub	28	線形補間。バリアント不一致はaを返す(型不一致はドキュメント検証層で弾く前提)。	
fn	Value::add	motolii-eval	core/motolii-eval/src/value.rs:110	pub	70	加算での合成(裁定213: 接続子は加算)。base の値へ modulator の寄与を積む	
fn	Value::as_f64	motolii-eval	core/motolii-eval/src/value.rs:181	pub	29		
fn	Value::as_vec2	motolii-eval	core/motolii-eval/src/value.rs:188	pub	2		
fn	Value::as_color	motolii-eval	core/motolii-eval/src/value.rs:195	pub	3		
fn	Value::as_bool	motolii-eval	core/motolii-eval/src/value.rs:202	pub	0		呼び手ゼロ
fn	Value::as_path	motolii-eval	core/motolii-eval/src/value.rs:209	pub	14		
fn	Value::as_enum	motolii-eval	core/motolii-eval/src/value.rs:216	pub	2		
fn	Value::as_layer_id	motolii-eval	core/motolii-eval/src/value.rs:223	pub	2		
fn	Cancel::new	motolii-export	engine/motolii-export/src/lib.rs:116	pub	2363		
fn	Cancel::cancel	motolii-export	engine/motolii-export/src/lib.rs:120	pub	96		
fn	export	motolii-export	engine/motolii-export/src/lib.rs:129	pub	202		
fn	export_with_cancel	motolii-export	engine/motolii-export/src/lib.rs:137	pub	17	**署名不変**(既存呼び手互換)。中身は「comp の全区間」を	
fn	export_range	motolii-export	engine/motolii-export/src/lib.rs:150	pub	18	[`export_range_with_cancel`] の中断口なし版(comp の全範囲書き出しに対する	
fn	export_range_with_cancel	motolii-export	engine/motolii-export/src/lib.rs:161	pub	15	範囲(半開 `start..end`)を指定した書き出し。**フレーム範囲の型は export 側の	
fn	export_with_progress	motolii-export	engine/motolii-export/src/lib.rs:180	pub	5	[`export_with_cancel`] の進捗コールバック版。**署名不変**の呼び手互換を	
fn	export_range_with_progress	motolii-export	engine/motolii-export/src/lib.rs:195	pub	19	[`export_range_with_cancel`] の進捗コールバック版 — **実ループはここだけ**。	
fn	export_still	motolii-export	engine/motolii-export/src/lib.rs:264	pub	5	単一フレーム → PNG の薄い口。**動画書き出しと同じ評価経路	
fn	export_lottie	motolii-export	engine/motolii-export/src/lottie.rs:103	pub	15	Document(の現在の edit 時点)を Lottie JSON へ書き出す。	
fn	ExportQuality::qp0	motolii-export-pane	ui/motolii-export-pane/src/lib.rs:154	pub	62	`motolii_export::ExportJob::qp0` へ渡す実値。**写像はここ1箇所だけ**。	
fn	ExportQuality::from_qp0	motolii-export-pane	ui/motolii-export-pane/src/lib.rs:159	pub	2	toggler(bool)→ enum の逆写像([`qp0`](Self::qp0) と往復不変)。	
fn	ExportRange::work_area_only	motolii-export-pane	ui/motolii-export-pane/src/lib.rs:187	pub	12	toggler(「作業範囲のみ」)の表示値。	
fn	ExportRange::from_work_area_only	motolii-export-pane	ui/motolii-export-pane/src/lib.rs:192	pub	2	toggler(bool)→ enum の逆写像([`work_area_only`](Self::work_area_only)	
fn	FrameRange::frame_count	motolii-export-pane	ui/motolii-export-pane/src/lib.rs:224	pub	36	フレーム数(最短1 — [`effective_range`] の不変)。	
fn	FrameRange::last_frame	motolii-export-pane	ui/motolii-export-pane/src/lib.rs:229	pub	19	最終フレーム(半開なので `end - 1`)。	
fn	effective_range	motolii-export-pane	ui/motolii-export-pane/src/lib.rs:235	pub	15	選択と作業範囲から、実際に書き出す区間を決める純関数。	
fn	progress_fraction	motolii-export-pane	ui/motolii-export-pane/src/lib.rs:275	pub	5	進捗率 `0.0..=1.0`。`frames_total <= 0`(来ない想定の防波堤)は 0.0 扱い —	
fn	format_resolution	motolii-export-pane	ui/motolii-export-pane/src/lib.rs:288	pub	2	解像度の表示。`×` は U+00D7(ASCII `x` の代用をしない)。	
fn	resolution_within_cap	motolii-export-pane	ui/motolii-export-pane/src/lib.rs:293	pub	6	comp が encoder/texture の床([`MAX_COMP_DIMENSION_PX`] = wgpu	
fn	format_range_summary	motolii-export-pane	ui/motolii-export-pane/src/lib.rs:300	pub	3	区間の表示。「先頭 – 最終(枚数 frames)」— 半開の `end` を生で見せない	
fn	format_progress	motolii-export-pane	ui/motolii-export-pane/src/lib.rs:311	pub	2	進捗の表示。「済 / 総(百分率%)」。	
fn	view	motolii-export-pane	ui/motolii-export-pane/src/lib.rs:346	pub	1647	Export ダイアログの view(浮かし窓の中身)。settings sections と同じ	
fn	toggler_style	motolii-export-pane	ui/motolii-export-pane/src/lib.rs:578	pub	6	toggler の意味色ロール(初出 — 裁定187 で標準 widget を採用した最初の面)。	
fn	system_fonts	motolii-font-catalog	ui/motolii-font-catalog/src/lib.rs:119	pub	13	システムフォント一覧。**プロセス内で1回だけ走査する**(`OnceLock` —	
fn	find_family	motolii-font-catalog	ui/motolii-font-catalog/src/lib.rs:129	pub	5	family 名から1件引く(pick_list の選択・`TextField::FontFamily` 手打ちの	
fn	default_font	motolii-font-catalog	ui/motolii-font-catalog/src/lib.rs:136	pub	3	既定として選ぶ1本。**見つかれば**よく知られた汎用ファミリを優先する ——	
fn	Icon::handle	motolii-icons	ui/motolii-icons/src/lib.rs:191	pub	66	iced の svg [`Handle`](svg::Handle)。id は内容 hash(fork	
fn	icon	motolii-icons	ui/motolii-icons/src/lib.rs:199	pub	68	アイコンの widget(公開 API)。`size` は正方形の枠寸(px)、`color` は	
fn	frame_px_for_glyph_px	motolii-icons	ui/motolii-icons/src/lib.rs:209	pub	15	文字グリフ(字寸 `glyph_px` の text)を置換する時のアイコン枠寸。	
fn	percent_to_speed_ratio	motolii-inspector-pane	ui/motolii-inspector-pane/src/attrs.rs:44	pub	13	表示 % → `motolii_store::Speed` の `(num, den)`。**p は正の有限値のみ受理**	
fn	speed_percent	motolii-inspector-pane	ui/motolii-inspector-pane/src/attrs.rs:60	pub	25	`Speed` の `(num, den)` → 表示 %(逆算、[`percent_to_speed_ratio`] の逆写像)。	
fn	next_blend_mode	motolii-inspector-pane	ui/motolii-inspector-pane/src/attrs.rs:95	pub	27	Blend 巡回ボタンの次の値。**現在値が [`SUPPORTED_BLEND_MODES`] に無い場合**	
fn	next_label_color	motolii-inspector-pane	ui/motolii-inspector-pane/src/chrome.rs:35	pub	10	チップ click 後の palette index。未割当(`None` — 旧ドキュメントの読み戻し)	
fn	cycle_inspector_label_color	motolii-inspector-pane	ui/motolii-inspector-pane/src/chrome.rs:47	pub	9	ラベル色チップ — 即1回の `Intent::SetAttrs`(`ToggleHidden` と同じ即時操作の	
fn	row_band_style	motolii-inspector-pane	ui/motolii-inspector-pane/src/chrome.rs:71	pub	16	`.cols`/`.prow` 系の行スタイル。線化 D5(裁定179 文法1、	
fn	property_row_css	motolii-inspector-pane	ui/motolii-inspector-pane/src/chrome.rs:252	pub	21		
fn	ColorChannel::index	motolii-inspector-pane	ui/motolii-inspector-pane/src/color.rs:90	pub	285	`[f64; 4]`(`Value::Color`/`TextDocumentStyle::fill` と同じ並び)内の添字。	
fn	text_style_color	motolii-inspector-pane	ui/motolii-inspector-pane/src/color.rs:151	pub	10	`style` から `target` の実 RGBA を読む。`Stroke` が `None` の間は	
fn	set_text_style_color_channel	motolii-inspector-pane	ui/motolii-inspector-pane/src/color.rs:161	pub	9	`style` の `target` の1チャンネルだけを書き換える(`crate::next_value` の	
fn	parse_color_channel_u8	motolii-inspector-pane	ui/motolii-inspector-pane/src/color.rs:181	pub	9	数値入力欄の文字列 → 0.0..1.0 にクランプした値(0..255 の8bit表示から)。	
fn	format_color_channel_u8	motolii-inspector-pane	ui/motolii-inspector-pane/src/color.rs:188	pub	5	[`parse_color_channel_u8`] の逆写像 — 0.0..1.0 → 0..255 の表示文字列	
fn	color_channel_display	motolii-inspector-pane	ui/motolii-inspector-pane/src/color.rs:195	pub	3	欄の現在値の表示文字列(下書きが無い時に欄へ出す値)。	
fn	commit_text_style_color	motolii-inspector-pane	ui/motolii-inspector-pane/src/color.rs:207	pub	22	色欄(R/G/B/A)の1チャンネル — 下書きを確定して1回の	
fn	color_row	motolii-inspector-pane	ui/motolii-inspector-pane/src/color.rs:285	pub	9	1色ぶんの行: 色見本 + ラベル + RGBA 4欄(`motolii_settings_pane::background_row`	
fn	GlowParam::name	motolii-inspector-pane	ui/motolii-inspector-pane/src/effects.rs:59	pub	680	track 名の断片(`effect.{id}.param.{name}` の `{name}`)。engine の	
fn	GlowParam::label	motolii-inspector-pane	ui/motolii-inspector-pane/src/effects.rs:69	pub	525	行ラベル(表示)。`name` の頭を大文字化しただけ — 発明ではない。	
fn	GlowParam::default_value	motolii-inspector-pane	ui/motolii-inspector-pane/src/effects.rs:78	pub	10	track の無い param の既定値。**engine の既定	
fn	plugin_params	motolii-inspector-pane	ui/motolii-inspector-pane/src/effects.rs:91	pub	8	plugin id → param カタログ。**未知 plugin は空**(store は catalog を知らず、	
fn	plugin_display_name	motolii-inspector-pane	ui/motolii-inspector-pane/src/effects.rs:101	pub	7	plugin id → 表示名。既知 plugin だけ人間可読名、未知は plugin_id をそのまま	
fn	effects_with_removed	motolii-inspector-pane	ui/motolii-inspector-pane/src/effects.rs:119	pub	6	取り除いた後の effect 一覧(純関数 — [`masks_with_cycled_mode`] と同型)。	
fn	effects_with_moved_up	motolii-inspector-pane	ui/motolii-inspector-pane/src/effects.rs:135	pub	7	1つ上(適用順の前)へ動かした後の一覧。対象が居ない**か既に先頭**なら	
fn	effects_with_moved_down	motolii-inspector-pane	ui/motolii-inspector-pane/src/effects.rs:151	pub	5	1つ下(適用順の後)へ。[`effects_with_moved_up`] の対 — 末尾なら `None`。	
fn	remove_inspector_effect	motolii-inspector-pane	ui/motolii-inspector-pane/src/effects.rs:165	pub	8	EFFECTS section の remove — 即1回の `Intent::SetEffects`	
fn	move_inspector_effect_up	motolii-inspector-pane	ui/motolii-inspector-pane/src/effects.rs:178	pub	5	EFFECTS section の上へ移動([`remove_inspector_effect`] と同型)。端は no-op。	
fn	move_inspector_effect_down	motolii-inspector-pane	ui/motolii-inspector-pane/src/effects.rs:189	pub	5	EFFECTS section の下へ移動(同上)。	
fn	toggle_inspector_effect_bypass	motolii-inspector-pane	ui/motolii-inspector-pane/src/effects.rs:200	pub	7	EFFECTS section の bypass トグル。**裁定213/214 で設計をやり直した** —	
fn	view	motolii-inspector-pane	ui/motolii-inspector-pane/src/lib.rs:380	pub	1647		
fn	view_with_speed_draft	motolii-inspector-pane	ui/motolii-inspector-pane/src/lib.rs:390	pub	5	[`view`] と同じだが、Speed 欄(ATTRS、SP1 第一波)の編集下書きも渡せる。	
fn	view_with_text_draft	motolii-inspector-pane	ui/motolii-inspector-pane/src/lib.rs:416	pub	3	[`view_with_speed_draft`] と同じだが、TEXT section(B46 第1切片、裁定184)の	
fn	view_with_color_draft	motolii-inspector-pane	ui/motolii-inspector-pane/src/lib.rs:443	pub	2	[`view_with_text_draft`] と同じだが、TEXT section の色エディタ	
fn	LinkTarget::label	motolii-inspector-pane	ui/motolii-inspector-pane/src/link.rs:57	pub	525		
fn	LinkTarget::property_id	motolii-inspector-pane	ui/motolii-inspector-pane/src/link.rs:77	pub	35	標準 property 名は予約語でも空でもないので構築は失敗し得ない	
fn	LinkTarget::from_property_name	motolii-inspector-pane	ui/motolii-inspector-pane/src/link.rs:83	pub	1	[`Self::property_id`] の逆写像 ── `PropertySource::Link` を読んだ時に	
fn	commit_inspector_link	motolii-inspector-pane	ui/motolii-inspector-pane/src/link.rs:131	pub	9	LINK 元を選ぶ(pick_list からの選択)。**即1回の `Intent::SetPropertyLink`**	
fn	clear_inspector_link	motolii-inspector-pane	ui/motolii-inspector-pane/src/link.rs:160	pub	8	LINK を外す ── **`Intent::SetTrack` を再び投げるだけ**(`crate::slot`	
fn	next_mask_mode	motolii-inspector-pane	ui/motolii-inspector-pane/src/mask.rs:32	pub	12	mask mode 巡回ボタンの次の値。並びは `motolii_store::MaskMode` の宣言順	
fn	masks_with_cycled_mode	motolii-inspector-pane	ui/motolii-inspector-pane/src/mask.rs:48	pub	8	mode 巡回後の mask 一覧(純関数 — Document には触れない)。対象の mask が	
fn	masks_with_toggled_inverted	motolii-inspector-pane	ui/motolii-inspector-pane/src/mask.rs:71	pub	6	inverted トグル後の mask 一覧([`masks_with_cycled_mode`] と同型の純関数)。	
fn	cycle_inspector_mask_mode	motolii-inspector-pane	ui/motolii-inspector-pane/src/mask.rs:90	pub	8	MASK section の mode 巡回 — 即1回の `Intent::SetMasks` を出す(1 click =	
fn	toggle_inspector_mask_inverted	motolii-inspector-pane	ui/motolii-inspector-pane/src/mask.rs:102	pub	6	MASK section の inverted トグル([`cycle_inspector_mask_mode`] と同型)。	
fn	next_matte_mode	motolii-inspector-pane	ui/motolii-inspector-pane/src/matte.rs:32	pub	8	mode 巡回ボタンの次の値。`motolii_store::MatteMode` の宣言順	
fn	set_inspector_matte_source	motolii-inspector-pane	ui/motolii-inspector-pane/src/matte.rs:46	pub	10	MATTE 元を選ぶ(pick_list からの選択)。**即1回の `Intent::SetAttrs`**	
fn	cycle_inspector_matte_mode	motolii-inspector-pane	ui/motolii-inspector-pane/src/matte.rs:72	pub	7	MATTE mode 巡回 ── 即1回の `Intent::SetAttrs`(`CycleBlendMode`/	
fn	clear_inspector_matte	motolii-inspector-pane	ui/motolii-inspector-pane/src/matte.rs:102	pub	7	MATTE を外す(`matte: None`)。既に無ければ no-op(決定7「同値は Undo を	
fn	project	motolii-inspector-pane	ui/motolii-inspector-pane/src/projection.rs:468	pub	113	`store`/`session` から選択層の Inspector 投影を組み立てる。**読むだけ**。	
fn	default_text_document	motolii-inspector-pane	ui/motolii-inspector-pane/src/text.rs:119	pub	25	text_document が未着手の layer に**表示専用**で見せる既定値。**保存しない**	
fn	default_text_style	motolii-inspector-pane	ui/motolii-inspector-pane/src/text.rs:137	pub	30	スタイル表の既定行(裁定98: `styles[0]` = document 既定値)。この切片は	
fn	next_text_justify	motolii-inspector-pane	ui/motolii-inspector-pane/src/text.rs:181	pub	2	Justify 巡回ボタンの次の値。`TextJustify` の宣言順(Left → Right →	
fn	applied_text_field	motolii-inspector-pane	ui/motolii-inspector-pane/src/text.rs:192	pub	5	下書き文字列を [`TextField`] の意味で `style` へ適用した新しいコピー	
fn	text_document_content	motolii-inspector-pane	ui/motolii-inspector-pane/src/text.rs:244	pub	5	[`TextDocument::content`] の**現在値**を読む(表示専用)。裁定92の対象外	
fn	applied_text_content	motolii-inspector-pane	ui/motolii-inspector-pane/src/text.rs:256	pub	4	下書き文字列を新しい `content`(`ContentTrack`)へ適用する。**単一の Hold	
fn	commit_text_field	motolii-inspector-pane	ui/motolii-inspector-pane/src/text.rs:319	pub	30	TEXT section の text_input 系フィールド — 下書きを確定して1回の	
fn	commit_text_font_pick	motolii-inspector-pane	ui/motolii-inspector-pane/src/text.rs:363	pub	11	pick_list からの選択 — **family と path を同時に**書く(2026-08-22 追い	
fn	cycle_text_justify	motolii-inspector-pane	ui/motolii-inspector-pane/src/text.rs:402	pub	7	Justify の巡回 — 即1回の `Intent::SetTextDocument`(`CycleBlendMode`/	
fn	reset_text_line_height	motolii-inspector-pane	ui/motolii-inspector-pane/src/text.rs:411	pub	9	Line Height を Auto(`None`)へ戻す(`ResetSpeed` と同じ即時操作の形)。	
fn	reset_text_tracking	motolii-inspector-pane	ui/motolii-inspector-pane/src/text.rs:423	pub	6	Tracking を 0 へ戻す(map「Reset tracking to 0」、[`reset_text_line_height`]	
fn	text_field_track_target	motolii-inspector-pane	ui/motolii-inspector-pane/src/text.rs:533	pub	6	**D-1 結線(2026-08-23)**: `TextField::Size`/`LineHeight`/`Tracking` の	
fn	TextStyleField::property_id	motolii-inspector-pane	ui/motolii-inspector-pane/src/text.rs:824	pub	35	この field の `PropertyId`(裁定214 の器、A-1 が `text.rs`(store crate)	
fn	TextStyleField::static_value	motolii-inspector-pane	ui/motolii-inspector-pane/src/text.rs:834	pub	12	track が無い時の基準値 — **静的フィールドをそのまま読む**	
fn	commit_text_style_track_field	motolii-inspector-pane	ui/motolii-inspector-pane/src/text.rs:865	pub	11	TEXT section の track 版コミット(`crate::transform::commit_inspector_field`	
fn	toggle_text_style_key	motolii-inspector-pane	ui/motolii-inspector-pane/src/text.rs:912	pub	15	Key 列 click の意味(`crate::transform::toggled_key_track` をそのまま	
fn	start_text_style_drag	motolii-inspector-pane	ui/motolii-inspector-pane/src/text.rs:970	pub	5	press — click か drag かはまだ未確定(`start_field_drag` と同じ形)。選択	
fn	continue_text_style_drag	motolii-inspector-pane	ui/motolii-inspector-pane/src/text.rs:1015	pub	7	window 全体の cursor 移動(`continue_field_drag` と同じ形 — transient	
fn	finish_text_style_drag	motolii-inspector-pane	ui/motolii-inspector-pane/src/text.rs:1049	pub	6	release(`finish_field_drag` と同じ形): 実際に動いていたら最後の transient	
fn	property_id	motolii-inspector-pane	ui/motolii-inspector-pane/src/transform.rs:91	pub	35	この field の store 上の property。標準 property は予約語でも空でもなく、	
fn	next_value	motolii-inspector-pane	ui/motolii-inspector-pane/src/transform.rs:120	pub	25	`field` を編集した結果の新しい `Value`。Vec2 系(Position/Scale/Anchor の X/Y)は	
fn	default_vec2	motolii-inspector-pane	ui/motolii-inspector-pane/src/transform.rs:155	pub	11	track が無い(まだキーを打っていない)Vec2 property の既定値。Scale だけ等倍(1.0)、	
fn	single_hold_track	motolii-inspector-pane	ui/motolii-inspector-pane/src/transform.rs:164	pub	22	静的値を書く唯一の形。**1キー `Hold`**(発注書が名指しした流儀)。時刻は	
fn	key_row_property_id	motolii-inspector-pane	ui/motolii-inspector-pane/src/transform.rs:240	pub	8	この行の store 上の property。標準 property・mask opacity・effect param の	
fn	key_row_default_value	motolii-inspector-pane	ui/motolii-inspector-pane/src/transform.rs:255	pub	9	track がまだ無い行の既定値(`project` の各行の default と同じ値 —	
fn	key_cell_state	motolii-inspector-pane	ui/motolii-inspector-pane/src/transform.rs:312	pub	28	**3状態 oracle**(表示と click 判定の共通正本 — view と	
fn	toggled_key_track	motolii-inspector-pane	ui/motolii-inspector-pane/src/transform.rs:332	pub	24	**Key click の意味**: 今の track から、click 後に `Intent::SetTrack` で	
fn	edited_value_track	motolii-inspector-pane	ui/motolii-inspector-pane/src/transform.rs:414	pub	34	**値編集の意味**(AE 作法、2026-08-22 発注 — 利用者実窓指摘「キーが1つ	
fn	format_number	motolii-inspector-pane	ui/motolii-inspector-pane/src/transform.rs:469	pub	22		
fn	display_number	motolii-inspector-pane	ui/motolii-inspector-pane/src/transform.rs:501	pub	18	セルに収まる精度へ落とした**表示専用**の整形(裁定169)。field 既定の	
fn	field_decimals	motolii-inspector-pane	ui/motolii-inspector-pane/src/transform.rs:519	pub	15	[`project`] が組む行の decimals は field ごとに固定(Position/Scale/Anchor=3、	
fn	dragged_value	motolii-inspector-pane	ui/motolii-inspector-pane/src/transform.rs:583	pub	14	press 開始点からの x 差分(px)を「表示単位」の新しい値へ写す。`fine` は	
fn	drag_origin	motolii-inspector-pane	ui/motolii-inspector-pane/src/transform.rs:593	pub	17	drag(または click→type 編集)を始める前に読む、`field` の現在値。	
fn	field_input_id	motolii-inspector-pane	ui/motolii-inspector-pane/src/transform.rs:654	pub	4	text_input へ確定的な `Id` を割る — click→type 編集へ切り替わった直後、	
fn	commit_inspector_field	motolii-inspector-pane	ui/motolii-inspector-pane/src/transform.rs:740	pub	50	Inspector の Transform 行 — 下書きを確定して1回の `Intent::SetTrack` を出す	
fn	commit_inspector_name	motolii-inspector-pane	ui/motolii-inspector-pane/src/transform.rs:792	pub	8	Attrs の Name 欄 — 下書きを確定して1回の `Intent::SetAttrs` を出す。下書きが	
fn	start_field_drag	motolii-inspector-pane	ui/motolii-inspector-pane/src/transform.rs:813	pub	11	値セルの press — click か drag かはまだ未確定(`FieldDragState::origin_x` が	
fn	continue_field_drag	motolii-inspector-pane	ui/motolii-inspector-pane/src/transform.rs:851	pub	13	window 全体の cursor 移動。drag が armed/dragging でなければ即 no-op。	
fn	finish_field_drag	motolii-inspector-pane	ui/motolii-inspector-pane/src/transform.rs:896	pub	16	左クリック release(window 全体から)。**drag が実際に動いていたら確定**:	
fn	cancel_field_interaction	motolii-inspector-pane	ui/motolii-inspector-pane/src/transform.rs:951	pub	8	Esc: 進行中の drag があれば `clear_transient` で復元し(overlay は edit	
fn	Scope::always_fires	motolii-keymap	ui/motolii-keymap/src/binding.rs:34	pub	2	text_input が既にこのキーを消費した(`captured_by_text_input`)状態でも	
fn	Binding::new	motolii-keymap	ui/motolii-keymap/src/binding.rs:51	pub	2363		
fn	Binding::label	motolii-keymap	ui/motolii-keymap/src/binding.rs:55	pub	525	表示用ラベル(`Cmd+Shift+Z` 等)。[`ModifierSpec::label_prefix`] +	
fn	Keymap::build	motolii-keymap	ui/motolii-keymap/src/binding.rs:81	pub	76	衝突検出を通してから組む。**`scope` をまたいで**衝突を見る —	
fn	Keymap::bindings	motolii-keymap	ui/motolii-keymap/src/binding.rs:104	pub	28		
fn	Keymap::resolve	motolii-keymap	ui/motolii-keymap/src/binding.rs:108	pub	273	(キー+修飾キー+文脈)→ 動詞 id。**pure** — `resolve_navigation_key` と	
fn	Keymap::shortcut_label	motolii-keymap	ui/motolii-keymap/src/binding.rs:124	pub	4	ある動詞に結びついた**最初の** binding の表示ラベル。1動詞が複数キーを	
fn	global_bindings	motolii-keymap	ui/motolii-keymap/src/defaults.rs:37	pub	14	`inspector_pointer_event`(`next/shell/motolii-shell/src/input.rs`)の	
fn	nav_bundle_bindings	motolii-keymap	ui/motolii-keymap/src/defaults.rs:97	pub	17	`resolve_navigation_key`(`lib.rs` 4109行目〜)の全 match 腕。**テキスト	
fn	default_bindings	motolii-keymap	ui/motolii-keymap/src/defaults.rs:348	pub	12	両方の表を実際のイベント到達順(`global` が先)で連結した、shell 全体の	
fn	default_keymap	motolii-keymap	ui/motolii-keymap/src/defaults.rs:356	pub	6	[`default_bindings`] から組んだ [`Keymap`]。**衝突があれば `panic`** —	
fn	nav_bundle_keymap	motolii-keymap	ui/motolii-keymap/src/defaults.rs:364	pub	6	[`nav_bundle_bindings`] だけを組んだ [`Keymap`]。`resolve_navigation_key`	
fn	NamedKey::label	motolii-keymap	ui/motolii-keymap/src/key.rs:25	pub	525	表示用ラベル(`Keymap::shortcut_label` が使う)。	
fn	Key::character	motolii-keymap	ui/motolii-keymap/src/key.rs:52	pub	54	大小どちらで渡しても小文字へ正規化する構築子。	
fn	Key::label	motolii-keymap	ui/motolii-keymap/src/key.rs:57	pub	525	表示用ラベル。	
fn	Modifiers::command	motolii-keymap	ui/motolii-keymap/src/key.rs:82	pub	83		
fn	Modifiers::shift	motolii-keymap	ui/motolii-keymap/src/key.rs:86	pub	106		
fn	Modifiers::alt	motolii-keymap	ui/motolii-keymap/src/key.rs:90	pub	31		
fn	Modifiers::with_shift	motolii-keymap	ui/motolii-keymap/src/key.rs:94	pub	0		呼び手ゼロ
fn	ModifierSpec::command_required	motolii-keymap	ui/motolii-keymap/src/key.rs:122	pub	38		
fn	ModifierSpec::shift_required	motolii-keymap	ui/motolii-keymap/src/key.rs:127	pub	34		
fn	ModifierSpec::alt_required	motolii-keymap	ui/motolii-keymap/src/key.rs:132	pub	8		
fn	ModifierSpec::matches	motolii-keymap	ui/motolii-keymap/src/key.rs:137	pub	268	実際の押下状態がこの判定式を満たすか。	
fn	ModifierSpec::overlaps	motolii-keymap	ui/motolii-keymap/src/key.rs:151	pub	5	2つの判定式を**同時に満たす** `Modifiers` が存在しうるか(衝突検出の核)。	
fn	ModifierSpec::label_prefix	motolii-keymap	ui/motolii-keymap/src/key.rs:167	pub	4	表示ラベルの修飾キー部分(`Cmd+Shift+` のような prefix)。**要求されて	
fn	FrameReaderCancel::cancel	motolii-media	engine/motolii-media/src/decode.rs:21	pub	96	この読み出し要求をキャンセル済みにする。	
fn	FrameReaderCancel::is_cancelled	motolii-media	engine/motolii-media/src/decode.rs:26	pub	9	キャンセル済みか。	
fn	FrameReaderKillHandle::kill	motolii-media	engine/motolii-media/src/decode.rs:39	pub	15	子プロセスを kill し wait する。ブロッキング read 中のスレッド解放用。	
fn	FrameReader::open	motolii-media	engine/motolii-media/src/decode.rs:72	pub	173	`start_frame`から順方向に読むリーダーを開く。	
fn	FrameReader::desc	motolii-media	engine/motolii-media/src/decode.rs:122	pub	61		
fn	FrameReader::next_frame_index	motolii-media	engine/motolii-media/src/decode.rs:126	pub	5	次に読むフレーム番号(開いた直後は `start_frame`)。	
fn	FrameReader::cancel_token	motolii-media	engine/motolii-media/src/decode.rs:131	pub	2	論理キャンセル用トークン(複製可。別スレッドから古い要求を打ち切る)。	
fn	FrameReader::kill_handle	motolii-media	engine/motolii-media/src/decode.rs:136	pub	2	子プロセス kill 用ハンドル(cancel とは別系統)。	
fn	FrameReader::next_frame	motolii-media	engine/motolii-media/src/decode.rs:143	pub	8	次のフレームを読む。ストリーム終端でNone。キャンセル済みなら [`MediaError::Cancelled`]。	
fn	read_frame_at	motolii-media	engine/motolii-media/src/decode.rs:231	pub	11	指定フレーム1枚だけを読む(スクラブ・テスト用のショートカット)。	
fn	Encoder::open	motolii-media	engine/motolii-media/src/encode.rs:18	pub	173	出力先とフレーム仕様を指定してエンコーダを開く。	
fn	Encoder::open_with_command	motolii-media	engine/motolii-media/src/encode.rs:24	pub	2	実行ファイルパスを明示してエンコーダを開く(テスト用)。	
fn	Encoder::write_frame	motolii-media	engine/motolii-media/src/encode.rs:78	pub	6		
fn	Encoder::finish	motolii-media	engine/motolii-media/src/encode.rs:92	pub	27	stdinを閉じてffmpegの完了を待つ。必ず呼ぶこと(Dropは強制終了する)。	
fn	tools_available	motolii-media	engine/motolii-media/src/lib.rs:113	pub	0	ffmpeg/ffprobeがPATHにあるか。アプリ起動時チェック(CLI)用。	呼び手ゼロ
fn	verify_tool_versions	motolii-media	engine/motolii-media/src/lib.rs:133	pub	1	アプリ起動時に呼ぶ: ffmpeg/ffprobeの存在とバージョンを検証する。	
fn	probe_audio	motolii-media	engine/motolii-media/src/mux.rs:57	pub	7	先頭音声ストリームを解析する。無音声なら Err。	
fn	audio_codec_allows_stream_copy	motolii-media	engine/motolii-media/src/mux.rs:116	pub	2	mp4へ無劣化コピーできるコーデックか。	
fn	choose_audio_encode_mode	motolii-media	engine/motolii-media/src/mux.rs:121	pub	5		
fn	mux_soundtrack	motolii-media	engine/motolii-media/src/mux.rs:129	pub	6	映像mp4 + 楽曲ファイル → 音声付きmp4。	
fn	mux_mixed_pcm	motolii-media	engine/motolii-media/src/mux.rs:208	pub	6		
fn	write_f32le_wav_stereo_48k	motolii-media	engine/motolii-media/src/mux.rs:240	pub	6	正準48kHz stereo interleaved f32 を IEEE float WAV として書く。	
fn	MediaStreamKind::as_str	motolii-media	engine/motolii-media/src/probe.rs:71	pub	34		
fn	probe	motolii-media	engine/motolii-media/src/probe.rs:162	pub	199	ffprobeで先頭映像ストリームを解析する(後方互換)。	
fn	probe_container	motolii-media	engine/motolii-media/src/probe.rs:180	pub	14	container内の全video/audio streamを列挙する(AG-1)。	
fn	select_video_stream	motolii-media	engine/motolii-media/src/probe.rs:255	pub	4	kind+ordinalでvideo streamを取得する。欠落はtyped error(別streamへfallbackしない)。	
fn	select_audio_stream	motolii-media	engine/motolii-media/src/probe.rs:266	pub	10	kind+ordinalでaudio streamを取得する。欠落はtyped error。	
fn	require_supported_audio	motolii-media	engine/motolii-media/src/probe.rs:277	pub	7	AG-1で受理するaudio codec/layoutか。未対応はtyped error。	
fn	waveform_peaks	motolii-media	engine/motolii-media/src/waveform.rs:74	pub	15	指定音声(またはコンテナ内の先頭音声トラック)を `buckets` 個の (min, max) へ	
fn	clip_context_items	motolii-menubar	ui/motolii-menubar/src/context.rs:158	pub	10	クリップ右クリックの項目列を組む。並び・ラベルの正本はこの関数	
fn	layer_row_context_items	motolii-menubar	ui/motolii-menubar/src/context.rs:201	pub	10	レイヤー行右クリックの項目列を組む。並びは rename → restack(4項目)→	
fn	canvas_context_items	motolii-menubar	ui/motolii-menubar/src/context.rs:244	pub	9	キャンバス右クリックの項目列を組む。	
fn	keyframe_context_items	motolii-menubar	ui/motolii-menubar/src/context.rs:274	pub	10	キーフレーム右クリックの項目列を組む。	
fn	open_at	motolii-menubar	ui/motolii-menubar/src/context.rs:298	pub	6	`base` の上に文脈メニュー(`items`)を `anchor`(右クリック位置)へ重ねる。	
fn	menu_bar	motolii-menubar	ui/motolii-menubar/src/lib.rs:72	pub	104	メニューバー本体を組む。バー項目 click で menu が開き、項目 click で `message`	
fn	edit_menu	motolii-menubar	ui/motolii-menubar/src/menus.rs:179	pub	23	Edit メニュー本体を組む。並び・ラベルの正本はこの関数	
fn	layer_menu	motolii-menubar	ui/motolii-menubar/src/menus.rs:229	pub	22	Layer メニュー本体を組む。shell `menu.rs` の `menus()` 内 Layer 定義は	
fn	window_menu	motolii-menubar	ui/motolii-menubar/src/menus.rs:271	pub	13	Window メニュー本体を組む。並び・ラベルの正本はこの関数(モジュール冒頭	
fn	help_menu	motolii-menubar	ui/motolii-menubar/src/menus.rs:297	pub	10	Help メニュー本体を組む。	
fn	pad_rectangle	motolii-menubar	ui/motolii-menubar/src/vendored/menu/common.rs:107	pub	7		
fn	resolve	motolii-menubar	ui/motolii-menubar/src/vendored/menu/flex.rs:69	pub	273	Computes the flex layout with the given axis and limits, applying spacing,	
fn	MenuBar::new	motolii-menubar	ui/motolii-menubar/src/vendored/menu/menu_bar.rs:131	pub	2363	Creates a [`MenuBar`] with the given root items.	
fn	MenuBar::width	motolii-menubar	ui/motolii-menubar/src/vendored/menu/menu_bar.rs:161	pub	1331	Sets the width of the [`MenuBar`].	
fn	MenuBar::height	motolii-menubar	ui/motolii-menubar/src/vendored/menu/menu_bar.rs:167	pub	956	Sets the height of the [`MenuBar`].	
fn	MenuBar::spacing	motolii-menubar	ui/motolii-menubar/src/vendored/menu/menu_bar.rs:173	pub	130	Sets the spacing of the [`MenuBar`].	
fn	MenuBar::safe_bounds_margin	motolii-menubar	ui/motolii-menubar/src/vendored/menu/menu_bar.rs:179	pub	8	Sets the margin of the safe bounds of the [`Menu`]s in the [`MenuBar`].	
fn	MenuBar::draw_path	motolii-menubar	ui/motolii-menubar/src/vendored/menu/menu_bar.rs:188	pub	14	Sets the draw path option of the [`MenuBar`]	
fn	MenuBar::scroll_speed	motolii-menubar	ui/motolii-menubar/src/vendored/menu/menu_bar.rs:194	pub	12	Sets the scroll speed of the [`Menu`]s in the [`MenuBar`]	
fn	MenuBar::close_on_item_click	motolii-menubar	ui/motolii-menubar/src/vendored/menu/menu_bar.rs:200	pub	20	Sets the close on item click option of the [`MenuBar`]	
fn	MenuBar::close_on_background_click	motolii-menubar	ui/motolii-menubar/src/vendored/menu/menu_bar.rs:206	pub	18	Sets the close on background click option of the [`MenuBar`]	
fn	MenuBar::close_on_item_click_global	motolii-menubar	ui/motolii-menubar/src/vendored/menu/menu_bar.rs:212	pub	1	Sets the global default close on item click option	
fn	MenuBar::close_on_background_click_global	motolii-menubar	ui/motolii-menubar/src/vendored/menu/menu_bar.rs:218	pub	1	Sets the global default close on background click option	
fn	MenuBar::padding	motolii-menubar	ui/motolii-menubar/src/vendored/menu/menu_bar.rs:224	pub	347	Sets the padding of the [`MenuBar`].	
fn	MenuBar::style	motolii-menubar	ui/motolii-menubar/src/vendored/menu/menu_bar.rs:230	pub	805	Sets the style of the [`MenuBar`].	
fn	MenuBar::class	motolii-menubar	ui/motolii-menubar/src/vendored/menu/menu_bar.rs:239	pub	30	Sets the class of the input of the [`MenuBar`].	
fn	Menu::new	motolii-menubar	ui/motolii-menubar/src/vendored/menu/menu_tree.rs:155	pub	2363	Creates a [`Menu`] with the given items.	
fn	Menu::width	motolii-menubar	ui/motolii-menubar/src/vendored/menu/menu_tree.rs:170	pub	1331	Sets the width of the [`Menu`].	
fn	Menu::spacing	motolii-menubar	ui/motolii-menubar/src/vendored/menu/menu_tree.rs:176	pub	130	Sets the spacing of the [`Menu`].	
fn	Menu::offset	motolii-menubar	ui/motolii-menubar/src/vendored/menu/menu_tree.rs:182	pub	211	The offset from the menu's parent item.	
fn	Menu::padding	motolii-menubar	ui/motolii-menubar/src/vendored/menu/menu_tree.rs:188	pub	347	Sets the padding of the [`Menu`].	
fn	Menu::close_on_item_click	motolii-menubar	ui/motolii-menubar/src/vendored/menu/menu_tree.rs:194	pub	20	Sets the close on item click option of the [`Menu`].	
fn	Menu::close_on_background_click	motolii-menubar	ui/motolii-menubar/src/vendored/menu/menu_tree.rs:200	pub	18	Sets the close on background click option of the [`Menu`].	
fn	Item::new	motolii-menubar	ui/motolii-menubar/src/vendored/menu/menu_tree.rs:825	pub	2363	Creates an [`Item`] with the given element.	
fn	Item::with_menu	motolii-menubar	ui/motolii-menubar/src/vendored/menu/menu_tree.rs:834	pub	5	Creates an [`Item`] with the given element and menu.	
fn	Item::close_on_click	motolii-menubar	ui/motolii-menubar/src/vendored/menu/menu_tree.rs:846	pub	7	Sets the close on click option of the [`Item`].	
fn	primary	motolii-menubar	ui/motolii-menubar/src/vendored/style/menu_bar.rs:87	pub	24	The primary theme of a [`Menu`](crate::widget::menu::Menu).	
fn	button_style	motolii-settings-pane	ui/motolii-settings-pane/src/chrome.rs:38	pub	20	header の3ボタン共通スタイル。**意味色ロール経由**(raw 値の直書き禁止) —	
fn	panel_container_style	motolii-settings-pane	ui/motolii-settings-pane/src/chrome.rs:73	pub	25	pane 容器(Settings/Inspector の root container)の共通スタイル。	
fn	section_header	motolii-settings-pane	ui/motolii-settings-pane/src/chrome.rs:95	pub	41	`pub`: `settings_pane`(この crate)と `inspector_pane`(root 側)が同じ	
fn	value_input_style	motolii-settings-pane	ui/motolii-settings-pane/src/chrome.rs:123	pub	21	`pub`: `settings_pane`(この crate)と `inspector_pane`(root 側)の数値欄	
fn	parse_number	motolii-settings-pane	ui/motolii-settings-pane/src/chrome.rs:152	pub	26	入力文字列 → 数値。mock(`inspector-library.html`)は負号に `−`(U+2212)を使うので	
fn	toggler_style	motolii-settings-pane	ui/motolii-settings-pane/src/chrome.rs:159	pub	6	toggler の意味色ロール(裁定187 で `motolii-export-pane` が採択した二値選択	
fn	BackgroundChannel::index	motolii-settings-pane	ui/motolii-settings-pane/src/lib.rs:130	pub	285	`Composition::background`(`[f32; 4]`)内の添字。	
fn	preset_rgba	motolii-settings-pane	ui/motolii-settings-pane/src/lib.rs:174	pub	7	プリセットの実値。**丸め込み先はここ1箇所だけ**	
fn	parse_channel_u8	motolii-settings-pane	ui/motolii-settings-pane/src/lib.rs:186	pub	6	数値入力欄の文字列 → 0..255 にクランプした値。読めなければ `None`	
fn	parse_ui_scale_percent	motolii-settings-pane	ui/motolii-settings-pane/src/lib.rs:196	pub	10	入力文字列(%) → 50..200 にクランプ・1%刻みに丸めた `ui_scale`(1.00基準)。	
fn	apply_background_preset	motolii-settings-pane	ui/motolii-settings-pane/src/lib.rs:212	pub	7	背景色プリセット — 現在の `Composition` を読み、`background` だけ書き換えて	
fn	commit_background_channel	motolii-settings-pane	ui/motolii-settings-pane/src/lib.rs:225	pub	14	背景 RGBA の1チャンネル — 下書きを確定して1回の `Intent::SetComposition`	
fn	commit_ui_scale	motolii-settings-pane	ui/motolii-settings-pane/src/lib.rs:250	pub	6	ui_scale(%)欄 — 下書きを確定して 50..200 にクランプ、`Tokens`/`Dimensions`	
fn	checkerboard_tile_px	motolii-settings-pane	ui/motolii-settings-pane/src/lib.rs:279	pub	16	[`CHECKERBOARD_TILE_TARGET_PT`] を実際のタイル px へ変換する純関数	
fn	composite_checkerboard	motolii-settings-pane	ui/motolii-settings-pane/src/lib.rs:302	pub	16	Stage 画像の下に敷く市松。**フレームの実 rgba(engine の premultiplied alpha	
fn	composite_checkerboard_with_tile_px	motolii-settings-pane	ui/motolii-settings-pane/src/lib.rs:325	pub	6	[`composite_checkerboard`] のタイル寸指定版。実体はこちら — 呼び出し側が	
fn	view	motolii-settings-pane	ui/motolii-settings-pane/src/lib.rs:383	pub	1647		
fn	parse_comp_dimension	motolii-settings-pane	ui/motolii-settings-pane/src/sections.rs:193	pub	9	解像度欄の文字列 → 1..=[`MAX_COMP_DIMENSION_PX`] にクランプした px。	
fn	parse_comp_fps	motolii-settings-pane	ui/motolii-settings-pane/src/sections.rs:200	pub	8	fps 欄の文字列 → 1..=[`MAX_COMP_FPS`] にクランプ、1/1000 刻みで有理数化した	
fn	parse_comp_duration	motolii-settings-pane	ui/motolii-settings-pane/src/sections.rs:211	pub	6	尺欄の文字列 → 1..=[`MAX_COMP_DURATION_FRAMES`] にクランプしたフレーム数。	
fn	format_fps	motolii-settings-pane	ui/motolii-settings-pane/src/sections.rs:217	pub	11	[`Fps`] の表示文字列。整数 fps は素の整数(`30`)、非整数は小数3桁から	
fn	comp_field_display	motolii-settings-pane	ui/motolii-settings-pane/src/sections.rs:231	pub	7	フィールドの現在値の表示文字列(下書きが無い時に欄へ出す値)。	
fn	commit_comp_field	motolii-settings-pane	ui/motolii-settings-pane/src/sections.rs:241	pub	11	Composition の1フィールド — 下書きを確定して1回の `Intent::SetComposition`	
fn	parse_auto_save_interval_secs	motolii-settings-pane	ui/motolii-settings-pane/src/sections.rs:342	pub	8	間隔欄(分)の文字列 → [`AutoSaveConfig::interval_secs`](秒、整数)。	
fn	format_auto_save_interval_minutes	motolii-settings-pane	ui/motolii-settings-pane/src/sections.rs:353	pub	3	[`AutoSaveConfig::interval_secs`] の表示文字列(分、末尾ゼロを落とす —	
fn	parse_auto_save_generations	motolii-settings-pane	ui/motolii-settings-pane/src/sections.rs:363	pub	6	保持世代数欄の文字列 → 1..=[`MAX_AUTO_SAVE_GENERATIONS`] にクランプした	
fn	auto_save_field_display	motolii-settings-pane	ui/motolii-settings-pane/src/sections.rs:370	pub	7	フィールドの現在値の表示文字列(下書きが無い時に欄へ出す値)。	
fn	commit_auto_save_field	motolii-settings-pane	ui/motolii-settings-pane/src/sections.rs:378	pub	8	`AutoSaveConfig` の1フィールド — 下書きを確定して対応フィールドを書き換える。	
fn	view	motolii-settings-pane	ui/motolii-settings-pane/src/sections.rs:461	pub	1647	B12 第1切片の view(旧 [`crate::view`] の後継 — 結線されたら旧関数は撤去、	
fn	comp_cells_row_css	motolii-settings-pane	ui/motolii-settings-pane/src/sections.rs:584	pub	11	[`comp_cells_row`] の外枠(flex row)の CSS 宣言。	
fn	comp_cell_css	motolii-settings-pane	ui/motolii-settings-pane/src/sections.rs:597	pub	11	値セル(caption+text_input の列、[`comp_field_cell`])の CSS — 固定幅	
fn	tick_subscription	motolii-shell	shell/motolii-shell/src/auto_save.rs:29	pub	11	AUTOSAVE 間隔(秒)ごとに `()` を発行する購読。**`interval_secs` が識別子の	
fn	LayerSnapshot::capture	motolii-shell	shell/motolii-shell/src/clipboard.rs:44	pub	57	`layer` の今の Document 表現をまるごと読む。**store に聞く**(裁定57) —	
fn	LayerSnapshot::instantiate	motolii-shell	shell/motolii-shell/src/clipboard.rs:64	pub	8	`new_id` として新規配置する intent 列を組む。**呼び手は必ず `apply_all` で	
fn	Clipboard::set	motolii-shell	shell/motolii-shell/src/clipboard.rs:196	pub	105		
fn	Clipboard::get	motolii-shell	shell/motolii-shell/src/clipboard.rs:200	pub	123		
fn	select_all	motolii-shell	shell/motolii-shell/src/clipboard.rs:205	pub	30	**Select All(正典 §4「Cmd+A 正: 見えている行だけ」)の意味関数**。	
fn	Shell::export_progress	motolii-shell	shell/motolii-shell/src/export_ops.rs:282	pub	11	Export の実行結果/実行中状態の読み口(B09、第6波)。`None` = 実行	
fn	Shell::export_quality	motolii-shell	shell/motolii-shell/src/export_ops.rs:289	pub	11	Export の品質選択の読み口(B09、第6波)。運転席が	
fn	Shell::export_range	motolii-shell	shell/motolii-shell/src/export_ops.rs:295	pub	18	Export の範囲選択の読み口(B09、第6波)。同上。	
fn	Shell::export_out_path	motolii-shell	shell/motolii-shell/src/export_ops.rs:300	pub	16	書き出し先(`export_pane::Message::PickOutputPath` が	
fn	run_export_job_for_test	motolii-shell	shell/motolii-shell/src/export_ops.rs:543	pub	3	テスト専用: `Document` をその場で snapshot して `run_export_job` を同期に	
fn	build	motolii-shell	shell/motolii-shell/src/fixture.rs:150	pub	76		
fn	inspector_pointer_event	motolii-shell	shell/motolii-shell/src/input.rs:61	pub	36	`Shell::subscription` が使う、Inspector drag-to-scrub 用の window 全体の	
fn	resolve_navigation_key	motolii-shell	shell/motolii-shell/src/input.rs:175	pub	109	U2: playhead ナビゲーション動詞束のキー解決(正典 §5・§8.1)。**pure** —	
fn	record_handle_creation	motolii-shell	shell/motolii-shell/src/lib.rs:182	pub	4		
fn	record_render_frame	motolii-shell	shell/motolii-shell/src/lib.rs:183	pub	3		
fn	record_tokens_reload	motolii-shell	shell/motolii-shell/src/lib.rs:184	pub	2		
fn	record_presenter_upload	motolii-shell	shell/motolii-shell/src/lib.rs:185	pub	3	裁定166: shader Pipeline が実際に `queue.write_texture` した時に呼ぶ	
fn	handle_creations	motolii-shell	shell/motolii-shell/src/lib.rs:188	pub	12		
fn	last_handle_bytes	motolii-shell	shell/motolii-shell/src/lib.rs:191	pub	1		
fn	presenter_uploads	motolii-shell	shell/motolii-shell/src/lib.rs:194	pub	1		
fn	last_presenter_upload_bytes	motolii-shell	shell/motolii-shell/src/lib.rs:197	pub	1		
fn	record_presenter_blit	motolii-shell	shell/motolii-shell/src/lib.rs:200	pub	2	裁定171 v2(M4): `record_presenter_upload` と同じ no-op 規律。	
fn	presenter_blits	motolii-shell	shell/motolii-shell/src/lib.rs:202	pub	3		
fn	render_frame_calls	motolii-shell	shell/motolii-shell/src/lib.rs:205	pub	10		
fn	render_frame_nanos	motolii-shell	shell/motolii-shell/src/lib.rs:208	pub	1		
fn	tokens_reloads	motolii-shell	shell/motolii-shell/src/lib.rs:211	pub	1		
fn	reset	motolii-shell	shell/motolii-shell/src/lib.rs:214	pub	23		
fn	Shell::new	motolii-shell	shell/motolii-shell/src/lib.rs:1374	pub	2363		
fn	Shell::new_with_dialogs	motolii-shell	shell/motolii-shell/src/lib.rs:1378	pub	13	[`Shell::new`] の実体。[`file_dialogs::FileDialogs`] を注入できる形の	
fn	Shell::boot	motolii-shell	shell/motolii-shell/src/lib.rs:1452	pub	37	daemon の製品入口(`main.rs`)。[`Shell::new`] で組んだ Shell に main 窓を	
fn	Shell::boot_fixture	motolii-shell	shell/motolii-shell/src/lib.rs:1474	pub	6	`--fixture` 起動の daemon boot([`Shell::boot`] の fixture 版)。	
fn	Shell::main_window	motolii-shell	shell/motolii-shell/src/lib.rs:1503	pub	25	窓台帳の読み口(main 窓)。試験(`tests/suite/window_drive.rs`)が	
fn	Shell::new_fixture	motolii-shell	shell/motolii-shell/src/lib.rs:1509	pub	108	`--fixture` 起動が使う口。**トンマナ検分の器具**(発注書)— `fixture::build()`	
fn	Shell::title	motolii-shell	shell/motolii-shell/src/lib.rs:1585	pub	45	main 窓の titlebar 文言(C-1 波C「未保存●が無い」の穴を塞ぐ)。	
fn	Shell::subscription	motolii-shell	shell/motolii-shell/src/lib.rs:1608	pub	24	窓の事象 → Message。**ここは翻訳だけで、判断を持たない**。	
fn	Shell::update	motolii-shell	shell/motolii-shell/src/lib.rs:1704	pub	1061	**唯一の書き口**。ここ以外に `doc.apply` を呼ぶ場所を作らない。	
fn	Shell::layer_count	motolii-shell	shell/motolii-shell/src/lib.rs:2535	pub	86		
fn	Shell::store_view	motolii-shell	shell/motolii-shell/src/lib.rs:2539	pub	53	`StoreView` をそのまま返す(読むだけ)。**運転席の検分器具用**	
fn	Shell::can_undo	motolii-shell	shell/motolii-shell/src/lib.rs:2558	pub	106		
fn	Shell::current_path	motolii-shell	shell/motolii-shell/src/lib.rs:2562	pub	61	直近の Save As が書いた path(未保存・Save a Copy 直後は前回のまま —	
fn	Shell::is_project_dirty	motolii-shell	shell/motolii-shell/src/lib.rs:2568	pub	19	未保存の変更があるか。**運転席が見るための口**(`Shell::is_dirty` の	
fn	Shell::can_redo	motolii-shell	shell/motolii-shell/src/lib.rs:2574	pub	16	`Message::Redo` の可否。**運転席が見るための口**(`can_undo` と同じ形)。	
fn	Shell::status	motolii-shell	shell/motolii-shell/src/lib.rs:2581	pub	602		
fn	Shell::frame_token	motolii-shell	shell/motolii-shell/src/lib.rs:2585	pub	7	描き上がったフレームの識別。同じなら描き直していない。	
fn	Shell::composition	motolii-shell	shell/motolii-shell/src/lib.rs:2592	pub	362	今の comp 設定。**screenshot 器具**が Stage の letterbox を組むのに使う	
fn	Shell::session	motolii-shell	shell/motolii-shell/src/lib.rs:2598	pub	748	今の Session(選択・再生位置)。**読むだけ** — `Session` 自体のフィールドは	
fn	Shell::checkerboard_enabled	motolii-shell	shell/motolii-shell/src/lib.rs:2604	pub	8	市松トグルの今の状態。**screenshot 器具**が「実際に画面へ出る絵」を	
fn	Shell::settings_window	motolii-shell	shell/motolii-shell/src/lib.rs:2613	pub	39	Settings 窓の台帳の読み口(S2、裁定182/188)。旧 `settings_panel_open()`	
fn	Shell::browser_panel_open	motolii-shell	shell/motolii-shell/src/lib.rs:2622	pub	2	Browser パネルの開閉状態(B3)。**screenshot 器具専用**の読み口	
fn	Shell::export_window	motolii-shell	shell/motolii-shell/src/lib.rs:2633	pub	17	Export 窓の台帳の読み口(B09、第6波)。`settings_window()` と同型 —	
fn	Shell::sheet_toggles	motolii-shell	shell/motolii-shell/src/lib.rs:2639	pub	15	Stage 方眼シート束のトグル状態の読み口(B22、第6波)。運転席が	
fn	Shell::resolution_cap	motolii-shell	shell/motolii-shell/src/lib.rs:2647	pub	49	Stage 下縁状態帯(裁定163)の今のプレビュー解像度 cap。運転席/試験が	
fn	Shell::stage_presenter_dims	motolii-shell	shell/motolii-shell/src/lib.rs:2653	pub	6	**裁定166 EXACT TARGET (b) の読み口**: shader Primitive へ実際に渡る	
fn	Shell::stage_presenter_generation	motolii-shell	shell/motolii-shell/src/lib.rs:2663	pub	7	Stage presenter の内容が変わった回数(裁定166 EXACT TARGET 1 の CPU 側	
fn	Shell::stage_presenter_is_gpu_backed	motolii-shell	shell/motolii-shell/src/lib.rs:2672	pub	3	**裁定171 v2 M4 / 残コスト調査(§1-4)の読み口**: 今の presenter が	
fn	Shell::timeline_rows	motolii-shell	shell/motolii-shell/src/lib.rs:2686	pub	92	今の Timeline の行。運転席が「層3枚の行が立つ」「選択が行と一致する」を	
fn	Shell::timeline_property_rows	motolii-shell	shell/motolii-shell/src/lib.rs:2692	pub	20	今の property 行(キー行、第2波 T3)。選択 layer がキーを持つ property を	
fn	Shell::markers	motolii-shell	shell/motolii-shell/src/lib.rs:2700	pub	147	今のマーカー一覧。**screenshot 器具**が Timeline のマーカー線を描くのに使う	
fn	Shell::assets	motolii-shell	shell/motolii-shell/src/lib.rs:2706	pub	85	素材台帳の一覧投影(裁定162 B1)。運転席/`browser_drive.rs` が	
fn	Shell::inspector_selection	motolii-shell	shell/motolii-shell/src/lib.rs:2713	pub	55	今の Inspector 投影。運転席が「選択→行が出る」「編集→store が変わる」を	
fn	Shell::inspector_field_draft	motolii-shell	shell/motolii-shell/src/lib.rs:2721	pub	16	今の Inspector 値セル編集下書き。運転席が「click(ドラッグせず release)	
fn	Shell::tokens	motolii-shell	shell/motolii-shell/src/lib.rs:2728	pub	311	今のデザイン値。運転席がトークン再読込を確かめる口。	
fn	Shell::dims	motolii-shell	shell/motolii-shell/src/lib.rs:2733	pub	1553	`ui_scale` を適用した寸法。**全 pane・全 instrument(`screenshot.rs` 含む)は	
fn	Shell::colors	motolii-shell	shell/motolii-shell/src/lib.rs:2741	pub	1060	現在の色トークン。`main.rs` の `iced::application(...).theme(...)` 結線	
fn	Shell::build_timeline_pane	motolii-shell	shell/motolii-shell/src/lib.rs:2748	pub	20	`TimelinePane` の組み立て。`view()` はこれを呼ぶだけ(第2波T5、正典	
fn	Shell::timeline_work_area	motolii-shell	shell/motolii-shell/src/lib.rs:2785	pub	8	作業範囲の現在値(B18、第5波結線)。運転席(`tests/suite/`)が	
fn	Shell::timeline_loop_enabled	motolii-shell	shell/motolii-shell/src/lib.rs:2792	pub	5	ループ on/off の現在値(同上 — `advance_playback_tick` が読むのと同じ値)。	
fn	menus	motolii-shell	shell/motolii-shell/src/menu.rs:48	pub	66	header メニューバーの全定義。`Shell::header` が毎フレーム	
fn	record_handle_creation	motolii-shell	shell/motolii-shell/src/metrics.rs:45	pub	4	**裁定166 以降、Stage 描画経路からはもう呼ばれない**(oracle (a) の	
fn	record_render_frame	motolii-shell	shell/motolii-shell/src/metrics.rs:54	pub	3		
fn	record_tokens_reload	motolii-shell	shell/motolii-shell/src/metrics.rs:59	pub	2		
fn	record_presenter_upload	motolii-shell	shell/motolii-shell/src/metrics.rs:63	pub	3	shader Pipeline(`crate::StagePresenterPipeline::upload`)が実際に	
fn	handle_creations	motolii-shell	shell/motolii-shell/src/metrics.rs:71	pub	12		
fn	last_handle_bytes	motolii-shell	shell/motolii-shell/src/metrics.rs:75	pub	1		
fn	presenter_uploads	motolii-shell	shell/motolii-shell/src/metrics.rs:79	pub	1		
fn	record_presenter_blit	motolii-shell	shell/motolii-shell/src/metrics.rs:83	pub	2	裁定171 v2(M4): GPU 高速路(`StagePresenterPipeline::resolve_gpu`)が	
fn	presenter_blits	motolii-shell	shell/motolii-shell/src/metrics.rs:89	pub	3		
fn	last_presenter_upload_bytes	motolii-shell	shell/motolii-shell/src/metrics.rs:93	pub	1		
fn	render_frame_calls	motolii-shell	shell/motolii-shell/src/metrics.rs:97	pub	10		
fn	render_frame_nanos	motolii-shell	shell/motolii-shell/src/metrics.rs:101	pub	1		
fn	tokens_reloads	motolii-shell	shell/motolii-shell/src/metrics.rs:105	pub	1		
fn	reset	motolii-shell	shell/motolii-shell/src/metrics.rs:109	pub	23	テストの前で計測をゼロへ戻す。**プロセス全体で共有**(static)なので、	
fn	title	motolii-shell	shell/motolii-shell/src/pane_layout.rs:52	pub	45	題帯(pane 上端の pane 名入り drag ハンドル、2026-08-22 題帯レーン)の	
fn	build_configuration	motolii-shell	shell/motolii-shell/src/pane_layout.rs:99	pub	7	`open`/`ratios` から `pane_grid::Configuration` を組む純関数(oracle (a)	
fn	build_state	motolii-shell	shell/motolii-shell/src/pane_layout.rs:136	pub	9	[`build_configuration`] から `pane_grid::State` を作る(`State::	
fn	extract_ratios	motolii-shell	shell/motolii-shell/src/pane_layout.rs:158	pub	6	`state` の木を歩いて [`Ratios`] を読み出す(resize/drag 後・Browser 開閉	
fn	Layout::new	motolii-shell	shell/motolii-shell/src/pane_layout.rs:212	pub	2363	初期状態(Browser 閉 — `browser_pane::PaneState` の既定と揃える、Q0	
fn	Layout::focused	motolii-shell	shell/motolii-shell/src/pane_layout.rs:222	pub	41	直近にクリックされた pane(`PaneGrid::on_click` 配線、`focused`	
fn	Layout::set_focused	motolii-shell	shell/motolii-shell/src/pane_layout.rs:228	pub	3	`Message::PaneClicked` → ここへそのまま記録する。	
fn	Layout::browser_open	motolii-shell	shell/motolii-shell/src/pane_layout.rs:233	pub	6	現在の Browser パネル開閉(pane_grid 側の写し)。	
fn	Layout::ratios	motolii-shell	shell/motolii-shell/src/pane_layout.rs:238	pub	34	現在の比率(試験・screenshot 器具向けの読み口)。	
fn	Layout::set_browser_open	motolii-shell	shell/motolii-shell/src/pane_layout.rs:243	pub	9	Browser パネルの開閉トグルを pane_grid 側へ反映する(`Shell::update`	
fn	Layout::apply_resize	motolii-shell	shell/motolii-shell/src/pane_layout.rs:260	pub	7	`pane_grid::ResizeEvent` → `State::resize`(pane_grid 自身の決定論)+	
fn	Layout::apply_drag	motolii-shell	shell/motolii-shell/src/pane_layout.rs:267	pub	6	`pane_grid::DragEvent` → `Dropped` だけ `State::drop` へ委譲(iced	
fn	Shell::debug_start_playback_with_session	motolii-shell	shell/motolii-shell/src/playback.rs:207	pub	14	**ORACLE の試験専用の縫い目**(「デバイス抽象はフェイクで — A1と同じ手」)。	
fn	Shell::is_playing	motolii-shell	shell/motolii-shell/src/playback.rs:217	pub	15	運転席が見るための口(`can_undo`/`can_redo`と同じ形)。	
fn	Shell::frame_rgba	motolii-shell	shell/motolii-shell/src/render.rs:17	pub	43	描き上がった Stage フレームの生 RGBA。**常に背景込みの export 真値**	
fn	Shell::checkerboard_preview_rgba	motolii-shell	shell/motolii-shell/src/render.rs:36	pub	19	市松 ON の間だけ `Some` — 裁定141「AE型の透明可視化モード」の入力	
fn	Shell::observation	motolii-shell	shell/motolii-shell/src/render.rs:49	pub	144	今の観測カメラの状態(裁定157)。運転席/screenshot 器具が「カメラを通して	
fn	Shell::observation_rgba	motolii-shell	shell/motolii-shell/src/render.rs:56	pub	29	観測カメラ有効時の Stage 表示 RGBA(`Engine::render_frame_with_view_camera`	
fn	inspector_region_x	motolii-shell	shell/motolii-shell/src/screenshot.rs:213	pub	3	Inspector 領域の左端 x 座標。既存の Stage/Timeline 列(`CANVAS_WIDTH` 幅、	
fn	inspector_region_top	motolii-shell	shell/motolii-shell/src/screenshot.rs:221	pub	3	Inspector 領域の上端 y 座標。`Shell::view` の実レイアウトでは	
fn	inspector_content_height	motolii-shell	shell/motolii-shell/src/screenshot.rs:243	pub	4	Inspector 領域全体の高さ。`selection` が `None`(選択なし)なら	
fn	inspector_region_height	motolii-shell	shell/motolii-shell/src/screenshot.rs:280	pub	1	`shell` の実際の選択(`Shell::inspector_selection` — `render` と同じ読み口)	
fn	render	motolii-shell	shell/motolii-shell/src/screenshot.rs:496	pub	221	`shell.view()` の並び(header/[settings]/stage/timeline/transport/status、	
fn	write_png	motolii-shell	shell/motolii-shell/src/screenshot.rs:1106	pub	5	1フレーム描いて PNG を書き、終了する口。`main.rs` の `--fixture --screenshot`	
fn	Transport::new	motolii-shell	shell/motolii-shell/src/transport.rs:48	pub	2363		
fn	Transport::is_running	motolii-shell	shell/motolii-shell/src/transport.rs:52	pub	13		
fn	Transport::start	motolii-shell	shell/motolii-shell/src/transport.rs:58	pub	613	実デバイス(または試験の場合はフェイク)を開いて再生を開始する。	
fn	Transport::start_with_session	motolii-shell	shell/motolii-shell/src/transport.rs:65	pub	3	既に組み立てた [`PlaybackSession`] を採用する。**ORACLE の試験専用の縫い目**	
fn	Transport::stop	motolii-shell	shell/motolii-shell/src/transport.rs:72	pub	22	現在位置を凍結して停止する。**呼ぶ前に位置を読んでおくこと**	
fn	Transport::position_frame	motolii-shell	shell/motolii-shell/src/transport.rs:80	pub	4	今の再生位置を comp フレームへ(再生していなければ `None`)。	
fn	Transport::seek	motolii-shell	shell/motolii-shell/src/transport.rs:86	pub	58	再生中の scrub = seek(発注書 ORACLE (c))。再生していなければ no-op	
fn	open_real_playback	motolii-shell	shell/motolii-shell/src/transport.rs:96	pub	7	本番の唯一の実デバイス起動経路(A2)。`Document` の soundtrack から	
fn	tick_subscription	motolii-shell	shell/motolii-shell/src/transport.rs:119	pub	11	再生中のtick購読(`Shell::subscription`が`transport.is_running()`の間だけ	
fn	Shell::stage_overlay	motolii-shell	shell/motolii-shell/src/view.rs:19	pub	4	`stage::StageOverlay` の組み立て(裁定157・S1〜S3)。`Shell::view` が	
fn	Shell::stage_gizmo_overlay	motolii-shell	shell/motolii-shell/src/view.rs:49	pub	6	`stage::GizmoOverlay` の組み立て(GZ 結線、第5波)。選択 layer の	
fn	Shell::stage_sheet_overlay	motolii-shell	shell/motolii-shell/src/view.rs:96	pub	1	`stage::SheetOverlay` の組み立て(B22、第6波、`sheets.rs` 冒頭 doc	
fn	Shell::stage_marquee_overlay	motolii-shell	shell/motolii-shell/src/view.rs:120	pub	1	`stage::marquee::MarqueeOverlay` の組み立て(B31、第6波、`marquee.rs`	
fn	Shell::view_window	motolii-shell	shell/motolii-shell/src/view.rs:172	pub	17	daemon の窓別 view dispatcher(S1、裁定182/188)。[`Shell::view`]	
fn	Shell::window_title	motolii-shell	shell/motolii-shell/src/view.rs:188	pub	10	daemon の窓別 title(`main.rs` の `.title(...)`)。main 窓(と台帳に	
fn	Shell::view	motolii-shell	shell/motolii-shell/src/view.rs:279	pub	1647		
fn	band_chrome_style	motolii-shell	shell/motolii-shell/src/view.rs:718	pub	10	header 帯・status 帯の共通スタイル。線化 D5(裁定179 文法1、	
fn	FocusState::new	motolii-shell-state	ui/motolii-shell-state/src/focus.rs:117	pub	2363		
fn	FocusState::focused	motolii-shell-state	ui/motolii-shell-state/src/focus.rs:121	pub	41	今フォーカスされている pane(未フォーカスなら `None`)。	
fn	FocusState::focus	motolii-shell-state	ui/motolii-shell-state/src/focus.rs:126	pub	141	直接指定してフォーカスする(Window メニューの Inspector/Stage/	
fn	FocusState::clear	motolii-shell-state	ui/motolii-shell-state/src/focus.rs:135	pub	40	フォーカスを外す(誰もフォーカスしていない状態へ)。	
fn	FocusState::cycle_next	motolii-shell-state	ui/motolii-shell-state/src/focus.rs:140	pub	18	表示中の pane だけを巡回して次へ進む(Window > Cycle Panel、	
fn	FocusState::cycle_prev	motolii-shell-state	ui/motolii-shell-state/src/focus.rs:151	pub	9	[`cycle_next`](Self::cycle_next) の逆向き。	
fn	FocusState::reconcile	motolii-shell-state	ui/motolii-shell-state/src/focus.rs:174	pub	6	hide 直後などに呼ぶ: 今のフォーカスが `visible` から消えていたら外す	
fn	FocusState::close_focused	motolii-shell-state	ui/motolii-shell-state/src/focus.rs:187	pub	9	Window > Close Panel(normal-map 1499/1500、`= hide`): 今フォーカス	
fn	FocusState::cycle_next_unless_typing	motolii-shell-state	ui/motolii-shell-state/src/focus.rs:199	pub	2	[`cycle_next`](Self::cycle_next) のガード版。`claim` が	
fn	FocusState::cycle_prev_unless_typing	motolii-shell-state	ui/motolii-shell-state/src/focus.rs:212	pub	2	[`cycle_prev`](Self::cycle_prev) のガード版。	
fn	FocusState::close_focused_unless_typing	motolii-shell-state	ui/motolii-shell-state/src/focus.rs:224	pub	2	[`close_focused`](Self::close_focused) のガード版。`TextEditing` の	
fn	LayoutNode::leaf	motolii-shell-state	ui/motolii-shell-state/src/layout.rs:157	pub	47	見えている葉1枚。	
fn	LayoutNode::split	motolii-shell-state	ui/motolii-shell-state/src/layout.rs:162	pub	216	2つの子を持つ split。	
fn	LayoutNode::find	motolii-shell-state	ui/motolii-shell-state/src/layout.rs:167	pub	220	`kind` を持つ葉までの経路。隠れている葉も対象(木の形の話であって	
fn	LayoutNode::get	motolii-shell-state	ui/motolii-shell-state/src/layout.rs:186	pub	123	`path` が指す部分木への参照。	
fn	LayoutNode::get_mut	motolii-shell-state	ui/motolii-shell-state/src/layout.rs:201	pub	6	`path` が指す部分木への可変参照。	
fn	LayoutNode::set_hidden	motolii-shell-state	ui/motolii-shell-state/src/layout.rs:216	pub	22	木の形を保ったまま `kind` の葉の `hidden` を書き換える。見つかれば	
fn	LayoutNode::is_hidden	motolii-shell-state	ui/motolii-shell-state/src/layout.rs:232	pub	12	`kind` の葉が今隠れているか(見つからなければ `false`)。	
fn	LayoutNode::swap	motolii-shell-state	ui/motolii-shell-state/src/layout.rs:240	pub	25	2つの葉が**今いる位置を保ったまま**中身(kind + hidden)を入れ替える	
fn	LayoutNode::resize	motolii-shell-state	ui/motolii-shell-state/src/layout.rs:262	pub	36	`path` が指す split の比率を書き換える。`path` が split を指して	
fn	LayoutNode::visible_kinds	motolii-shell-state	ui/motolii-shell-state/src/layout.rs:274	pub	6	見えている葉の kind を深さ優先(a→b)で集める。	
fn	LayoutNode::all_kinds	motolii-shell-state	ui/motolii-shell-state/src/layout.rs:281	pub	3	隠れているものも含め、全ての葉の kind を深さ優先で集める。	
fn	LayoutNode::collapse_hidden	motolii-shell-state	ui/motolii-shell-state/src/layout.rs:302	pub	7	表示用の木を**導出**する(元の木は変えない)。隠れた葉を取り除き、	
fn	WorkspaceLayout::new	motolii-shell-state	ui/motolii-shell-state/src/layout.rs:340	pub	2363	`default` を現在の木にも既定にも据えて開始する(裁定と同じ「触って	
fn	WorkspaceLayout::root	motolii-shell-state	ui/motolii-shell-state/src/layout.rs:347	pub	207	現在の分割木(隠れた葉も含む——永続木そのもの)。	
fn	WorkspaceLayout::hide	motolii-shell-state	ui/motolii-shell-state/src/layout.rs:352	pub	24	パネルを隠す(木の形は保つ、`hidden=true` にするだけ)。	
fn	WorkspaceLayout::show	motolii-shell-state	ui/motolii-shell-state/src/layout.rs:357	pub	9	パネルを見せる(木の形は保つ、`hidden=false` に戻すだけ)。	
fn	WorkspaceLayout::is_hidden	motolii-shell-state	ui/motolii-shell-state/src/layout.rs:362	pub	12		
fn	WorkspaceLayout::swap	motolii-shell-state	ui/motolii-shell-state/src/layout.rs:366	pub	25	2枚のパネルの位置を交換する(ドラッグ&ドロップ相当)。	
fn	WorkspaceLayout::resize	motolii-shell-state	ui/motolii-shell-state/src/layout.rs:371	pub	36	`path` の split 比率を書き換える。	
fn	WorkspaceLayout::visible_kinds	motolii-shell-state	ui/motolii-shell-state/src/layout.rs:376	pub	6		
fn	WorkspaceLayout::all_kinds	motolii-shell-state	ui/motolii-shell-state/src/layout.rs:380	pub	3		
fn	WorkspaceLayout::visible_layout	motolii-shell-state	ui/motolii-shell-state/src/layout.rs:384	pub	2	表示用に縮約した木([`LayoutNode::collapse_hidden`])。shell が	
fn	WorkspaceLayout::reset_to_default	motolii-shell-state	ui/motolii-shell-state/src/layout.rs:390	pub	3	既定配置へ戻す(`Reset UI Layout`、freq降順第1切片 §1534)。	
fn	WorkspaceLayout::default_layout	motolii-shell-state	ui/motolii-shell-state/src/layout.rs:396	pub	0		呼び手ゼロ
fn	WorkspaceBook::new	motolii-shell-state	ui/motolii-shell-state/src/layout.rs:412	pub	2363		
fn	WorkspaceBook::save_as	motolii-shell-state	ui/motolii-shell-state/src/layout.rs:416	pub	7	`New Workspace…`: 現在の木を `name` として保存する(既存の同名を	
fn	WorkspaceBook::switch_to	motolii-shell-state	ui/motolii-shell-state/src/layout.rs:422	pub	3	`Switch to workspace`/`Switch to Page`/`Show Page`: 保存済みの	
fn	WorkspaceBook::delete	motolii-shell-state	ui/motolii-shell-state/src/layout.rs:435	pub	17	`Delete Workspace…`。存在すれば削除して `true`。	
fn	WorkspaceBook::names	motolii-shell-state	ui/motolii-shell-state/src/layout.rs:440	pub	40	`Layout Presets`: 保存済みレイアウト名の一覧。	
fn	WorkspaceBook::get	motolii-shell-state	ui/motolii-shell-state/src/layout.rs:445	pub	123		
fn	TimelineFoldState::fold	motolii-shell-state	ui/motolii-shell-state/src/lib.rs:93	pub	93	`layer` の子を畳む(矢印を閉じる)。	
fn	TimelineFoldState::unfold	motolii-shell-state	ui/motolii-shell-state/src/lib.rs:98	pub	5	`layer` の子を開く。	
fn	TimelineFoldState::toggle	motolii-shell-state	ui/motolii-shell-state/src/lib.rs:103	pub	20	開閉を反転する(rail の fold 三角クリック1回ぶん)。	
fn	TimelineFoldState::is_folded	motolii-shell-state	ui/motolii-shell-state/src/lib.rs:110	pub	14	`layer` の子が畳まれているか。**畳まれていない(既定)なら `false`** —	
fn	GizmoProperty::property_name	motolii-stage-pane	ui/motolii-stage-pane/src/gizmo.rs:136	pub	22	store の property 名(shell 結線用の読み口 — 文字列を二重に持たない)。	
fn	GizmoValue::property	motolii-stage-pane	ui/motolii-stage-pane/src/gizmo.rs:171	pub	1714		
fn	GizmoTarget::world_from_local	motolii-stage-pane	ui/motolii-stage-pane/src/gizmo.rs:210	pub	5	レイヤーローカル → comp(world)のアフィン。正本の組み方	
fn	gizmo_target	motolii-stage-pane	ui/motolii-stage-pane/src/gizmo.rs:226	pub	9	`StoreView` から [`GizmoTarget`] を組む読み口(書き口ゼロ —	
fn	ScaleHandle::local_point	motolii-stage-pane	ui/motolii-stage-pane/src/gizmo.rs:335	pub	2	レイヤーローカルの座標(内容矩形 `(0,0)..size` の角と辺中点)。	
fn	ScaleHandle::is_corner	motolii-stage-pane	ui/motolii-stage-pane/src/gizmo.rs:350	pub	1		
fn	ScaleHandle::affects	motolii-stage-pane	ui/motolii-stage-pane/src/gizmo.rs:357	pub	3	この handle が動かす軸 `(x, y)`(AE と同じ: 辺は1軸、角は2軸)。	
fn	GizmoHandle::property	motolii-stage-pane	ui/motolii-stage-pane/src/gizmo.rs:381	pub	1714		
fn	gizmo_layout	motolii-stage-pane	ui/motolii-stage-pane/src/gizmo.rs:447	pub	11	ギズモの幾何を組む(純関数)。観測カメラのズーム/パン下でも正しい位置に	
fn	gizmo_hit_test	motolii-stage-pane	ui/motolii-stage-pane/src/gizmo.rs:513	pub	26	命中判定(純関数)。優先順位(重なった時に「小さくて外側の物」が勝つ —	
fn	move_value	motolii-stage-pane	ui/motolii-stage-pane/src/gizmo.rs:582	pub	2	move: 親空間での cursor 変位をそのまま position へ足す(position は親空間の値)。	
fn	scale_value	motolii-stage-pane	ui/motolii-stage-pane/src/gizmo.rs:591	pub	5	scale: anchor 不動(position 不変)で、掴んだハンドルが cursor に来る scale を	
fn	rotation_value	motolii-stage-pane	ui/motolii-stage-pane/src/gizmo.rs:668	pub	3	rotate: anchor(親空間では position そのもの — `M(anchor) = position`)を	
fn	anchor_value	motolii-stage-pane	ui/motolii-stage-pane/src/gizmo.rs:700	pub	11	anchor drag(第2切片、AE pan-behind 型): anchor を cursor の下へ移し、	
fn	GizmoDragState::begin	motolii-stage-pane	ui/motolii-stage-pane/src/gizmo.rs:772	pub	27	press で drag を開始する。screen→親の逆行列が立たない(親鎖の scale 0 等)	
fn	GizmoDragState::layer	motolii-stage-pane	ui/motolii-stage-pane/src/gizmo.rs:793	pub	4335		
fn	GizmoDragState::handle	motolii-stage-pane	ui/motolii-stage-pane/src/gizmo.rs:797	pub	66		
fn	GizmoDragState::property	motolii-stage-pane	ui/motolii-stage-pane/src/gizmo.rs:801	pub	1714		
fn	GizmoDragState::moved	motolii-stage-pane	ui/motolii-stage-pane/src/gizmo.rs:805	pub	49	1回でも `update` が走ったか。release 時の Commit/Cancel(空クリック)判定。	
fn	GizmoDragState::last_value	motolii-stage-pane	ui/motolii-stage-pane/src/gizmo.rs:810	pub	16	直近の計算値。release は cursor 位置を運ばない(`ButtonReleased` に位置が	
fn	GizmoDragState::update	motolii-stage-pane	ui/motolii-stage-pane/src/gizmo.rs:817	pub	1061	cursor 移動で新しい値を解く。	
fn	GizmoDragState::refresh	motolii-stage-pane	ui/motolii-stage-pane/src/gizmo.rs:848	pub	5	修飾キーの途中変更(Shift の押し離し)を、cursor が動かなくても即時に	
fn	GizmoOverlay::new	motolii-stage-pane	ui/motolii-stage-pane/src/gizmo.rs:875	pub	2363		
fn	GizmoOverlay::view	motolii-stage-pane	ui/motolii-stage-pane/src/gizmo.rs:893	pub	1647		
fn	resize_interaction	motolii-stage-pane	ui/motolii-stage-pane/src/gizmo.rs:1134	pub	7	bbox 中心→ハンドルの screen 方向から、リサイズカーソルの4向きを選ぶ	
fn	PreviewResolutionCap::next	motolii-stage-pane	ui/motolii-stage-pane/src/lib.rs:172	pub	538	クリック巡回の次の値(3値の wrap、`inspector_pane::next_blend_mode`	
fn	effective_preview_scale	motolii-stage-pane	ui/motolii-stage-pane/src/lib.rs:193	pub	21	自動導出スケール(`auto_scale`、shell 側の sync 予算 sqrt スケールまたは	
fn	state_band_view	motolii-stage-pane	ui/motolii-stage-pane/src/lib.rs:231	pub	11	Stage 下縁の状態帯そのもの(発注書 EXACT TARGET)。呼び出し側	
fn	letterboxed_rect	motolii-stage-pane	ui/motolii-stage-pane/src/lib.rs:305	pub	16	comp を `bounds` へ letterbox で収めた実際の矩形(D8: letterbox は neutral)。	
fn	zoom_at_screen_point	motolii-stage-pane	ui/motolii-stage-pane/src/lib.rs:348	pub	10	カーソル位置を不動点にしてズームする(裁定157・EXACT TARGET 1「ホイール=	
fn	scroll_delta_notches	motolii-stage-pane	ui/motolii-stage-pane/src/lib.rs:394	pub	1	`ScrollDelta` を「ノッチ数」(`zoom_at_screen_point` の `delta_y`)へ正規化する。	
fn	pan_by_screen_delta	motolii-stage-pane	ui/motolii-stage-pane/src/lib.rs:403	pub	4	中ボタンドラッグの1フレーム分の画面移動量(screen px、`bounds` ローカル)を	
fn	render_camera_frame_corners_on_screen	motolii-stage-pane	ui/motolii-stage-pane/src/lib.rs:484	pub	10	[`render_camera_frame_corners`] を実際の Stage screen 座標(letterbox 込み)	
fn	StageOverlay::new	motolii-stage-pane	ui/motolii-stage-pane/src/lib.rs:530	pub	2363		
fn	StageOverlay::view	motolii-stage-pane	ui/motolii-stage-pane/src/lib.rs:546	pub	1647		
fn	StageOverlay::frame_corners_on_screen	motolii-stage-pane	ui/motolii-stage-pane/src/lib.rs:553	pub	4	[`render_camera_frame_corners_on_screen`] をこの overlay 自身が持つ	
fn	observation_preview_source	motolii-stage-pane	ui/motolii-stage-pane/src/lib.rs:686	pub	23	観測カメラ(裁定157)が有効な間だけ、その視点で再合成する	
fn	apply_selection	motolii-stage-pane	ui/motolii-stage-pane/src/marquee.rs:101	pub	15	ヒット集合を現在選択へ合成する純関数(意味の正本 — shell はこれを呼ぶだけ)。	
fn	marquee_rect	motolii-stage-pane	ui/motolii-stage-pane/src/marquee.rs:126	pub	3	drag の2点から正規化した選択矩形を組む(どの向きへ drag しても	
fn	selection_quad	motolii-stage-pane	ui/motolii-stage-pane/src/marquee.rs:139	pub	6	レイヤーの screen quad(bounds ローカル、TL→TR→BR→BL)。**[`gizmo_layout`]	
fn	rect_intersects_quad	motolii-stage-pane	ui/motolii-stage-pane/src/marquee.rs:166	pub	8	軸平行の選択矩形と(回転/skew され得る)凸 quad の交差判定(SAT)。	
fn	quad_contains_point	motolii-stage-pane	ui/motolii-stage-pane/src/marquee.rs:201	pub	6	点が凸 quad の中か(縁上も含む)。交差積の符号が一貫するかで見る —	
fn	marquee_hit_ids	motolii-stage-pane	ui/motolii-stage-pane/src/marquee.rs:222	pub	4	マーキー矩形に交差した全レイヤー(候補列の順のまま = 下→上の描画順)。	
fn	click_hit_id	motolii-stage-pane	ui/motolii-stage-pane/src/marquee.rs:231	pub	5	クリック位置の最前面レイヤー(候補列は下→上なので**後ろから**最初の命中)。	
fn	press_starts_marquee	motolii-stage-pane	ui/motolii-stage-pane/src/marquee.rs:240	pub	11	press がマーキー/クリック選択を始めてよいか(優先順位の正本)。	
fn	MarqueeDragState::begin	motolii-stage-pane	ui/motolii-stage-pane/src/marquee.rs:265	pub	27		
fn	MarqueeDragState::update	motolii-stage-pane	ui/motolii-stage-pane/src/marquee.rs:273	pub	1061		
fn	MarqueeDragState::is_marquee	motolii-stage-pane	ui/motolii-stage-pane/src/marquee.rs:282	pub	8	マーキーとして扱うか(false = クリック)。	
fn	MarqueeDragState::rect	motolii-stage-pane	ui/motolii-stage-pane/src/marquee.rs:287	pub	190	今の選択矩形(正規化済み)。	
fn	MarqueeDragState::origin	motolii-stage-pane	ui/motolii-stage-pane/src/marquee.rs:292	pub	110	press した点(クリック判定に使う — release イベントは位置を運ばないので	
fn	release_message	motolii-stage-pane	ui/motolii-stage-pane/src/marquee.rs:299	pub	7	release 時の message を決める純関数(publish 規則の正本):	
fn	MarqueeOverlay::new	motolii-stage-pane	ui/motolii-stage-pane/src/marquee.rs:347	pub	2363		
fn	MarqueeOverlay::view	motolii-stage-pane	ui/motolii-stage-pane/src/marquee.rs:367	pub	1647		
fn	SheetToggles::toggled	motolii-stage-pane	ui/motolii-stage-pane/src/sheets.rs:138	pub	5	1枚だけ反転した新しい値(純関数 — shell 側の `update` はこれを呼ぶだけ)。	
fn	SheetToggles::apply	motolii-stage-pane	ui/motolii-stage-pane/src/sheets.rs:150	pub	707	[`SheetMessage`] の適用(結線用の読み口 — match を shell に書かせない)。	
fn	SheetToggles::any	motolii-stage-pane	ui/motolii-stage-pane/src/sheets.rs:157	pub	117	1枚でも出ているか(全 off なら overlay は何も描かない — 死に chrome 回避)。	
fn	grid_lines	motolii-stage-pane	ui/motolii-stage-pane/src/sheets.rs:174	pub	4	方眼の内側の線(縁と重なる 0/width/height 上の線は描かない — comp 枠線と	
fn	fraction_lines	motolii-stage-pane	ui/motolii-stage-pane/src/sheets.rs:205	pub	5	比率線2対(縦2+横2)。三分割([`THIRDS_FRACTIONS`])と黄金比	
fn	safe_rect	motolii-stage-pane	ui/motolii-stage-pane/src/sheets.rs:226	pub	4	セーフ枠1つ(comp px)。`inset` = 各辺の内接率(mock の CSS `inset` と同義)。	
fn	sheet_screen_from_frame	motolii-stage-pane	ui/motolii-stage-pane/src/sheets.rs:237	pub	7	出力フレーム空間(comp px) → screen(bounds **ローカル** — GZ FINDING の	
fn	SheetOverlay::new	motolii-stage-pane	ui/motolii-stage-pane/src/sheets.rs:289	pub	2363		
fn	SheetOverlay::view	motolii-stage-pane	ui/motolii-stage-pane/src/sheets.rs:307	pub	1647		
fn	view_tab_for_observation	motolii-stage-pane	ui/motolii-stage-pane/src/viewer_bar.rs:123	pub	4	現在の観測カメラ値からタブの見た目状態を導く純写像(裁定157 の	
fn	view_tabs_view	motolii-stage-pane	ui/motolii-stage-pane/src/viewer_bar.rs:132	pub	2	上縁タブそのもの(mock `.vtabs`)。呼び出し側(supervisor)が Stage pane	
fn	resolution_quality_view	motolii-stage-pane	ui/motolii-stage-pane/src/viewer_bar.rs:162	pub	3	画質メニュー(発注書「選択 UI」)。3値を並べて**直接選べる**	
fn	ChannelDisplay::next	motolii-stage-pane	ui/motolii-stage-pane/src/viewer_bar.rs:213	pub	538	クリック巡回の次の値(5値の wrap、[`crate::PreviewResolutionCap::	
fn	channel_display_view	motolii-stage-pane	ui/motolii-stage-pane/src/viewer_bar.rs:238	pub	3	チャンネル表示メニュー。	
fn	apply_channel_display	motolii-stage-pane	ui/motolii-stage-pane/src/viewer_bar.rs:246	pub	8	**表示専用のピクセル変換**(純関数、module 冒頭 doc「engine 側の実能力」	
fn	viewer_bar_view	motolii-stage-pane	ui/motolii-stage-pane/src/viewer_bar.rs:281	pub	2	3束を1本の部品として返す(発注書「純関数+部品として完結」)。配置	
fn	zoom_step	motolii-stage-pane	ui/motolii-stage-pane/src/zoom.rs:103	pub	17	「ズームイン/ズームアウト段」動詞(map 1441/1442 他)。[`ZOOM_LADDER`] 上で	
fn	actual_size_zoom	motolii-stage-pane	ui/motolii-stage-pane/src/zoom.rs:142	pub	9	「1 comp px = 1 screen px」になる観測ズーム値(map 1490 `Zoom to 100%`/	
fn	named_zoom_level	motolii-stage-pane	ui/motolii-stage-pane/src/zoom.rs:176	pub	7	[`NamedZoomLevel`] を実際の [`ObservationCamera`] へ写す。`Fit` 以外は	
fn	fit_to_world_bbox	motolii-stage-pane	ui/motolii-stage-pane/src/zoom.rs:202	pub	10	「選択にフィット」(map に対応行なし、発注書直接指示 — モジュール冒頭 doc	
fn	fit_to_gizmo_target	motolii-stage-pane	ui/motolii-stage-pane/src/zoom.rs:239	pub	4	[`fit_to_world_bbox`] を [`GizmoTarget`](選択レイヤー、`gizmo.rs` 既存の	
fn	step_layer_selection	motolii-stage-pane	ui/motolii-stage-pane/src/zoom.rs:277	pub	12	「次/前のレイヤーを選択」(map 290/291「Select next/previous layer in	
fn	select_all_layers	motolii-stage-pane	ui/motolii-stage-pane/src/zoom.rs:313	pub	9	「全選択」(map 436 `Select All`/452 `Deselect all layers` の対、290/291と	
fn	deselect_all_layers	motolii-stage-pane	ui/motolii-stage-pane/src/zoom.rs:322	pub	7	「全解除」(map 444 `Clear Selection`/452 `Deselect all layers`)。	
fn	invert_layer_selection	motolii-stage-pane	ui/motolii-stage-pane/src/zoom.rs:327	pub	5	「選択の反転」(map に対応行なし — モジュール冒頭 doc「map に無い行」	
fn	AssetId::get	motolii-store	core/motolii-store/src/asset.rs:34	pub	123		
fn	AssetId::from_raw	motolii-store	core/motolii-store/src/asset.rs:38	pub	45		
fn	AssetDraft::from_probed_source	motolii-store	core/motolii-store/src/asset.rs:146	pub	4	probe 済み source の plain 値から新規 file-backed draft を組む(IO なし・純関数)。	
fn	Asset::normalize_path	motolii-store	core/motolii-store/src/asset.rs:211	pub	10		
fn	Asset::resolve_status	motolii-store	core/motolii-store/src/asset.rs:215	pub	15	「いま参照できるか」を実際に IO で確かめる(A05: パス解決の経路を1本に揃える)。	
fn	AssetTable::new	motolii-store	core/motolii-store/src/asset.rs:338	pub	2363		
fn	AssetTable::len	motolii-store	core/motolii-store/src/asset.rs:368	pub	757		
fn	AssetTable::is_empty	motolii-store	core/motolii-store/src/asset.rs:372	pub	335		
fn	AssetTable::get	motolii-store	core/motolii-store/src/asset.rs:376	pub	123		
fn	AssetTable::iter	motolii-store	core/motolii-store/src/asset.rs:380	pub	645	全エントリを走査する(`AssetId` 昇順、`BTreeMap` の内部順そのまま)。	
fn	AssetTable::peek_next	motolii-store	core/motolii-store/src/asset.rs:385	pub	5	次に採番される生値(エントリは作らない)。	
fn	AssetTable::find_by_content_hash	motolii-store	core/motolii-store/src/asset.rs:390	pub	1	`content_hash` が一致する既存 asset を探す(裁定162 の重複統合の下地 —	
fn	AssetTable::admit	motolii-store	core/motolii-store/src/asset.rs:399	pub	64	`draft` を台帳へ迎え入れる。**同一 `content_hash` の draft は台帳を増やさず	
fn	AssetTable::insert	motolii-store	core/motolii-store/src/asset.rs:418	pub	244	既存 ID で挿入。`id < next` は退役済みとして拒否(再利用禁止)。	
fn	AssetTable::restore	motolii-store	core/motolii-store/src/asset.rs:438	pub	7	Undo/Redo 用: 退役済み(`id < next`)でも同じ Asset を台帳へ戻す。	
fn	AssetTable::remove	motolii-store	core/motolii-store/src/asset.rs:453	pub	51	削除。採番カウンタは戻さない(再利用禁止)。	
fn	BlendMode::to_enum_value	motolii-store	core/motolii-store/src/attrs.rs:51	pub	13	[`crate::PropertyId::blend_mode`] の `Value::Enum` 表現(裁定214 — 出力に	
fn	BlendMode::from_enum_value	motolii-store	core/motolii-store/src/attrs.rs:78	pub	10	[`Self::to_enum_value`] の逆写像。未知の値は `None`(壊れた track を近似しない	
fn	MatteMode::to_enum_value	motolii-store	core/motolii-store/src/attrs.rs:115	pub	13	[`crate::PropertyId::matte_mode`] の `Value::Enum` 表現(裁定214)。**補間は	
fn	MatteMode::from_enum_value	motolii-store	core/motolii-store/src/attrs.rs:126	pub	10	[`Self::to_enum_value`] の逆写像。未知の値は `None`(壊れた track を近似しない)。	
fn	crate::solo	motolii-store	core/motolii-store/src/attrs.rs:252	pub	164		
fn	crate::hidden	motolii-store	core/motolii-store/src/attrs.rs:256	pub	270	**裁定214**: hidden も同じ理由で時間軸に乗る。`text_justify`/`solo` と同じ	
fn	crate::blend_mode	motolii-store	core/motolii-store/src/attrs.rs:264	pub	130	**裁定214**: blend mode も出力に直接効くので時間軸に乗る。`Value::Enum`	
fn	crate::matte_mode	motolii-store	core/motolii-store/src/attrs.rs:272	pub	7	**裁定214**: matte の重ね方(mode)も時間軸に乗る。**`Matte.layer`(参照先)は	
fn	crate::speed	motolii-store	core/motolii-store/src/attrs.rs:293	pub	85		
fn	archetype_layer	motolii-store	core/motolii-store/src/components.rs:144	pub	10	`motolii.archetypes.Layer` の archetype 名。**正本はここ1箇所** — 以前は	
fn	archetype_composition	motolii-store	core/motolii-store/src/components.rs:152	pub	6	`motolii.archetypes.Composition` の archetype 名。同上の理由でここへ寄せる。	
fn	descriptor_track	motolii-store	core/motolii-store/src/components.rs:157	pub	13	property ごとに別の `ComponentIdentifier` を割り当てる。	
fn	descriptor_meta	motolii-store	core/motolii-store/src/components.rs:167	pub	7	layer の素材と重ね順。track と同じく serde 表現を1つの文字列で持つ	
fn	descriptor_masks	motolii-store	core/motolii-store/src/components.rs:177	pub	5	layer のマスク一覧(キーを打たない部分だけ)。	
fn	descriptor_composition	motolii-store	core/motolii-store/src/components.rs:190	pub	4	comp の設定。**layer と同じ JSON 経路を使い回す**(符号化の流儀を増やさない)。	
fn	descriptor_markers	motolii-store	core/motolii-store/src/components.rs:199	pub	5	comp のマーカー一覧。**comp の設定とは別 component**にしてある —	
fn	descriptor_slots	motolii-store	core/motolii-store/src/components.rs:211	pub	4	comp の Slots 表(`composition/animation/slots`)。**comp の設定/マーカーとも	
fn	descriptor_assets	motolii-store	core/motolii-store/src/components.rs:222	pub	6	Document 所有の素材台帳(裁定162: bin-first — 取り込んだが未配置の素材)。	
fn	descriptor_present	motolii-store	core/motolii-store/src/components.rs:234	pub	6		
fn	descriptor_attrs	motolii-store	core/motolii-store/src/components.rs:242	pub	6	layer の小さな非アニメーション属性(hidden / parent / blend mode / matte / name /	
fn	descriptor_effects	motolii-store	core/motolii-store/src/components.rs:252	pub	4	layer が持つ effect インスタンスの列(id + plugin id のみ、`layer-meta` 束)。	
fn	descriptor_shapes	motolii-store	core/motolii-store/src/components.rs:261	pub	4	shape-layer の図形列(`Vec<motolii_vector::ShapeNode>`、裁定173 H4)。	
fn	descriptor_text	motolii-store	core/motolii-store/src/components.rs:272	pub	4	text-layer の文字列内容(`layers/text-layer/t`)。範囲スタイル等は `text` 束の仕事。	
fn	LayerId::entity_path	motolii-store	core/motolii-store/src/document.rs:40	pub	31		
fn	PropertyId::new	motolii-store	core/motolii-store/src/document.rs:56	pub	2363		
fn	PropertyId::mask_shape	motolii-store	core/motolii-store/src/document.rs:70	pub	16	マスクの形状トラック。**id で名前が決まる**ので、並べ替えても消しても	
fn	PropertyId::mask_opacity	motolii-store	core/motolii-store/src/document.rs:78	pub	20	マスクの不透明度トラック(1.0 基準)。	
fn	PropertyId::mask_expansion	motolii-store	core/motolii-store/src/document.rs:83	pub	17	マスクの膨張(px、単一スカラー)。**Lottie 実在語彙**	
fn	PropertyId::effect_param	motolii-store	core/motolii-store/src/document.rs:100	pub	32	effect インスタンスの param トラック(`effects/effect ef`、effect 発注単位)。	
fn	PropertyId::effect_enabled	motolii-store	core/motolii-store/src/document.rs:110	pub	21	effect の on/off(`effects/effect en` 相当)。**裁定213**で	
fn	PropertyId::text_range_selector_start	motolii-store	core/motolii-store/src/document.rs:126	pub	4	アニメーターの selector が動かす値(`text-range-selector s`/Start)。**平坦な	
fn	PropertyId::text_range_selector_end	motolii-store	core/motolii-store/src/document.rs:133	pub	2	`text-range-selector e`(End)。	
fn	PropertyId::text_range_selector_offset	motolii-store	core/motolii-store/src/document.rs:138	pub	5	`text-range-selector o`(Offset)。**カラオケワイプはこれを時間駆動するだけに	
fn	PropertyId::text_range_selector_max_amount	motolii-store	core/motolii-store/src/document.rs:145	pub	2	`text-range-selector a`(Max Amount)。重みの倍率。	
fn	PropertyId::text_range_fill_color	motolii-store	core/motolii-store/src/document.rs:158	pub	6	アニメーターが動かす property の束(`text-range a` Style、Lottie `text-style`	
fn	PropertyId::text_range_stroke_color	motolii-store	core/motolii-store/src/document.rs:167	pub	1	`text-style sc`(Stroke Color)。	
fn	PropertyId::text_range_stroke_width	motolii-store	core/motolii-store/src/document.rs:172	pub	2	`text-style sw`(Stroke Width)。	
fn	PropertyId::text_range_line_spacing	motolii-store	core/motolii-store/src/document.rs:177	pub	2	`text-style ls`(Line Spacing)。**組版に触る**アニメーター(裁定76 — 送り幅/	
fn	PropertyId::text_range_tracking	motolii-store	core/motolii-store/src/document.rs:183	pub	2	`text-style t`(Letter Spacing)。トラッキング。**アニメーターだが送り幅を	
fn	PropertyId::text_range_origin	motolii-store	core/motolii-store/src/document.rs:197	pub	4	アニメーターがグリフに適用する変形(Rive `text-modifier-group`)。**アンカー**	
fn	PropertyId::text_range_opacity	motolii-store	core/motolii-store/src/document.rs:204	pub	5	`text-modifier-group opacity`。適用先がグリフになるだけで、意味は普通の不透明度。	
fn	PropertyId::text_range_position	motolii-store	core/motolii-store/src/document.rs:209	pub	8	`text-modifier-group x`/`y`。Rive の `"group": "position"` が「保存が2成分に	
fn	PropertyId::text_range_rotation	motolii-store	core/motolii-store/src/document.rs:216	pub	3	`text-modifier-group rotation`。グリフ適用の回転(度)。	
fn	PropertyId::text_range_scale	motolii-store	core/motolii-store/src/document.rs:221	pub	3	`text-modifier-group scaleX`/`scaleY`。`"group": "scale"` で Vec2(`position` と	
fn	PropertyId::text_range_variation_axis	motolii-store	core/motolii-store/src/document.rs:235	pub	9	`text-variation-modifier axisValue`(Δ)。裁定76 の3層のうち「再シェープする層」	
fn	PropertyId::text_style_axis	motolii-store	core/motolii-store/src/document.rs:247	pub	11	`text-style-axis axisValue`。スタイル表の行が持つ可変フォント軸の**絶対値**。	
fn	PropertyId::camera	motolii-store	core/motolii-store/src/document.rs:255	pub	201	カメラの property(`Composition.camera` の center/zoom/roll、裁定113/115)。	
fn	PropertyId::name	motolii-store	core/motolii-store/src/document.rs:270	pub	680		
fn	Document::new	motolii-store	core/motolii-store/src/document.rs:655	pub	2363		
fn	Document::view	motolii-store	core/motolii-store/src/document.rs:685	pub	1647	読み手が受け取る唯一の物。可変ハンドルは外へ出さない。	
fn	Document::edit_head	motolii-store	core/motolii-store/src/document.rs:696	pub	24		
fn	Document::mark_undo_floor	motolii-store	core/motolii-store/src/document.rs:714	pub	40	今の状態を **undo の底**にする。	
fn	Document::can_undo	motolii-store	core/motolii-store/src/document.rs:722	pub	106		
fn	Document::can_redo	motolii-store	core/motolii-store/src/document.rs:726	pub	16		
fn	Document::undo	motolii-store	core/motolii-store/src/document.rs:730	pub	520	**時間を戻すだけ**。store からは何も失われない。	
fn	Document::redo	motolii-store	core/motolii-store/src/document.rs:740	pub	80	**時間を進めるだけ**。	
fn	Document::apply_all	motolii-store	core/motolii-store/src/document.rs:750	pub	192	**1操作 = 1 undo**。複数の intent をまとめて1つの edit 刻みへ書く。	
fn	Document::apply	motolii-store	core/motolii-store/src/document.rs:809	pub	707	唯一の書き口。	
fn	Document::revision	motolii-store	core/motolii-store/src/document.rs:1370	pub	111	変化検出。front がこれを見れば「前回と同じか」が分かるので、	
fn	Document::display_revision	motolii-store	core/motolii-store/src/document.rs:1385	pub	14	再描画専用の変化検出。[`Self::revision`] に transient overlay の世代を	
fn	Document::set_transient	motolii-store	core/motolii-store/src/document.rs:1395	pub	35	layer property の overlay を置く(無ければ足す、あれば置き換える)。**edit	
fn	Document::set_camera_transient	motolii-store	core/motolii-store/src/document.rs:1408	pub	2	カメラ property 版(`Intent::SetCameraTrack`/`Intent::SetTrack` が entity を	
fn	Document::clear_transient	motolii-store	core/motolii-store/src/document.rs:1415	pub	20	この layer property の overlay を外す。**キャンセルはこれだけでよい**(履歴は	
fn	Document::clear_camera_transient	motolii-store	core/motolii-store/src/document.rs:1427	pub	2	カメラ property 版(同上)。	
fn	Document::clear_all_transients	motolii-store	core/motolii-store/src/document.rs:1438	pub	3	今持っている overlay を全部外す。**確定/キャンセルの両方で最後に呼んでよい	
fn	Document::store_bytes	motolii-store	core/motolii-store/src/document.rs:1452	pub	10	実測用。製品経路ではない。	
fn	Document::store_chunks	motolii-store	core/motolii-store/src/document.rs:1457	pub	4	実測用。製品経路ではない。	
fn	Document::group_layers	motolii-store	core/motolii-store/src/document.rs:1462	pub	47	G1(裁定174「意図優先の原則」)グループ化動詞 — ⌘G。	
fn	Document::ungroup_layers	motolii-store	core/motolii-store/src/document.rs:1516	pub	23	G1 Ungroup 動詞 — ⌘⇧G。	
fn	SourceFingerprintV1::from_reader	motolii-store	core/motolii-store/src/fingerprint.rs:38	pub	3		
fn	SourceFingerprintV1::decode_persisted	motolii-store	core/motolii-store/src/fingerprint.rs:62	pub	0		呼び手ゼロ
fn	SourceFingerprintV1::size_bytes	motolii-store	core/motolii-store/src/fingerprint.rs:88	pub	29		
fn	SourceFingerprintV1::content_hash	motolii-store	core/motolii-store/src/fingerprint.rs:92	pub	57		
fn	LayerSource::declared_size	motolii-store	core/motolii-store/src/lib.rs:245	pub	25	Document が知っている大きさ。実素材は probe しないと分からないので `None`。	
fn	Composition::default_background	motolii-store	core/motolii-store/src/lib.rs:285	pub	10	[`Composition::background`] の既定値。旧描画(合成器の clear 色)と同じ見た目に	
fn	Composition::spec	motolii-store	core/motolii-store/src/lib.rs:291	pub	91		
fn	LayerTiming::covers	motolii-store	core/motolii-store/src/lib.rs:337	pub	8	この comp フレームで layer は居るか。	
fn	LayerTiming::place	motolii-store	core/motolii-store/src/lib.rs:342	pub	292	素材を置く時の尺 = **min(素材の尺, comp の残り)**(M4)。	
fn	LayerTiming::source_frame	motolii-store	core/motolii-store/src/lib.rs:360	pub	41	comp フレーム → 素材のフレーム。居ない時刻なら `None`。	
fn	LayerTiming::source_frame_with_speed_track	motolii-store	core/motolii-store/src/lib.rs:379	pub	3	[`Self::source_frame`] の speed track 版(A03「Speed(ATTRS)」、裁定63 の穴)。	
fn	Speed::try_new	motolii-store	core/motolii-store/src/lib.rs:544	pub	290	`den` は正でなければならない(符号は `num` が持つ — 負の速度 = 逆再生)。	
fn	Speed::num	motolii-store	core/motolii-store/src/lib.rs:554	pub	164		
fn	Speed::den	motolii-store	core/motolii-store/src/lib.rs:558	pub	205		
fn	MaskMode::to_enum_value	motolii-store	core/motolii-store/src/mask.rs:98	pub	13	[`crate::PropertyId::mask_mode`] の `Value::Enum` 表現(裁定214 —	
fn	MaskMode::from_enum_value	motolii-store	core/motolii-store/src/mask.rs:113	pub	10	[`Self::to_enum_value`] の逆写像。未知の値は `None`(壊れた track を近似しない)。	
fn	crate::mask_mode	motolii-store	core/motolii-store/src/mask.rs:134	pub	2	マスクの重ね方(`Value::Enum`、[`MaskMode::to_enum_value`])。	
fn	crate::mask_inverted	motolii-store	core/motolii-store/src/mask.rs:139	pub	1	マスクの反転(`Value::Bool`)。	
fn	Document::flattened	motolii-store	core/motolii-store/src/persist.rs:21	pub	37	今見えている状態だけを持つ新しい Document を作る(履歴を畳む)。	
fn	Document::save	motolii-store	core/motolii-store/src/persist.rs:62	pub	68	保存。履歴は畳む。	
fn	Document::load	motolii-store	core/motolii-store/src/persist.rs:116	pub	84	読込。開いた直後は**戻せない**(`mark_undo_floor`)。	
fn	Document::auto_save	motolii-store	core/motolii-store/src/persist.rs:150	pub	31	自動保存(AE `Auto-Save` 先例)。**タイマーはここでは引かない** — 何秒おきに	
fn	Document::auto_save_dir	motolii-store	core/motolii-store/src/persist.rs:226	pub	21	`<project 隣>/<name> auto-save/`。発注書の指定どおり(AE 慣習)。	
fn	PropertySource::track	motolii-store	core/motolii-store/src/slot.rs:185	pub	1388	普通の track を base に持つ形(modulator 無し)。	
fn	PropertySource::slot	motolii-store	core/motolii-store/src/slot.rs:193	pub	178	スロット参照を base に持つ形(modulator 無し)。	
fn	PropertySource::link_only	motolii-store	core/motolii-store/src/slot.rs:201	pub	15	旧 `PropertySource::Link`(裁定206)に相当する形 — base を持たず	
fn	PropertySource::as_link_only	motolii-store	core/motolii-store/src/slot.rs:211	pub	7	この source が「旧 Link 相当」(base 無し・modulator 1本)なら、その	
fn	TextJustify::to_enum_value	motolii-store	core/motolii-store/src/text.rs:129	pub	13	[`crate::PropertyId::text_justify`] の `Value::Enum` 表現(裁定214 同日訂正版	
fn	TextJustify::from_enum_value	motolii-store	core/motolii-store/src/text.rs:142	pub	10	[`Self::to_enum_value`] の逆写像。未知の値は `None`(壊れた track を近似しない —	
fn	ContentTrack::new	motolii-store	core/motolii-store/src/text.rs:172	pub	2363		
fn	ContentTrack::insert	motolii-store	core/motolii-store/src/text.rs:176	pub	244	キーを挿入する。同時刻のキーが既にあれば置き換える。	
fn	ContentTrack::keys	motolii-store	core/motolii-store/src/text.rs:184	pub	313		
fn	ContentTrack::eval	motolii-store	core/motolii-store/src/text.rs:188	pub	115	**Hold 評価**(`animated-text-document k`)。t 以前で最後に打たれたキーの内容を	
fn	crate::text_style_size	motolii-store	core/motolii-store/src/text.rs:602	pub	10	`text-document s`(Font Size)。組版のサイズ。	
fn	crate::text_style_line_height	motolii-store	core/motolii-store/src/text.rs:607	pub	4	`text-document lh`(Line Height)。	
fn	crate::text_style_tracking	motolii-store	core/motolii-store/src/text.rs:612	pub	2	`text-document tr`(Tracking)。	
fn	crate::text_style_fill_color	motolii-store	core/motolii-store/src/text.rs:617	pub	4	`text-document fc`(Fill Color)。`motolii_eval::Value::Color` に乗る。	
fn	crate::text_style_stroke_color	motolii-store	core/motolii-store/src/text.rs:622	pub	2	`text-document sc`(Stroke Color)。`motolii_eval::Value::Color` に乗る。	
fn	crate::text_justify	motolii-store	core/motolii-store/src/text.rs:632	pub	18	`text-document j`(Justify)。`TextDocument` 直下・id 無し(layer 自身が	
fn	StoreView::layers	motolii-store	core/motolii-store/src/view.rs:88	pub	259	この時点で存在する layer。削除は墓標なので、ここで false を弾く。	
fn	StoreView::has_layer	motolii-store	core/motolii-store/src/view.rs:110	pub	25		
fn	StoreView::next_layer_id	motolii-store	core/motolii-store/src/view.rs:114	pub	26	新規 layer の id 採番の**正本**。**墓標(tombstone)込みの最大 id + 1**を返す。	
fn	StoreView::properties	motolii-store	core/motolii-store/src/view.rs:136	pub	45	この layer が持っている property の名前。	
fn	StoreView::track	motolii-store	core/motolii-store/src/view.rs:292	pub	1388		
fn	StoreView::camera_track	motolii-store	core/motolii-store/src/view.rs:300	pub	3	カメラの property の keyframe track(`PropertyId::camera` で作った物のみ意味を	
fn	StoreView::property_source	motolii-store	core/motolii-store/src/view.rs:307	pub	33	この property の生の出処(`Track` か `Slot` か)。`track()`/`value_at()` は	
fn	StoreView::camera_property_source	motolii-store	core/motolii-store/src/view.rs:318	pub	2	カメラの property 版(同上)。	
fn	StoreView::slots	motolii-store	core/motolii-store/src/view.rs:326	pub	62	comp の Slots 表(`composition/animation/slots`)。並びは編集順	
fn	StoreView::value_at	motolii-store	core/motolii-store/src/view.rs:460	pub	238	comp 時刻の値。**補間の意味は `motolii-eval` が持つ**ので、ここは呼ぶだけ。	
fn	StoreView::camera_value_at	motolii-store	core/motolii-store/src/view.rs:471	pub	9	カメラの property の comp 時刻の値。	
fn	StoreView::resolve_camera	motolii-store	core/motolii-store/src/view.rs:480	pub	23	この comp 時刻でのカメラ(裁定113/115)。track が無い property は既定値になる	
fn	StoreView::composition	motolii-store	core/motolii-store/src/view.rs:527	pub	362	comp の設定。**preview も export もここから取る** — 引数で渡さない。	
fn	StoreView::markers	motolii-store	core/motolii-store/src/view.rs:545	pub	147	comp のマーカー一覧。**宣言順**(マスクと同じく暗黙の隣接参照を作らない、裁定66)。	
fn	StoreView::assets	motolii-store	core/motolii-store/src/view.rs:582	pub	85	台帳の一覧。**`AssetId` 昇順**(`AssetTable` の内部が `BTreeMap`、旧台帳の	
fn	StoreView::asset	motolii-store	core/motolii-store/src/view.rs:588	pub	131	単体引き。台帳に無い id は `Ok(None)`(`markers`/`masks` の「無い=空」と同じ	
fn	StoreView::meta	motolii-store	core/motolii-store/src/view.rs:594	pub	354		
fn	StoreView::masks	motolii-store	core/motolii-store/src/view.rs:611	pub	188	この layer のマスク一覧(キーを打たない部分だけ)。**スタックの順**。	
fn	StoreView::attrs	motolii-store	core/motolii-store/src/view.rs:630	pub	431	layer の非アニメーション属性(hidden/parent/blend mode/matte/name/auto-orient)。	
fn	StoreView::frozen_ancestor	motolii-store	core/motolii-store/src/view.rs:653	pub	5	`layer` の祖先鎖(`attrs.parent` を辿る)に、`frozen == true` な	
fn	StoreView::effects	motolii-store	core/motolii-store/src/view.rs:683	pub	331	layer が持つ effect インスタンスの列。無ければ空(masks と同じ扱い)。	
fn	StoreView::shapes	motolii-store	core/motolii-store/src/view.rs:699	pub	129	shape-layer の図形列。無ければ空。裁定173 H4: `Vec<ShapeNode>` — 旧 `Vec<Shape>`	
fn	StoreView::text_document	motolii-store	core/motolii-store/src/view.rs:717	pub	91	text-layer の中身(content・組版既定値・フォント参照)。`Ok(None)` = **まだ一度も	
fn	StoreView::resolved_text_document	motolii-store	core/motolii-store/src/view.rs:737	pub	46	comp 時刻での text-layer の中身。**[`Self::text_document`] の静的値の上に	
fn	StoreView::resolve	motolii-store	core/motolii-store/src/view.rs:997	pub	273	comp 時刻での layer の姿。**合成器へ渡す唯一の形**。	
fn	StoreView::local_transform	motolii-store	core/motolii-store/src/view.rs:1197	pub	10	[`Self::local_placement_transform`] の外部公開口(裁定174 G1)。	
fn	StoreView::resolved_layers	motolii-store	core/motolii-store/src/view.rs:1406	pub	32	この時刻に描くべき layer を**奥から手前の順**で返す。	
fn	style_from_css_decl	motolii-taffy	ui/motolii-taffy/src/css.rs:75	pub	58	CSS 宣言リストから `taffy::Style` を作る(`Style::default()` 起点)。	
fn	apply_css_decl	motolii-taffy	ui/motolii-taffy/src/css.rs:92	pub	4	CSS 宣言リストを既存の `taffy::Style` へ上書き適用する	
fn	TaffyBox::new	motolii-taffy	ui/motolii-taffy/src/widget.rs:42	pub	2363	container 自身の `taffy::Style` から空の [`TaffyBox`] を作る。	
fn	TaffyBox::unrounded	motolii-taffy	ui/motolii-taffy/src/widget.rs:56	pub	9	丸め無効の [`TaffyBox`] を作る([`Self::new`] + `.rounding(false)` の糖衣)。	
fn	TaffyBox::rounding	motolii-taffy	ui/motolii-taffy/src/widget.rs:70	pub	16	丸めの有無を選ぶ(既定は `true` — [`Self::new`] の既定挙動は変えない)。	
fn	TaffyBox::push	motolii-taffy	ui/motolii-taffy/src/widget.rs:80	pub	446	子を、その子自身の `taffy::Style` と対にして追加する。	
fn	next_root	motolii-testkit	core/motolii-testkit/src/inventory.rs:51	pub	11	この crate の `src/` から見て `next/` の根。	
fn	generated_inventory_path	motolii-testkit	core/motolii-testkit/src/inventory.rs:57	pub	2		
fn	generate	motolii-testkit	core/motolii-testkit/src/inventory.rs:316	pub	13	在庫表(TSV テキスト)を生成する。ファイルへは書かない	
fn	unwired_symbols	motolii-testkit	core/motolii-testkit/src/inventory.rs:422	pub	0	未配線候補(`callers == 0` の行)だけを抜き出す——`generate()` の出力	呼び手ゼロ
fn	tool_status	motolii-testkit	core/motolii-testkit/src/lib.rs:44	pub	1		
fn	unavailable_dep	motolii-testkit	core/motolii-testkit/src/lib.rs:68	pub	3		
fn	ffmpeg_or_skip	motolii-testkit	core/motolii-testkit/src/lib.rs:76	pub	57	ffmpeg / ffprobe が両方使えるか。使えなければ試験をスキップする(戻り値 false)。	
fn	tmp_dir	motolii-testkit	core/motolii-testkit/src/lib.rs:90	pub	82		
fn	expected_luma	motolii-testkit	core/motolii-testkit/src/lib.rs:98	pub	2	limited range(BT.601/709 共通)の Y 値。	
fn	RgbaImageDesc::byte_len	motolii-testkit	core/motolii-testkit/src/lib.rs:116	pub	7		
fn	mean_limit	motolii-testkit	core/motolii-testkit/src/lib.rs:173	pub	4	max 許容に対応する mean 上限。未知の max は定数外経路なので拒否する。	
fn	compare_rgba_labeled	motolii-testkit	core/motolii-testkit/src/lib.rs:185	pub	2		
fn	save_rgba_png_labeled	motolii-testkit	core/motolii-testkit/src/lib.rs:228	pub	3		
fn	assert_rgba_matches_golden_file	motolii-testkit	core/motolii-testkit/src/lib.rs:257	pub	8	参照 PNG をファイルとして持つ golden 比較。	
fn	ruler_height	motolii-timeline-pane	ui/motolii-timeline-pane/src/canvas.rs:45	pub	80	ルーラー帯の高さ(裁定172 §2: `0.846×行高`)。mock `.ruler{height:22px}` /	
fn	bar_inset	motolii-timeline-pane	ui/motolii-timeline-pane/src/canvas.rs:55	pub	6	bar の縦 inset(裁定172 §2: `0.154×行高` — 「梯子中段」)。mock	
fn	bar_corner_radius	motolii-timeline-pane	ui/motolii-timeline-pane/src/canvas.rs:62	pub	5	bar の角丸半径(裁定172 §2: `0.111×bar高` — bar は inset 適用後の高さが	
fn	minor_tick_length	motolii-timeline-pane	ui/motolii-timeline-pane/src/canvas.rs:68	pub	11	ルーラー小目盛りの長さ(裁定172 §1: `0.227×ruler高`)。mock `.tick{height:5px}`	
fn	major_tick_length	motolii-timeline-pane	ui/motolii-timeline-pane/src/canvas.rs:75	pub	11	ルーラー大目盛りの長さ(裁定172 §1: `0.5×ruler高`)。mock	
fn	loop_band_height	motolii-timeline-pane	ui/motolii-timeline-pane/src/canvas.rs:81	pub	19	ループ帯(作業範囲、正典 §5「ルーラ最上段が専用面」)の高さ。	
fn	snap_candidates	motolii-timeline-pane	ui/motolii-timeline-pane/src/clip_gesture.rs:29	pub	3	吸着候補: 0秒・終端・playhead・**他 clip**(grabbed 自身は除く)の start/end	
fn	snap_frame	motolii-timeline-pane	ui/motolii-timeline-pane/src/clip_gesture.rs:49	pub	11	`frame` を最も近い候補へ吸着する。**間合いは画面距離**	
fn	moved_start	motolii-timeline-pane	ui/motolii-timeline-pane/src/clip_gesture.rs:65	pub	5	move(本体ドラッグ)の新しい start。**尺は変わらない** — comp の外へは出さない	
fn	trimmed_in_start	motolii-timeline-pane	ui/motolii-timeline-pane/src/clip_gesture.rs:88	pub	4	trim In(頭側の端)の新しい start。**1フレーム未満に潰さない・0未満へは	
fn	trimmed_out_end	motolii-timeline-pane	ui/motolii-timeline-pane/src/clip_gesture.rs:106	pub	4	trim Out(尻側の端)の新しい end。**1フレーム未満に潰さない・comp の外へは	
fn	retimed_duration	motolii-timeline-pane	ui/motolii-timeline-pane/src/clip_gesture.rs:124	pub	12	speed 変更に伴う duration の再計算(SP1 第一波= Inspector 数値欄、第二波=	
fn	hit_test	motolii-timeline-pane	ui/motolii-timeline-pane/src/hit.rs:41	pub	36	`point` がどこに当たったか。ルーラー帯(`ruler_height` 未満)は常に [`Hit::Blank`]。	
fn	bar_span_x	motolii-timeline-pane	ui/motolii-timeline-pane/src/hit.rs:86	pub	7	bar の x 範囲(クリップ面ローカル座標)。[`hit_test`] と [`classify_bar_part`] が	
fn	classify_bar_part	motolii-timeline-pane	ui/motolii-timeline-pane/src/hit.rs:94	pub	17	`point_x` が `[start_x, end_x)` の bar の中のどこに当たったか。**幅	
fn	key_snap_candidates	motolii-timeline-pane	ui/motolii-timeline-pane/src/key_gesture.rs:29	pub	2	キーのスナップ候補(正典 §3「スナップ…は clip と同じ対象」)。0秒・終端・	
fn	clamp_group_delta	motolii-timeline-pane	ui/motolii-timeline-pane/src/key_gesture.rs:43	pub	7	塊制約(`clip_gesture` の move と同じ思想): 集合の誰か(`min_origin`/	
fn	moved_key_group	motolii-timeline-pane	ui/motolii-timeline-pane/src/key_gesture.rs:57	pub	8	複数選択キーの一括時刻ドラッグ(正典 §3・§8.1)。**掴んだキー	
fn	nudge_key_group	motolii-timeline-pane	ui/motolii-timeline-pane/src/key_gesture.rs:91	pub	3	NudgeKeyframe(正典 §8.1「選択キーを1(Shift で10)フレーム前後へ」)。	
fn	retimed_key_frame	motolii-timeline-pane	ui/motolii-timeline-pane/src/key_gesture.rs:104	pub	3	RetimeSelection(裁定146)の1キー分。`anchor_frame` は固定端、`edge_frame` は	
fn	retimed_key_group	motolii-timeline-pane	ui/motolii-timeline-pane/src/key_gesture.rs:122	pub	3	[`retimed_key_frame`] を選択集合全員へ適用する。	
fn	key_write_order	motolii-timeline-pane	ui/motolii-timeline-pane/src/key_gesture.rs:130	pub	7	同時刻衝突(正典 §3): 複数キー移動は**移動方向でソートしてから書く**	
fn	toggle_keyframe_at	motolii-timeline-pane	ui/motolii-timeline-pane/src/keys2.rs:48	pub	11	map id 472(Add Keyframe)・473(同、公式 BMD 表記違い)・474(同、ショートカット	
fn	ease_selection	motolii-timeline-pane	ui/motolii-timeline-pane/src/keys2.rs:78	pub	7	選択キー集合の全員に同じ `side` を適用対象として割り当てる(map	
fn	interpolation_targets	motolii-timeline-pane	ui/motolii-timeline-pane/src/keys2.rs:100	pub	5	map id 495(ダイアログ)・512(Set interpolation for keyframes)・	
fn	toggle_hold	motolii-timeline-pane	ui/motolii-timeline-pane/src/keys2.rs:111	pub	7	map id 520(Toggle Hold Keyframe)。**現在値が要る**(トグルなので)—	
fn	copy_keys	motolii-timeline-pane	ui/motolii-timeline-pane/src/keys2.rs:148	pub	12	選択キー集合をクリップボードへ写す。anchor は選択集合内の最早 frame —	
fn	paste_keys	motolii-timeline-pane	ui/motolii-timeline-pane/src/keys2.rs:162	pub	10	通常貼り付け: `target` を新しい anchor として、コピー時の相対配置を	
fn	paste_keys_reversed	motolii-timeline-pane	ui/motolii-timeline-pane/src/keys2.rs:171	pub	8	map id 507(Reverse paste copied keyframes)。集合を時間反転してから	
fn	keys_for_property	motolii-timeline-pane	ui/motolii-timeline-pane/src/keys2.rs:190	pub	7	指定 property(`layer`+`property`)の全キーを選択集合として返す(map 509)。	
fn	reversed_key_group	motolii-timeline-pane	ui/motolii-timeline-pane/src/keys2.rs:216	pub	13	選択キー集合を、その集合自身の `[min, max]` の中心を軸に時間反転する	
fn	clip_edit_points	motolii-timeline-pane	ui/motolii-timeline-pane/src/keys2.rs:230	pub	10	表示中の**全 clip**(選択中の1本だけではない)の start/end を集める(map	
fn	glyph_size_px	motolii-timeline-pane	ui/motolii-timeline-pane/src/lane_bar.rs:94	pub	14	M/S/L グリフ(正方形チップ)の1辺。mock `.rail .g{width:12px;height:12px}`	
fn	TimelinePane::new	motolii-timeline-pane	ui/motolii-timeline-pane/src/lib.rs:194	pub	2363		
fn	TimelinePane::with_playing	motolii-timeline-pane	ui/motolii-timeline-pane/src/lib.rs:227	pub	6	`Shell::view` だけが呼ぶ(transport 帯)。`Shell::is_playing()` 相当を	
fn	TimelinePane::with_work_area	motolii-timeline-pane	ui/motolii-timeline-pane/src/lib.rs:235	pub	5	`Shell::view` だけが呼ぶ(B21+B18 第1切片)。`PaneState::work_area()`/	
fn	TimelinePane::with_rename	motolii-timeline-pane	ui/motolii-timeline-pane/src/lib.rs:244	pub	7	`Shell::view` だけが呼ぶ(第3切片、正典 §6「リネーム」)。	
fn	TimelinePane::with_waveforms	motolii-timeline-pane	ui/motolii-timeline-pane/src/lib.rs:253	pub	2	`Shell::view` だけが呼ぶ想定(TL7 統合手順1・3)。`PaneState::waveforms()`	
fn	TimelinePane::with_key_drag_active	motolii-timeline-pane	ui/motolii-timeline-pane/src/lib.rs:264	pub	7	`Shell::view` だけが呼ぶ(第2波T4)。`PaneState::key_drag_active()`	
fn	TimelinePane::with_clip_preview	motolii-timeline-pane	ui/motolii-timeline-pane/src/lib.rs:272	pub	6	`Shell::view`(実際には `Shell::build_timeline_pane`)だけが呼ぶ	
fn	TimelinePane::with_key_preview	motolii-timeline-pane	ui/motolii-timeline-pane/src/lib.rs:286	pub	5	同上(第2波T5)、キー drag/リタイム版。`preview` は「掴んだ瞬間の	
fn	TimelinePane::rows	motolii-timeline-pane	ui/motolii-timeline-pane/src/lib.rs:299	pub	376	**運転席専用**(第2波T5): `with_clip_preview`/`with_key_preview` 適用後の	
fn	TimelinePane::property_rows	motolii-timeline-pane	ui/motolii-timeline-pane/src/lib.rs:307	pub	59	同上、property 行(キー行)版。	
fn	TimelinePane::view	motolii-timeline-pane	ui/motolii-timeline-pane/src/lib.rs:359	pub	1647	**縦スクロール発注(2026-08-22)**: `docs/reviews/2026-08-22-persona-lyric-mv-round2.md`	
fn	TimelinePane::view_with_transport	motolii-timeline-pane	ui/motolii-timeline-pane/src/lib.rs:419	pub	8	[`Self::view`] の上に transport 帯(map 1041-1045・1138、	
fn	locator_head_top	motolii-timeline-pane	ui/motolii-timeline-pane/src/markers.rs:66	pub	8	locator 頭部の上端(ルーラ帯ローカル y)。ループ帯の下端そのもの	
fn	locator_head_height	motolii-timeline-pane	ui/motolii-timeline-pane/src/markers.rs:72	pub	4	locator 頭部の高さ。**大目盛り長 − 小目盛り長** = 小目盛りが届かない	
fn	locator_frame	motolii-timeline-pane	ui/motolii-timeline-pane/src/markers.rs:104	pub	3	マーカーの comp フレーム位置。fps が引けない(comp が無い)時は `None` —	
fn	project	motolii-timeline-pane	ui/motolii-timeline-pane/src/markers.rs:111	pub	113	store 投影の純関数(発注やること2)。fps 無し(comp 無し)なら空 —	
fn	in_locator_lane	motolii-timeline-pane	ui/motolii-timeline-pane/src/markers.rs:137	pub	5	`y`(ルーラ帯ローカル)が locator の縦域か。頭部上端からルーラ下端まで —	
fn	locator_at	motolii-timeline-pane	ui/motolii-timeline-pane/src/markers.rs:144	pub	7	`x`(時間場ローカル px)に最も近い locator の添字。±[`LOCATOR_GRAB`] の	
fn	added_at_playhead	motolii-timeline-pane	ui/motolii-timeline-pane/src/markers.rs:179	pub	4	M タップ=playhead へ即置き(map 717 の UI 入口・728 の add 側、正典 §5)。	
fn	moved	motolii-timeline-pane	ui/motolii-timeline-pane/src/markers.rs:199	pub	49	ドラッグ移動の1回分(map 728/738/739 の時刻 modify、正典 §5)。時刻だけを	
fn	removed	motolii-timeline-pane	ui/motolii-timeline-pane/src/markers.rs:222	pub	10	右クリック削除(map 718 の UI 入口、正典 §5)。添字が外れていれば `None`。	
fn	MarkerDrag::start	motolii-timeline-pane	ui/motolii-timeline-pane/src/markers.rs:281	pub	613	掴んだ瞬間([`MarkerMessage::Grabbed`])。添字が外れている・fps で	
fn	MarkerDrag::dragged	motolii-timeline-pane	ui/motolii-timeline-pane/src/markers.rs:294	pub	10	ドラッグ中のポインタ移動([`MarkerMessage::DragMoved`])。掴んだ瞬間の	
fn	MarkerDrag::preview	motolii-timeline-pane	ui/motolii-timeline-pane/src/markers.rs:303	pub	190	描画用のプレビュー(ドラッグ中はこちらを `project` へ渡す — 正典 §5.5	
fn	MarkerDrag::finish	motolii-timeline-pane	ui/motolii-timeline-pane/src/markers.rs:309	pub	27	release = 確定([`MarkerMessage::DragReleased`])。**未移動なら `None`**	
fn	draw_locators	motolii-timeline-pane	ui/motolii-timeline-pane/src/markers.rs:325	pub	1	マーカーレーンを描く(発注やること2「表示・ラベル表示」)。既存	
fn	step_playhead	motolii-timeline-pane	ui/motolii-timeline-pane/src/nav.rs:11	pub	18	Step Forward/Back(正典 §5「矢印キー」)。`delta` は符号つき(素で ±1、	
fn	comp_end_frame	motolii-timeline-pane	ui/motolii-timeline-pane/src/nav.rs:24	pub	9	Go to End(正典 §8.1 `JumpToCompStart/End` の End 側)。comp が無ければ	
fn	nearest_meaning_point	motolii-timeline-pane	ui/motolii-timeline-pane/src/nav.rs:38	pub	16	JumpPrev/NextMeaningPoint(正典 §8.1)。`points` は意味点(表示中 property	
fn	follow_view_start	motolii-timeline-pane	ui/motolii-timeline-pane/src/nav.rs:52	pub	6	再生中の playhead 追従スクロール(B21 第1切片)。ビュー窓	
fn	clip_edge_frame	motolii-timeline-pane	ui/motolii-timeline-pane/src/nav.rs:84	pub	6	選択 clip の In/Out フレーム。**「その線ちょうど」を含む半開区間ではない**	
fn	rows	motolii-timeline-pane	ui/motolii-timeline-pane/src/projection.rs:52	pub	376	`store`/`session` から Timeline の行を組み立てる。**読むだけ**。	
fn	audio_rows	motolii-timeline-pane	ui/motolii-timeline-pane/src/projection.rs:239	pub	9	`store` の全 present layer から [`AudioRowProjection`] を組む。**読むだけ**	
fn	row_selected	motolii-timeline-pane	ui/motolii-timeline-pane/src/projection.rs:338	pub	4	行ハイライトの選択判定。`selection`(単一 focus)と `selected_layers`	
fn	frame_to_x	motolii-timeline-pane	ui/motolii-timeline-pane/src/projection.rs:346	pub	58	comp フレーム → x px。`duration_frames <= 0` の空 comp では常に 0。	
fn	frame_at_x	motolii-timeline-pane	ui/motolii-timeline-pane/src/projection.rs:361	pub	31	x px → comp フレーム。**scrub の core**(canvas の click/drag と単体 test の両方が	
fn	tick_steps	motolii-timeline-pane	ui/motolii-timeline-pane/src/projection.rs:409	pub	27	ルーラー目盛りの小目盛/大目盛のステップ(フレーム数)。利用者裁定	
fn	time_band_segment_frames	motolii-timeline-pane	ui/motolii-timeline-pane/src/projection.rs:467	pub	9	時間方向の明暗リズム(裁定148(1))の区間幅(フレーム数)。**大目盛の周期に	
fn	property_rows	motolii-timeline-pane	ui/motolii-timeline-pane/src/projection.rs:641	pub	59	`session.selection` の layer が持つ、**キーを持つ property だけ**の行	
fn	selected_row_index	motolii-timeline-pane	ui/motolii-timeline-pane/src/projection.rs:687	pub	18	`rows` 内で `session.selection` が指す行の添字。property 行は必ずこの行の	
fn	layer_row_top	motolii-timeline-pane	ui/motolii-timeline-pane/src/projection.rs:694	pub	37	レイヤー行 `index` の描画 top(ルーラー下相対、`row_height` の倍数からの	
fn	key_order	motolii-timeline-pane	ui/motolii-timeline-pane/src/projection.rs:757	pub	23	行順→時刻順(`key_order`、正典 §3・§4 と同じ文法)で並んだキー全体。	
fn	resolve_layer_selection	motolii-timeline-pane	ui/motolii-timeline-pane/src/rows.rs:83	pub	20	[`LayerSelectionOp`] を解決する。**`Session` を書き換えない** — 呼び手	
fn	bulk_toggle_target	motolii-timeline-pane	ui/motolii-timeline-pane/src/rows.rs:137	pub	18	選択集合の bool 属性(hidden/solo/locked のどれか)を一括で揃える先の	
fn	isolate_others	motolii-timeline-pane	ui/motolii-timeline-pane/src/rows.rs:164	pub	7	`keep` 以外の全 id を返す(「他を消す」束の対象集合)。呼び手はこの戻り値	
fn	subtree_ids	motolii-timeline-pane	ui/motolii-timeline-pane/src/rows.rs:176	pub	11	`root` とその子孫(`rows` の中で**現に見えているもの**だけ)の id 一覧を	
fn	ShuttleState::stopped	motolii-timeline-pane	ui/motolii-timeline-pane/src/shuttle.rs:48	pub	8		
fn	ShuttleState::is_stopped	motolii-timeline-pane	ui/motolii-timeline-pane/src/shuttle.rs:52	pub	8		
fn	ShuttleState::apply	motolii-timeline-pane	ui/motolii-timeline-pane/src/shuttle.rs:56	pub	707	状態遷移の全て(この1関数が状態機械の正本 — テストはここを検分する)。	
fn	split_plan	motolii-timeline-pane	ui/motolii-timeline-pane/src/split.rs:142	pub	26	1 layer を `at_frame` で split する Intent 列を組む(モジュール doc 「`split_plan`	
fn	split_selected_plan	motolii-timeline-pane	ui/motolii-timeline-pane/src/split.rs:304	pub	16	選択レイヤー全部への一括 split(EXACT TARGET 3)。呼び出し側はこの1本を	
fn	restacked	motolii-timeline-pane	ui/motolii-timeline-pane/src/stacking.rs:48	pub	16	現在の `(layer, order)` の集合と対象集合から、並べ替え後に **order が変わる	
fn	transport_spec	motolii-timeline-pane	ui/motolii-timeline-pane/src/transport.rs:82	pub	13	絵と意味の対応表を組む純関数([`view`] とテストの共通の正本)。	
fn	required_buckets	motolii-timeline-pane	ui/motolii-timeline-pane/src/waveform_view.rs:60	pub	28	クリップの画面幅(px)から、要求すべき bucket 数を決める純関数	
fn	needs_recompute	motolii-timeline-pane	ui/motolii-timeline-pane/src/waveform_view.rs:71	pub	14	今持っている bucket 数(取得中/取得済みのどちらか、未着手なら `None`)と、	
fn	plan	motolii-timeline-pane	ui/motolii-timeline-pane/src/waveform_view.rs:121	pub	31	今の状態・クリップ画面幅・音声の有無から、この frame で取るべき行動を	
fn	waveform_segments	motolii-timeline-pane	ui/motolii-timeline-pane/src/waveform_view.rs:146	pub	21	peaks(min, max のバケット列)をクリップの画面矩形 `rect` へ写す純関数	
fn	waveform_state_segments	motolii-timeline-pane	ui/motolii-timeline-pane/src/waveform_view.rs:187	pub	12	[`WaveformState`] から直接描画データを作る薄いラッパー。`Ready` 以外	
fn	waveform_ink	motolii-timeline-pane	ui/motolii-timeline-pane/src/waveform_view.rs:205	pub	9	波形インク色 — tokens `data` ロールをクリップ色の上へ明度差として重ねる	
fn	WorkArea::first_frame	motolii-timeline-pane	ui/motolii-timeline-pane/src/work_area.rs:35	pub	5	作業範囲の先頭フレーム(map 1064「作業範囲の先頭へ」・正典 §8.1	
fn	WorkArea::last_frame	motolii-timeline-pane	ui/motolii-timeline-pane/src/work_area.rs:41	pub	19	作業範囲の最終フレーム(map 1064「作業範囲の末尾へ」・`JumpToLoopEnd`)。	
fn	WorkArea::len	motolii-timeline-pane	ui/motolii-timeline-pane/src/work_area.rs:47	pub	757	フレーム数(最短1)。	
fn	WorkArea::contains	motolii-timeline-pane	ui/motolii-timeline-pane/src/work_area.rs:52	pub	249	`frame` が範囲内か(半開)。ループ折り返し([`advanced_playhead`])の	
fn	classify_loop_band	motolii-timeline-pane	ui/motolii-timeline-pane/src/work_area.rs:77	pub	13	`x`(時間場ローカル px)がループ帯のどこに当たるか。`span_x` は現在の	
fn	dragged_area	motolii-timeline-pane	ui/motolii-timeline-pane/src/work_area.rs:106	pub	13	固定端 `anchor` から `current` まで引いた区間(新規作成とリサイズの共通式)。	
fn	moved_area	motolii-timeline-pane	ui/motolii-timeline-pane/src/work_area.rs:121	pub	5	帯の平行移動(正典 §5「中=平行移動」)。長さを保ったまま、掴んだ瞬間の	
fn	with_in	motolii-timeline-pane	ui/motolii-timeline-pane/src/work_area.rs:132	pub	4	Mark In / Set Work Area In(map 725・296): In 点を `playhead` へ。既存の	
fn	with_out	motolii-timeline-pane	ui/motolii-timeline-pane/src/work_area.rs:152	pub	4	Mark Out / Set Work Area Out(map 726・297): Out 点を `playhead` へ	
fn	cleared_in	motolii-timeline-pane	ui/motolii-timeline-pane/src/work_area.rs:164	pub	2	Clear In(map 719): In 点だけ解除 = 先頭(0)へ開く。帯は残る。	
fn	cleared_out	motolii-timeline-pane	ui/motolii-timeline-pane/src/work_area.rs:169	pub	3	Clear Out(map 721): Out 点だけ解除 = comp 終端へ開く。comp が無ければ	
fn	advanced_playhead	motolii-timeline-pane	ui/motolii-timeline-pane/src/work_area.rs:179	pub	22	再生 clock の1歩(B21「作業範囲へループ」の意味接続そのもの — map	
fn	PaneState::new	motolii-timeline-pane	ui/motolii-timeline-pane/src/write.rs:432	pub	2363		
fn	PaneState::cancel_drag	motolii-timeline-pane	ui/motolii-timeline-pane/src/write.rs:436	pub	4	Esc / 右クリック = 進行中ジェスチャの破棄(正典 §2・裁定151「キャンセルの	
fn	PaneState::cancel_key_drag	motolii-timeline-pane	ui/motolii-timeline-pane/src/write.rs:445	pub	2	同上、キー drag/リタイム版。	
fn	PaneState::cancel_loop_drag	motolii-timeline-pane	ui/motolii-timeline-pane/src/write.rs:450	pub	4	同上、ループ帯ドラッグ版(B21+B18 第1切片)。掴んだ瞬間の作業範囲と	
fn	PaneState::work_area	motolii-timeline-pane	ui/motolii-timeline-pane/src/write.rs:464	pub	102	作業範囲の現在値(`TimelinePane::with_work_area` へそのまま渡す読み取り	
fn	PaneState::loop_enabled	motolii-timeline-pane	ui/motolii-timeline-pane/src/write.rs:472	pub	39	ループ on/off の現在値(同上 + shell の PlaybackClock が	
fn	PaneState::key_drag_active	motolii-timeline-pane	ui/motolii-timeline-pane/src/write.rs:478	pub	14	`TimelinePane::with_key_drag_active` へそのまま渡す読み取り専用フラグ。	
fn	PaneState::waveforms	motolii-timeline-pane	ui/motolii-timeline-pane/src/write.rs:483	pub	25	波形取得状態の全体(`TimelinePane::with_waveforms` へそのまま渡す	
fn	PaneState::plan_waveforms	motolii-timeline-pane	ui/motolii-timeline-pane/src/write.rs:490	pub	15	毎フレーム(`Shell::build_timeline_pane` が呼ぶ想定)判断(TL7 統合手順1)。	
fn	PaneState::rename_draft	motolii-timeline-pane	ui/motolii-timeline-pane/src/write.rs:528	pub	14	inline rename の進行中下書き(`TimelinePane::with_rename` へそのまま	
fn	PaneState::cancel_rename	motolii-timeline-pane	ui/motolii-timeline-pane/src/write.rs:534	pub	9	rename の取消(Esc — `cancel_drag` と同じく shell の	
fn	PaneState::is_dragging	motolii-timeline-pane	ui/motolii-timeline-pane/src/write.rs:542	pub	11	clip drag/keyドラッグ/ループ帯ドラッグのどれかが進行中か。実時間再生	
fn	PaneState::clip_preview	motolii-timeline-pane	ui/motolii-timeline-pane/src/write.rs:550	pub	3	`TimelinePane::with_clip_preview` へそのまま渡す。**掴んだ layer	
fn	PaneState::key_preview	motolii-timeline-pane	ui/motolii-timeline-pane/src/write.rs:564	pub	3	`TimelinePane::with_key_preview` へそのまま渡す。`origins`(掴んだ瞬間の	
fn	PaneState::update	motolii-timeline-pane	ui/motolii-timeline-pane/src/write.rs:577	pub	1061	**pane 側の唯一の書き口**。`Message::Select`/`ScrubTo`/`ToggleMute`/	
fn	Dimensions::parse	motolii-tokens-rs	ui/motolii-tokens-rs/src/lib.rs:322	pub	67		
fn	Dimensions::debug_source_path	motolii-tokens-rs	ui/motolii-tokens-rs/src/lib.rs:326	pub	14	debug ビルドでの読み込み元。`CARGO_MANIFEST_DIR` は compile time に決まるので、	
fn	Dimensions::load_from_path	motolii-tokens-rs	ui/motolii-tokens-rs/src/lib.rs:332	pub	12		
fn	Dimensions::scaled	motolii-tokens-rs	ui/motolii-tokens-rs/src/lib.rs:337	pub	62	`ui_scale` を全寸法・全文字サイズへ適用する**唯一の乗算点**(発注書:	
fn	Colors::parse	motolii-tokens-rs	ui/motolii-tokens-rs/src/lib.rs:666	pub	67		
fn	Colors::debug_source_path	motolii-tokens-rs	ui/motolii-tokens-rs/src/lib.rs:710	pub	14	debug ビルドでの読み込み元。**正本は1つ** — `ui/motolii-tokens` 配下のこのファイル	
fn	Colors::load_from_path	motolii-tokens-rs	ui/motolii-tokens-rs/src/lib.rs:717	pub	12		
fn	theme_from_colors	motolii-tokens-rs	ui/motolii-tokens-rs/src/lib.rs:723	pub	15	`iced::application` の `.theme()` に渡す、tokens 由来の `iced::Theme`。	
fn	TextWeight::font	motolii-tokens-rs	ui/motolii-tokens-rs/src/lib.rs:825	pub	112	`text`/`text_input` の `.font(..)` へそのまま渡せる `iced::Font`。	
fn	Ink::resolve	motolii-tokens-rs	ui/motolii-tokens-rs/src/lib.rs:853	pub	273		
fn	Tokens::load	motolii-tokens-rs	ui/motolii-tokens-rs/src/lib.rs:893	pub	84	起動時の読み込み。debug はファイルから、release は埋め込み文字列から。	
fn	replace_ui_scale	motolii-tokens-rs	ui/motolii-tokens-rs/src/lib.rs:919	pub	9	[`Dimensions::ui_scale`] だけを書き戻す surgical replace(テキストレベル)。	
fn	write_ui_scale_to_path	motolii-tokens-rs	ui/motolii-tokens-rs/src/lib.rs:946	pub	5	[`replace_ui_scale`] を実ファイルへ適用する(read-modify-write)。**path 引数を	
fn	save_ui_scale	motolii-tokens-rs	ui/motolii-tokens-rs/src/lib.rs:957	pub	5	`ui_scale` の実行時の書き戻し口。**debug ビルドだけが実際に正本 JSON へ触る**	
fn	save_ui_scale	motolii-tokens-rs	ui/motolii-tokens-rs/src/lib.rs:971	pub	5		
fn	watch_subscription	motolii-tokens-rs	ui/motolii-tokens-rs/src/lib.rs:976	pub	8	トークンファイルの変更を見張る `Subscription`。**debug ビルドのみ実際に見張る**	
fn	watch_subscription	motolii-tokens-rs	ui/motolii-tokens-rs/src/lib.rs:986	pub	8		
fn	Coverage::full	motolii-vector	engine/motolii-vector/src/coverage.rs:65	pub	46	全画素 `255` — 「無 mask = 全通過」の既定、および intersect 系の単位元。	
fn	Coverage::empty	motolii-vector	engine/motolii-vector/src/coverage.rs:74	pub	28	全画素 `0` — add/lighten 系の単位元。	
fn	Coverage::from_raster_alpha	motolii-vector	engine/motolii-vector/src/coverage.rs:83	pub	2	[`Raster`] の alpha チャンネル(4バイトごとの4つ目)だけを抜き出す。	
fn	add	motolii-vector	engine/motolii-vector/src/coverage.rs:141	pub	70	AE `Add`(tsv id 748/749)。飽和加算 — 論理和寄り。単位元は `0`。	
fn	subtract	motolii-vector	engine/motolii-vector/src/coverage.rs:146	pub	10	AE `Subtract`(tsv id 794/795)。飽和差 — `a` から `b` を引く。**非可換**。	
fn	intersect	motolii-vector	engine/motolii-vector/src/coverage.rs:151	pub	21	AE `Intersect`(tsv id 759/760)。`min` — 論理積寄り。単位元は `255`。可換。	
fn	lighten	motolii-vector	engine/motolii-vector/src/coverage.rs:156	pub	8	AE `Lighten`(tsv id 763)。`max` — add と同じ union 系(単位元 `0`)。	
fn	darken	motolii-vector	engine/motolii-vector/src/coverage.rs:161	pub	8	AE `Darken`(tsv id 752/753)。`min` — module doc の「intersect と同じ式」参照。	
fn	difference	motolii-vector	engine/motolii-vector/src/coverage.rs:166	pub	17	AE `Difference`(tsv id 754/755)。対称差(`|a-b|`)。可換だが intersect とは別式。	
fn	with_contour	motolii-vector	engine/motolii-vector/src/edit.rs:85	pub	7	`path[contour]` に `f` を適用した新しい [`Path`] を返す。**このモジュールの他の	
fn	insert_vertex	motolii-vector	engine/motolii-vector/src/edit.rs:106	pub	9	`at` の位置へ頂点を挿入する(`v`/`i`/`o` に1組追加)。`at == vertices.len()` は	
fn	remove_vertex	motolii-vector	engine/motolii-vector/src/edit.rs:121	pub	6	`at` の頂点を消す(`v`/`i`/`o` から1組削除)。**0頂点まで許す** — 空輪郭は	
fn	move_vertex	motolii-vector	engine/motolii-vector/src/edit.rs:138	pub	9	アンカー(`v[at]`)だけを動かす。タンジェントは頂点相対	
fn	set_handles	motolii-vector	engine/motolii-vector/src/edit.rs:156	pub	9	ベジエハンドル(`i[at]`/`o[at]`)を差し替える。`v[at]` には触らない。	
fn	close_path	motolii-vector	engine/motolii-vector/src/edit.rs:180	pub	7	輪郭を閉じる(`c = true`)。`v`/`i`/`o` には触らない — 既に閉じていても	
fn	open_path	motolii-vector	engine/motolii-vector/src/edit.rs:189	pub	3	輪郭を開く(`c = false`)。[`close_path`] と対称。	
fn	split_segment	motolii-vector	engine/motolii-vector/src/edit.rs:201	pub	18	`edge` 番目の辺(`vertices[edge]` → 次の頂点)を弧長ではなく**ベジエパラメータ**	
fn	contour_to_flat	motolii-vector	engine/motolii-vector/src/edit.rs:254	pub	6	[`Contour`] → 平坦表現(`values/bezier` の `v`/`i`/`o`/`c` 全部)。	
fn	contour_from_flat	motolii-vector	engine/motolii-vector/src/edit.rs:271	pub	5	平坦表現 → [`Contour`]。[`contour_to_flat`] の逆。	
fn	Vertex::corner	motolii-vector	engine/motolii-vector/src/geom.rs:98	pub	91		
fn	Contour::closed	motolii-vector	engine/motolii-vector/src/geom.rs:115	pub	146		
fn	Contour::open	motolii-vector	engine/motolii-vector/src/geom.rs:122	pub	173		
fn	flatten	motolii-vector	engine/motolii-vector/src/group.rs:65	pub	107	入れ子 tree を、既存のラスタライズ経路がそのまま描ける平坦な `Shape` の列へ	
fn	render_tree	motolii-vector	engine/motolii-vector/src/group.rs:134	pub	14	[`flatten`] してから、`render()` が使うのと同じラスタライズ経路	
fn	Shape::new	motolii-vector	engine/motolii-vector/src/lib.rs:122	pub	2363	演算子もスタイルも無い裸のパス。**何も描かれない** — スタイルが無い図形は	
fn	ShapeOp::new	motolii-vector	engine/motolii-vector/src/lib.rs:191	pub	2363		
fn	Canvas::centered	motolii-vector	engine/motolii-vector/src/lib.rs:530	pub	20	局所原点を板の中央へ置く。図形源が原点中央に作られるので、これが自然な既定。	
fn	render	motolii-vector	engine/motolii-vector/src/lib.rs:564	pub	221	図形1つの記述 → premultiplied RGBA8。**単一 `Shape` 用の糖衣**(裁定173 H4) —	
fn	insert_op	motolii-vector	engine/motolii-vector/src/stack_edit.rs:60	pub	12	`at` に段を挿す(適用)。`at == ops.len()` は末尾への追加まで許す — 挿入位置	
fn	remove_op	motolii-vector	engine/motolii-vector/src/stack_edit.rs:73	pub	9	`at` の段を外す。**0段まで許す** — 空スタックは「無加工のパス」を意味するだけ	
fn	move_op	motolii-vector	engine/motolii-vector/src/stack_edit.rs:86	pub	13	`from` の段を `to` の位置へ動かす(順序 — `shapes` 配列の順序が適用順)。	
fn	set_kind	motolii-vector	engine/motolii-vector/src/stack_edit.rs:111	pub	10	`at` の段の `kind` だけを差し替える(パラメータ変更)。`hidden` は不変。	
fn	set_hidden	motolii-vector	engine/motolii-vector/src/stack_edit.rs:125	pub	22	`at` の段の `hidden`(`graphic-element.hd`)だけを差し替える。`kind` は不変。	
fn	with_ops	motolii-vector	engine/motolii-vector/src/stack_edit.rs:136	pub	8	[`Shape::ops`] に `f` を適用した新しい [`Shape`] を返す橋渡し。呼び手が	
fn	TextLayout::new	motolii-vector	engine/motolii-vector/src/text.rs:102	pub	2363	既定値だけの組版。`size` は呼び手が必ず決めるので既定を持たない。	
fn	shape_text	motolii-vector	engine/motolii-vector/src/text.rs:149	pub	29	文字列 + フォント + 組版 → 輪郭と実測値。改行は cosmic-text がそのまま行分割する。	
fn	edit_menu	motolii-verbs	ui/motolii-verbs/src/generate.rs:35	pub	23	`motolii_menubar::menus::edit_menu` と同じ出力(`registry::EDIT_MENU` の	
fn	layer_menu	motolii-verbs	ui/motolii-verbs/src/generate.rs:58	pub	22	`motolii_menubar::menus::layer_menu` と同じ出力(`registry::LAYER_MENU` の	
fn	window_menu	motolii-verbs	ui/motolii-verbs/src/generate.rs:82	pub	13	`motolii_menubar::menus::window_menu` と同じ出力(`registry::WINDOW_MENU`	
fn	help_menu	motolii-verbs	ui/motolii-verbs/src/generate.rs:103	pub	10	`motolii_menubar::menus::help_menu` と同じ出力(`registry::HELP_MENU` の	
fn	clip_context_items	motolii-verbs	ui/motolii-verbs/src/generate.rs:121	pub	10	`motolii_menubar::context::clip_context_items` と同じ出力	
fn	layer_row_context_items	motolii-verbs	ui/motolii-verbs/src/generate.rs:140	pub	10	`motolii_menubar::context::layer_row_context_items` と同じ出力	
fn	canvas_context_items	motolii-verbs	ui/motolii-verbs/src/generate.rs:160	pub	9	`motolii_menubar::context::canvas_context_items` と同じ出力	
fn	keyframe_context_items	motolii-verbs	ui/motolii-verbs/src/generate.rs:175	pub	10	`motolii_menubar::context::keyframe_context_items` と同じ出力	
fn	is_hidden	motolii-verbs	ui/motolii-verbs/src/lib.rs:112	pub	12	[`Entry::Context`]/[`Entry::PanelControl`] は「隠れた」入口 — 右クリック	
fn	s6_compliant	motolii-verbs	ui/motolii-verbs/src/lib.rs:119	pub	12	S6 監査本体(`const fn` — `static` 初期化子から呼べる)。モジュール冒頭	
fn	s6_checked	motolii-verbs	ui/motolii-verbs/src/lib.rs:143	pub	45	`Verb::entries` の唯一の構築口。違反時は **const 評価がパニックし	
fn	edit_timeline	r0-store-edit	probes/r0-store-edit/src/lib.rs:34	pub	4	編集履歴。undo/redo はこの軸の latest-at 移動そのもの(裁定2)。	
fn	comp_timeline	r0-store-edit	probes/r0-store-edit/src/lib.rs:39	pub	5	作品時間。**R0-A で「Document をこの軸に置くと undo が成立しない」ことを確かめる**ために	
fn	descriptor_frames	r0-store-edit	probes/r0-store-edit/src/lib.rs:167	pub	3		
fn	descriptor_values	r0-store-edit	probes/r0-store-edit/src/lib.rs:175	pub	6		
fn	new_store	r0-store-edit	probes/r0-store-edit/src/lib.rs:187	pub	7		
fn	write_track	r0-store-edit	probes/r0-store-edit/src/lib.rs:191	pub	10	property track を **まるごと1行**として `edit` 軸へ書く(裁定後の形)。	
fn	read_track	r0-store-edit	probes/r0-store-edit/src/lib.rs:220	pub	12	`edit` 軸の指定時刻で track を読む。undo = ここへ渡す数を戻すだけ。	
fn	write_scalar_at_comp	r0-store-edit	probes/r0-store-edit/src/lib.rs:241	pub	4	R0-A 専用: 値を `comp` 軸(と `edit` 軸)の両方に打つ「素朴な形」。	
fn	read_scalar_on	r0-store-edit	probes/r0-store-edit/src/lib.rs:260	pub	5	R0-A 専用: `comp` 軸で読む。	
fn	eval_linear	r0-store-edit	probes/r0-store-edit/src/lib.rs:274	pub	2	owns の実体: comp 時間 → 値。**rerun の latest-at は step 補間しか持たない**ので、	
fn	dense_track	r0-store-edit	probes/r0-store-edit/src/lib.rs:298	pub	5	300 打点 × 指定本数の track を作る補助。	
fn	timeline_names	r0-store-edit	probes/r0-store-edit/src/lib.rs:303	pub	3		
fn	store_bytes	r0-store-edit	probes/r0-store-edit/src/lib.rs:313	pub	10		
fn	store_chunks	r0-store-edit	probes/r0-store-edit/src/lib.rs:317	pub	4		
fn	PlyPointCloud::len	r3-pointcloud	probes/r3-pointcloud/src/lib.rs:69	pub	757		
fn	PlyPointCloud::is_empty	r3-pointcloud	probes/r3-pointcloud/src/lib.rs:73	pub	335		
fn	PlyPointCloud::bounds	r3-pointcloud	probes/r3-pointcloud/src/lib.rs:77	pub	568	bounding box (min, max)。	
fn	PlyPointCloud::centroid	r3-pointcloud	probes/r3-pointcloud/src/lib.rs:89	pub	17	全点の重心。	
fn	PlyPointCloud::bounding_radius	r3-pointcloud	probes/r3-pointcloud/src/lib.rs:98	pub	5	重心からの最大距離(外接球の半径。カメラ距離を決めるのに使う)。	
fn	load_binary_ply	r3-pointcloud	probes/r3-pointcloud/src/lib.rs:123	pub	2	binary_little_endian PLY を読む。**header を実際にパースして stride/offset を決める**	
fn	bar	r4-widget-timeline	probes/r4-widget-timeline/src/lib.rs:80	pub	165	bar 1本ぶんの widget 構成。`mouse_area(container(text))` — TL-arch §3 が	
fn	stacked_bars	r4-widget-timeline	probes/r4-widget-timeline/src/lib.rs:97	pub	10	(a)静止・(c)パン=素朴再構築・(d)zoom=x-only再配置で使う純関数。	
fn	stacked_bars_fixed	r4-widget-timeline	probes/r4-widget-timeline/src/lib.rs:114	pub	3	条件(b)の下地: pan=0 で固定 layout した Stack。パンは `TranslateLane` が	
fn	TranslateLane::new	r4-widget-timeline	probes/r4-widget-timeline/src/lib.rs:139	pub	2363		
fn	shape_text	r6-text-shaping	probes/r6-text-shaping/src/lib.rs:91	pub	29	文字列 + スタイル表の1行 → 輪郭と実測値。改行は cosmic-text がそのまま行分割する。	
fn	to_shape	r6-text-shaping	probes/r6-text-shaping/src/lib.rs:165	pub	3	輪郭 + スタイル表の1行 → motolii-vector の図形1つ。fill/stroke の色・幅・	
fn	rasterize	r6-text-shaping	probes/r6-text-shaping/src/lib.rs:196	pub	12	図形 → premultiplied RGBA8(上左原点の板)。`motolii_vector::render` の薄い皮 —	
struct	PcmFormat	motolii-audio	engine/motolii-audio/src/cache.rs:8	pub	26	PCMの形式(チャンネル数・サンプルレート)。stream単位で単一。	
struct	PcmCache	motolii-audio	engine/motolii-audio/src/cache.rs:15	pub	40	stream 1本のインターリーブf32 PCM。デコード時に全展開してRAM保持する	
struct	DeviceWaitLatency	motolii-audio	engine/motolii-audio/src/clock.rs:93	pub	33	cpalデバイス出力コールバックで観測した待ち時間(サンプルフレーム)の置き場。	
struct	PlaybackCounters	motolii-audio	engine/motolii-audio/src/clock.rs:134	pub	52	実供給フレーム数とアンダーラン(無音補填)フレーム数を分離して数える監視口。	
struct	PlaybackClock	motolii-audio	engine/motolii-audio/src/clock.rs:184	pub	45	再生クロック: start/pause/seek と現在の論理再生位置(`RationalTime`)を持つ口。	
struct	NegotiatedOutput	motolii-audio	engine/motolii-audio/src/device.rs:32	pub	11	素材形式に対して選んだデバイス出力形式(D4-FU、旧版から無改造)。	
struct	OutputStream	motolii-audio	engine/motolii-audio/src/device.rs:56	pub	7	再生中のcpal出力ストリーム。Dropでストリームを止める。	
struct	MeterSnapshot	motolii-audio	engine/motolii-audio/src/meter.rs:11	pub	12	UI/診断向けの最新meter snapshot。	
struct	AudioMeter	motolii-audio	engine/motolii-audio/src/meter.rs:28	pub	12	mix中に更新し、別スレッドが`snapshot`で読むだけのmeter。	
struct	ClipLatch	motolii-audio	engine/motolii-audio/src/meter.rs:38	pub	3	再生開始またはユーザー操作で明示的に消すまでclip表示を維持するUI用ラッチ。	
struct	FadeSpec	motolii-audio	engine/motolii-audio/src/mix.rs:78	pub	29	レイヤー単位のフェード仕様(B42、map id3/23)。	
struct	MixSource	motolii-audio	engine/motolii-audio/src/mix.rs:108	pub	33	mixへ投入する1 source(正準48k stereo cache前提)。	
struct	MixReport	motolii-audio	engine/motolii-audio/src/mix.rs:149	pub	6	`mix_audio` の結果メタ(正規silenceとunderflowの区別用)。	
struct	MixProducer	motolii-audio	engine/motolii-audio/src/producer.rs:56	pub	16	`AudioProgram`をmixしてリングへ供給するプロデューサ(A2)。	
struct	AudioProgram	motolii-audio	engine/motolii-audio/src/program.rs:75	pub	39	`StoreView` 由来の音声プログラム(正準mix入力)。	
struct	FixedRatioResampler	motolii-audio	engine/motolii-audio/src/resample.rs:14	pub	9	素材レート→デバイスレートの固定比リサンプラ。	
struct	PlaybackSession	motolii-audio	engine/motolii-audio/src/session.rs:32	pub	46	device出力 + mix producer + [`PlaybackClock`] を束ねた再生セッション。Drop で	
struct	TimeMap	motolii-audio	engine/motolii-audio/src/time_map.rs:34	pub	34	クリップローカル時刻 → ソース時刻の写像。	
struct	AssetListItem	motolii-browser-pane	ui/motolii-browser-pane/src/model.rs:19	pub	77	一覧1行ぶんの投影。`Asset` から Browser が要る最小の面だけを切り出す	
struct	PreviewCard	motolii-browser-pane	ui/motolii-browser-pane/src/model.rs:403	pub	27	preview-local カタログ1枚ぶんの静的カード(mock `#thumbnail-grid` の	
struct	PaneState	motolii-browser-pane	ui/motolii-browser-pane/src/state.rs:146	pub	217	Browser pane 専用の transient 状態(rail scope + 検索欄の下書き + パネル	
struct	HeadlessGpu	motolii-compositor	engine/motolii-compositor/src/headless.rs:18	pub	24		
struct	Layer	motolii-compositor	engine/motolii-compositor/src/lib.rs:261	pub	232	1枚の layer。**空間に立つ板**であり、2D の完成フレームではない。	
struct	LayerWithPasses	motolii-compositor	engine/motolii-compositor/src/lib.rs:283	pub	40	[`Layer`] + そこへ掛ける GPU pass 列(裁定153 S2)。	
struct	RenderTiming	motolii-compositor	engine/motolii-compositor/src/lib.rs:324	pub	5	1フレームの内訳。どこで時間を使っているかを隠さない。	
struct	Compositor	motolii-compositor	engine/motolii-compositor/src/lib.rs:341	pub	151		
struct	ResolvedCamera	motolii-core	core/motolii-core/src/camera.rs:22	pub	175	この comp 時刻でのカメラの姿。track が無ければ既定(裁定20 と同じ扱い)。	
struct	CameraProjection	motolii-core	core/motolii-core/src/camera.rs:54	pub	8	GPU へ渡す形(view の位置・向き、投影のパラメータ)。	
struct	FrameDesc	motolii-core	core/motolii-core/src/frame.rs:53	pub	46	プラグイン/クレート間で受け渡すフレームの記述子。	
struct	CpuFrame	motolii-core	core/motolii-core/src/frame.rs:189	pub	8	CPU側メモリに載ったフレーム。デコード出力・書き出し入力・テストで使う。	
struct	CompSpec	motolii-core	core/motolii-core/src/frame.rs:335	pub	133	合成の器。comp の解像度だけを持つ。	
struct	LayerPlacement	motolii-core	core/motolii-core/src/frame.rs:348	pub	100	comp 座標(ピクセル・左上原点)での layer の置き方。	
struct	RationalTime	motolii-core	core/motolii-core/src/time.rs:11	pub	677	有理数タイムスタンプ。秒 = num/den。	
struct	Fps	motolii-core	core/motolii-core/src/time.rs:270	pub	389	フレームレート(num/den フレーム毎秒)。例: 30fps = 30/1、29.97fps = 30000/1001。	
struct	Panel	motolii-css-metrics	ui/motolii-css-metrics/src/lib.rs:38	pub	16	既知の1枚の名乗り・mock ファイル名・既定 viewport。	
struct	ObservationCamera	motolii-engine	engine/motolii-engine/src/lib.rs:120	pub	109	観測視点(裁定157) — 作業用の見る位置。**Document には乗らない** —	
struct	Engine	motolii-engine	engine/motolii-engine/src/lib.rs:159	pub	276		
struct	SpatialTangent	motolii-eval	core/motolii-eval/src/track.rs:199	pub	9	空間ベジェの接線(`position-keyframe ti`/`to`)。**Vec2 の position 系 track だけが	
struct	Keyframe	motolii-eval	core/motolii-eval/src/track.rs:217	pub	210		
struct	KeyframeTrack	motolii-eval	core/motolii-eval/src/track.rs:231	pub	298	時刻順にソートされたキーフレーム列。	
struct	PathVertex	motolii-eval	core/motolii-eval/src/value.rs:3	pub	31	ベジェパスの1頂点。接線は**頂点からの相対**で持つ。	
struct	Path	motolii-eval	core/motolii-eval/src/value.rs:15	pub	341	ベジェパス。マスク形状と shape のパス源の正本。	
struct	ExportJob	motolii-export	engine/motolii-export/src/lib.rs:81	pub	43	書き出しの注文。	
struct	ExportReport	motolii-export	engine/motolii-export/src/lib.rs:91	pub	12	書き出しの結果。**言ったことと現物が一致する**ための報告。	
struct	ExportProgress	motolii-export	engine/motolii-export/src/lib.rs:99	pub	27	フレーム毎の進捗報告。`export_range_with_progress` が1フレーム書き終える	
struct	Cancel	motolii-export	engine/motolii-export/src/lib.rs:111	pub	62	中断の口。押されたら**残骸を消してから**返す。	
struct	UnsupportedForLottie	motolii-export	engine/motolii-export/src/lottie.rs:58	pub	42	Lottie へ書けなかった物の一覧。**黙って落とさない**——空であることが	
struct	LottieExport	motolii-export	engine/motolii-export/src/lottie.rs:90	pub	3	[`export_lottie`] の結果。`unsupported` が空なら、この Document の採用済語彙は	
struct	WorkAreaFrames	motolii-export-pane	ui/motolii-export-pane/src/lib.rs:203	pub	15	TL+ の作業範囲(`motolii_timeline_pane::WorkArea`)を Session 経由で受ける	
struct	FrameRange	motolii-export-pane	ui/motolii-export-pane/src/lib.rs:215	pub	12	実際に書き出すフレーム区間(半開 `[start, end)`、最短1フレーム保証)。	
struct	ExportProgress	motolii-export-pane	ui/motolii-export-pane/src/lib.rs:265	pub	27	実行中の進捗。shell が `export_with_cancel` の周回(`written` 相当)から	
struct	ViewModel	motolii-export-pane	ui/motolii-export-pane/src/lib.rs:324	pub	20	[`view`] の入力一式。supervisor が `Shell` の状態から組む(crate doc	
struct	FontEntry	motolii-font-catalog	ui/motolii-font-catalog/src/lib.rs:34	pub	9	列挙された1フォント。**実在する path を持つ face だけ**がここに現れる	
struct	ColorFieldDraft	motolii-inspector-pane	ui/motolii-inspector-pane/src/color.rs:137	pub	17	色欄、編集中の下書き。**Document ではない**	
struct	LinkSourceCandidate	motolii-inspector-pane	ui/motolii-inspector-pane/src/link.rs:103	pub	15	「別レイヤーの別 property」1候補(link 元の pick_list が示す選択肢)。	
struct	LinkRowProjection	motolii-inspector-pane	ui/motolii-inspector-pane/src/link.rs:118	pub	7	LINK section の1行(標準 property 1種ぶん)。	
struct	ComponentSlot	motolii-inspector-pane	ui/motolii-inspector-pane/src/projection.rs:50	pub	26	1成分(X/Y/Z、または scalar 1個)の投影。	
struct	KeyCellProjection	motolii-inspector-pane	ui/motolii-inspector-pane/src/projection.rs:89	pub	22	Key セルの投影(K1)。`row` は click 時に `Message::KeyPressed` が運ぶ宛先、	
struct	TransformRowProjection	motolii-inspector-pane	ui/motolii-inspector-pane/src/projection.rs:97	pub	37		
struct	AttrsProjection	motolii-inspector-pane	ui/motolii-inspector-pane/src/projection.rs:106	pub	15		
struct	EffectRowProjection	motolii-inspector-pane	ui/motolii-inspector-pane/src/projection.rs:132	pub	7	effect 1本ぶんの投影(EFFECTS section、B38 第3切片・裁定184 型別 section	
struct	MaskRowProjection	motolii-inspector-pane	ui/motolii-inspector-pane/src/projection.rs:157	pub	9	mask 1枚ぶんの投影(MASK section、B02 第1切片・裁定184)。静止する部分	
struct	LayerCandidate	motolii-inspector-pane	ui/motolii-inspector-pane/src/projection.rs:171	pub	17	「別レイヤーを指す」pick_list の1候補(2026-08-22 発注)。**id で区別でき、	
struct	SelectionProjection	motolii-inspector-pane	ui/motolii-inspector-pane/src/projection.rs:257	pub	28		
struct	AudioSectionProjection	motolii-inspector-pane	ui/motolii-inspector-pane/src/projection.rs:290	pub	8	AUDIO section の投影(B42、裁定184 型別 section 第4号)。4行とも	
struct	TextSectionProjection	motolii-inspector-pane	ui/motolii-inspector-pane/src/projection.rs:324	pub	16	TEXT section の投影(裁定98: `styles[0]` = document 既定行のみを対象 —	
struct	TextFieldDraft	motolii-inspector-pane	ui/motolii-inspector-pane/src/text.rs:104	pub	28	TEXT section 入力欄の下書き。**Document ではない**(`FieldDraft` と同型 —	
struct	TextStyleTrackDraft	motolii-inspector-pane	ui/motolii-inspector-pane/src/text.rs:856	pub	6	track 版の下書き(`FieldDraft`/`TextFieldDraft` と同じ形 — Enter まで store に	
struct	TextStyleDragState	motolii-inspector-pane	ui/motolii-inspector-pane/src/text.rs:949	pub	10	Inspector 値セルの drag-to-scrub、進行中の一時状態(`crate::transform::	
struct	FieldDraft	motolii-inspector-pane	ui/motolii-inspector-pane/src/transform.rs:113	pub	47	入力欄の下書き。**Document ではない** — commit(Enter)まで store に触らない。	
struct	FieldDragState	motolii-inspector-pane	ui/motolii-inspector-pane/src/transform.rs:695	pub	23	Inspector 値セルの drag-to-scrub、進行中の一時状態。**Document ではない**	
struct	Binding	motolii-keymap	ui/motolii-keymap/src/binding.rs:41	pub	65	1本のバインディング。「データとして持つ」の最小単位(発注書 やること1)。	
struct	Conflict	motolii-keymap	ui/motolii-keymap/src/binding.rs:62	pub	3	構築時に検出した衝突1件。**同じ `key` に2つの異なる動詞が、両立しうる	
struct	Keymap	motolii-keymap	ui/motolii-keymap/src/binding.rs:72	pub	25	構築済みのキーマップ。**唯一の構築口は [`Keymap::build`]** — 衝突があれば	
struct	Modifiers	motolii-keymap	ui/motolii-keymap/src/key.rs:66	pub	182	修飾キーの実際の押下状態。フィールド名は `iced::keyboard::Modifiers` の	
struct	ModifierSpec	motolii-keymap	ui/motolii-keymap/src/key.rs:107	pub	71	4つの修飾キーそれぞれに [`Requirement`] を持つ、1 binding の判定式。	
struct	FrameReaderCancel	motolii-media	engine/motolii-media/src/decode.rs:11	pub	6	進行中の読み出し/シーク要求を論理キャンセルするトークン。	
struct	FrameReaderKillHandle	motolii-media	engine/motolii-media/src/decode.rs:32	pub	6	ffmpeg 子プロセスを外から終了させるハンドル(cancel とは分離)。	
struct	FrameReader	motolii-media	engine/motolii-media/src/decode.rs:53	pub	17	ffmpegサイドカーから**生YUV420p**フレームを順に読むリーダー。	
struct	Encoder	motolii-media	engine/motolii-media/src/encode.rs:9	pub	23	RGBAフレーム列をffmpegサイドカーへパイプしてmp4(H.264)に書き出すエンコーダ。	
struct	AudioStreamInfo	motolii-media	engine/motolii-media/src/mux.rs:16	pub	3	音声ストリームの最小情報(mux可否判定用)。	
struct	SoundtrackMuxRequest	motolii-media	engine/motolii-media/src/mux.rs:32	pub	6	映像へ楽曲を載せる要求。Documentスキーマには触れない(Export層から渡す)。	
struct	SoundtrackMuxReport	motolii-media	engine/motolii-media/src/mux.rs:51	pub	3		
struct	MixedPcmMuxRequest	motolii-media	engine/motolii-media/src/mux.rs:190	pub	3	映像mp4 + 正準mixed PCM(48k stereo interleaved f32) → AAC付きmp4。	
struct	MixedPcmMuxReport	motolii-media	engine/motolii-media/src/mux.rs:203	pub	3		
struct	MediaInfo	motolii-media	engine/motolii-media/src/probe.rs:10	pub	11	probeで得る映像ストリーム情報(v:0のみ。後方互換ラッパ用)。	
struct	ContainerInfo	motolii-media	engine/motolii-media/src/probe.rs:29	pub	5	container内の全stream列挙結果(AG-1)。	
struct	ProbedVideoStream	motolii-media	engine/motolii-media/src/probe.rs:39	pub	5	kind内ordinal付きのvideo stream。	
struct	ProbedAudioStream	motolii-media	engine/motolii-media/src/probe.rs:53	pub	9	kind内ordinal付きのaudio stream。	
struct	ClipContextMessages	motolii-menubar	ui/motolii-menubar/src/context.rs:132	pub	8	[`clip_context_items`] が必要とする message 一式(モジュール冒頭 doc の	
struct	LayerRowContextMessages	motolii-menubar	ui/motolii-menubar/src/context.rs:177	pub	8	[`layer_row_context_items`] が必要とする message 一式(裁定195で	
struct	CanvasContextMessages	motolii-menubar	ui/motolii-menubar/src/context.rs:233	pub	8	[`canvas_context_items`] が必要とする message 一式。3項目とも S6 を満たす	
struct	KeyframeContextMessages	motolii-menubar	ui/motolii-menubar/src/context.rs:257	pub	8	[`keyframe_context_items`] が必要とする message 一式。6項目とも S6 を	
struct	Item	motolii-menubar	ui/motolii-menubar/src/lib.rs:49	pub	239	メニュー1項目。**`message` は必須**(Option ではない)— captured→publish 必須	
struct	Menu	motolii-menubar	ui/motolii-menubar/src/lib.rs:63	pub	134	トップレベルのメニュー1本("File"/"Edit" 等) — バー項目のラベルと、開いた時の	
struct	EditMenuMessages	motolii-menubar	ui/motolii-menubar/src/menus.rs:52	pub	11	Edit/Layer メニューの**項目定義**(発注 2026-08-22、bundle B33/B34)。	
struct	LayerMenuMessages	motolii-menubar	ui/motolii-menubar/src/menus.rs:202	pub	12	[`layer_menu`] が必要とする message 一式。	
struct	WindowMenuMessages	motolii-menubar	ui/motolii-menubar/src/menus.rs:254	pub	10	[`window_menu`] が必要とする message 一式。呼び手(shell)が各操作の	
struct	HelpMenuMessages	motolii-menubar	ui/motolii-menubar/src/menus.rs:287	pub	9	[`help_menu`] が必要とする message 一式。	
struct	ScrollSpeed	motolii-menubar	ui/motolii-menubar/src/vendored/menu/common.rs:98	pub	4	Scroll speed	
struct	MenuBar	motolii-menubar	ui/motolii-menubar/src/vendored/menu/menu_bar.rs:110	pub	46	menu bar	
struct	Menu	motolii-menubar	ui/motolii-menubar/src/vendored/menu/menu_tree.rs:133	pub	134	Menu	
struct	Item	motolii-menubar	ui/motolii-menubar/src/vendored/menu/menu_tree.rs:809	pub	239	Item inside a [`Menu`]	
struct	Style	motolii-menubar	ui/motolii-menubar/src/vendored/style/menu_bar.rs:11	pub	198	The appearance of a menu bar and its menus.	
struct	BackgroundFieldDraft	motolii-settings-pane	ui/motolii-settings-pane/src/lib.rs:150	pub	14	背景 RGBA 数値欄、編集中の下書き。**Document ではない**	
struct	CompFieldDraft	motolii-settings-pane	ui/motolii-settings-pane/src/sections.rs:170	pub	15	Composition 数値欄、編集中の下書き。**Document ではない**	
struct	AutoSaveFieldDraft	motolii-settings-pane	ui/motolii-settings-pane/src/sections.rs:322	pub	12	自動保存数値欄、編集中の下書き。**`AutoSaveConfig` ではない**	
struct	PreviewCacheStats	motolii-settings-pane	ui/motolii-settings-pane/src/sections.rs:417	pub	7	engine のフレームキャッシュ実測値。supervisor が	
struct	ViewModel	motolii-settings-pane	ui/motolii-settings-pane/src/sections.rs:432	pub	20	[`view`] の入力一式。旧 [`crate::view`] の引数列+結線待ちの新項目。	
struct	LayerSnapshot	motolii-shell	shell/motolii-shell/src/clipboard.rs:23	pub	11	1 layer 分の Document 表現の写し。**clipboard の中身の正本**。	
struct	Clipboard	motolii-shell	shell/motolii-shell/src/clipboard.rs:186	pub	6	アプリ内クリップボード本体。**OS clipboard ではない**(NeoUtl/AviUtl 同型) —	
struct	ExportOutcome	motolii-shell	shell/motolii-shell/src/export_ops.rs:93	pub	6	書き出し成功時の報告。「報告 = 現物」(GOALS M9)を保つため、実際に	
struct	RfdDialogs	motolii-shell	shell/motolii-shell/src/file_dialogs.rs:102	pub	18	production 実装。**生の `rfd`/`std::process::exit` 呼び出しはこの struct の	
struct	Fixture	motolii-shell	shell/motolii-shell/src/fixture.rs:18	pub	2	fixture が組み立てた結果。`Shell::new_fixture` が `Document`/`Session`/status へ写す。	
struct	Shell	motolii-shell	shell/motolii-shell/src/lib.rs:828	pub	792		
struct	Ratios	motolii-shell	shell/motolii-shell/src/pane_layout.rs:68	pub	21	3本の split 比率。Browser 開閉(`Configuration` からの作り直し)をまたいで	
struct	Layout	motolii-shell	shell/motolii-shell/src/pane_layout.rs:188	pub	81	`Shell` が持つ pane_grid の layout 状態。**Session 水準**(モジュール冒頭	
struct	Transport	motolii-shell	shell/motolii-shell/src/transport.rs:40	pub	26	再生状態そのもの。**Document ではない**(`Shell` の他の transient 状態と	
struct	FocusState	motolii-shell-state	ui/motolii-shell-state/src/focus.rs:108	pub	23	パネルフォーカス/巡回状態。**Session 水準**(Document に乗らない —	
struct	WorkspaceLayout	motolii-shell-state	ui/motolii-shell-state/src/layout.rs:329	pub	23	1つのワークスペースが持つ状態: 現在の分割木 + 既定へ戻すための木。	
struct	WorkspaceBook	motolii-shell-state	ui/motolii-shell-state/src/layout.rs:401	pub	10	名前付きレイアウトの束(`New Workspace…`/`Delete Workspace…`/	
struct	Session	motolii-shell-state	ui/motolii-shell-state/src/lib.rs:36	pub	301	front だけが持つ状態。**Document の写しは1つも入れないこと**。	
struct	TimelineFoldState	motolii-shell-state	ui/motolii-shell-state/src/lib.rs:75	pub	15	Timeline ツリー行の折り畳み状態(裁定173 H2、旧世界	
struct	KeySelector	motolii-shell-state	ui/motolii-shell-state/src/lib.rs:117	pub	89	Timeline のキー選択の識別子。**Document ではなく [`Session`] が持つ**	
struct	GizmoDrag	motolii-stage-pane	ui/motolii-stage-pane/src/gizmo.rs:96	pub	21	ギズモ drag の1イベント。`GizmoOverlay` の canvas が publish する。	
struct	GizmoTarget	motolii-stage-pane	ui/motolii-stage-pane/src/gizmo.rs:185	pub	38	ギズモの対象 = 選択レイヤーの変形の**局所値**と、親までの合成。	
struct	GizmoLayout	motolii-stage-pane	ui/motolii-stage-pane/src/gizmo.rs:421	pub	12	1フレームぶんのギズモの絵と当たり判定の正本。`draw`/`mouse_interaction`/	
struct	GizmoDragState	motolii-stage-pane	ui/motolii-stage-pane/src/gizmo.rs:756	pub	23	進行中の drag。**Document でも Session でもない widget 内だけの一時状態**	
struct	GizmoOverlay	motolii-stage-pane	ui/motolii-stage-pane/src/gizmo.rs:860	pub	16	ギズモの canvas 一式。`Shell::view` が選択レイヤーの [`GizmoTarget`] から	
struct	GizmoInteraction	motolii-stage-pane	ui/motolii-stage-pane/src/gizmo.rs:919	pub	5	canvas の一時状態(drag と Shift の追跡)。	
struct	Interaction	motolii-stage-pane	ui/motolii-stage-pane/src/lib.rs:508	pub	109	canvas の drag 状態。**Document でも Session でもない、widget 内だけの	
struct	StageOverlay	motolii-stage-pane	ui/motolii-stage-pane/src/lib.rs:516	pub	25	Stage の観測カメラ入力(ホイール=ズーム・中ボタンドラッグ=パン)と	
struct	SelectLayers	motolii-stage-pane	ui/motolii-stage-pane/src/marquee.rs:84	pub	25	キャンバス選択の1確定。release 時に1回だけ publish される(drag 途中の	
struct	MarqueeDragState	motolii-stage-pane	ui/motolii-stage-pane/src/marquee.rs:254	pub	9	進行中の press〜release。閾値([`CLICK_DRAG_THRESHOLD`])を1度でも超えたら	
struct	MarqueeOverlay	motolii-stage-pane	ui/motolii-stage-pane/src/marquee.rs:325	pub	7	マーキーの canvas 一式。`Shell::view` が毎フレーム組み直し、`stack!` で	
struct	MarqueeInteraction	motolii-stage-pane	ui/motolii-stage-pane/src/marquee.rs:412	pub	4	canvas の一時状態(drag と Shift の追跡 — `GizmoInteraction` と同型)。	
struct	SheetToggles	motolii-stage-pane	ui/motolii-stage-pane/src/sheets.rs:125	pub	16	どのシートが出ているか。**Document ではない**(表示専用 — 市松トグルと	
struct	SheetLine	motolii-stage-pane	ui/motolii-stage-pane/src/sheets.rs:167	pub	7	フレーム空間の線分1本(comp px)。	
struct	SheetOverlay	motolii-stage-pane	ui/motolii-stage-pane/src/sheets.rs:273	pub	9	方眼シート束の overlay。**描画のみ・入力ゼロ**(mock `.sheet{pointer-events:	
struct	AssetId	motolii-store	core/motolii-store/src/asset.rs:26	pub	105	アセットの恒久 ID。表示名は別フィールド。	
struct	Asset	motolii-store	core/motolii-store/src/asset.rs:92	pub	86	パスは常に `/` 区切りへ正規化して保持する(クロス OS roundtrip)。	
struct	AssetDraft	motolii-store	core/motolii-store/src/asset.rs:127	pub	25	新規 Asset を準備するための非永続 payload。`AssetId` は台帳(`AssetTable::admit`、	
struct	AssetTable	motolii-store	core/motolii-store/src/asset.rs:287	pub	27	アセット台帳。削除後も ID を再利用しない(`LayerId` と同型)。	
struct	Matte	motolii-store	core/motolii-store/src/attrs.rs:138	pub	49	「このレイヤは、あの layer を、この mode でマットにする」を**1フィールドに畳む**	
struct	LayerAttrs	motolii-store	core/motolii-store/src/attrs.rs:147	pub	90	layer の非アニメーション属性のうち、`meta`(素材・重ね順・配置)ではない残り全部。	
struct	LayerAttrsPatch	motolii-store	core/motolii-store/src/attrs.rs:298	pub	160	[`crate::Intent::SetAttrs`] が受け取る部分更新。**全フィールド `Option`** —	
struct	TrackJson	motolii-store	core/motolii-store/src/components.rs:19	pub	100	track 1本の serde 表現。	
struct	LayerPresent	motolii-store	core/motolii-store/src/components.rs:23	pub	22	layer が今この edit 時点で存在するか。**削除は false の append**であって drop ではない。	
struct	LayerId	motolii-store	core/motolii-store/src/document.rs:30	pub	1391	layer の安定 ID。entity path はこれ1つから決まる。	
struct	PropertyId	motolii-store	core/motolii-store/src/document.rs:45	pub	637	property の名前。AE の property list の1行に相当する。	
struct	Revision	motolii-store	core/motolii-store/src/document.rs:532	pub	19	「見えている Document が変わったか」の印。	
struct	DisplayRevision	motolii-store	core/motolii-store/src/document.rs:545	pub	7	「見えている絵が変わったか」の印。**再描画専用** — undo/redo/保存の意味には一切	
struct	Document	motolii-store	core/motolii-store/src/document.rs:619	pub	1105		
struct	EffectId	motolii-store	core/motolii-store/src/effect.rs:40	pub	122	layer の中での effect インスタンスの安定 ID。マスクの [`crate::MaskId`] と同型の理由 —	
struct	EffectInstance	motolii-store	core/motolii-store/src/effect.rs:51	pub	78	1つの effect インスタンス。**param の値は持たない**(上記どおり `effect.{id}.param.*`	
struct	ResolvedEffect	motolii-store	core/motolii-store/src/effect.rs:65	pub	16	ある comp 時刻に解決済みの effect インスタンス。**描く側が要るのはこれだけ**	
struct	SourceFingerprintV1	motolii-store	core/motolii-store/src/fingerprint.rs:11	pub	13		
struct	Composition	motolii-store	core/motolii-store/src/lib.rs:256	pub	284	comp の設定。**Document が持つ**。	
struct	LayerTiming	motolii-store	core/motolii-store/src/lib.rs:299	pub	246	layer が comp 上のどこに、素材のどこから乗るか。	
struct	Speed	motolii-store	core/motolii-store/src/lib.rs:531	pub	86	`sr`(Time Stretch)。**比率であって時刻ではない** — `motolii-core::RationalTime` を	
struct	LayerMeta	motolii-store	core/motolii-store/src/lib.rs:572	pub	194	layer の非アニメーション属性。	
struct	ResolvedLayer	motolii-store	core/motolii-store/src/lib.rs:582	pub	52	ある comp 時刻に解決済みの layer。**合成器が要るのはこれだけ**。	
struct	Marker	motolii-store	core/motolii-store/src/marker.rs:17	pub	73	マーカー1枚。**動く部分を持たない** — キーフレーム化される対象ではないので	
struct	MaskId	motolii-store	core/motolii-store/src/mask.rs:59	pub	110	layer の中でのマスクの安定 ID。**添字ではない。**	
struct	Mask	motolii-store	core/motolii-store/src/mask.rs:150	pub	104	マスク1枚のうち、**キーを打たない部分**。	
struct	ResolvedMask	motolii-store	core/motolii-store/src/mask.rs:168	pub	26	ある comp 時刻に解決済みのマスク。**描く側が要るのはこれだけ**。	
struct	AutoSaveConfig	motolii-store	core/motolii-store/src/persist.rs:300	pub	66	自動保存の既定値。**Settings が読める形の置き場**(まだ Settings 側は未接続 —	
struct	SlotId	motolii-store	core/motolii-store/src/slot.rs:109	pub	70	スロットの識別子。**Lottie の `sid` は文字列**(`helpers/slottable-object sid` /	
struct	Slot	motolii-store	core/motolii-store/src/slot.rs:126	pub	78	`helpers/slot`。このスロットが差し込む値そのもの(`p` / Property Value)。	
struct	PropertySource	motolii-store	core/motolii-store/src/slot.rs:138	pub	104	property の値の出処(裁定213)。**値 = `base` の評価値 + `modulators` の寄与の和**。	
struct	PropertyLink	motolii-store	core/motolii-store/src/slot.rs:394	pub	41	**型付き link** 本体(`docs/reviews/2026-08-22-persona-touchdesigner-round2.md`	
struct	FontRef	motolii-store	core/motolii-store/src/text.rs:99	pub	48	フォント参照。実体は path + 指紋(**素材と同じ形**、裁定79/97 — Lottie の名前参照は	
struct	ContentKeyframe	motolii-store	core/motolii-store/src/text.rs:154	pub	22	text-document `t`(Text)の1ホールドキー。**i/o(補間ハンドル)を持たない** —	
struct	ContentTrack	motolii-store	core/motolii-store/src/text.rs:164	pub	31	content の時間変化。**時刻昇順を型で保証する**(`motolii_eval::KeyframeTrack` と	
struct	TextStyleId	motolii-store	core/motolii-store/src/text.rs:211	pub	85	スタイル表([`TextDocument::styles`])の安定 ID。**添字ではない** —	
struct	TextStyleAxis	motolii-store	core/motolii-store/src/text.rs:224	pub	12	可変フォント軸への束縛(`text-style-axis`)。**裁定92 の唯一の例外** — 他のスタイル	
struct	TextStyleFeature	motolii-store	core/motolii-store/src/text.rs:236	pub	14	OpenType feature の切替(`text-style-feature`)。裁定99 — `text-document ca`	
struct	TextDocumentStyle	motolii-store	core/motolii-store/src/text.rs:249	pub	92	文字のスタイル。**スタイル表([`TextDocument::styles`])の1行**(裁定85: `styles` +	
struct	TextRangeId	motolii-store	core/motolii-store/src/text.rs:281	pub	42	アニメーターの安定 ID。マスク([`crate::MaskId`])/effect([`crate::EffectId`])と	
struct	TextRandomize	motolii-store	core/motolii-store/src/text.rs:332	pub	8	**seed 付き randomize**(裁定75/101)。Lottie の `text-range-selector rn` は	
struct	TextRangeSelector	motolii-store	core/motolii-store/src/text.rs:341	pub	8	`text-range-selector` の**静止部分**だけ。動く部分(`s`/`e`/`o`/`a` — Start/End/	
struct	TextVariationAxis	motolii-store	core/motolii-store/src/text.rs:358	pub	9	可変フォント軸への束縛(`text-variation-modifier`)。裁定76 の3層のうち	
struct	TextRange	motolii-store	core/motolii-store/src/text.rs:369	pub	17	AE のアニメーター1個。**1アニメーター=セレクタ1個**(AE の複数セレクタ交差は	
struct	TextAlignmentOptions	motolii-store	core/motolii-store/src/text.rs:420	pub	22	`text-alignment-options`(`text-data m`)。グループ内アンカーのオフセットと粒度 —	
struct	TextRun	motolii-store	core/motolii-store/src/text.rs:441	pub	20	`text-value-run`。本文(現在時刻の `content`)を隙間なく重なりなく覆う分割	
struct	TextDocument	motolii-store	core/motolii-store/src/text.rs:458	pub	159	text-layer の中身。**`Layer:text` component 1個**(素材と同じ JSON 経路)。	
struct	StoreView	motolii-store	core/motolii-store/src/view.rs:26	pub	229	ある edit 時点の Document の姿。**query の投影であって、独自の状態を持たない**。	
struct	TaffyBox	motolii-taffy	ui/motolii-taffy/src/widget.rs:23	pub	67	子 Element 群を `taffy::Style`(flex/grid)で並べる container widget。	
struct	RgbaImageDesc	motolii-testkit	core/motolii-testkit/src/lib.rs:108	pub	10	RGBA8 画像の寸法。`width*height*4` byte のバッファを指す(旧 crate と同じ形)。	
struct	ImageDiffStats	motolii-testkit	core/motolii-testkit/src/lib.rs:121	pub	2		
struct	ImageDiff	motolii-testkit	core/motolii-testkit/src/lib.rs:129	pub	2		
struct	Interaction	motolii-timeline-pane	ui/motolii-timeline-pane/src/input.rs:36	pub	109	canvas の drag 状態。**Document でも Session でもない、widget 内だけの一時状態**	
struct	ClipboardKey	motolii-timeline-pane	ui/motolii-timeline-pane/src/keys2.rs:131	pub	3	クリップボード内の1本のキー。`offset` はコピー時点の anchor(選択集合の	
struct	KeyClipboard	motolii-timeline-pane	ui/motolii-timeline-pane/src/keys2.rs:142	pub	7	コピー済みキー一式。空(何もコピーしていない)を表せるよう `Default`。	
struct	TimelinePane	motolii-timeline-pane	ui/motolii-timeline-pane/src/lib.rs:135	pub	114	Timeline pane 本体。1回の `view()` で作り捨てる、`StoreView`/`Session` の投影。	
struct	LocatorProjection	motolii-timeline-pane	ui/motolii-timeline-pane/src/markers.rs:87	pub	7	マーカー1枚の画面向け投影。`RowProjection` と同じ役割分担で **frame を	
struct	MarkerDrag	motolii-timeline-pane	ui/motolii-timeline-pane/src/markers.rs:262	pub	10	locator ドラッグ移動の進行中状態。`write.rs` の `TimelineDragState` と同じ	
struct	RowProjection	motolii-timeline-pane	ui/motolii-timeline-pane/src/projection.rs:18	pub	72	1層分の読み取り投影。**Document の写しではなく、1度描くための使い捨て値**。	
struct	AudioRowProjection	motolii-timeline-pane	ui/motolii-timeline-pane/src/projection.rs:214	pub	10	`RowProjection` の**兄弟**(本体は変更していない)。`RowProjection` は	
struct	PropertyKeyProjection	motolii-timeline-pane	ui/motolii-timeline-pane/src/projection.rs:624	pub	19	property 行の1キー(comp フレーム位置 + 選択状態)。	
struct	PropertyRowProjection	motolii-timeline-pane	ui/motolii-timeline-pane/src/projection.rs:631	pub	21	1つの property 行。**選択 layer の下にだけ挿入される**(EXACT TARGET 1 —	
struct	ShuttleState	motolii-timeline-pane	ui/motolii-timeline-pane/src/shuttle.rs:39	pub	21	シャトルの現在状態。`rate` は符号つき倍率: `0` = 停止、`+n` = 順再生 n 倍、	
struct	TransportButton	motolii-timeline-pane	ui/motolii-timeline-pane/src/transport.rs:44	pub	10	transport の1ボタンぶんの宣言(絵と意味の対応表)。[`view`] はこの spec を	
struct	TransportSpec	motolii-timeline-pane	ui/motolii-timeline-pane/src/transport.rs:61	pub	4	transport 帯の宣言全体: 5ボタン(S0 順)+ ループトグル + Timecode(1138)。	
struct	WaveformSegment	motolii-timeline-pane	ui/motolii-timeline-pane/src/waveform_view.rs:136	pub	3	波形1本分の描画データ(画面1列ぶん)。`x`/`y_top`/`y_bottom` は呼び出し側の	
struct	WorkArea	motolii-timeline-pane	ui/motolii-timeline-pane/src/work_area.rs:24	pub	97	作業範囲(In-Out)。半開区間 `[start, end)`、`end >= start + 1` 不変	
struct	PaneState	motolii-timeline-pane	ui/motolii-timeline-pane/src/write.rs:373	pub	217	Shell が持つ、Timeline pane 専用の状態(旧 `Shell::timeline_drag`/	
struct	Dimensions	motolii-tokens-rs	ui/motolii-tokens-rs/src/lib.rs:24	pub	411	寸法トークン。**Ableton 実測**(`docs/reviews/2026-08-19-ableton-density-measurements.md`)。	
struct	Colors	motolii-tokens-rs	ui/motolii-tokens-rs/src/lib.rs:388	pub	374	色トークン。**正本は `ui/motolii-tokens/sources/motolii-dark.json`**(DTCG 形式)。	
struct	Tokens	motolii-tokens-rs	ui/motolii-tokens-rs/src/lib.rs:862	pub	56	全 pane が読む、この起動時点でのデザイン値の姿。	
struct	Coverage	motolii-vector	engine/motolii-vector/src/coverage.rs:50	pub	53	単一チャンネルの被覆(coverage)バッファ — 画素ごとに1バイト(`0..=255`)。	
struct	CoverageSizeMismatch	motolii-vector	engine/motolii-vector/src/coverage.rs:103	pub	11	寸法が違う Coverage を渡された。**黙って小さい方に合わせたり panic したりしない**	
struct	Point	motolii-vector	engine/motolii-vector/src/geom.rs:23	pub	561	正準空間の2Dベクトル/点。	
struct	Vertex	motolii-vector	engine/motolii-vector/src/geom.rs:88	pub	87	パス頂点。`in_tangent`/`out_tangent` は頂点相対の cubic bezier ハンドルで、	
struct	Contour	motolii-vector	engine/motolii-vector/src/geom.rs:107	pub	121	1輪郭。`closed` は Lottie `bezier.c`。	
struct	ShapeGroup	motolii-vector	engine/motolii-vector/src/group.rs:52	pub	21	子 shape 列 + ローカル変換。	
struct	Shape	motolii-vector	engine/motolii-vector/src/lib.rs:108	pub	277	図形1つ。`shape-1` が扱う全語彙がここに集まっている。	
struct	ShapeOp	motolii-vector	engine/motolii-vector/src/lib.rs:180	pub	55	演算子スタックの1段。	
struct	RepeaterTransform	motolii-vector	engine/motolii-vector/src/lib.rs:272	pub	46	`repeater.tr`。旧 `pathgeom::ResolvedTransform` の移植。	
struct	Rgb	motolii-vector	engine/motolii-vector/src/lib.rs:303	pub	76	直線(非 premultiplied)RGB。**alpha を持たない** — 不透明度は `shape-style.o` が	
struct	Gradient	motolii-vector	engine/motolii-vector/src/lib.rs:340	pub	20	`shapes/base-gradient`。	
struct	GradientStop	motolii-vector	engine/motolii-vector/src/lib.rs:358	pub	9	色停止1つ。	
struct	Fill	motolii-vector	engine/motolii-vector/src/lib.rs:374	pub	279	`fill` / `gradient-fill`。	
struct	Stroke	motolii-vector	engine/motolii-vector/src/lib.rs:398	pub	106	`stroke` / `gradient-stroke` + `base-stroke`。	
struct	Dash	motolii-vector	engine/motolii-vector/src/lib.rs:434	pub	5	`base-stroke.d`(Dashes)。	
struct	Canvas	motolii-vector	engine/motolii-vector/src/lib.rs:517	pub	67	描く板。`origin` は図形の局所原点が載る画素座標。	
struct	Raster	motolii-vector	engine/motolii-vector/src/lib.rs:541	pub	40	出た画。**premultiplied RGBA8**、行優先・隙間なし(`width * height * 4` バイト)。	
struct	GlyphFont	motolii-vector	engine/motolii-vector/src/text.rs:52	pub	15	フォント参照。`motolii_store::FontRef` と値の意味は同じ(module doc 参照)。	
struct	TextFeature	motolii-vector	engine/motolii-vector/src/text.rs:73	pub	7	OpenType feature 1本。`motolii_store::TextStyleFeature` と同じ形。	
struct	TextLayout	motolii-vector	engine/motolii-vector/src/text.rs:81	pub	12	組版パラメータ。`motolii_store::TextDocumentStyle` のうちシェイピングが直接	
struct	LineMeasure	motolii-vector	engine/motolii-vector/src/text.rs:128	pub	5	1行ぶんの実測値。lh/tr の数値検証はこの構造体だけで完結する(画素を数えて	
struct	ShapedText	motolii-vector	engine/motolii-vector/src/text.rs:140	pub	8	組み上がったテキスト。輪郭(描く物)と実測値(検証する物)を一緒に返す。	
struct	Verb	motolii-verbs	ui/motolii-verbs/src/lib.rs:156	pub	106	動詞1つの記述(message は持たない — 呼び手ごとに異なる具体 `Message` は	
struct	KeyFrame	r0-store-edit	probes/r0-store-edit/src/lib.rs:49	pub	16	keyframe の打点(フレーム番号)。	
struct	KeyValue	r0-store-edit	probes/r0-store-edit/src/lib.rs:53	pub	19	keyframe の値。	
struct	PlyPointCloud	r3-pointcloud	probes/r3-pointcloud/src/lib.rs:61	pub	6	読み取った点群。位置は PLY のまま(単位変換なし)、色は RGB をそのまま。	
struct	TranslateLane	r4-widget-timeline	probes/r4-widget-timeline/src/lib.rs:124	pub	11	`scrollable` の draw 実測(`widget/src/scrollable.rs` 行1067-1069	
struct	LineMeasure	r6-text-shaping	probes/r6-text-shaping/src/lib.rs:71	pub	5	1行ぶんの実測値。lh/tr の数値検証はこの構造体だけで完結する(画素を数えて	
struct	ShapedText	r6-text-shaping	probes/r6-text-shaping/src/lib.rs:83	pub	8	組み上がったテキスト。輪郭(描く物)と実測値(検証する物)を一緒に返す。	
