kind	symbol	crate	path:line	vis	doc1行	署名
variant	ZeroSizeBufferAllocation	re-renderer	crates/viewer/re_renderer/src/allocator/cpu_write_gpu_read_belt.rs:11	default		unit
function	extend	re-renderer	crates/viewer/re_renderer/src/allocator/cpu_write_gpu_read_belt.rs:129	public	Pushes several elements into the buffer.	(self: &mut Self, elements: impl/dyn) -> Result<usize, CpuWriteGpuReadError>
variant	BufferFull	re-renderer	crates/viewer/re_renderer/src/allocator/cpu_write_gpu_read_belt.rs:17	default		struct{3}
function	add_n	re-renderer	crates/viewer/re_renderer/src/allocator/cpu_write_gpu_read_belt.rs:176	public	Fills the buffer with n instances of an element.	(self: &mut Self, element: T, num_elements: usize) -> Result<(), CpuWriteGpuReadError>
struct_field	buffer_capacity_elements	re-renderer	crates/viewer/re_renderer/src/allocator/cpu_write_gpu_read_belt.rs:18	default		usize
struct_field	num_elements_attempted_to_add	re-renderer	crates/viewer/re_renderer/src/allocator/cpu_write_gpu_read_belt.rs:19	default		usize
struct_field	num_elements_actually_added	re-renderer	crates/viewer/re_renderer/src/allocator/cpu_write_gpu_read_belt.rs:20	default		usize
function	push	re-renderer	crates/viewer/re_renderer/src/allocator/cpu_write_gpu_read_belt.rs:217	public	Pushes a single element into the buffer and advances the write pointer.	(self: &mut Self, element: T) -> Result<(), CpuWriteGpuReadError>
function	is_empty	re-renderer	crates/viewer/re_renderer/src/allocator/cpu_write_gpu_read_belt.rs:235	public	True if no elements have been pushed into the buffer so far.	(self: &Self) -> bool
function	num_written	re-renderer	crates/viewer/re_renderer/src/allocator/cpu_write_gpu_read_belt.rs:241	public	The number of elements pushed into the buffer so far.	(self: &Self) -> usize
function	remaining_capacity	re-renderer	crates/viewer/re_renderer/src/allocator/cpu_write_gpu_read_belt.rs:247	public	The number of elements that can still be pushed into the buffer.	(self: &Self) -> usize
function	capacity	re-renderer	crates/viewer/re_renderer/src/allocator/cpu_write_gpu_read_belt.rs:252	public	Total number of elements that the buffer can hold.	(self: &Self) -> usize
variant	TargetBufferTooSmall	re-renderer	crates/viewer/re_renderer/src/allocator/cpu_write_gpu_read_belt.rs:26	default		struct{3}
function	copy_to_texture2d_entire_first_layer	re-renderer	crates/viewer/re_renderer/src/allocator/cpu_write_gpu_read_belt.rs:262	public	Copies all so far written data to the first layer of a 2D texture.	(self: Self, encoder: &mut CommandEncoder, destination: &GpuTexture) -> Result<(), CpuWriteGpuReadError>
struct_field	target_buffer_size	re-renderer	crates/viewer/re_renderer/src/allocator/cpu_write_gpu_read_belt.rs:27	default		u64
struct_field	copy_size	re-renderer	crates/viewer/re_renderer/src/allocator/cpu_write_gpu_read_belt.rs:28	default		u64
function	copy_to_texture2d	re-renderer	crates/viewer/re_renderer/src/allocator/cpu_write_gpu_read_belt.rs:286	public	Copies all so far written data to a rectangle on a single 2D texture layer.	(self: Self, encoder: &mut CommandEncoder, destination: TexelCopyTextureInfo, copy_size: Extent3d) -> Result<(), CpuWriteGpuReadError>
struct_field	destination_offset	re-renderer	crates/viewer/re_renderer/src/allocator/cpu_write_gpu_read_belt.rs:29	default		u64
function	copy_to_buffer	re-renderer	crates/viewer/re_renderer/src/allocator/cpu_write_gpu_read_belt.rs:321	public	Copies the entire buffer to another buffer and drops it.	(self: Self, encoder: &mut CommandEncoder, destination: &Arc<DynamicResource<GpuBufferHandle, BufferDesc, Buffer>>, destination_offset: BufferAddress) -> Result<(), CpuWriteGpuReadError>
variant	TargetTextureBufferSizeMismatch	re-renderer	crates/viewer/re_renderer/src/allocator/cpu_write_gpu_read_belt.rs:35	default		struct{2}
struct_field	max_copy_size	re-renderer	crates/viewer/re_renderer/src/allocator/cpu_write_gpu_read_belt.rs:36	default		u64
struct_field	written_data_size	re-renderer	crates/viewer/re_renderer/src/allocator/cpu_write_gpu_read_belt.rs:37	default		usize
struct	CpuWriteGpuReadBelt	re-renderer	crates/viewer/re_renderer/src/allocator/cpu_write_gpu_read_belt.rs:404	public	Efficiently performs many buffer writes by sharing and reusing temporary buffers.	
function	new	re-renderer	crates/viewer/re_renderer/src/allocator/cpu_write_gpu_read_belt.rs:483	public	Create a cpu-write & gpu-read staging belt.	(chunk_size: BufferSize) -> Self
function	allocate	re-renderer	crates/viewer/re_renderer/src/allocator/cpu_write_gpu_read_belt.rs:516	public	Allocates a cpu writable buffer for `num_elements` instances of type `T`.	(self: &mut Self, device: &Device, buffer_pool: &GpuBufferPool, num_elements: usize) -> Result<CpuWriteGpuReadBuffer<T>, CpuWriteGpuReadError>
struct	CpuWriteGpuReadBuffer	re-renderer	crates/viewer/re_renderer/src/allocator/cpu_write_gpu_read_belt.rs:55	public	A sub-allocated staging buffer that can be written to.	
function	before_queue_submit	re-renderer	crates/viewer/re_renderer/src/allocator/cpu_write_gpu_read_belt.rs:595	public	Prepare currently mapped buffers for use in a submission.	(self: &mut Self)
function	after_queue_submit	re-renderer	crates/viewer/re_renderer/src/allocator/cpu_write_gpu_read_belt.rs:623	public	Recall all of the closed buffers back to be reused.	(self: &mut Self)
function	total_buffer_size_in_bytes	re-renderer	crates/viewer/re_renderer/src/allocator/cpu_write_gpu_read_belt.rs:705	public	Total capacity (in bytes) currently held across all chunk categories.	(self: &Self) -> u64
function	fmt	re-renderer	crates/viewer/re_renderer/src/allocator/cpu_write_gpu_read_belt.rs:712	default		(self: &Self, f: &mut Formatter) -> Result
function	clone	re-renderer	crates/viewer/re_renderer/src/allocator/cpu_write_gpu_read_belt.rs:8	default		(self: &Self) -> CpuWriteGpuReadError
function	eq	re-renderer	crates/viewer/re_renderer/src/allocator/cpu_write_gpu_read_belt.rs:8	default		(self: &Self, other: &CpuWriteGpuReadError) -> bool
function	fmt	re-renderer	crates/viewer/re_renderer/src/allocator/cpu_write_gpu_read_belt.rs:8	default		(self: &Self, f: &mut Formatter) -> Result
function	fmt	re-renderer	crates/viewer/re_renderer/src/allocator/cpu_write_gpu_read_belt.rs:8	default		(self: &Self, __formatter: &mut Formatter) -> Result
enum	CpuWriteGpuReadError	re-renderer	crates/viewer/re_renderer/src/allocator/cpu_write_gpu_read_belt.rs:9	public		
function	extend_from_slice	re-renderer	crates/viewer/re_renderer/src/allocator/cpu_write_gpu_read_belt.rs:96	public	Pushes a slice of elements into the buffer.	(self: &mut Self, elements: &[T]) -> Result<(), CpuWriteGpuReadError>
function	capacity	re-renderer	crates/viewer/re_renderer/src/allocator/data_texture_source.rs:100	public	The number of elements that can be written without allocating more memory.	(self: &Self) -> usize
function	remaining_capacity	re-renderer	crates/viewer/re_renderer/src/allocator/data_texture_source.rs:106	public	The number of elements that can be written without allocating more memory.	(self: &Self) -> usize
variant	ReachedMaximumNumberOfElements	re-renderer	crates/viewer/re_renderer/src/allocator/data_texture_source.rs:14	default		struct{3}
struct_field	max_num_elements	re-renderer	crates/viewer/re_renderer/src/allocator/data_texture_source.rs:15	default		usize
function	reserve	re-renderer	crates/viewer/re_renderer/src/allocator/data_texture_source.rs:158	public	Ensures that there's space internally for at least `num_elements` more elements.	(self: &mut Self, num_elements: usize) -> Result<usize, CpuWriteGpuReadError>
struct_field	num_elements_attempted_to_add	re-renderer	crates/viewer/re_renderer/src/allocator/data_texture_source.rs:16	default		usize
struct_field	num_elements_actually_added	re-renderer	crates/viewer/re_renderer/src/allocator/data_texture_source.rs:17	default		usize
function	extend_from_slice	re-renderer	crates/viewer/re_renderer/src/allocator/data_texture_source.rs:205	public	Pushes a slice of elements into the data texture.	(self: &mut Self, elements: &[T]) -> Result<(), DataTextureSourceWriteError>
struct_field	0	re-renderer	crates/viewer/re_renderer/src/allocator/data_texture_source.rs:21	default		CpuWriteGpuReadError
variant	CpuWriteGpuReadError	re-renderer	crates/viewer/re_renderer/src/allocator/data_texture_source.rs:21	default		tuple(1)
function	add_n	re-renderer	crates/viewer/re_renderer/src/allocator/data_texture_source.rs:238	public	Fills the data texture with n instances of an element.	(self: &mut Self, element: T, num_elements: usize) -> Result<(), DataTextureSourceWriteError>
function	push	re-renderer	crates/viewer/re_renderer/src/allocator/data_texture_source.rs:275	public		(self: &mut Self, element: T) -> Result<(), DataTextureSourceWriteError>
function	finish	re-renderer	crates/viewer/re_renderer/src/allocator/data_texture_source.rs:330	public	Schedules copies of all previous writes to this `DataTextureSource` to a `GpuTexture`.	(self: Self, texture_format: TextureFormat, texture_label: impl/dyn) -> Result<GpuTexture, CpuWriteGpuReadError>
struct	DataTextureSource	re-renderer	crates/viewer/re_renderer/src/allocator/data_texture_source.rs:35	public	Utility for writing data to a dynamically sized "data textures".	
function	new	re-renderer	crates/viewer/re_renderer/src/allocator/data_texture_source.rs:72	public	Creates a new `DataTextureSource` with the given `RenderContext`.	(ctx: &RenderContext) -> Self
function	eq	re-renderer	crates/viewer/re_renderer/src/allocator/data_texture_source.rs:8	default		(self: &Self, other: &DataTextureSourceWriteError) -> bool
function	fmt	re-renderer	crates/viewer/re_renderer/src/allocator/data_texture_source.rs:8	default		(self: &Self, __formatter: &mut Formatter) -> Result
function	fmt	re-renderer	crates/viewer/re_renderer/src/allocator/data_texture_source.rs:8	default		(self: &Self, f: &mut Formatter) -> Result
function	from	re-renderer	crates/viewer/re_renderer/src/allocator/data_texture_source.rs:8	default		(source: CpuWriteGpuReadError) -> Self
function	source	re-renderer	crates/viewer/re_renderer/src/allocator/data_texture_source.rs:8	default		(self: &Self) -> Option<&impl/dyn>
function	is_empty	re-renderer	crates/viewer/re_renderer/src/allocator/data_texture_source.rs:82	public	Whether no elements have been written at all.	(self: &Self) -> bool
enum	DataTextureSourceWriteError	re-renderer	crates/viewer/re_renderer/src/allocator/data_texture_source.rs:9	public		
function	len	re-renderer	crates/viewer/re_renderer/src/allocator/data_texture_source.rs:90	public	The number of elements written so far.	(self: &Self) -> usize
type_alias	GpuReadbackIdentifier	re-renderer	crates/viewer/re_renderer/src/allocator/gpu_readback_belt.rs:12	public	Identifier used to identify a buffer upon retrieval of the data.	
struct	GpuReadbackBelt	re-renderer	crates/viewer/re_renderer/src/allocator/gpu_readback_belt.rs:199	public	Efficiently performs many buffer reads by sharing and reusing temporary buffers.	
function	fmt	re-renderer	crates/viewer/re_renderer/src/allocator/gpu_readback_belt.rs:26	default		(self: &Self, f: &mut Formatter) -> Result
function	fmt	re-renderer	crates/viewer/re_renderer/src/allocator/gpu_readback_belt.rs:26	default		(self: &Self, __formatter: &mut Formatter) -> Result
enum	GpuReadbackError	re-renderer	crates/viewer/re_renderer/src/allocator/gpu_readback_belt.rs:27	public		
struct_field	0	re-renderer	crates/viewer/re_renderer/src/allocator/gpu_readback_belt.rs:29	default		TextureFormat
variant	UnsupportedTextureFormatForReadback	re-renderer	crates/viewer/re_renderer/src/allocator/gpu_readback_belt.rs:29	default		tuple(1)
variant	MissingSrcCopyUsage	re-renderer	crates/viewer/re_renderer/src/allocator/gpu_readback_belt.rs:32	default		unit
struct	GpuReadbackBuffer	re-renderer	crates/viewer/re_renderer/src/allocator/gpu_readback_belt.rs:39	public	A reserved slice for GPU readback.	
function	read_texture2d	re-renderer	crates/viewer/re_renderer/src/allocator/gpu_readback_belt.rs:50	public	Populates the buffer with data from a single layer of a 2D texture.	(self: &mut Self, encoder: &mut CommandEncoder, source: TexelCopyTextureInfo, copy_extents: Extent3d) -> Result<(), GpuReadbackError>
function	read_multiple_texture2d	re-renderer	crates/viewer/re_renderer/src/allocator/gpu_readback_belt.rs:69	public	Reads multiple textures into the same buffer.	(self: &mut Self, encoder: &mut CommandEncoder, sources_and_extents: &[(TexelCopyTextureInfo, Extent3d)]) -> Result<(), GpuReadbackError>
function	create_and_fill_uniform_buffer_batch	re-renderer	crates/viewer/re_renderer/src/allocator/uniform_buffer_fill.rs:36	public	Utility for fast & efficient creation of uniform buffers from a series of structs.	(ctx: &RenderContext, label: Label, content: impl/dyn) -> Vec<BindGroupEntry>
function	create_and_fill_uniform_buffer	re-renderer	crates/viewer/re_renderer/src/allocator/uniform_buffer_fill.rs:90	public	See [`create_and_fill_uniform_buffer`].	(ctx: &RenderContext, label: Label, content: T) -> BindGroupEntry
function	from_rgb	re-renderer	crates/viewer/re_renderer/src/color.rs:14	public		(r: u8, g: u8, b: u8) -> Self
function	from_rgba_unmul_array	re-renderer	crates/viewer/re_renderer/src/color.rs:19	public		(rgba_unmul: [u8; N]) -> Self
function	clone	re-renderer	crates/viewer/re_renderer/src/color.rs:26	default		(self: &Self) -> UnalignedColor32
function	default	re-renderer	crates/viewer/re_renderer/src/color.rs:26	default		() -> UnalignedColor32
function	eq	re-renderer	crates/viewer/re_renderer/src/color.rs:26	default		(self: &Self, other: &UnalignedColor32) -> bool
function	fmt	re-renderer	crates/viewer/re_renderer/src/color.rs:26	default		(self: &Self, f: &mut Formatter) -> Result
struct_field	0	re-renderer	crates/viewer/re_renderer/src/color.rs:28	public		[u8; N]
struct	UnalignedColor32	re-renderer	crates/viewer/re_renderer/src/color.rs:28	public	[`ecolor::Color32`] but without `repr(align(4))`, since that is not compatible	
function	from	re-renderer	crates/viewer/re_renderer/src/color.rs:31	default		(c: Color32) -> Self
function	from	re-renderer	crates/viewer/re_renderer/src/color.rs:37	default		(c: UnalignedColor32) -> Self
function	clone	re-renderer	crates/viewer/re_renderer/src/color.rs:5	default		(self: &Self) -> Rgba32Unmul
function	eq	re-renderer	crates/viewer/re_renderer/src/color.rs:5	default		(self: &Self, other: &Rgba32Unmul) -> bool
function	fmt	re-renderer	crates/viewer/re_renderer/src/color.rs:5	default		(self: &Self, f: &mut Formatter) -> Result
function	hash	re-renderer	crates/viewer/re_renderer/src/color.rs:5	default		(self: &Self, state: &mut __H)
struct_field	0	re-renderer	crates/viewer/re_renderer/src/color.rs:6	public		[u8; N]
struct	Rgba32Unmul	re-renderer	crates/viewer/re_renderer/src/color.rs:6	public	RGBA color in sRGB gamma space, with separate/unmultiplied linear alpha.	
function	clone	re-renderer	crates/viewer/re_renderer/src/colormap.rs:10	default		(self: &Self) -> Colormap
function	fmt	re-renderer	crates/viewer/re_renderer/src/colormap.rs:12	default		(self: &Self, f: &mut Formatter) -> Result
function	default	re-renderer	crates/viewer/re_renderer/src/colormap.rs:13	default		() -> Colormap
function	grayscale_srgba	re-renderer	crates/viewer/re_renderer/src/colormap.rs:134	public	Returns an sRGBA gray value, assuming `t` is normalized.	(t: f32) -> [u8; N]
function	eq	re-renderer	crates/viewer/re_renderer/src/colormap.rs:14	default		(self: &Self, other: &Colormap) -> bool
function	colormap_turbo_srgba	re-renderer	crates/viewer/re_renderer/src/colormap.rs:156	public	Returns sRGBA polynomial approximation from Turbo color map, assuming `t` is normalized.	(t: f32) -> [u8; N]
function	partial_cmp	re-renderer	crates/viewer/re_renderer/src/colormap.rs:16	default		(self: &Self, other: &Colormap) -> Option<Ordering>
function	cmp	re-renderer	crates/viewer/re_renderer/src/colormap.rs:17	default		(self: &Self, other: &Colormap) -> Ordering
function	deserialize	re-renderer	crates/viewer/re_renderer/src/colormap.rs:18	default		(__deserializer: __D) -> Result<Self, Error>
function	serialize	re-renderer	crates/viewer/re_renderer/src/colormap.rs:19	default		(self: &Self, __serializer: __S) -> Result<Ok, Error>
function	colormap_viridis_srgba	re-renderer	crates/viewer/re_renderer/src/colormap.rs:193	public	Returns sRGBA polynomial approximation from Viridis color map, assuming `t` is normalized.	(t: f32) -> [u8; N]
function	colormap_plasma_srgba	re-renderer	crates/viewer/re_renderer/src/colormap.rs:211	public	Returns sRGBA polynomial approximation from Plasma color map, assuming `t` is normalized.	(t: f32) -> [u8; N]
enum	Colormap	re-renderer	crates/viewer/re_renderer/src/colormap.rs:22	public		
function	colormap_magma_srgba	re-renderer	crates/viewer/re_renderer/src/colormap.rs:229	public	Returns sRGBA polynomial approximation from Magma color map, assuming `t` is normalized.	(t: f32) -> [u8; N]
function	colormap_inferno_srgba	re-renderer	crates/viewer/re_renderer/src/colormap.rs:247	public	Returns sRGBA polynomial approximation from Inferno color map, assuming `t` is normalized.	(t: f32) -> [u8; N]
variant	Grayscale	re-renderer	crates/viewer/re_renderer/src/colormap.rs:26	default	sRGB gray gradient = perceptually even	unit
variant	Inferno	re-renderer	crates/viewer/re_renderer/src/colormap.rs:27	default		unit
function	colormap_cyan_to_yellow_srgba	re-renderer	crates/viewer/re_renderer/src/colormap.rs:276	public	Returns a gamma-space sRGBA in 0-255 range.	(t: f32) -> [u8; N]
variant	Magma	re-renderer	crates/viewer/re_renderer/src/colormap.rs:28	default		unit
variant	Plasma	re-renderer	crates/viewer/re_renderer/src/colormap.rs:29	default		unit
variant	Turbo	re-renderer	crates/viewer/re_renderer/src/colormap.rs:30	default		unit
variant	Viridis	re-renderer	crates/viewer/re_renderer/src/colormap.rs:31	default		unit
variant	CyanToYellow	re-renderer	crates/viewer/re_renderer/src/colormap.rs:32	default		unit
variant	Spectral	re-renderer	crates/viewer/re_renderer/src/colormap.rs:33	default		unit
variant	Twilight	re-renderer	crates/viewer/re_renderer/src/colormap.rs:34	default		unit
variant	RvizMap	re-renderer	crates/viewer/re_renderer/src/colormap.rs:35	default		unit
variant	RvizCostmap	re-renderer	crates/viewer/re_renderer/src/colormap.rs:36	default		unit
function	fmt	re-renderer	crates/viewer/re_renderer/src/colormap.rs:56	default		(self: &Self, f: &mut Formatter) -> Result
function	colormap_srgba	re-renderer	crates/viewer/re_renderer/src/colormap.rs:73	public		(which: Colormap, t: f32) -> [u8; N]
struct_field	global_bindings	re-renderer	crates/viewer/re_renderer/src/context.rs:105	public	Global bindings, always bound to 0 bind group slot zero.	GlobalBindings
struct_field	texture_manager_2d	re-renderer	crates/viewer/re_renderer/src/context.rs:110	public		TextureManager2D
struct_field	cpu_write_gpu_read_belt	re-renderer	crates/viewer/re_renderer/src/context.rs:111	public		Mutex<CpuWriteGpuReadBelt>
struct_field	gpu_readback_belt	re-renderer	crates/viewer/re_renderer/src/context.rs:112	public		Mutex<GpuReadbackBelt>
struct_field	active_frame	re-renderer	crates/viewer/re_renderer/src/context.rs:120	public		ActiveFrameContext
struct_field	gpu_resources	re-renderer	crates/viewer/re_renderer/src/context.rs:134	public		WgpuResourcePools
struct	Renderers	re-renderer	crates/viewer/re_renderer/src/context.rs:140	public	Struct owning *all* [`Renderer`].	
function	clone	re-renderer	crates/viewer/re_renderer/src/context.rs:150	default		(self: &Self) -> RendererTypeId
function	cmp	re-renderer	crates/viewer/re_renderer/src/context.rs:150	default		(self: &Self, other: &RendererTypeId) -> Ordering
function	eq	re-renderer	crates/viewer/re_renderer/src/context.rs:150	default		(self: &Self, other: &RendererTypeId) -> bool
function	fmt	re-renderer	crates/viewer/re_renderer/src/context.rs:150	default		(self: &Self, f: &mut Formatter) -> Result
function	partial_cmp	re-renderer	crates/viewer/re_renderer/src/context.rs:150	default		(self: &Self, other: &RendererTypeId) -> Option<Ordering>
struct	RendererTypeId	re-renderer	crates/viewer/re_renderer/src/context.rs:151	public	Unique identifier for a [`Renderer`] type.	
function	bits	re-renderer	crates/viewer/re_renderer/src/context.rs:155	public		(self: &Self) -> u8
function	from_bits	re-renderer	crates/viewer/re_renderer/src/context.rs:160	public		(bits: u8) -> Self
struct	RendererWithKey	re-renderer	crates/viewer/re_renderer/src/context.rs:165	public		
function	fmt	re-renderer	crates/viewer/re_renderer/src/context.rs:21	default		(self: &Self, __formatter: &mut Formatter) -> Result
function	fmt	re-renderer	crates/viewer/re_renderer/src/context.rs:21	default		(self: &Self, f: &mut Formatter) -> Result
function	from	re-renderer	crates/viewer/re_renderer/src/context.rs:21	default		(source: InsufficientDeviceCapabilities) -> Self
function	source	re-renderer	crates/viewer/re_renderer/src/context.rs:21	default		(self: &Self) -> Option<&impl/dyn>
enum	RenderContextError	re-renderer	crates/viewer/re_renderer/src/context.rs:22	public		
struct_field	0	re-renderer	crates/viewer/re_renderer/src/context.rs:27	default		InsufficientDeviceCapabilities
variant	InsufficientDeviceCapabilities	re-renderer	crates/viewer/re_renderer/src/context.rs:27	default		tuple(1)
function	new	re-renderer	crates/viewer/re_renderer/src/context.rs:287	public		(adapter: &Adapter, device: Device, queue: Queue, output_format_color: TextureFormat, config_provider: impl/dyn) -> Result<Self, RenderContextError>
function	clone	re-renderer	crates/viewer/re_renderer/src/context.rs:31	default		(self: &Self) -> MsaaMode
function	default	re-renderer	crates/viewer/re_renderer/src/context.rs:31	default		() -> MsaaMode
function	eq	re-renderer	crates/viewer/re_renderer/src/context.rs:31	default		(self: &Self, other: &MsaaMode) -> bool
function	fmt	re-renderer	crates/viewer/re_renderer/src/context.rs:31	default		(self: &Self, f: &mut Formatter) -> Result
function	new_from_device	re-renderer	crates/viewer/re_renderer/src/context.rs:314	public	Sister constructor to [`Self::new`] for embedders that already own a [`wgpu::Device`]/	(device: Device, queue: Queue, output_format_color: TextureFormat, config_provider: impl/dyn) -> Result<Self, RenderContextError>
enum	MsaaMode	re-renderer	crates/viewer/re_renderer/src/context.rs:32	public	Controls MSAA (Multi-Sampling Anti-Aliasing)	
variant	Off	re-renderer	crates/viewer/re_renderer/src/context.rs:41	default	Disabled MSAA.	unit
function	begin_frame	re-renderer	crates/viewer/re_renderer/src/context.rs:467	public	Call this at the beginning of a new frame.	(self: &mut Self)
variant	Msaa4x	re-renderer	crates/viewer/re_renderer/src/context.rs:49	default	4x MSAA.	unit
function	sample_count	re-renderer	crates/viewer/re_renderer/src/context.rs:54	public	Returns the number of samples for this MSAA mode.	(self: &Self) -> u32
function	before_submit	re-renderer	crates/viewer/re_renderer/src/context.rs:566	public	Call this at the end of a frame but before submitting command buffers (e.g. from [`crate::view_builder::ViewBuilder`])	(self: &mut Self)
function	renderer	re-renderer	crates/viewer/re_renderer/src/context.rs:591	public	Gets a renderer with the specified type, initializing it if necessary.	(self: &Self) -> MappedRwLockReadGuard<RendererWithKey<R>>
function	active_frame_idx	re-renderer	crates/viewer/re_renderer/src/context.rs:617	public	Returns the global frame index of the active frame.	(self: &Self) -> u64
function	device_caps	re-renderer	crates/viewer/re_renderer/src/context.rs:622	public	Returns the device's capabilities.	(self: &Self) -> &DeviceCaps
function	adapter_info	re-renderer	crates/viewer/re_renderer/src/context.rs:626	public		(self: &Self) -> &AdapterInfo
function	render_config	re-renderer	crates/viewer/re_renderer/src/context.rs:631	public	Returns the active render config.	(self: &Self) -> &RenderConfig
function	output_format_color	re-renderer	crates/viewer/re_renderer/src/context.rs:636	public	Returns the final output format for color (i.e. the surface's format).	(self: &Self) -> TextureFormat
struct	FrameGlobalCommandEncoder	re-renderer	crates/viewer/re_renderer/src/context.rs:641	public		
function	clone	re-renderer	crates/viewer/re_renderer/src/context.rs:66	default		(self: &Self) -> RenderConfig
function	default	re-renderer	crates/viewer/re_renderer/src/context.rs:66	default		() -> RenderConfig
function	fmt	re-renderer	crates/viewer/re_renderer/src/context.rs:66	default		(self: &Self, f: &mut Formatter) -> Result
struct	RenderConfig	re-renderer	crates/viewer/re_renderer/src/context.rs:67	public	Configures global properties of the renderer.	
struct	ActiveFrameContext	re-renderer	crates/viewer/re_renderer/src/context.rs:672	public		
struct_field	before_view_builder_encoder	re-renderer	crates/viewer/re_renderer/src/context.rs:677	public	Command encoder for all commands that should go in before view builder are submitted.	Mutex<FrameGlobalCommandEncoder>
struct_field	msaa_mode	re-renderer	crates/viewer/re_renderer/src/context.rs:68	public		MsaaMode
struct_field	frame_index	re-renderer	crates/viewer/re_renderer/src/context.rs:685	public	Index of this frame. Is incremented for every render frame.	u64
struct_field	num_view_builders_created	re-renderer	crates/viewer/re_renderer/src/context.rs:688	public	Number of view builders created in this frame so far.	AtomicU64
function	best_for_device_caps	re-renderer	crates/viewer/re_renderer/src/context.rs:74	public	Returns the best config for the given [`DeviceCaps`].	(_device_caps: &DeviceCaps) -> Self
function	adapter_info_summary	re-renderer	crates/viewer/re_renderer/src/context.rs:742	public	A human-readable summary about an adapter	(info: &AdapterInfo) -> String
function	testing	re-renderer	crates/viewer/re_renderer/src/context.rs:84	public	Render config preferred for running most tests.	() -> Self
struct	RenderContext	re-renderer	crates/viewer/re_renderer/src/context.rs:94	public	Any resource involving wgpu rendering which can be re-used across different scenes.	
struct_field	device	re-renderer	crates/viewer/re_renderer/src/context.rs:95	public		Device
struct_field	queue	re-renderer	crates/viewer/re_renderer/src/context.rs:96	public		Queue
type_alias	DepthOffset	re-renderer	crates/viewer/re_renderer/src/depth_offset.rs:16	public	Depth offset used to resolve z-fighting between 2D primitives.	
module	device_caps	re-renderer	crates/viewer/re_renderer/src/device_caps.rs:1	public		
function	features	re-renderer	crates/viewer/re_renderer/src/device_caps.rs:105	public	Required features for the given device tier.	(self: &Self) -> Features
function	check_required_downlevel_capabilities	re-renderer	crates/viewer/re_renderer/src/device_caps.rs:110	public	Check whether the given downlevel caps are sufficient for this tier.	(self: &Self, downlevel_caps: &DownlevelCapabilities) -> Result<(), InsufficientDeviceCapabilities>
function	clone	re-renderer	crates/viewer/re_renderer/src/device_caps.rs:12	default		(self: &Self) -> DeviceCapabilityTier
function	eq	re-renderer	crates/viewer/re_renderer/src/device_caps.rs:12	default		(self: &Self, other: &DeviceCapabilityTier) -> bool
function	fmt	re-renderer	crates/viewer/re_renderer/src/device_caps.rs:12	default		(self: &Self, f: &mut Formatter) -> Result
enum	DeviceCapabilityTier	re-renderer	crates/viewer/re_renderer/src/device_caps.rs:13	public	Device tiers `re_renderer` distinguishes.	
function	fmt	re-renderer	crates/viewer/re_renderer/src/device_caps.rs:135	default		(self: &Self, __formatter: &mut Formatter) -> Result
function	fmt	re-renderer	crates/viewer/re_renderer/src/device_caps.rs:135	default		(self: &Self, f: &mut Formatter) -> Result
enum	InsufficientDeviceCapabilities	re-renderer	crates/viewer/re_renderer/src/device_caps.rs:136	public		
variant	TooLowShaderModel	re-renderer	crates/viewer/re_renderer/src/device_caps.rs:140	default		struct{2}
struct_field	required	re-renderer	crates/viewer/re_renderer/src/device_caps.rs:141	default		ShaderModel
struct_field	actual	re-renderer	crates/viewer/re_renderer/src/device_caps.rs:142	default		ShaderModel
variant	MissingCapabilitiesFlags	re-renderer	crates/viewer/re_renderer/src/device_caps.rs:148	default		struct{2}
struct_field	required	re-renderer	crates/viewer/re_renderer/src/device_caps.rs:149	default		DownlevelFlags
struct_field	actual	re-renderer	crates/viewer/re_renderer/src/device_caps.rs:150	default		DownlevelFlags
variant	CantDrawToTexture	re-renderer	crates/viewer/re_renderer/src/device_caps.rs:154	default		struct{1}
struct_field	format	re-renderer	crates/viewer/re_renderer/src/device_caps.rs:154	default		TextureFormat
function	clone	re-renderer	crates/viewer/re_renderer/src/device_caps.rs:163	default		(self: &Self) -> DeviceCaps
function	eq	re-renderer	crates/viewer/re_renderer/src/device_caps.rs:163	default		(self: &Self, other: &DeviceCaps) -> bool
function	fmt	re-renderer	crates/viewer/re_renderer/src/device_caps.rs:163	default		(self: &Self, f: &mut Formatter) -> Result
struct	DeviceCaps	re-renderer	crates/viewer/re_renderer/src/device_caps.rs:164	public	Capabilities of a given device.	
struct_field	tier	re-renderer	crates/viewer/re_renderer/src/device_caps.rs:165	public		DeviceCapabilityTier
struct_field	max_texture_dimension2d	re-renderer	crates/viewer/re_renderer/src/device_caps.rs:170	public	Maximum texture dimension in pixels in both width and height.	u32
struct_field	max_buffer_size	re-renderer	crates/viewer/re_renderer/src/device_caps.rs:175	public	Maximum buffer size in bytes.	u64
function	from_adapter_without_validation	re-renderer	crates/viewer/re_renderer/src/device_caps.rs:183	public	Picks the highest possible tier for a given adapter, but doesn't validate that all the capabilities needed are there.	(adapter: &Adapter) -> Self
variant	Limited	re-renderer	crates/viewer/re_renderer/src/device_caps.rs:20	default	Limited feature support as provided by WebGL and some OpenGL drivers.	unit
function	from_adapter	re-renderer	crates/viewer/re_renderer/src/device_caps.rs:211	public	Picks the highest possible tier for a given adapter.	(adapter: &Adapter) -> Result<Self, InsufficientDeviceCapabilities>
variant	FullWebGpuSupport	re-renderer	crates/viewer/re_renderer/src/device_caps.rs:26	default	Full support of WebGPU spec without additional feature requirements.	unit
function	from_device	re-renderer	crates/viewer/re_renderer/src/device_caps.rs:293	public	Picks device caps directly from an already-created [`wgpu::Device`], without requiring	(device: &Device) -> Self
function	limits	re-renderer	crates/viewer/re_renderer/src/device_caps.rs:310	public	Wgpu limits required by the given device tier.	(self: &Self) -> Limits
function	device_descriptor	re-renderer	crates/viewer/re_renderer/src/device_caps.rs:319	public	Device descriptor compatible with the given device tier.	(self: &Self) -> DeviceDescriptor
function	fmt	re-renderer	crates/viewer/re_renderer/src/device_caps.rs:32	default		(self: &Self, f: &mut Formatter) -> Result
function	instance_descriptor	re-renderer	crates/viewer/re_renderer/src/device_caps.rs:332	public	Returns an instance descriptor with settings preferred by `re_renderer`.	(force_backend: Option<&str>) -> InstanceDescriptor
function	testing_instance_descriptor	re-renderer	crates/viewer/re_renderer/src/device_caps.rs:392	public	Returns an instance descriptor that is suitable for testing.	() -> InstanceDescriptor
function	support_sampling_msaa_texture	re-renderer	crates/viewer/re_renderer/src/device_caps.rs:42	public	Whether the current device tier supports sampling from textures with a sample count higher than 1.	(self: &Self) -> bool
function	select_testing_adapter	re-renderer	crates/viewer/re_renderer/src/device_caps.rs:423	public	Selects an adapter for testing, preferring software rendering if available.	(instance: &Instance) -> Adapter
function	select_adapter	re-renderer	crates/viewer/re_renderer/src/device_caps.rs:460	public	Tries to select an adapter.	(adapters: &[Adapter], enabled_backends: Backends, surface: Option<&Surface>) -> Result<Adapter, String>
function	support_depth_readback	re-renderer	crates/viewer/re_renderer/src/device_caps.rs:52	public	Whether the current device tier supports reading back depth textures.	(self: &Self) -> bool
function	default_backends	re-renderer	crates/viewer/re_renderer/src/device_caps.rs:526	public	Backends that are officially supported by `re_renderer`.	() -> Backends
function	parse_graphics_backend	re-renderer	crates/viewer/re_renderer/src/device_caps.rs:550	public	Generous parsing of a graphics backend string.	(backend: &str) -> Option<Backend>
function	validate_graphics_backend_applicability	re-renderer	crates/viewer/re_renderer/src/device_caps.rs:575	public	Validates that the given backend is applicable for the current build.	(backend: Backend) -> Result<(), &str>
function	support_bgra_textures	re-renderer	crates/viewer/re_renderer/src/device_caps.rs:59	public		(self: &Self) -> bool
function	is_safari_browser	re-renderer	crates/viewer/re_renderer/src/device_caps.rs:619	public	Are we running inside the Safari browser?	() -> bool
function	is_firefox_browser	re-renderer	crates/viewer/re_renderer/src/device_caps.rs:640	public	Are we running inside the Firefox browser?	() -> bool
function	required_downlevel_capabilities	re-renderer	crates/viewer/re_renderer/src/device_caps.rs:69	public	Downlevel features required by the given tier.	(self: &Self) -> DownlevelCapabilities
struct	DrawPhaseManager	re-renderer	crates/viewer/re_renderer/src/draw_phases/draw_phase_manager.rs:148	public	Manages the drawables for all active phases.	
function	new	re-renderer	crates/viewer/re_renderer/src/draw_phases/draw_phase_manager.rs:162	public	Creates a new draw phase manager that takes care of planning drawing work for the given active phases.	(active_phases: EnumSet<DrawPhase>) -> Self
function	add_draw_data	re-renderer	crates/viewer/re_renderer/src/draw_phases/draw_phase_manager.rs:173	public	Adds a draw data to the draw phase manager.	(self: &mut Self, ctx: &RenderContext, draw_data: QueueableDrawData, view_info: &DrawableCollectionViewInfo)
function	sort_drawables	re-renderer	crates/viewer/re_renderer/src/draw_phases/draw_phase_manager.rs:197	public	Sorts all drawables for all active phases.	(self: &mut Self, renderers: &Renderers)
function	draw	re-renderer	crates/viewer/re_renderer/src/draw_phases/draw_phase_manager.rs:217	public	Draws all drawables for a given phase.	(self: &Self, renderers: &Renderers, gpu_resources: &GpuRenderPipelinePoolAccessor, phase: DrawPhase, pass: &mut RenderPass)
struct	DrawableCollector	re-renderer	crates/viewer/re_renderer/src/draw_phases/draw_phase_manager.rs:278	public	Collector injected into [`crate::renderer::DrawData::collect_drawables`] in order to build up drawable list.	
function	render_ctx	re-renderer	crates/viewer/re_renderer/src/draw_phases/draw_phase_manager.rs:288	public	The render context for allocating view-dependent draw resources.	(self: &Self) -> &RenderContext
function	add_drawables	re-renderer	crates/viewer/re_renderer/src/draw_phases/draw_phase_manager.rs:327	public	Add multiple drawables to the collector for the given phases.	(self: &mut Self, phases: impl/dyn, drawables: &[DrawDataDrawable])
function	add_drawable	re-renderer	crates/viewer/re_renderer/src/draw_phases/draw_phase_manager.rs:356	public	Add a single drawable to the collector for the given phases.	(self: &mut Self, phases: impl/dyn, drawable: DrawDataDrawable)
function	add_drawable_for_phase	re-renderer	crates/viewer/re_renderer/src/draw_phases/draw_phase_manager.rs:368	public	Add a single drawable to a single phase.	(self: &mut Self, phase: DrawPhase, drawable: DrawDataDrawable)
function	active_phases	re-renderer	crates/viewer/re_renderer/src/draw_phases/draw_phase_manager.rs:387	public	Returns the phases that are currently active.	(self: &Self) -> EnumSet<DrawPhase>
function	clone	re-renderer	crates/viewer/re_renderer/src/draw_phases/draw_phase_manager.rs:67	default		(self: &Self) -> Drawable
function	eq	re-renderer	crates/viewer/re_renderer/src/draw_phases/draw_phase_manager.rs:67	default		(self: &Self, other: &Drawable) -> bool
function	fmt	re-renderer	crates/viewer/re_renderer/src/draw_phases/draw_phase_manager.rs:67	default		(self: &Self, f: &mut Formatter) -> Result
struct	Drawable	re-renderer	crates/viewer/re_renderer/src/draw_phases/draw_phase_manager.rs:68	public	A single drawable item within a given [`crate::renderer::DrawData`].	
struct_field	distance_sort_key	re-renderer	crates/viewer/re_renderer/src/draw_phases/draw_phase_manager.rs:76	public	Distance sort key from near (low values) to far (high values).	f32
struct_field	secondary_sort_key	re-renderer	crates/viewer/re_renderer/src/draw_phases/draw_phase_manager.rs:80	public	Secondary key used to consistently order otherwise similarly sorted drawables,	f32
struct_field	draw_data_payload	re-renderer	crates/viewer/re_renderer/src/draw_phases/draw_phase_manager.rs:86	public	See [`DrawDataDrawable::draw_data_payload`].	DrawDataDrawablePayload
function	bitand	re-renderer	crates/viewer/re_renderer/src/draw_phases/mod.rs:29	default		(self: Self, other: O) -> Output
function	bitor	re-renderer	crates/viewer/re_renderer/src/draw_phases/mod.rs:29	default		(self: Self, other: O) -> Output
function	bitxor	re-renderer	crates/viewer/re_renderer/src/draw_phases/mod.rs:29	default		(self: Self, other: O) -> Output
function	clone	re-renderer	crates/viewer/re_renderer/src/draw_phases/mod.rs:29	default		(self: &Self) -> Self
function	enum_from_u32	re-renderer	crates/viewer/re_renderer/src/draw_phases/mod.rs:29	default		(val: u32) -> Self
function	enum_into_u32	re-renderer	crates/viewer/re_renderer/src/draw_phases/mod.rs:29	default		(self: Self) -> u32
function	eq	re-renderer	crates/viewer/re_renderer/src/draw_phases/mod.rs:29	default		(self: &Self, other: &EnumSet<DrawPhase>) -> bool
function	eq	re-renderer	crates/viewer/re_renderer/src/draw_phases/mod.rs:29	default		(self: &Self, other: &Self) -> bool
function	fmt	re-renderer	crates/viewer/re_renderer/src/draw_phases/mod.rs:29	default		(self: &Self, f: &mut Formatter) -> Result
function	not	re-renderer	crates/viewer/re_renderer/src/draw_phases/mod.rs:29	default		(self: Self) -> Output
function	sub	re-renderer	crates/viewer/re_renderer/src/draw_phases/mod.rs:29	default		(self: Self, other: O) -> Output
enum	DrawPhase	re-renderer	crates/viewer/re_renderer/src/draw_phases/mod.rs:30	public	Determines a (very rough) order of rendering and describes the active [`wgpu::RenderPass`].	
variant	Opaque	re-renderer	crates/viewer/re_renderer/src/draw_phases/mod.rs:34	default	Opaque objects, performing reads/writes to the depth buffer.	unit
variant	Background	re-renderer	crates/viewer/re_renderer/src/draw_phases/mod.rs:37	default	Background, rendering where depth wasn't written.	unit
variant	Transparent	re-renderer	crates/viewer/re_renderer/src/draw_phases/mod.rs:40	default	Transparent objects, performing reads of the depth buffer, but no writes.	unit
variant	PickingLayer	re-renderer	crates/viewer/re_renderer/src/draw_phases/mod.rs:45	default	Everything that can be picked with GPU based picking.	unit
variant	OutlineMask	re-renderer	crates/viewer/re_renderer/src/draw_phases/mod.rs:48	default	Render mask for things that should get outlines.	unit
variant	OutlineMaskNoDepth	re-renderer	crates/viewer/re_renderer/src/draw_phases/mod.rs:54	default	Outline masks for special cases that should follow draw order	unit
variant	Compositing	re-renderer	crates/viewer/re_renderer/src/draw_phases/mod.rs:57	default	Drawn when compositing with the main target.	unit
variant	CompositingScreenshot	re-renderer	crates/viewer/re_renderer/src/draw_phases/mod.rs:61	default	Drawn when compositing with the main target, but for screenshots.	unit
function	clone	re-renderer	crates/viewer/re_renderer/src/draw_phases/outlines.rs:105	default		(self: &Self) -> OutlineConfig
function	fmt	re-renderer	crates/viewer/re_renderer/src/draw_phases/outlines.rs:105	default		(self: &Self, f: &mut Formatter) -> Result
struct	OutlineConfig	re-renderer	crates/viewer/re_renderer/src/draw_phases/outlines.rs:106	public		
struct_field	outline_radius_pixel	re-renderer	crates/viewer/re_renderer/src/draw_phases/outlines.rs:110	public	Outline radius for both layers in pixels. Fractional pixels are valid.	f32
struct_field	color_layer_a	re-renderer	crates/viewer/re_renderer/src/draw_phases/outlines.rs:113	public	Premultiplied RGBA color for the first outline layer.	Rgba
struct_field	color_layer_b	re-renderer	crates/viewer/re_renderer/src/draw_phases/outlines.rs:116	public	Premultiplied RGBA color for the second outline layer.	Rgba
struct	OutlineMaskProcessor	re-renderer	crates/viewer/re_renderer/src/draw_phases/outlines.rs:120	public		
function	mask_default_msaa_state	re-renderer	crates/viewer/re_renderer/src/draw_phases/outlines.rs:197	public	Default MSAA state for the outline mask target.	(tier: DeviceCapabilityTier) -> MultisampleState
function	mask_sample_count	re-renderer	crates/viewer/re_renderer/src/draw_phases/outlines.rs:206	public	Number of MSAA samples used for the outline mask target.	(tier: DeviceCapabilityTier) -> u32
function	new	re-renderer	crates/viewer/re_renderer/src/draw_phases/outlines.rs:216	public		(ctx: &RenderContext, config: &OutlineConfig, view_name: &Label, resolution_in_pixel: [u32; N]) -> Self
function	final_voronoi_texture	re-renderer	crates/viewer/re_renderer/src/draw_phases/outlines.rs:346	public		(self: &Self) -> &GpuTexture
function	start_mask_render_pass	re-renderer	crates/viewer/re_renderer/src/draw_phases/outlines.rs:353	public		(self: &Self, encoder: &mut CommandEncoder) -> RenderPass
function	compute_outlines	re-renderer	crates/viewer/re_renderer/src/draw_phases/outlines.rs:382	public		(self: &Self, pipelines: &GpuRenderPipelinePoolAccessor, encoder: &mut CommandEncoder) -> Result<(), PoolError>
function	clone	re-renderer	crates/viewer/re_renderer/src/draw_phases/outlines.rs:66	default		(self: &Self) -> OutlineMaskPreference
function	default	re-renderer	crates/viewer/re_renderer/src/draw_phases/outlines.rs:66	default		() -> OutlineMaskPreference
function	eq	re-renderer	crates/viewer/re_renderer/src/draw_phases/outlines.rs:66	default		(self: &Self, other: &OutlineMaskPreference) -> bool
function	fmt	re-renderer	crates/viewer/re_renderer/src/draw_phases/outlines.rs:66	default		(self: &Self, f: &mut Formatter) -> Result
struct_field	0	re-renderer	crates/viewer/re_renderer/src/draw_phases/outlines.rs:67	public		Option<[u8; N]>
struct	OutlineMaskPreference	re-renderer	crates/viewer/re_renderer/src/draw_phases/outlines.rs:67	public	What outline (if any) should be drawn.	
function	some	re-renderer	crates/viewer/re_renderer/src/draw_phases/outlines.rs:73	public		(channel_a: u8, channel_b: u8) -> Self
function	is_some	re-renderer	crates/viewer/re_renderer/src/draw_phases/outlines.rs:78	public		(self: Self) -> bool
function	is_none	re-renderer	crates/viewer/re_renderer/src/draw_phases/outlines.rs:83	public		(self: Self) -> bool
function	with_fallback_to	re-renderer	crates/viewer/re_renderer/src/draw_phases/outlines.rs:89	public	Uses current outline and falls back to `other` if current is `None` or has a zero on any channel.	(self: Self, other: Self) -> Self
function	clone	re-renderer	crates/viewer/re_renderer/src/draw_phases/picking_layer.rs:103	default		(self: &Self) -> PickingLayerInstanceId
function	default	re-renderer	crates/viewer/re_renderer/src/draw_phases/picking_layer.rs:107	default		() -> PickingLayerInstanceId
function	fmt	re-renderer	crates/viewer/re_renderer/src/draw_phases/picking_layer.rs:108	default		(self: &Self, f: &mut Formatter) -> Result
function	eq	re-renderer	crates/viewer/re_renderer/src/draw_phases/picking_layer.rs:109	default		(self: &Self, other: &PickingLayerInstanceId) -> bool
function	heap_size_bytes	re-renderer	crates/viewer/re_renderer/src/draw_phases/picking_layer.rs:111	default		(self: &Self) -> u64
struct_field	0	re-renderer	crates/viewer/re_renderer/src/draw_phases/picking_layer.rs:113	public		u64
struct	PickingLayerInstanceId	re-renderer	crates/viewer/re_renderer/src/draw_phases/picking_layer.rs:113	public	The second 64bit of the picking layer.	
function	clone	re-renderer	crates/viewer/re_renderer/src/draw_phases/picking_layer.rs:119	default		(self: &Self) -> PickingLayerId
function	default	re-renderer	crates/viewer/re_renderer/src/draw_phases/picking_layer.rs:119	default		() -> PickingLayerId
function	eq	re-renderer	crates/viewer/re_renderer/src/draw_phases/picking_layer.rs:119	default		(self: &Self, other: &PickingLayerId) -> bool
function	fmt	re-renderer	crates/viewer/re_renderer/src/draw_phases/picking_layer.rs:119	default		(self: &Self, f: &mut Formatter) -> Result
struct	PickingLayerId	re-renderer	crates/viewer/re_renderer/src/draw_phases/picking_layer.rs:120	public	Combination of `PickingLayerObjectId` and `PickingLayerInstanceId`.	
struct_field	object	re-renderer	crates/viewer/re_renderer/src/draw_phases/picking_layer.rs:121	public		PickingLayerObjectId
struct_field	instance	re-renderer	crates/viewer/re_renderer/src/draw_phases/picking_layer.rs:122	public		PickingLayerInstanceId
function	from	re-renderer	crates/viewer/re_renderer/src/draw_phases/picking_layer.rs:126	default		(val: PickingLayerId) -> Self
enum	PickingLayerError	re-renderer	crates/viewer/re_renderer/src/draw_phases/picking_layer.rs:137	public		
struct_field	0	re-renderer	crates/viewer/re_renderer/src/draw_phases/picking_layer.rs:139	default		GpuReadbackError
variant	ReadbackError	re-renderer	crates/viewer/re_renderer/src/draw_phases/picking_layer.rs:139	default		tuple(1)
struct_field	0	re-renderer	crates/viewer/re_renderer/src/draw_phases/picking_layer.rs:142	default		PoolError
variant	ResourcePoolError	re-renderer	crates/viewer/re_renderer/src/draw_phases/picking_layer.rs:142	default		tuple(1)
struct	PickingLayerProcessor	re-renderer	crates/viewer/re_renderer/src/draw_phases/picking_layer.rs:148	public	Manages the rendering of the picking layer pass, its render targets & readback buffer.	
struct_field	picking_target	re-renderer	crates/viewer/re_renderer/src/draw_phases/picking_layer.rs:149	public		GpuTexture
function	new	re-renderer	crates/viewer/re_renderer/src/draw_phases/picking_layer.rs:182	public	New picking layer for a given screen.	(ctx: &RenderContext, view_name: &Label, screen_resolution: UVec2, picking_rect: RectInt, frame_uniform_buffer_content: &FrameUniformBuffer, enable_picking_target_sampling: bool, readback_identifier: GpuReadbackIdentifier) -> Self
function	begin_render_pass	re-renderer	crates/viewer/re_renderer/src/draw_phases/picking_layer.rs:311	public		(self: &Self, view_name: &Label, encoder: &mut CommandEncoder) -> RenderPass
struct	PickingResult	re-renderer	crates/viewer/re_renderer/src/draw_phases/picking_layer.rs:32	public	GPU retrieved & processed picking data result.	
function	end_render_pass	re-renderer	crates/viewer/re_renderer/src/draw_phases/picking_layer.rs:347	public		(self: &Self, encoder: &mut CommandEncoder, render_pipelines: &GpuRenderPipelinePoolAccessor) -> Result<(), PickingLayerError>
struct_field	rect	re-renderer	crates/viewer/re_renderer/src/draw_phases/picking_layer.rs:35	public	Picking rect supplied on picking request.	RectInt
function	readback_result	re-renderer	crates/viewer/re_renderer/src/draw_phases/picking_layer.rs:401	public	Returns the latest available picking result for a given identifier.	(ctx: &RenderContext, identifier: GpuReadbackIdentifier) -> Option<PickingResult>
struct_field	picking_id_data	re-renderer	crates/viewer/re_renderer/src/draw_phases/picking_layer.rs:41	public	Picking id data for the requested rectangle.	Vec<PickingLayerId>
struct_field	picking_depth_data	re-renderer	crates/viewer/re_renderer/src/draw_phases/picking_layer.rs:49	public	Picking depth data for the requested rectangle.	Vec<f32>
function	clone	re-renderer	crates/viewer/re_renderer/src/draw_phases/picking_layer.rs:94	default		(self: &Self) -> PickingLayerObjectId
function	default	re-renderer	crates/viewer/re_renderer/src/draw_phases/picking_layer.rs:94	default		() -> PickingLayerObjectId
function	eq	re-renderer	crates/viewer/re_renderer/src/draw_phases/picking_layer.rs:94	default		(self: &Self, other: &PickingLayerObjectId) -> bool
function	fmt	re-renderer	crates/viewer/re_renderer/src/draw_phases/picking_layer.rs:94	default		(self: &Self, f: &mut Formatter) -> Result
struct_field	0	re-renderer	crates/viewer/re_renderer/src/draw_phases/picking_layer.rs:95	public		u64
struct	PickingLayerObjectId	re-renderer	crates/viewer/re_renderer/src/draw_phases/picking_layer.rs:95	public	The first 64bit of the picking layer.	
function	end_render_pass	re-renderer	crates/viewer/re_renderer/src/draw_phases/screenshot.rs:103	public		(self: &Self, encoder: &mut CommandEncoder) -> Result<(), GpuReadbackError>
function	next_readback_result	re-renderer	crates/viewer/re_renderer/src/draw_phases/screenshot.rs:127	public	Returns the oldest received screenshot results for a given identifier and user data type.	(ctx: &RenderContext, identifier: GpuReadbackIdentifier, on_screenshot: impl/dyn) -> Option<()>
struct	ScreenshotProcessor	re-renderer	crates/viewer/re_renderer/src/draw_phases/screenshot.rs:26	public		
function	new	re-renderer	crates/viewer/re_renderer/src/draw_phases/screenshot.rs:35	public		(ctx: &RenderContext, view_name: &Label, resolution: UVec2, readback_identifier: GpuReadbackIdentifier, readback_user_data: T) -> Self
function	begin_render_pass	re-renderer	crates/viewer/re_renderer/src/draw_phases/screenshot.rs:78	public		(self: &Self, view_name: &Label, encoder: &mut CommandEncoder) -> RenderPass
function	clone	re-renderer	crates/viewer/re_renderer/src/file_resolver.rs:195	default		(self: &Self) -> SearchPath
function	default	re-renderer	crates/viewer/re_renderer/src/file_resolver.rs:195	default		() -> SearchPath
function	eq	re-renderer	crates/viewer/re_renderer/src/file_resolver.rs:195	default		(self: &Self, other: &SearchPath) -> bool
function	fmt	re-renderer	crates/viewer/re_renderer/src/file_resolver.rs:195	default		(self: &Self, f: &mut Formatter) -> Result
struct	SearchPath	re-renderer	crates/viewer/re_renderer/src/file_resolver.rs:196	public	Specifies where to look for imports when both absolute and relative resolution fail.	
function	from_env	re-renderer	crates/viewer/re_renderer/src/file_resolver.rs:203	public		() -> Self
function	push	re-renderer	crates/viewer/re_renderer/src/file_resolver.rs:214	public	Push a path to search path.	(self: &mut Self, dir: impl/dyn)
function	insert	re-renderer	crates/viewer/re_renderer/src/file_resolver.rs:221	public	Insert a path into search path.	(self: &mut Self, index: usize, dir: impl/dyn)
function	iter	re-renderer	crates/viewer/re_renderer/src/file_resolver.rs:227	public	Returns an iterator over the directories in the search path, in decreasing	(self: &Self) -> impl/dyn
function	from_str	re-renderer	crates/viewer/re_renderer/src/file_resolver.rs:235	default		(s: &str) -> Result<Self, Err>
function	fmt	re-renderer	crates/viewer/re_renderer/src/file_resolver.rs:256	default		(self: &Self, f: &mut Formatter) -> Result
function	clone	re-renderer	crates/viewer/re_renderer/src/file_resolver.rs:272	default		(self: &Self) -> ImportClause
function	eq	re-renderer	crates/viewer/re_renderer/src/file_resolver.rs:272	default		(self: &Self, other: &ImportClause) -> bool
function	fmt	re-renderer	crates/viewer/re_renderer/src/file_resolver.rs:272	default		(self: &Self, f: &mut Formatter) -> Result
struct	ImportClause	re-renderer	crates/viewer/re_renderer/src/file_resolver.rs:273	public	A pre-parsed import clause, as in `#import <something>`.	
function	from	re-renderer	crates/viewer/re_renderer/src/file_resolver.rs:283	default		(path: P) -> Self
function	from_str	re-renderer	crates/viewer/re_renderer/src/file_resolver.rs:291	default		(clause_str: &str) -> Result<Self, Err>
function	fmt	re-renderer	crates/viewer/re_renderer/src/file_resolver.rs:322	default		(self: &Self, f: &mut Formatter) -> Result
type_alias	RecommendedFileResolver	re-renderer	crates/viewer/re_renderer/src/file_resolver.rs:464	public	The recommended `FileResolver` type for the current platform/target.	
function	new_recommended	re-renderer	crates/viewer/re_renderer/src/file_resolver.rs:467	public	Returns the recommended `FileResolver` for the current platform/target.	() -> RecommendedFileResolver
struct	InterpolatedFile	re-renderer	crates/viewer/re_renderer/src/file_resolver.rs:474	public		
struct_field	contents	re-renderer	crates/viewer/re_renderer/src/file_resolver.rs:475	public		String
struct_field	imports	re-renderer	crates/viewer/re_renderer/src/file_resolver.rs:476	public		HashSet<PathBuf>
function	default	re-renderer	crates/viewer/re_renderer/src/file_resolver.rs:481	default		() -> FileResolver<Fs>
struct	FileResolver	re-renderer	crates/viewer/re_renderer/src/file_resolver.rs:482	public	The `FileResolver` handles both resolving import clauses and doing the actual string	
function	new	re-renderer	crates/viewer/re_renderer/src/file_resolver.rs:494	public		(fs: Fs) -> Self
function	with_search_path	re-renderer	crates/viewer/re_renderer/src/file_resolver.rs:501	public		(fs: Fs, search_path: SearchPath) -> Self
function	populate	re-renderer	crates/viewer/re_renderer/src/file_resolver.rs:507	public		(self: &Self, path: impl/dyn) -> Result<InterpolatedFile>
struct	FileServer	re-renderer	crates/viewer/re_renderer/src/file_server.rs:299	public	A noop implementation of a `FileServer`.	
function	get	re-renderer	crates/viewer/re_renderer/src/file_server.rs:302	public		(f: impl/dyn) -> T
function	get_mut	re-renderer	crates/viewer/re_renderer/src/file_server.rs:306	public		(f: impl/dyn) -> T
function	collect	re-renderer	crates/viewer/re_renderer/src/file_server.rs:311	public		(self: &mut Self, _resolver: &FileResolver<Fs>) -> HashSet<PathBuf>
trait	FileSystem	re-renderer	crates/viewer/re_renderer/src/file_system.rs:15	public	A very limited filesystem, just enough for our internal needs.	
function	read_to_string	re-renderer	crates/viewer/re_renderer/src/file_system.rs:16	default		(self: &Self, path: impl/dyn) -> Result<Cow<str>>
function	canonicalize	re-renderer	crates/viewer/re_renderer/src/file_system.rs:18	default		(self: &Self, path: impl/dyn) -> Result<PathBuf>
function	exists	re-renderer	crates/viewer/re_renderer/src/file_system.rs:20	default		(self: &Self, path: impl/dyn) -> bool
function	create_dir_all	re-renderer	crates/viewer/re_renderer/src/file_system.rs:22	default		(self: &Self, _path: impl/dyn) -> Result<()>
function	create_file	re-renderer	crates/viewer/re_renderer/src/file_system.rs:26	default		(self: &Self, _path: impl/dyn, _contents: Cow<str>) -> Result<()>
function	get_filesystem	re-renderer	crates/viewer/re_renderer/src/file_system.rs:43	public	Returns the recommended filesystem handle for the current platform.	() -> &MemFileSystem
struct	MemFileSystem	re-renderer	crates/viewer/re_renderer/src/file_system.rs:84	public	A [`FileSystem`] implementation backed by an hash map.	
function	create_bind_group	re-renderer	crates/viewer/re_renderer/src/global_bindings.rs:144	public	Creates a bind group that follows the global bind group layout.	(self: &Self, pools: &WgpuResourcePools, device: &Device, frame_uniform_buffer_binding: BindGroupEntry) -> GpuBindGroup
struct	FrameUniformBuffer	re-renderer	crates/viewer/re_renderer/src/global_bindings.rs:16	public	Mirrors the GPU contents of a frame-global uniform buffer.	
struct_field	view_from_world	re-renderer	crates/viewer/re_renderer/src/global_bindings.rs:17	public		Mat4x3
struct_field	projection_from_view	re-renderer	crates/viewer/re_renderer/src/global_bindings.rs:18	public		Mat4
struct_field	projection_from_world	re-renderer	crates/viewer/re_renderer/src/global_bindings.rs:19	public		Mat4
struct_field	camera_position	re-renderer	crates/viewer/re_renderer/src/global_bindings.rs:22	public	Camera position in world space.	Vec3
struct_field	pixel_world_size_from_camera_distance	re-renderer	crates/viewer/re_renderer/src/global_bindings.rs:26	public	For perspective: Multiply this with a camera distance to get a measure of how wide a pixel is in world units.	f32
struct_field	camera_forward	re-renderer	crates/viewer/re_renderer/src/global_bindings.rs:30	public	Camera direction in world space.	Vec3
struct_field	pixels_per_point	re-renderer	crates/viewer/re_renderer/src/global_bindings.rs:34	public	How many pixels there are per point.	f32
struct_field	tan_half_fov	re-renderer	crates/viewer/re_renderer/src/global_bindings.rs:38	public	`(tan(fov_y / 2) * aspect_ratio, tan(fov_y /2))`, i.e. half ratio of screen dimension to screen distance in x & y.	Vec2
struct_field	device_tier	re-renderer	crates/viewer/re_renderer/src/global_bindings.rs:41	public	`re_renderer` defined device tier.	u32
struct_field	deterministic_rendering	re-renderer	crates/viewer/re_renderer/src/global_bindings.rs:45	public	boolean (0/1): set to true for snapshot tests to minimize	u32
struct_field	framebuffer_resolution	re-renderer	crates/viewer/re_renderer/src/global_bindings.rs:48	public	Screen resolution in pixels.	Vec2RowPadded
struct	GlobalBindings	re-renderer	crates/viewer/re_renderer/src/global_bindings.rs:52	public	Global bindings which are always available on bind group 0 for all [`crate::renderer::Renderer`].	
struct_field	layout	re-renderer	crates/viewer/re_renderer/src/global_bindings.rs:53	public		GpuBindGroupLayoutHandle
function	new	re-renderer	crates/viewer/re_renderer/src/global_bindings.rs:60	public		(pools: &WgpuResourcePools, device: &Device) -> Self
function	default	re-renderer	crates/viewer/re_renderer/src/importer/cpu_model.rs:29	default		() -> CpuModel
struct	CpuModel	re-renderer	crates/viewer/re_renderer/src/importer/cpu_model.rs:30	public	A collection of meshes & mesh instances on the CPU.	
function	from_single_mesh	re-renderer	crates/viewer/re_renderer/src/importer/cpu_model.rs:38	public	Creates a new [`CpuModel`] from a single [`CpuMesh`], creating a single instance with identity transform.	(mesh: CpuMesh) -> Self
function	add_mesh	re-renderer	crates/viewer/re_renderer/src/importer/cpu_model.rs:48	public	Adds a [`CpuMesh`] to the model and returns its key.	(self: &mut Self, mesh: CpuMesh) -> CpuModelMeshKey
function	add_instance	re-renderer	crates/viewer/re_renderer/src/importer/cpu_model.rs:53	public	Adds an instance of a mesh with the given transform, updating the model's bounding box.	(self: &mut Self, mesh_key: CpuModelMeshKey, world_from_mesh: Affine3A)
function	bbox	re-renderer	crates/viewer/re_renderer/src/importer/cpu_model.rs:66	public	The bounding box of the model, accumulated from all instances and their transforms.	(self: &Self) -> BoundingBox
function	override_albedo_factor	re-renderer	crates/viewer/re_renderer/src/importer/cpu_model.rs:71	public	Overrides the albedo factor on all materials of all meshes in the model.	(self: &mut Self, albedo_factor: Rgba)
function	into_gpu_meshes	re-renderer	crates/viewer/re_renderer/src/importer/cpu_model.rs:84	public	Converts the entire model into a series of mesh instances that can be rendered.	(self: Self, ctx: &RenderContext) -> Result<Vec<GpuMeshInstance>, MeshError>
struct	CpuModelMeshKey	re-renderer	crates/viewer/re_renderer/src/importer/cpu_model.rs:9	public	Key for identifying a cpu mesh in a model.	
function	clone	re-renderer	crates/viewer/re_renderer/src/importer/cpu_model.rs:9	default		(self: &Self) -> CpuModelMeshKey
function	cmp	re-renderer	crates/viewer/re_renderer/src/importer/cpu_model.rs:9	default		(self: &Self, other: &CpuModelMeshKey) -> Ordering
function	data	re-renderer	crates/viewer/re_renderer/src/importer/cpu_model.rs:9	default		(self: &Self) -> KeyData
function	default	re-renderer	crates/viewer/re_renderer/src/importer/cpu_model.rs:9	default		() -> CpuModelMeshKey
function	deserialize	re-renderer	crates/viewer/re_renderer/src/importer/cpu_model.rs:9	default		(deserializer: D) -> Result<Self, Error>
function	eq	re-renderer	crates/viewer/re_renderer/src/importer/cpu_model.rs:9	default		(self: &Self, other: &CpuModelMeshKey) -> bool
function	fmt	re-renderer	crates/viewer/re_renderer/src/importer/cpu_model.rs:9	default		(self: &Self, f: &mut Formatter) -> Result
function	from	re-renderer	crates/viewer/re_renderer/src/importer/cpu_model.rs:9	default		(k: KeyData) -> Self
function	hash	re-renderer	crates/viewer/re_renderer/src/importer/cpu_model.rs:9	default		(self: &Self, state: &mut __H)
function	partial_cmp	re-renderer	crates/viewer/re_renderer/src/importer/cpu_model.rs:9	default		(self: &Self, other: &CpuModelMeshKey) -> Option<Ordering>
function	serialize	re-renderer	crates/viewer/re_renderer/src/importer/cpu_model.rs:9	default		(self: &Self, serializer: S) -> Result<Ok, Error>
module	dae	re-renderer	crates/viewer/re_renderer/src/importer/dae.rs:1	public	Collada (.dae) scene loader for Rerun	
function	fmt	re-renderer	crates/viewer/re_renderer/src/importer/dae.rs:33	default		(self: &Self, f: &mut Formatter) -> Result
function	fmt	re-renderer	crates/viewer/re_renderer/src/importer/dae.rs:33	default		(self: &Self, __formatter: &mut Formatter) -> Result
function	from	re-renderer	crates/viewer/re_renderer/src/importer/dae.rs:33	default		(source: MeshError) -> Self
function	source	re-renderer	crates/viewer/re_renderer/src/importer/dae.rs:33	default		(self: &Self) -> Option<&impl/dyn>
enum	DaeImportError	re-renderer	crates/viewer/re_renderer/src/importer/dae.rs:34	public		
struct_field	0	re-renderer	crates/viewer/re_renderer/src/importer/dae.rs:36	default		Error
variant	Parser	re-renderer	crates/viewer/re_renderer/src/importer/dae.rs:36	default		tuple(1)
variant	NoVisualScene	re-renderer	crates/viewer/re_renderer/src/importer/dae.rs:39	default		unit
variant	NoTriangles	re-renderer	crates/viewer/re_renderer/src/importer/dae.rs:42	default		unit
struct_field	0	re-renderer	crates/viewer/re_renderer/src/importer/dae.rs:45	default		MeshError
variant	Mesh	re-renderer	crates/viewer/re_renderer/src/importer/dae.rs:45	default		tuple(1)
function	load_dae_from_buffer	re-renderer	crates/viewer/re_renderer/src/importer/dae.rs:48	public		(buffer: &[u8], ctx: &RenderContext) -> Result<CpuModel, DaeImportError>
module	gltf	re-renderer	crates/viewer/re_renderer/src/importer/gltf.rs:1	public		
function	fmt	re-renderer	crates/viewer/re_renderer/src/importer/gltf.rs:10	default		(self: &Self, f: &mut Formatter) -> Result
function	fmt	re-renderer	crates/viewer/re_renderer/src/importer/gltf.rs:10	default		(self: &Self, __formatter: &mut Formatter) -> Result
function	from	re-renderer	crates/viewer/re_renderer/src/importer/gltf.rs:10	default		(source: Error) -> Self
function	from	re-renderer	crates/viewer/re_renderer/src/importer/gltf.rs:10	default		(source: MeshError) -> Self
function	source	re-renderer	crates/viewer/re_renderer/src/importer/gltf.rs:10	default		(self: &Self) -> Option<&impl/dyn>
enum	GltfImportError	re-renderer	crates/viewer/re_renderer/src/importer/gltf.rs:11	public		
struct_field	0	re-renderer	crates/viewer/re_renderer/src/importer/gltf.rs:13	default		Error
variant	GltfLoading	re-renderer	crates/viewer/re_renderer/src/importer/gltf.rs:13	default		tuple(1)
struct_field	0	re-renderer	crates/viewer/re_renderer/src/importer/gltf.rs:16	default		MeshError
variant	MeshError	re-renderer	crates/viewer/re_renderer/src/importer/gltf.rs:16	default		tuple(1)
struct_field	0	re-renderer	crates/viewer/re_renderer/src/importer/gltf.rs:19	default		Format
variant	UnsupportedTextureFormat	re-renderer	crates/viewer/re_renderer/src/importer/gltf.rs:19	default		tuple(1)
variant	MultipleTextureCoordinateSets	re-renderer	crates/viewer/re_renderer/src/importer/gltf.rs:24	default		struct{1}
struct_field	mesh_name	re-renderer	crates/viewer/re_renderer/src/importer/gltf.rs:24	default		String
variant	NoIndices	re-renderer	crates/viewer/re_renderer/src/importer/gltf.rs:27	default		struct{1}
struct_field	mesh_name	re-renderer	crates/viewer/re_renderer/src/importer/gltf.rs:27	default		String
variant	NoPositions	re-renderer	crates/viewer/re_renderer/src/importer/gltf.rs:30	default		struct{1}
struct_field	mesh_name	re-renderer	crates/viewer/re_renderer/src/importer/gltf.rs:30	default		String
variant	NoTrianglePrimitives	re-renderer	crates/viewer/re_renderer/src/importer/gltf.rs:33	default		struct{1}
struct_field	mesh_name	re-renderer	crates/viewer/re_renderer/src/importer/gltf.rs:33	default		String
function	load_gltf_from_buffer	re-renderer	crates/viewer/re_renderer/src/importer/gltf.rs:37	public	Loads both gltf and glb into the mesh & texture manager.	(mesh_name: &str, buffer: &[u8], ctx: &RenderContext) -> Result<CpuModel, GltfImportError>
module	importer	re-renderer	crates/viewer/re_renderer/src/importer/mod.rs:1	public		
module	obj	re-renderer	crates/viewer/re_renderer/src/importer/obj.rs:1	public		
struct_field	0	re-renderer	crates/viewer/re_renderer/src/importer/obj.rs:12	default		MeshError
variant	Mesh	re-renderer	crates/viewer/re_renderer/src/importer/obj.rs:12	default		tuple(1)
function	load_obj_from_buffer	re-renderer	crates/viewer/re_renderer/src/importer/obj.rs:17	public	Load a [Wavefront .obj file](https://en.wikipedia.org/wiki/Wavefront_.obj_file)	(buffer: &[u8], ctx: &RenderContext) -> Result<CpuModel, ObjImportError>
function	fmt	re-renderer	crates/viewer/re_renderer/src/importer/obj.rs:6	default		(self: &Self, __formatter: &mut Formatter) -> Result
function	fmt	re-renderer	crates/viewer/re_renderer/src/importer/obj.rs:6	default		(self: &Self, f: &mut Formatter) -> Result
function	from	re-renderer	crates/viewer/re_renderer/src/importer/obj.rs:6	default		(source: LoadError) -> Self
function	from	re-renderer	crates/viewer/re_renderer/src/importer/obj.rs:6	default		(source: MeshError) -> Self
function	source	re-renderer	crates/viewer/re_renderer/src/importer/obj.rs:6	default		(self: &Self) -> Option<&impl/dyn>
enum	ObjImportError	re-renderer	crates/viewer/re_renderer/src/importer/obj.rs:7	public		
struct_field	0	re-renderer	crates/viewer/re_renderer/src/importer/obj.rs:9	default		LoadError
variant	ObjLoading	re-renderer	crates/viewer/re_renderer/src/importer/obj.rs:9	default		tuple(1)
module	stl	re-renderer	crates/viewer/re_renderer/src/importer/stl.rs:1	public		
struct_field	0	re-renderer	crates/viewer/re_renderer/src/importer/stl.rs:12	default		MeshError
variant	MeshError	re-renderer	crates/viewer/re_renderer/src/importer/stl.rs:12	default		tuple(1)
function	load_stl_from_buffer	re-renderer	crates/viewer/re_renderer/src/importer/stl.rs:16	public	Load a [STL .stl file](https://en.wikipedia.org/wiki/STL_(file_format)) into the mesh manager.	(buffer: &[u8], ctx: &RenderContext) -> Result<CpuModel, StlImportError>
function	fmt	re-renderer	crates/viewer/re_renderer/src/importer/stl.rs:6	default		(self: &Self, f: &mut Formatter) -> Result
function	fmt	re-renderer	crates/viewer/re_renderer/src/importer/stl.rs:6	default		(self: &Self, __formatter: &mut Formatter) -> Result
function	from	re-renderer	crates/viewer/re_renderer/src/importer/stl.rs:6	default		(source: MeshError) -> Self
function	source	re-renderer	crates/viewer/re_renderer/src/importer/stl.rs:6	default		(self: &Self) -> Option<&impl/dyn>
enum	StlImportError	re-renderer	crates/viewer/re_renderer/src/importer/stl.rs:7	public		
struct_field	0	re-renderer	crates/viewer/re_renderer/src/importer/stl.rs:9	default		Error
variant	StlIoError	re-renderer	crates/viewer/re_renderer/src/importer/stl.rs:9	default		tuple(1)
function	fmt	re-renderer	crates/viewer/re_renderer/src/label.rs:14	default		(self: &Self, f: &mut Formatter) -> Result
function	clone	re-renderer	crates/viewer/re_renderer/src/label.rs:2	default		(self: &Self) -> Label
function	default	re-renderer	crates/viewer/re_renderer/src/label.rs:2	default		() -> Label
function	eq	re-renderer	crates/viewer/re_renderer/src/label.rs:2	default		(self: &Self, other: &Label) -> bool
function	hash	re-renderer	crates/viewer/re_renderer/src/label.rs:2	default		(self: &Self, state: &mut __H)
function	get	re-renderer	crates/viewer/re_renderer/src/label.rs:21	public		(self: &Self) -> &str
function	wgpu_label	re-renderer	crates/viewer/re_renderer/src/label.rs:28	public	Returns the label as an `Option<&str>` for use with wgpu label fields.	(self: &Self) -> Option<&str>
struct	Label	re-renderer	crates/viewer/re_renderer/src/label.rs:3	public	Label for resources.	
function	from	re-renderer	crates/viewer/re_renderer/src/label.rs:35	default		(str: &str) -> Self
function	from	re-renderer	crates/viewer/re_renderer/src/label.rs:44	default		(str: String) -> Self
function	from	re-renderer	crates/viewer/re_renderer/src/label.rs:51	default		(str: Option<&str>) -> Self
function	fmt	re-renderer	crates/viewer/re_renderer/src/label.rs:8	default		(self: &Self, f: &mut Formatter) -> Result
module	re_renderer	re-renderer	crates/viewer/re_renderer/src/lib.rs:1	public	Rerun's renderer.	
module	external	re-renderer	crates/viewer/re_renderer/src/lib.rs:134	public		
function	pad_rgb_to_rgba	re-renderer	crates/viewer/re_renderer/src/lib.rs:141	public	Pad `RGB` to `RGBA` with the given alpha.	(rgb: &[T], alpha: T) -> Vec<T>
function	is_empty	re-renderer	crates/viewer/re_renderer/src/line_drawable_builder.rs:100	public		(self: &Self) -> bool
function	default_shape_flags	re-renderer	crates/viewer/re_renderer/src/line_drawable_builder.rs:104	public		() -> LineStripFlags
struct	LineBatchBuilder	re-renderer	crates/viewer/re_renderer/src/line_drawable_builder.rs:109	public		
function	drop	re-renderer	crates/viewer/re_renderer/src/line_drawable_builder.rs:112	default		(self: &mut Self)
struct	LineDrawableBuilder	re-renderer	crates/viewer/re_renderer/src/line_drawable_builder.rs:17	public	Builder for a vector of line strips, making it easy to create [`crate::renderer::LineDrawData`].	
struct_field	ctx	re-renderer	crates/viewer/re_renderer/src/line_drawable_builder.rs:18	public		&RenderContext
function	world_from_obj	re-renderer	crates/viewer/re_renderer/src/line_drawable_builder.rs:227	public	Sets the `world_from_obj` matrix for the *entire* batch.	(self: Self, world_from_obj: Affine3A) -> Self
function	outline_mask_ids	re-renderer	crates/viewer/re_renderer/src/line_drawable_builder.rs:234	public	Sets an outline mask for every element in the batch.	(self: Self, outline_mask_ids: OutlineMaskPreference) -> Self
function	picking_object_id	re-renderer	crates/viewer/re_renderer/src/line_drawable_builder.rs:241	public	Sets the picking object id for every element in the batch.	(self: Self, picking_object_id: PickingLayerObjectId) -> Self
function	depth_offset	re-renderer	crates/viewer/re_renderer/src/line_drawable_builder.rs:248	public	Sets the depth offset for the entire batch.	(self: Self, depth_offset: DepthOffset) -> Self
function	triangle_cap_length_factor	re-renderer	crates/viewer/re_renderer/src/line_drawable_builder.rs:258	public	Sets the length factor as multiple of a line's radius applied to all triangle caps in this batch.	(self: Self, triangle_cap_length_factor: f32) -> Self
function	triangle_cap_width_factor	re-renderer	crates/viewer/re_renderer/src/line_drawable_builder.rs:268	public	Sets the width factor as multiple of a line's radius applied to all triangle caps in this batch.	(self: Self, triangle_cap_width_factor: f32) -> Self
function	add_strip	re-renderer	crates/viewer/re_renderer/src/line_drawable_builder.rs:274	public	Adds a 3D series of line connected points.	(self: &mut Self, points: impl/dyn) -> LineStripBuilder
function	add_segment	re-renderer	crates/viewer/re_renderer/src/line_drawable_builder.rs:289	public	Adds a single 3D line segment connecting two points.	(self: &mut Self, a: Vec3, b: Vec3) -> LineStripBuilder
function	add_segments	re-renderer	crates/viewer/re_renderer/src/line_drawable_builder.rs:294	public	Adds a series of unconnected 3D line segments.	(self: &mut Self, segments: impl/dyn) -> LineStripBuilder
function	add_box_outline_from_transform	re-renderer	crates/viewer/re_renderer/src/line_drawable_builder.rs:321	public	Add box outlines from a unit cube transformed by `transform`.	(self: &mut Self, transform: Affine3A) -> LineStripBuilder
function	new	re-renderer	crates/viewer/re_renderer/src/line_drawable_builder.rs:34	public		(ctx: &RenderContext) -> Self
function	add_box_outline	re-renderer	crates/viewer/re_renderer/src/line_drawable_builder.rs:344	public	Add box outlines.	(self: &mut Self, bbox: &BoundingBox) -> Option<LineStripBuilder>
function	add_rectangle_outline	re-renderer	crates/viewer/re_renderer/src/line_drawable_builder.rs:402	public	Add rectangle outlines.	(self: &mut Self, top_left_corner: Vec3, extent_u: Vec3, extent_v: Vec3) -> LineStripBuilder
function	add_strip_2d	re-renderer	crates/viewer/re_renderer/src/line_drawable_builder.rs:425	public	Adds a 2D series of line connected points.	(self: &mut Self, points: impl/dyn) -> LineStripBuilder
function	add_segment_2d	re-renderer	crates/viewer/re_renderer/src/line_drawable_builder.rs:435	public	Adds a single 2D line segment connecting two points. Uses autogenerated depth value.	(self: &mut Self, a: Vec2, b: Vec2) -> LineStripBuilder
function	add_segments_2d	re-renderer	crates/viewer/re_renderer/src/line_drawable_builder.rs:444	public	Adds a series of unconnected 2D line segments.	(self: &mut Self, segments: impl/dyn) -> LineStripBuilder
function	add_rectangle_outline_2d	re-renderer	crates/viewer/re_renderer/src/line_drawable_builder.rs:457	public	Add 2D rectangle outlines.	(self: &mut Self, top_left_corner: Vec2, extent_u: Vec2, extent_v: Vec2) -> LineStripBuilder
function	add_axis_aligned_rectangle_outline_2d	re-renderer	crates/viewer/re_renderer/src/line_drawable_builder.rs:476	public	Add 2D rectangle outlines with axis along X and Y.	(self: &mut Self, min: Vec2, max: Vec2) -> LineStripBuilder
function	reserve_strips	re-renderer	crates/viewer/re_renderer/src/line_drawable_builder.rs:48	public	Returns number of strips that can be added without reallocation.	(self: &mut Self, num_strips: usize) -> Result<usize, CpuWriteGpuReadError>
struct	LineStripBuilder	re-renderer	crates/viewer/re_renderer/src/line_drawable_builder.rs:490	public		
function	new_empty	re-renderer	crates/viewer/re_renderer/src/line_drawable_builder.rs:501	public		(builder: &mut LineDrawableBuilder) -> Self
function	radius	re-renderer	crates/viewer/re_renderer/src/line_drawable_builder.rs:513	public		(self: Self, radius: Size) -> Self
function	color	re-renderer	crates/viewer/re_renderer/src/line_drawable_builder.rs:519	public		(self: Self, color: Color32) -> Self
function	flags	re-renderer	crates/viewer/re_renderer/src/line_drawable_builder.rs:526	public	Adds (!) flags to the line strip.	(self: Self, flags: LineStripFlags) -> Self
function	picking_instance_id	re-renderer	crates/viewer/re_renderer/src/line_drawable_builder.rs:532	public		(self: Self, instance_id: PickingLayerInstanceId) -> Self
function	outline_mask_ids	re-renderer	crates/viewer/re_renderer/src/line_drawable_builder.rs:540	public	Sets an individual outline mask ids.	(self: Self, outline_mask_ids: OutlineMaskPreference) -> Self
function	drop	re-renderer	crates/viewer/re_renderer/src/line_drawable_builder.rs:547	default		(self: &mut Self)
function	reserve_vertices	re-renderer	crates/viewer/re_renderer/src/line_drawable_builder.rs:56	public	Returns number of vertices that can be added without reallocation.	(self: &mut Self, num_vertices: usize) -> Result<usize, CpuWriteGpuReadError>
function	radius_boost_in_ui_points_for_outlines	re-renderer	crates/viewer/re_renderer/src/line_drawable_builder.rs:61	public	Boosts the size of the points by the given amount of ui-points for the purpose of drawing outlines.	(self: &mut Self, radius_boost_in_ui_points_for_outlines: f32)
function	enable_alpha_blending	re-renderer	crates/viewer/re_renderer/src/line_drawable_builder.rs:76	public	Render the lines with alpha blending instead of as opaque geometry.	(self: &mut Self)
function	batch	re-renderer	crates/viewer/re_renderer/src/line_drawable_builder.rs:81	public	Start of a new batch.	(self: &mut Self, label: impl/dyn) -> LineBatchBuilder
function	into_draw_data	re-renderer	crates/viewer/re_renderer/src/line_drawable_builder.rs:91	public	Finalizes the builder and returns a line draw data with all the lines added so far.	(self: Self) -> Result<LineDrawData, LineDrawDataError>
module	mesh	re-renderer	crates/viewer/re_renderer/src/mesh.rs:1	public		
function	fmt	re-renderer	crates/viewer/re_renderer/src/mesh.rs:137	default		(self: &Self, f: &mut Formatter) -> Result
function	fmt	re-renderer	crates/viewer/re_renderer/src/mesh.rs:137	default		(self: &Self, __formatter: &mut Formatter) -> Result
function	from	re-renderer	crates/viewer/re_renderer/src/mesh.rs:137	default		(source: CpuWriteGpuReadError) -> Self
function	source	re-renderer	crates/viewer/re_renderer/src/mesh.rs:137	default		(self: &Self) -> Option<&impl/dyn>
enum	MeshError	re-renderer	crates/viewer/re_renderer/src/mesh.rs:138	public		
variant	WrongNumberOfColors	re-renderer	crates/viewer/re_renderer/src/mesh.rs:142	default		struct{2}
struct_field	num_color	re-renderer	crates/viewer/re_renderer/src/mesh.rs:142	default		usize
struct_field	num_pos	re-renderer	crates/viewer/re_renderer/src/mesh.rs:142	default		usize
variant	WrongNumberOfNormals	re-renderer	crates/viewer/re_renderer/src/mesh.rs:147	default		struct{2}
struct_field	num_normals	re-renderer	crates/viewer/re_renderer/src/mesh.rs:147	default		usize
struct_field	num_pos	re-renderer	crates/viewer/re_renderer/src/mesh.rs:147	default		usize
module	mesh_vertices	re-renderer	crates/viewer/re_renderer/src/mesh.rs:15	public	Defines how mesh vertices are built.	
variant	WrongNumberOfTexcoord	re-renderer	crates/viewer/re_renderer/src/mesh.rs:152	default		struct{2}
struct_field	num_pos	re-renderer	crates/viewer/re_renderer/src/mesh.rs:153	default		usize
struct_field	num_texcoords	re-renderer	crates/viewer/re_renderer/src/mesh.rs:154	default		usize
variant	ZeroVertices	re-renderer	crates/viewer/re_renderer/src/mesh.rs:158	default		unit
variant	ZeroIndices	re-renderer	crates/viewer/re_renderer/src/mesh.rs:161	default		unit
struct_field	0	re-renderer	crates/viewer/re_renderer/src/mesh.rs:164	default		BoundingBox
variant	InvalidBbox	re-renderer	crates/viewer/re_renderer/src/mesh.rs:164	default		tuple(1)
variant	IndexOutOfBounds	re-renderer	crates/viewer/re_renderer/src/mesh.rs:167	default		struct{2}
struct_field	index	re-renderer	crates/viewer/re_renderer/src/mesh.rs:167	default		u32
struct_field	num_pos	re-renderer	crates/viewer/re_renderer/src/mesh.rs:167	default		usize
struct_field	0	re-renderer	crates/viewer/re_renderer/src/mesh.rs:170	default		CpuWriteGpuReadError
variant	CpuWriteGpuReadError	re-renderer	crates/viewer/re_renderer/src/mesh.rs:170	default		tuple(1)
function	clone	re-renderer	crates/viewer/re_renderer/src/mesh.rs:178	default		(self: &Self) -> Material
struct	Material	re-renderer	crates/viewer/re_renderer/src/mesh.rs:179	public		
struct_field	label	re-renderer	crates/viewer/re_renderer/src/mesh.rs:180	public		Label
struct_field	index_range	re-renderer	crates/viewer/re_renderer/src/mesh.rs:183	public	Index range within the owning [`CpuMesh`] that should be rendered with this material.	Range<u32>
struct_field	albedo	re-renderer	crates/viewer/re_renderer/src/mesh.rs:187	public	Base color texture, also known as albedo.	GpuTexture2D
struct_field	albedo_factor	re-renderer	crates/viewer/re_renderer/src/mesh.rs:190	public	Factor applied to the decoded albedo color.	Rgba
function	clone	re-renderer	crates/viewer/re_renderer/src/mesh.rs:193	default		(self: &Self) -> GpuMesh
struct	GpuMesh	re-renderer	crates/viewer/re_renderer/src/mesh.rs:194	public		
struct_field	index_buffer	re-renderer	crates/viewer/re_renderer/src/mesh.rs:197	public		Arc<DynamicResource<GpuBufferHandle, BufferDesc, Buffer>>
struct_field	vertex_buffer_combined	re-renderer	crates/viewer/re_renderer/src/mesh.rs:201	public	Buffer for all vertex data, subdivided in several sections for different vertex buffer bindings.	Arc<DynamicResource<GpuBufferHandle, BufferDesc, Buffer>>
struct_field	vertex_buffer_positions_range	re-renderer	crates/viewer/re_renderer/src/mesh.rs:202	public		Range<u64>
struct_field	vertex_buffer_colors_range	re-renderer	crates/viewer/re_renderer/src/mesh.rs:203	public		Range<u64>
struct_field	vertex_buffer_normals_range	re-renderer	crates/viewer/re_renderer/src/mesh.rs:204	public		Range<u64>
struct_field	vertex_buffer_texcoord_range	re-renderer	crates/viewer/re_renderer/src/mesh.rs:205	public		Range<u64>
struct_field	index_buffer_range	re-renderer	crates/viewer/re_renderer/src/mesh.rs:207	public		Range<u64>
function	vertex_buffer_layouts	re-renderer	crates/viewer/re_renderer/src/mesh.rs:21	public	Vertex buffer layouts describing how vertex data should be laid out.	() -> SmallVec<[VertexBufferLayout; N]>
struct_field	materials	re-renderer	crates/viewer/re_renderer/src/mesh.rs:210	public	Every mesh has at least one material.	SmallVec<[GpuMaterial; N]>
struct_field	bbox	re-renderer	crates/viewer/re_renderer/src/mesh.rs:215	public	Object space bounding box.	BoundingBox
function	gpu_byte_size	re-renderer	crates/viewer/re_renderer/src/mesh.rs:220	public	Returns the byte size this `GpuMesh` uses in total.	(self: &Self) -> u64
function	clone	re-renderer	crates/viewer/re_renderer/src/mesh.rs:225	default		(self: &Self) -> GpuMaterial
struct	GpuMaterial	re-renderer	crates/viewer/re_renderer/src/mesh.rs:226	public		
struct_field	index_range	re-renderer	crates/viewer/re_renderer/src/mesh.rs:228	public	Index range within the owning [`CpuMesh`] that should be rendered with this material.	Range<u32>
struct_field	bind_group	re-renderer	crates/viewer/re_renderer/src/mesh.rs:230	public		GpuBindGroup
struct_field	has_transparency	re-renderer	crates/viewer/re_renderer/src/mesh.rs:233	public	Whether there's any transparency in this material.	bool
function	new	re-renderer	crates/viewer/re_renderer/src/mesh.rs:271	public		(ctx: &RenderContext, data: &CpuMesh) -> Result<Self, MeshError>
function	next_free_shader_location	re-renderer	crates/viewer/re_renderer/src/mesh.rs:35	public	Next vertex attribute index that can be used for another vertex buffer.	() -> u32
function	clone	re-renderer	crates/viewer/re_renderer/src/mesh.rs:46	default		(self: &Self) -> CpuMesh
struct	CpuMesh	re-renderer	crates/viewer/re_renderer/src/mesh.rs:47	public		
struct_field	label	re-renderer	crates/viewer/re_renderer/src/mesh.rs:48	public		Label
struct_field	triangle_indices	re-renderer	crates/viewer/re_renderer/src/mesh.rs:53	public	Non-empty array of vertex triangle indices.	Vec<UVec3>
struct_field	vertex_positions	re-renderer	crates/viewer/re_renderer/src/mesh.rs:56	public	Non-empty array of vertex positions.	Vec<Vec3>
struct_field	vertex_colors	re-renderer	crates/viewer/re_renderer/src/mesh.rs:60	public	Per-vertex albedo color.	Vec<Rgba32Unmul>
struct_field	vertex_normals	re-renderer	crates/viewer/re_renderer/src/mesh.rs:64	public	Must be equal in length to [`Self::vertex_positions`].	Vec<Vec3>
struct_field	vertex_texcoords	re-renderer	crates/viewer/re_renderer/src/mesh.rs:67	public	Must be equal in length to [`Self::vertex_positions`].	Vec<Vec2>
struct_field	materials	re-renderer	crates/viewer/re_renderer/src/mesh.rs:69	public		SmallVec<[Material; N]>
struct_field	bbox	re-renderer	crates/viewer/re_renderer/src/mesh.rs:72	public	Object space bounding box.	BoundingBox
function	sanity_check	re-renderer	crates/viewer/re_renderer/src/mesh.rs:77	public		(self: &Self) -> Result<(), MeshError>
struct	PointCloudBatchBuilder	re-renderer	crates/viewer/re_renderer/src/point_cloud_builder.rs:100	public		
function	drop	re-renderer	crates/viewer/re_renderer/src/point_cloud_builder.rs:106	default		(self: &mut Self)
function	world_from_obj	re-renderer	crates/viewer/re_renderer/src/point_cloud_builder.rs:125	public	Sets the `world_from_obj` matrix for the *entire* batch.	(self: Self, world_from_obj: Affine3A) -> Self
function	object_space_bounding_box	re-renderer	crates/viewer/re_renderer/src/point_cloud_builder.rs:134	public	Provides the complete object-space bounds for the batch.	(self: Self, object_space_bounding_box: BoundingBox) -> Self
function	outline_mask_ids	re-renderer	crates/viewer/re_renderer/src/point_cloud_builder.rs:145	public	Sets an outline mask for every element in the batch.	(self: Self, outline_mask_ids: OutlineMaskPreference) -> Self
struct	PointCloudBuilder	re-renderer	crates/viewer/re_renderer/src/point_cloud_builder.rs:15	public	Builder for point clouds, making it easy to create [`crate::renderer::PointCloudDrawData`].	
function	depth_offset	re-renderer	crates/viewer/re_renderer/src/point_cloud_builder.rs:152	public	Sets the depth offset for the entire batch.	(self: Self, depth_offset: DepthOffset) -> Self
function	add_points_slow	re-renderer	crates/viewer/re_renderer/src/point_cloud_builder.rs:168	public	Add several 3D points.	(self: Self, positions: &[Vec3], radii: &[Size], colors: &[Color32], picking_ids: &[PickingLayerInstanceId]) -> Self
function	add_points	re-renderer	crates/viewer/re_renderer/src/point_cloud_builder.rs:188	public	Add several 3D points	(self: Self, positions_and_radii: &[PositionRadius], colors: &[Color32], picking_ids: &[PickingLayerInstanceId]) -> Self
function	new	re-renderer	crates/viewer/re_renderer/src/point_cloud_builder.rs:30	public		(ctx: &RenderContext) -> Self
function	add_points_2d	re-renderer	crates/viewer/re_renderer/src/point_cloud_builder.rs:309	public	Adds several 2D points (assumes Z=0). Uses an autogenerated depth value, the same for all points passed.	(self: Self, positions: &[Vec3], radii: &[Size], colors: &[Color32], picking_ids: &[PickingLayerInstanceId]) -> Self
function	flags	re-renderer	crates/viewer/re_renderer/src/point_cloud_builder.rs:323	public	Adds (!) flags for this batch.	(self: Self, flags: PointCloudBatchFlags) -> Self
function	enable_shading	re-renderer	crates/viewer/re_renderer/src/point_cloud_builder.rs:330	public	Sets [`PointCloudBatchFlags::FLAG_ENABLE_SHADING`] for this batch.	(self: Self, enabled: bool) -> Self
function	enable_alpha_blending	re-renderer	crates/viewer/re_renderer/src/point_cloud_builder.rs:348	public	Renders this batch with premultiplied-alpha blending in the transparent draw phase.	(self: Self, enabled: bool) -> Self
function	picking_object_id	re-renderer	crates/viewer/re_renderer/src/point_cloud_builder.rs:357	public	Sets the picking object id for the current batch.	(self: Self, picking_object_id: PickingLayerObjectId) -> Self
function	sort_order	re-renderer	crates/viewer/re_renderer/src/point_cloud_builder.rs:372	public	Opts into per-frame back-to-front sorting with a caller-owned cache.	(self: Self, sort_order_cache: PointCloudSortOrderCache) -> Self
function	push_additional_outline_mask_ids_for_range	re-renderer	crates/viewer/re_renderer/src/point_cloud_builder.rs:385	public	Pushes additional outline mask ids for a specific range of points.	(self: Self, range: Range<u32>, ids: OutlineMaskPreference) -> Self
function	reserve	re-renderer	crates/viewer/re_renderer/src/point_cloud_builder.rs:43	public	Returns number of points that can be added without reallocation.	(self: &mut Self, expected_number_of_additional_points: usize) -> Result<usize, CpuWriteGpuReadError>
function	radius_boost_in_ui_points_for_outlines	re-renderer	crates/viewer/re_renderer/src/point_cloud_builder.rs:59	public	Boosts the size of the points by the given amount of ui-points for the purpose of drawing outlines.	(self: &mut Self, radius_boost_in_ui_points_for_outlines: f32)
function	batch	re-renderer	crates/viewer/re_renderer/src/point_cloud_builder.rs:68	public	Start of a new batch.	(self: &mut Self, label: impl/dyn) -> PointCloudBatchBuilder
function	batch_with_info	re-renderer	crates/viewer/re_renderer/src/point_cloud_builder.rs:81	public		(self: &mut Self, info: PointCloudBatchInfo) -> PointCloudBatchBuilder
function	into_draw_data	re-renderer	crates/viewer/re_renderer/src/point_cloud_builder.rs:95	public	Finalizes the builder and returns a point cloud draw data with all the points added so far.	(self: Self) -> Result<PointCloudDrawData, PointCloudDrawDataError>
function	renderer_name	re-renderer	crates/viewer/re_renderer/src/queueable_draw_data.rs:16	default	Returns the name of the renderer that this draw data is associated with.	(self: &Self) -> &str
function	renderer_key	re-renderer	crates/viewer/re_renderer/src/queueable_draw_data.rs:21	default	Returns the key of the renderer that this draw data is associated with.	(self: &Self, ctx: &RenderContext) -> RendererTypeId
struct	QueueableDrawData	re-renderer	crates/viewer/re_renderer/src/queueable_draw_data.rs:43	public	Type erased draw data that can be submitted directly to the view builder.	
function	from	re-renderer	crates/viewer/re_renderer/src/queueable_draw_data.rs:46	default		(draw_data: D) -> Self
function	deref	re-renderer	crates/viewer/re_renderer/src/queueable_draw_data.rs:55	default		(self: &Self) -> &Target
trait	TypeErasedDrawData	re-renderer	crates/viewer/re_renderer/src/queueable_draw_data.rs:7	public	Utility trait for implementing dynamic dispatch within [`QueueableDrawData`].	
function	collect_drawables	re-renderer	crates/viewer/re_renderer/src/queueable_draw_data.rs:9	default	See [`DrawData::collect_drawables`].	(self: &Self, view_info: &DrawableCollectionViewInfo, collector: &mut DrawableCollector)
function	from	re-renderer	crates/viewer/re_renderer/src/rect.rs:103	default		(rect: RectInt) -> Self
struct_field	extent	re-renderer	crates/viewer/re_renderer/src/rect.rs:12	public	The size of the rectangle.	UVec2
function	from_middle_and_extent	re-renderer	crates/viewer/re_renderer/src/rect.rs:17	public		(middle: IVec2, size: UVec2) -> Self
function	width	re-renderer	crates/viewer/re_renderer/src/rect.rs:25	public		(self: Self) -> u32
function	height	re-renderer	crates/viewer/re_renderer/src/rect.rs:30	public		(self: Self) -> u32
function	min	re-renderer	crates/viewer/re_renderer/src/rect.rs:35	public		(self: Self) -> IVec2
function	clone	re-renderer	crates/viewer/re_renderer/src/rect.rs:4	default		(self: &Self) -> RectInt
function	fmt	re-renderer	crates/viewer/re_renderer/src/rect.rs:4	default		(self: &Self, f: &mut Formatter) -> Result
function	max	re-renderer	crates/viewer/re_renderer/src/rect.rs:40	public		(self: Self) -> IVec2
function	wgpu_origin	re-renderer	crates/viewer/re_renderer/src/rect.rs:45	public		(self: Self) -> Origin3d
struct	RectInt	re-renderer	crates/viewer/re_renderer/src/rect.rs:5	public	A 2D rectangle with integer coordinates.	
function	wgpu_extent	re-renderer	crates/viewer/re_renderer/src/rect.rs:54	public		(self: Self) -> Extent3d
function	clone	re-renderer	crates/viewer/re_renderer/src/rect.rs:64	default		(self: &Self) -> RectF32
function	fmt	re-renderer	crates/viewer/re_renderer/src/rect.rs:64	default		(self: &Self, f: &mut Formatter) -> Result
struct	RectF32	re-renderer	crates/viewer/re_renderer/src/rect.rs:65	public	A 2D rectangle with float coordinates.	
struct_field	min	re-renderer	crates/viewer/re_renderer/src/rect.rs:69	public	The corner with the smallest coordinates.	Vec2
struct_field	extent	re-renderer	crates/viewer/re_renderer/src/rect.rs:72	public	The size of the rectangle. Supposed to be positive.	Vec2
function	max	re-renderer	crates/viewer/re_renderer/src/rect.rs:83	public		(self: Self) -> Vec2
function	center	re-renderer	crates/viewer/re_renderer/src/rect.rs:88	public		(self: Self) -> Vec2
struct_field	min	re-renderer	crates/viewer/re_renderer/src/rect.rs:9	public	The corner with the smallest coordinates.	IVec2
function	scale_extent	re-renderer	crates/viewer/re_renderer/src/rect.rs:93	public		(self: Self, factor: f32) -> Self
function	create_renderer	re-renderer	crates/viewer/re_renderer/src/renderer/debug_overlay.rs:156	default		(ctx: &RenderContext) -> Self
function	draw	re-renderer	crates/viewer/re_renderer/src/renderer/debug_overlay.rs:238	default		(self: &Self, render_pipelines: &GpuRenderPipelinePoolAccessor, _phase: DrawPhase, pass: &mut RenderPass, draw_instructions: &[DrawInstruction<RendererDrawData>]) -> Result<(), DrawError>
struct	DebugOverlayRenderer	re-renderer	crates/viewer/re_renderer/src/renderer/debug_overlay.rs:43	public		
function	clone	re-renderer	crates/viewer/re_renderer/src/renderer/debug_overlay.rs:48	default		(self: &Self) -> DebugOverlayError
function	fmt	re-renderer	crates/viewer/re_renderer/src/renderer/debug_overlay.rs:48	default		(self: &Self, f: &mut Formatter) -> Result
function	fmt	re-renderer	crates/viewer/re_renderer/src/renderer/debug_overlay.rs:48	default		(self: &Self, __formatter: &mut Formatter) -> Result
enum	DebugOverlayError	re-renderer	crates/viewer/re_renderer/src/renderer/debug_overlay.rs:49	public		
struct_field	0	re-renderer	crates/viewer/re_renderer/src/renderer/debug_overlay.rs:51	default		TextureFormat
variant	UnsupportedTextureFormat	re-renderer	crates/viewer/re_renderer/src/renderer/debug_overlay.rs:51	default		tuple(1)
function	clone	re-renderer	crates/viewer/re_renderer/src/renderer/debug_overlay.rs:60	default		(self: &Self) -> DebugOverlayDrawData
struct	DebugOverlayDrawData	re-renderer	crates/viewer/re_renderer/src/renderer/debug_overlay.rs:61	public	Debug overlay for quick & dirty display of texture contents.	
function	collect_drawables	re-renderer	crates/viewer/re_renderer/src/renderer/debug_overlay.rs:68	default		(self: &Self, _view_info: &DrawableCollectionViewInfo, collector: &mut DrawableCollector)
function	new	re-renderer	crates/viewer/re_renderer/src/renderer/debug_overlay.rs:85	public		(ctx: &RenderContext, debug_texture: &GpuTexture, screen_resolution: UVec2, overlay_rect: RectInt) -> Result<Self, DebugOverlayError>
struct	DepthCloud	re-renderer	crates/viewer/re_renderer/src/renderer/depth_cloud.rs:130	public		
struct_field	world_from_rdf	re-renderer	crates/viewer/re_renderer/src/renderer/depth_cloud.rs:133	public	The extrinsics of the camera used for the projection,	Affine3A
struct_field	depth_camera_intrinsics	re-renderer	crates/viewer/re_renderer/src/renderer/depth_cloud.rs:138	public	The intrinsics of the camera used for the projection.	Mat3
struct_field	world_depth_from_texture_depth	re-renderer	crates/viewer/re_renderer/src/renderer/depth_cloud.rs:141	public	Multiplier to get world-space depth from whatever is in [`Self::depth_texture`].	f32
struct_field	point_radius_from_world_depth	re-renderer	crates/viewer/re_renderer/src/renderer/depth_cloud.rs:144	public	Point radius is calculated as world-space depth times this value.	f32
struct_field	min_max_depth_in_world	re-renderer	crates/viewer/re_renderer/src/renderer/depth_cloud.rs:147	public	The minimum and maximum depth value in world-space, for use with the colormap.	[f32; N]
struct_field	depth_dimensions	re-renderer	crates/viewer/re_renderer/src/renderer/depth_cloud.rs:150	public	The dimensions of the depth texture in pixels.	UVec2
struct_field	depth_texture	re-renderer	crates/viewer/re_renderer/src/renderer/depth_cloud.rs:155	public	The actual data from the depth texture.	GpuTexture2D
struct_field	colormap	re-renderer	crates/viewer/re_renderer/src/renderer/depth_cloud.rs:158	public	Configures color mapping mode.	Colormap
struct_field	outline_mask_id	re-renderer	crates/viewer/re_renderer/src/renderer/depth_cloud.rs:161	public	Option outline mask id preference.	OutlineMaskPreference
struct_field	picking_object_id	re-renderer	crates/viewer/re_renderer/src/renderer/depth_cloud.rs:164	public	Picking object id that applies for the entire depth cloud.	PickingLayerObjectId
function	world_space_bbox	re-renderer	crates/viewer/re_renderer/src/renderer/depth_cloud.rs:172	public	World-space bounding-box.	(self: &Self) -> BoundingBox
struct	DepthClouds	re-renderer	crates/viewer/re_renderer/src/renderer/depth_cloud.rs:201	public		
struct_field	clouds	re-renderer	crates/viewer/re_renderer/src/renderer/depth_cloud.rs:202	public		Vec<DepthCloud>
struct_field	radius_boost_in_ui_points_for_outlines	re-renderer	crates/viewer/re_renderer/src/renderer/depth_cloud.rs:203	public		f32
function	clone	re-renderer	crates/viewer/re_renderer/src/renderer/depth_cloud.rs:216	default		(self: &Self) -> DepthCloudDrawData
struct	DepthCloudDrawData	re-renderer	crates/viewer/re_renderer/src/renderer/depth_cloud.rs:217	public		
function	collect_drawables	re-renderer	crates/viewer/re_renderer/src/renderer/depth_cloud.rs:224	default		(self: &Self, view_info: &DrawableCollectionViewInfo, collector: &mut DrawableCollector)
enum	DepthCloudDrawDataError	re-renderer	crates/viewer/re_renderer/src/renderer/depth_cloud.rs:245	public		
struct_field	0	re-renderer	crates/viewer/re_renderer/src/renderer/depth_cloud.rs:247	default		TextureFormat
variant	TextureFormatNotSupported	re-renderer	crates/viewer/re_renderer/src/renderer/depth_cloud.rs:247	default		tuple(1)
function	new	re-renderer	crates/viewer/re_renderer/src/renderer/depth_cloud.rs:251	public		(ctx: &RenderContext, depth_clouds: &DepthClouds) -> Result<Self, DepthCloudDrawDataError>
struct	DepthCloudRenderer	re-renderer	crates/viewer/re_renderer/src/renderer/depth_cloud.rs:350	public		
function	create_renderer	re-renderer	crates/viewer/re_renderer/src/renderer/depth_cloud.rs:360	default		(ctx: &RenderContext) -> Self
function	draw	re-renderer	crates/viewer/re_renderer/src/renderer/depth_cloud.rs:483	default		(self: &Self, render_pipelines: &GpuRenderPipelinePoolAccessor, phase: DrawPhase, pass: &mut RenderPass, draw_instructions: &[DrawInstruction<RendererDrawData>]) -> Result<(), DrawError>
function	clone	re-renderer	crates/viewer/re_renderer/src/renderer/generic_skybox.rs:19	default		(self: &Self) -> GenericSkyboxType
function	default	re-renderer	crates/viewer/re_renderer/src/renderer/generic_skybox.rs:19	default		() -> GenericSkyboxType
function	eq	re-renderer	crates/viewer/re_renderer/src/renderer/generic_skybox.rs:19	default		(self: &Self, other: &GenericSkyboxType) -> bool
function	fmt	re-renderer	crates/viewer/re_renderer/src/renderer/generic_skybox.rs:19	default		(self: &Self, f: &mut Formatter) -> Result
enum	GenericSkyboxType	re-renderer	crates/viewer/re_renderer/src/renderer/generic_skybox.rs:20	public	The type of generic skybox to render.	
variant	GradientDark	re-renderer	crates/viewer/re_renderer/src/renderer/generic_skybox.rs:22	default		unit
variant	GradientBright	re-renderer	crates/viewer/re_renderer/src/renderer/generic_skybox.rs:23	default		unit
struct	GenericSkybox	re-renderer	crates/viewer/re_renderer/src/renderer/generic_skybox.rs:41	public	Renders a generated skybox from a color gradient	
function	clone	re-renderer	crates/viewer/re_renderer/src/renderer/generic_skybox.rs:46	default		(self: &Self) -> GenericSkyboxDrawData
struct	GenericSkyboxDrawData	re-renderer	crates/viewer/re_renderer/src/renderer/generic_skybox.rs:47	public		
function	collect_drawables	re-renderer	crates/viewer/re_renderer/src/renderer/generic_skybox.rs:54	default		(self: &Self, _view_info: &DrawableCollectionViewInfo, collector: &mut DrawableCollector)
function	new	re-renderer	crates/viewer/re_renderer/src/renderer/generic_skybox.rs:71	public		(ctx: &RenderContext, typ: GenericSkyboxType) -> Self
function	clone	re-renderer	crates/viewer/re_renderer/src/renderer/lines.rs:109	default		(self: &Self) -> LineVertex
struct	LineVertex	re-renderer	crates/viewer/re_renderer/src/renderer/lines.rs:110	public		
struct_field	position	re-renderer	crates/viewer/re_renderer/src/renderer/lines.rs:111	public		Vec3
struct_field	strip_index	re-renderer	crates/viewer/re_renderer/src/renderer/lines.rs:114	public		u32
function	clone	re-renderer	crates/viewer/re_renderer/src/renderer/lines.rs:131	default		(self: &Self) -> LineStripInfo
struct	LineStripInfo	re-renderer	crates/viewer/re_renderer/src/renderer/lines.rs:132	public		
struct_field	color	re-renderer	crates/viewer/re_renderer/src/renderer/lines.rs:134	public	[`ecolor::Color32`] is `repr(align(4))` so we can't use it in `repr(packed)`.	UnalignedColor32
struct_field	stippling	re-renderer	crates/viewer/re_renderer/src/renderer/lines.rs:135	public		u8
struct_field	flags	re-renderer	crates/viewer/re_renderer/src/renderer/lines.rs:136	public		LineStripFlags
struct_field	radius	re-renderer	crates/viewer/re_renderer/src/renderer/lines.rs:137	public		SizeHalf
function	default	re-renderer	crates/viewer/re_renderer/src/renderer/lines.rs:142	default		() -> Self
function	clone	re-renderer	crates/viewer/re_renderer/src/renderer/lines.rs:195	default		(self: &Self) -> LineDrawData
struct	LineDrawData	re-renderer	crates/viewer/re_renderer/src/renderer/lines.rs:196	public	A line drawing operation. Encompasses several lines, each consisting of a list of positions.	
function	collect_drawables	re-renderer	crates/viewer/re_renderer/src/renderer/lines.rs:205	default		(self: &Self, _view_info: &DrawableCollectionViewInfo, collector: &mut DrawableCollector)
struct	LineStripFlags	re-renderer	crates/viewer/re_renderer/src/renderer/lines.rs:227	public	Property flags for a line strip	
function	all	re-renderer	crates/viewer/re_renderer/src/renderer/lines.rs:227	public	Get a flags value with all known bits set.	() -> Self
function	all_named	re-renderer	crates/viewer/re_renderer/src/renderer/lines.rs:227	default		() -> LineStripFlags
function	bitand	re-renderer	crates/viewer/re_renderer/src/renderer/lines.rs:227	default	The bitwise and (`&`) of the bits in `self` and `other`.	(self: Self, other: Self) -> Self
function	bitand_assign	re-renderer	crates/viewer/re_renderer/src/renderer/lines.rs:227	default	The bitwise and (`&`) of the bits in `self` and `other`.	(self: &mut Self, other: Self)
function	bitor	re-renderer	crates/viewer/re_renderer/src/renderer/lines.rs:227	default	The bitwise or (`|`) of the bits in `self` and `other`.	(self: Self, other: LineStripFlags) -> Self
function	bitor_assign	re-renderer	crates/viewer/re_renderer/src/renderer/lines.rs:227	default	The bitwise or (`|`) of the bits in `self` and `other`.	(self: &mut Self, other: Self)
function	bits	re-renderer	crates/viewer/re_renderer/src/renderer/lines.rs:227	default		(self: &Self) -> u8
function	bits	re-renderer	crates/viewer/re_renderer/src/renderer/lines.rs:227	public	Get the underlying bits value.	(self: &Self) -> u8
function	bitxor	re-renderer	crates/viewer/re_renderer/src/renderer/lines.rs:227	default	The bitwise exclusive-or (`^`) of the bits in `self` and `other`.	(self: Self, other: Self) -> Self
function	bitxor_assign	re-renderer	crates/viewer/re_renderer/src/renderer/lines.rs:227	default	The bitwise exclusive-or (`^`) of the bits in `self` and `other`.	(self: &mut Self, other: Self)
function	complement	re-renderer	crates/viewer/re_renderer/src/renderer/lines.rs:227	public	The bitwise negation (`!`) of the bits in `self`, truncating the result.	(self: Self) -> Self
function	contains	re-renderer	crates/viewer/re_renderer/src/renderer/lines.rs:227	public	Whether all set bits in `other` are also set in `self`.	(self: &Self, other: Self) -> bool
function	difference	re-renderer	crates/viewer/re_renderer/src/renderer/lines.rs:227	public	The intersection of `self` with the complement of `other` (`&!`).	(self: Self, other: Self) -> Self
function	empty	re-renderer	crates/viewer/re_renderer/src/renderer/lines.rs:227	public	Get a flags value with all bits unset.	() -> Self
function	extend	re-renderer	crates/viewer/re_renderer/src/renderer/lines.rs:227	default	The bitwise or (`|`) of the bits in each flags value.	(self: &mut Self, iterator: T)
function	fmt	re-renderer	crates/viewer/re_renderer/src/renderer/lines.rs:227	default		(self: &Self, f: &mut Formatter) -> Result
function	fmt	re-renderer	crates/viewer/re_renderer/src/renderer/lines.rs:227	default		(self: &Self, f: &mut Formatter) -> Result
function	fmt	re-renderer	crates/viewer/re_renderer/src/renderer/lines.rs:227	default		(self: &Self, f: &mut Formatter) -> Result
function	fmt	re-renderer	crates/viewer/re_renderer/src/renderer/lines.rs:227	default		(self: &Self, f: &mut Formatter) -> Result
function	from_bits	re-renderer	crates/viewer/re_renderer/src/renderer/lines.rs:227	public	Convert from a bits value.	(bits: u8) -> Option<Self>
function	from_bits_retain	re-renderer	crates/viewer/re_renderer/src/renderer/lines.rs:227	public	Convert from a bits value exactly.	(bits: u8) -> Self
function	from_bits_retain	re-renderer	crates/viewer/re_renderer/src/renderer/lines.rs:227	default		(bits: u8) -> LineStripFlags
function	from_bits_truncate	re-renderer	crates/viewer/re_renderer/src/renderer/lines.rs:227	public	Convert from a bits value, unsetting any unknown bits.	(bits: u8) -> Self
function	from_iter	re-renderer	crates/viewer/re_renderer/src/renderer/lines.rs:227	default	The bitwise or (`|`) of the bits in each flags value.	(iterator: T) -> Self
function	from_name	re-renderer	crates/viewer/re_renderer/src/renderer/lines.rs:227	public	Get a flags value with the bits of a flag with the given name set.	(name: &str) -> Option<Self>
function	insert	re-renderer	crates/viewer/re_renderer/src/renderer/lines.rs:227	public	The bitwise or (`|`) of the bits in `self` and `other`.	(self: &mut Self, other: Self)
function	intersection	re-renderer	crates/viewer/re_renderer/src/renderer/lines.rs:227	public	The bitwise and (`&`) of the bits in `self` and `other`.	(self: Self, other: Self) -> Self
function	intersects	re-renderer	crates/viewer/re_renderer/src/renderer/lines.rs:227	public	Whether any set bits in `other` are also set in `self`.	(self: &Self, other: Self) -> bool
function	into_iter	re-renderer	crates/viewer/re_renderer/src/renderer/lines.rs:227	default		(self: Self) -> IntoIter
function	is_all	re-renderer	crates/viewer/re_renderer/src/renderer/lines.rs:227	public	Whether all known bits in this flags value are set.	(self: &Self) -> bool
function	is_empty	re-renderer	crates/viewer/re_renderer/src/renderer/lines.rs:227	public	Whether all bits in `self` are unset.	(self: &Self) -> bool
function	iter	re-renderer	crates/viewer/re_renderer/src/renderer/lines.rs:227	public	Yield a set of contained flags values.	(self: &Self) -> Iter<LineStripFlags>
function	iter_names	re-renderer	crates/viewer/re_renderer/src/renderer/lines.rs:227	public	Yield a set of contained named flags values.	(self: &Self) -> IterNames<LineStripFlags>
function	not	re-renderer	crates/viewer/re_renderer/src/renderer/lines.rs:227	default	The bitwise negation (`!`) of the bits in `self`, truncating the result.	(self: Self) -> Self
function	remove	re-renderer	crates/viewer/re_renderer/src/renderer/lines.rs:227	public	The intersection of `self` with the complement of `other` (`&!`).	(self: &mut Self, other: Self)
function	set	re-renderer	crates/viewer/re_renderer/src/renderer/lines.rs:227	public	Call `insert` when `value` is `true` or `remove` when `value` is `false`.	(self: &mut Self, other: Self, value: bool)
function	sub	re-renderer	crates/viewer/re_renderer/src/renderer/lines.rs:227	default	The intersection of `self` with the complement of `other` (`&!`).	(self: Self, other: Self) -> Self
function	sub_assign	re-renderer	crates/viewer/re_renderer/src/renderer/lines.rs:227	default	The intersection of `self` with the complement of `other` (`&!`).	(self: &mut Self, other: Self)
function	symmetric_difference	re-renderer	crates/viewer/re_renderer/src/renderer/lines.rs:227	public	The bitwise exclusive-or (`^`) of the bits in `self` and `other`.	(self: Self, other: Self) -> Self
function	toggle	re-renderer	crates/viewer/re_renderer/src/renderer/lines.rs:227	public	The bitwise exclusive-or (`^`) of the bits in `self` and `other`.	(self: &mut Self, other: Self)
function	union	re-renderer	crates/viewer/re_renderer/src/renderer/lines.rs:227	public	The bitwise or (`|`) of the bits in `self` and `other`.	(self: Self, other: Self) -> Self
function	clone	re-renderer	crates/viewer/re_renderer/src/renderer/lines.rs:232	default		(self: &Self) -> LineStripFlags
function	default	re-renderer	crates/viewer/re_renderer/src/renderer/lines.rs:232	default		() -> LineStripFlags
struct	LineBatchInfo	re-renderer	crates/viewer/re_renderer/src/renderer/lines.rs:294	public	Data that is valid for a batch of line strips.	
struct_field	label	re-renderer	crates/viewer/re_renderer/src/renderer/lines.rs:295	public		Label
struct_field	world_from_obj	re-renderer	crates/viewer/re_renderer/src/renderer/lines.rs:301	public	Transformation applies to line positions	Affine3A
struct_field	line_vertex_count	re-renderer	crates/viewer/re_renderer/src/renderer/lines.rs:307	public	Number of vertices covered by this batch.	u32
struct_field	overall_outline_mask_ids	re-renderer	crates/viewer/re_renderer/src/renderer/lines.rs:310	public	Optional outline mask setting for the entire batch.	OutlineMaskPreference
struct_field	additional_outline_mask_ids_vertex_ranges	re-renderer	crates/viewer/re_renderer/src/renderer/lines.rs:319	public	Defines an outline mask for an individual vertex ranges (can span several line strips!)	Vec<(Range<u32>, OutlineMaskPreference)>
struct_field	picking_object_id	re-renderer	crates/viewer/re_renderer/src/renderer/lines.rs:322	public	Picking object id that applies for the entire batch.	PickingLayerObjectId
struct_field	depth_offset	re-renderer	crates/viewer/re_renderer/src/renderer/lines.rs:325	public	Depth offset applied after projection.	DepthOffset
struct_field	triangle_cap_length_factor	re-renderer	crates/viewer/re_renderer/src/renderer/lines.rs:331	public	Length factor as multiple of a line's radius applied to all triangle caps in this batch.	f32
struct_field	triangle_cap_width_factor	re-renderer	crates/viewer/re_renderer/src/renderer/lines.rs:337	public	Width factor as multiple of a line's radius applied to all triangle caps in this batch.	f32
function	default	re-renderer	crates/viewer/re_renderer/src/renderer/lines.rs:341	default		() -> Self
function	eq	re-renderer	crates/viewer/re_renderer/src/renderer/lines.rs:356	default		(self: &Self, other: &LineDrawDataError) -> bool
function	fmt	re-renderer	crates/viewer/re_renderer/src/renderer/lines.rs:356	default		(self: &Self, __formatter: &mut Formatter) -> Result
function	fmt	re-renderer	crates/viewer/re_renderer/src/renderer/lines.rs:356	default		(self: &Self, f: &mut Formatter) -> Result
function	from	re-renderer	crates/viewer/re_renderer/src/renderer/lines.rs:356	default		(source: DataTextureSourceWriteError) -> Self
function	from	re-renderer	crates/viewer/re_renderer/src/renderer/lines.rs:356	default		(source: CpuWriteGpuReadError) -> Self
function	source	re-renderer	crates/viewer/re_renderer/src/renderer/lines.rs:356	default		(self: &Self) -> Option<&impl/dyn>
enum	LineDrawDataError	re-renderer	crates/viewer/re_renderer/src/renderer/lines.rs:357	public		
variant	InvalidStripIndex	re-renderer	crates/viewer/re_renderer/src/renderer/lines.rs:359	default		unit
struct_field	0	re-renderer	crates/viewer/re_renderer/src/renderer/lines.rs:362	default		PoolError
variant	PoolError	re-renderer	crates/viewer/re_renderer/src/renderer/lines.rs:362	default		tuple(1)
struct_field	0	re-renderer	crates/viewer/re_renderer/src/renderer/lines.rs:365	default		CpuWriteGpuReadError
variant	FailedTransferringDataToGpu	re-renderer	crates/viewer/re_renderer/src/renderer/lines.rs:365	default		tuple(1)
struct_field	0	re-renderer	crates/viewer/re_renderer/src/renderer/lines.rs:368	default		DataTextureSourceWriteError
variant	DataTextureSourceWriteError	re-renderer	crates/viewer/re_renderer/src/renderer/lines.rs:368	default		tuple(1)
function	new	re-renderer	crates/viewer/re_renderer/src/renderer/lines.rs:378	public	Transforms and uploads line strip data to be consumed by gpu.	(line_builder: LineDrawableBuilder) -> Result<Self, LineDrawDataError>
struct	LineRenderer	re-renderer	crates/viewer/re_renderer/src/renderer/lines.rs:580	public		
function	clone	re-renderer	crates/viewer/re_renderer/src/renderer/mesh_renderer.rs:115	default		(self: &Self) -> MeshDrawData
struct	MeshDrawData	re-renderer	crates/viewer/re_renderer/src/renderer/mesh_renderer.rs:116	public		
function	collect_drawables	re-renderer	crates/viewer/re_renderer/src/renderer/mesh_renderer.rs:127	default		(self: &Self, view_info: &DrawableCollectionViewInfo, collector: &mut DrawableCollector)
function	clone	re-renderer	crates/viewer/re_renderer/src/renderer/mesh_renderer.rs:141	default		(self: &Self) -> GpuMeshInstance
struct	GpuMeshInstance	re-renderer	crates/viewer/re_renderer/src/renderer/mesh_renderer.rs:142	public		
struct_field	gpu_mesh	re-renderer	crates/viewer/re_renderer/src/renderer/mesh_renderer.rs:144	public	Gpu mesh used by this instance	Arc<GpuMesh>
struct_field	world_from_mesh	re-renderer	crates/viewer/re_renderer/src/renderer/mesh_renderer.rs:147	public	Where this instance is placed in world space and how its oriented & scaled.	Affine3A
struct_field	additive_tint	re-renderer	crates/viewer/re_renderer/src/renderer/mesh_renderer.rs:151	public	Per-instance (as opposed to per-material/mesh!) tint color that is added to the albedo texture.	Color32
struct_field	outline_mask_ids	re-renderer	crates/viewer/re_renderer/src/renderer/mesh_renderer.rs:154	public	Optional outline mask setting for this instance.	OutlineMaskPreference
struct_field	picking_layer_id	re-renderer	crates/viewer/re_renderer/src/renderer/mesh_renderer.rs:157	public	Picking layer id.	PickingLayerId
struct_field	cull_mode	re-renderer	crates/viewer/re_renderer/src/renderer/mesh_renderer.rs:161	public	Controls face culling for this instance.	Option<Face>
function	new	re-renderer	crates/viewer/re_renderer/src/renderer/mesh_renderer.rs:166	public	Creates a new instance of a mesh with all fields set to default except for required ones.	(gpu_mesh: Arc<GpuMesh>) -> Self
function	gpu_instance_size_bytes	re-renderer	crates/viewer/re_renderer/src/renderer/mesh_renderer.rs:217	public		() -> usize
function	new	re-renderer	crates/viewer/re_renderer/src/renderer/mesh_renderer.rs:226	public	Transforms and uploads mesh instance data to be consumed by gpu.	(ctx: &RenderContext, instances: &[GpuMeshInstance]) -> Result<Self, CpuWriteGpuReadError>
struct	MeshRenderer	re-renderer	crates/viewer/re_renderer/src/renderer/mesh_renderer.rs:419	public		
struct_field	bind_group_layout	re-renderer	crates/viewer/re_renderer/src/renderer/mesh_renderer.rs:435	public		GpuBindGroupLayoutHandle
module	renderer	re-renderer	crates/viewer/re_renderer/src/renderer/mod.rs:1	public		
function	with_secondary_sort_key	re-renderer	crates/viewer/re_renderer/src/renderer/mod.rs:104	public		(self: Self, secondary_sort_key: f32) -> Self
struct	DrawableCollectionViewInfo	re-renderer	crates/viewer/re_renderer/src/renderer/mod.rs:111	public	Information about the view for which can be taken into account when collecting drawables.	
struct_field	view_id	re-renderer	crates/viewer/re_renderer/src/renderer/mod.rs:113	public	Stable identity of the view collecting the drawables.	ViewBuilderId
struct_field	camera_world_position	re-renderer	crates/viewer/re_renderer/src/renderer/mod.rs:116	public	The position of the camera in world space.	Vec3A
trait	DrawData	re-renderer	crates/viewer/re_renderer/src/renderer/mod.rs:125	public	GPU sided data used by a [`Renderer`] to draw things to the screen.	
function	collect_drawables	re-renderer	crates/viewer/re_renderer/src/renderer/mod.rs:135	default	Collects all drawables for all phases of a specific view.	(self: &Self, view_info: &DrawableCollectionViewInfo, collector: &mut DrawableCollector)
function	clone	re-renderer	crates/viewer/re_renderer/src/renderer/mod.rs:142	default		(self: &Self) -> DrawError
function	eq	re-renderer	crates/viewer/re_renderer/src/renderer/mod.rs:142	default		(self: &Self, other: &DrawError) -> bool
function	fmt	re-renderer	crates/viewer/re_renderer/src/renderer/mod.rs:142	default		(self: &Self, __formatter: &mut Formatter) -> Result
function	fmt	re-renderer	crates/viewer/re_renderer/src/renderer/mod.rs:142	default		(self: &Self, f: &mut Formatter) -> Result
function	source	re-renderer	crates/viewer/re_renderer/src/renderer/mod.rs:142	default		(self: &Self) -> Option<&impl/dyn>
enum	DrawError	re-renderer	crates/viewer/re_renderer/src/renderer/mod.rs:143	public		
struct_field	0	re-renderer	crates/viewer/re_renderer/src/renderer/mod.rs:145	default		PoolError
variant	Pool	re-renderer	crates/viewer/re_renderer/src/renderer/mod.rs:145	default		tuple(1)
struct	DrawInstruction	re-renderer	crates/viewer/re_renderer/src/renderer/mod.rs:149	public	A draw instruction specifies which drawables of a given [`DrawData`] should be rendered.	
struct_field	draw_data	re-renderer	crates/viewer/re_renderer/src/renderer/mod.rs:151	public	The draw data that produced the [`Self::drawables`].	&D
struct_field	drawables	re-renderer	crates/viewer/re_renderer/src/renderer/mod.rs:157	public	The drawables to render.	&[Drawable]
trait	Renderer	re-renderer	crates/viewer/re_renderer/src/renderer/mod.rs:165	public	A Renderer encapsulate the knowledge of how to render a certain kind of primitives.	
function	create_renderer	re-renderer	crates/viewer/re_renderer/src/renderer/mod.rs:168	default		(ctx: &RenderContext) -> Self
function	draw	re-renderer	crates/viewer/re_renderer/src/renderer/mod.rs:173	default	Called once per phase if there are any drawables for that phase.	(self: &Self, render_pipelines: &GpuRenderPipelinePoolAccessor, phase: DrawPhase, pass: &mut RenderPass, draw_instructions: &[DrawInstruction<RendererDrawData>]) -> Result<(), DrawError>
function	screen_triangle_vertex_shader	re-renderer	crates/viewer/re_renderer/src/renderer/mod.rs:224	public	Gets or creates a vertex shader module for drawing a screen filling triangle.	(ctx: &RenderContext) -> GpuShaderModuleHandle
module	gpu_data	re-renderer	crates/viewer/re_renderer/src/renderer/mod.rs:32	public		
type_alias	DrawDataDrawablePayload	re-renderer	crates/viewer/re_renderer/src/renderer/mod.rs:50	public	[`DrawData`] specific payload that is injected into the otherwise type agnostic [`crate::Drawable`].	
function	clone	re-renderer	crates/viewer/re_renderer/src/renderer/mod.rs:56	default		(self: &Self) -> DrawDataDrawable
function	fmt	re-renderer	crates/viewer/re_renderer/src/renderer/mod.rs:56	default		(self: &Self, f: &mut Formatter) -> Result
struct	DrawDataDrawable	re-renderer	crates/viewer/re_renderer/src/renderer/mod.rs:57	public	A single drawable item within a given [`DrawData`].	
struct_field	distance_sort_key	re-renderer	crates/viewer/re_renderer/src/renderer/mod.rs:65	public	Used for sorting drawables within a [`DrawPhase`].	f32
struct_field	secondary_sort_key	re-renderer	crates/viewer/re_renderer/src/renderer/mod.rs:71	public	Secondary key used to consistently order otherwise similarly sorted drawables.	f32
struct_field	draw_data_payload	re-renderer	crates/viewer/re_renderer/src/renderer/mod.rs:77	public	Key for identifying the drawable within the [`DrawData`] that produced it..	DrawDataDrawablePayload
function	from_affine	re-renderer	crates/viewer/re_renderer/src/renderer/mod.rs:82	public		(view_info: &DrawableCollectionViewInfo, world_from_rdf: &Affine3A, draw_data_payload: DrawDataDrawablePayload) -> Self
function	from_world_position	re-renderer	crates/viewer/re_renderer/src/renderer/mod.rs:91	public		(view_info: &DrawableCollectionViewInfo, world_position: Vec3A, draw_data_payload: DrawDataDrawablePayload) -> Self
function	from_many	re-renderer	crates/viewer/re_renderer/src/renderer/point_cloud.rs:103	public	If there are fewer radii than positions,	(positions: &[Vec3], radii: &[Size]) -> Vec<Self>
function	clone	re-renderer	crates/viewer/re_renderer/src/renderer/point_cloud.rs:176	default		(self: &Self) -> PointCloudSortOrderCache
function	default	re-renderer	crates/viewer/re_renderer/src/renderer/point_cloud.rs:176	default		() -> PointCloudSortOrderCache
function	heap_size_bytes	re-renderer	crates/viewer/re_renderer/src/renderer/point_cloud.rs:176	default		(self: &Self) -> u64
struct	PointCloudSortOrderCache	re-renderer	crates/viewer/re_renderer/src/renderer/point_cloud.rs:177	public	Previous point ordering for each view rendering the same point cloud batch.	
function	clone	re-renderer	crates/viewer/re_renderer/src/renderer/point_cloud.rs:274	default		(self: &Self) -> PointCloudDrawData
struct	PointCloudDrawData	re-renderer	crates/viewer/re_renderer/src/renderer/point_cloud.rs:275	public	A point cloud drawing operation.	
function	collect_drawables	re-renderer	crates/viewer/re_renderer/src/renderer/point_cloud.rs:288	default		(self: &Self, view_info: &DrawableCollectionViewInfo, collector: &mut DrawableCollector)
struct	PointCloudBatchInfo	re-renderer	crates/viewer/re_renderer/src/renderer/point_cloud.rs:358	public	Data that is valid for a batch of point cloud points.	
struct_field	label	re-renderer	crates/viewer/re_renderer/src/renderer/point_cloud.rs:359	public		Label
struct_field	world_from_obj	re-renderer	crates/viewer/re_renderer/src/renderer/point_cloud.rs:365	public	Transformation applies to point positions	Affine3A
struct_field	flags	re-renderer	crates/viewer/re_renderer/src/renderer/point_cloud.rs:368	public	Additional properties of this point cloud batch.	PointCloudBatchFlags
struct_field	point_count	re-renderer	crates/viewer/re_renderer/src/renderer/point_cloud.rs:373	public	Number of points covered by this batch.	u32
struct_field	object_space_bounding_box	re-renderer	crates/viewer/re_renderer/src/renderer/point_cloud.rs:376	public	Object-space bounds used to place the batch in the draw-phase distance ordering.	BoundingBox
struct_field	overall_outline_mask_ids	re-renderer	crates/viewer/re_renderer/src/renderer/point_cloud.rs:379	public	Optional outline mask setting for the entire batch.	OutlineMaskPreference
struct_field	additional_outline_mask_ids_vertex_ranges	re-renderer	crates/viewer/re_renderer/src/renderer/point_cloud.rs:388	public	Defines an outline mask for an individual vertex ranges.	Vec<(Range<u32>, OutlineMaskPreference)>
struct_field	picking_object_id	re-renderer	crates/viewer/re_renderer/src/renderer/point_cloud.rs:391	public	Picking object id that applies for the entire batch.	PickingLayerObjectId
struct_field	depth_offset	re-renderer	crates/viewer/re_renderer/src/renderer/point_cloud.rs:394	public	Depth offset applied after projection.	DepthOffset
struct_field	sort_positions	re-renderer	crates/viewer/re_renderer/src/renderer/point_cloud.rs:401	public	Object-space positions of the points in this batch, used to sort transparent batches	Option<Vec<Vec3>>
struct_field	sort_order_cache	re-renderer	crates/viewer/re_renderer/src/renderer/point_cloud.rs:408	public	Caller-owned cache for the back-to-front ordering, persisted across frames to seed the next	Option<PointCloudSortOrderCache>
function	default	re-renderer	crates/viewer/re_renderer/src/renderer/point_cloud.rs:413	default		() -> Self
function	eq	re-renderer	crates/viewer/re_renderer/src/renderer/point_cloud.rs:430	default		(self: &Self, other: &PointCloudDrawDataError) -> bool
function	fmt	re-renderer	crates/viewer/re_renderer/src/renderer/point_cloud.rs:430	default		(self: &Self, __formatter: &mut Formatter) -> Result
function	fmt	re-renderer	crates/viewer/re_renderer/src/renderer/point_cloud.rs:430	default		(self: &Self, f: &mut Formatter) -> Result
function	from	re-renderer	crates/viewer/re_renderer/src/renderer/point_cloud.rs:430	default		(source: CpuWriteGpuReadError) -> Self
function	source	re-renderer	crates/viewer/re_renderer/src/renderer/point_cloud.rs:430	default		(self: &Self) -> Option<&impl/dyn>
enum	PointCloudDrawDataError	re-renderer	crates/viewer/re_renderer/src/renderer/point_cloud.rs:431	public		
struct_field	0	re-renderer	crates/viewer/re_renderer/src/renderer/point_cloud.rs:433	default		CpuWriteGpuReadError
variant	FailedTransferringDataToGpu	re-renderer	crates/viewer/re_renderer/src/renderer/point_cloud.rs:433	default		tuple(1)
struct	PointCloudBatchFlags	re-renderer	crates/viewer/re_renderer/src/renderer/point_cloud.rs:44	public	Property flags for a point batch	
function	all	re-renderer	crates/viewer/re_renderer/src/renderer/point_cloud.rs:44	public	Get a flags value with all known bits set.	() -> Self
function	all_named	re-renderer	crates/viewer/re_renderer/src/renderer/point_cloud.rs:44	default		() -> PointCloudBatchFlags
function	bitand	re-renderer	crates/viewer/re_renderer/src/renderer/point_cloud.rs:44	default	The bitwise and (`&`) of the bits in `self` and `other`.	(self: Self, other: Self) -> Self
function	bitand_assign	re-renderer	crates/viewer/re_renderer/src/renderer/point_cloud.rs:44	default	The bitwise and (`&`) of the bits in `self` and `other`.	(self: &mut Self, other: Self)
function	bitor	re-renderer	crates/viewer/re_renderer/src/renderer/point_cloud.rs:44	default	The bitwise or (`|`) of the bits in `self` and `other`.	(self: Self, other: PointCloudBatchFlags) -> Self
function	bitor_assign	re-renderer	crates/viewer/re_renderer/src/renderer/point_cloud.rs:44	default	The bitwise or (`|`) of the bits in `self` and `other`.	(self: &mut Self, other: Self)
function	bits	re-renderer	crates/viewer/re_renderer/src/renderer/point_cloud.rs:44	public	Get the underlying bits value.	(self: &Self) -> u32
function	bits	re-renderer	crates/viewer/re_renderer/src/renderer/point_cloud.rs:44	default		(self: &Self) -> u32
function	bitxor	re-renderer	crates/viewer/re_renderer/src/renderer/point_cloud.rs:44	default	The bitwise exclusive-or (`^`) of the bits in `self` and `other`.	(self: Self, other: Self) -> Self
function	bitxor_assign	re-renderer	crates/viewer/re_renderer/src/renderer/point_cloud.rs:44	default	The bitwise exclusive-or (`^`) of the bits in `self` and `other`.	(self: &mut Self, other: Self)
function	complement	re-renderer	crates/viewer/re_renderer/src/renderer/point_cloud.rs:44	public	The bitwise negation (`!`) of the bits in `self`, truncating the result.	(self: Self) -> Self
function	contains	re-renderer	crates/viewer/re_renderer/src/renderer/point_cloud.rs:44	public	Whether all set bits in `other` are also set in `self`.	(self: &Self, other: Self) -> bool
function	difference	re-renderer	crates/viewer/re_renderer/src/renderer/point_cloud.rs:44	public	The intersection of `self` with the complement of `other` (`&!`).	(self: Self, other: Self) -> Self
function	empty	re-renderer	crates/viewer/re_renderer/src/renderer/point_cloud.rs:44	public	Get a flags value with all bits unset.	() -> Self
function	extend	re-renderer	crates/viewer/re_renderer/src/renderer/point_cloud.rs:44	default	The bitwise or (`|`) of the bits in each flags value.	(self: &mut Self, iterator: T)
function	fmt	re-renderer	crates/viewer/re_renderer/src/renderer/point_cloud.rs:44	default		(self: &Self, f: &mut Formatter) -> Result
function	fmt	re-renderer	crates/viewer/re_renderer/src/renderer/point_cloud.rs:44	default		(self: &Self, f: &mut Formatter) -> Result
function	fmt	re-renderer	crates/viewer/re_renderer/src/renderer/point_cloud.rs:44	default		(self: &Self, f: &mut Formatter) -> Result
function	fmt	re-renderer	crates/viewer/re_renderer/src/renderer/point_cloud.rs:44	default		(self: &Self, f: &mut Formatter) -> Result
function	from_bits	re-renderer	crates/viewer/re_renderer/src/renderer/point_cloud.rs:44	public	Convert from a bits value.	(bits: u32) -> Option<Self>
function	from_bits_retain	re-renderer	crates/viewer/re_renderer/src/renderer/point_cloud.rs:44	default		(bits: u32) -> PointCloudBatchFlags
function	from_bits_retain	re-renderer	crates/viewer/re_renderer/src/renderer/point_cloud.rs:44	public	Convert from a bits value exactly.	(bits: u32) -> Self
function	from_bits_truncate	re-renderer	crates/viewer/re_renderer/src/renderer/point_cloud.rs:44	public	Convert from a bits value, unsetting any unknown bits.	(bits: u32) -> Self
function	from_iter	re-renderer	crates/viewer/re_renderer/src/renderer/point_cloud.rs:44	default	The bitwise or (`|`) of the bits in each flags value.	(iterator: T) -> Self
function	from_name	re-renderer	crates/viewer/re_renderer/src/renderer/point_cloud.rs:44	public	Get a flags value with the bits of a flag with the given name set.	(name: &str) -> Option<Self>
function	insert	re-renderer	crates/viewer/re_renderer/src/renderer/point_cloud.rs:44	public	The bitwise or (`|`) of the bits in `self` and `other`.	(self: &mut Self, other: Self)
function	intersection	re-renderer	crates/viewer/re_renderer/src/renderer/point_cloud.rs:44	public	The bitwise and (`&`) of the bits in `self` and `other`.	(self: Self, other: Self) -> Self
function	intersects	re-renderer	crates/viewer/re_renderer/src/renderer/point_cloud.rs:44	public	Whether any set bits in `other` are also set in `self`.	(self: &Self, other: Self) -> bool
function	into_iter	re-renderer	crates/viewer/re_renderer/src/renderer/point_cloud.rs:44	default		(self: Self) -> IntoIter
function	is_all	re-renderer	crates/viewer/re_renderer/src/renderer/point_cloud.rs:44	public	Whether all known bits in this flags value are set.	(self: &Self) -> bool
function	is_empty	re-renderer	crates/viewer/re_renderer/src/renderer/point_cloud.rs:44	public	Whether all bits in `self` are unset.	(self: &Self) -> bool
function	iter	re-renderer	crates/viewer/re_renderer/src/renderer/point_cloud.rs:44	public	Yield a set of contained flags values.	(self: &Self) -> Iter<PointCloudBatchFlags>
function	iter_names	re-renderer	crates/viewer/re_renderer/src/renderer/point_cloud.rs:44	public	Yield a set of contained named flags values.	(self: &Self) -> IterNames<PointCloudBatchFlags>
function	not	re-renderer	crates/viewer/re_renderer/src/renderer/point_cloud.rs:44	default	The bitwise negation (`!`) of the bits in `self`, truncating the result.	(self: Self) -> Self
function	remove	re-renderer	crates/viewer/re_renderer/src/renderer/point_cloud.rs:44	public	The intersection of `self` with the complement of `other` (`&!`).	(self: &mut Self, other: Self)
function	set	re-renderer	crates/viewer/re_renderer/src/renderer/point_cloud.rs:44	public	Call `insert` when `value` is `true` or `remove` when `value` is `false`.	(self: &mut Self, other: Self, value: bool)
function	sub	re-renderer	crates/viewer/re_renderer/src/renderer/point_cloud.rs:44	default	The intersection of `self` with the complement of `other` (`&!`).	(self: Self, other: Self) -> Self
function	sub_assign	re-renderer	crates/viewer/re_renderer/src/renderer/point_cloud.rs:44	default	The intersection of `self` with the complement of `other` (`&!`).	(self: &mut Self, other: Self)
function	symmetric_difference	re-renderer	crates/viewer/re_renderer/src/renderer/point_cloud.rs:44	public	The bitwise exclusive-or (`^`) of the bits in `self` and `other`.	(self: Self, other: Self) -> Self
function	toggle	re-renderer	crates/viewer/re_renderer/src/renderer/point_cloud.rs:44	public	The bitwise exclusive-or (`^`) of the bits in `self` and `other`.	(self: &mut Self, other: Self)
function	union	re-renderer	crates/viewer/re_renderer/src/renderer/point_cloud.rs:44	public	The bitwise or (`|`) of the bits in `self` and `other`.	(self: Self, other: Self) -> Self
function	new	re-renderer	crates/viewer/re_renderer/src/renderer/point_cloud.rs:443	public	Transforms and uploads point cloud data to be consumed by gpu.	(builder: PointCloudBuilder) -> Result<Self, PointCloudDrawDataError>
function	clone	re-renderer	crates/viewer/re_renderer/src/renderer/point_cloud.rs:49	default		(self: &Self) -> PointCloudBatchFlags
function	default	re-renderer	crates/viewer/re_renderer/src/renderer/point_cloud.rs:49	default		() -> PointCloudBatchFlags
struct	PointCloudRenderer	re-renderer	crates/viewer/re_renderer/src/renderer/point_cloud.rs:712	public		
function	clone	re-renderer	crates/viewer/re_renderer/src/renderer/point_cloud.rs:80	default		(self: &Self) -> PositionRadius
struct	PositionRadius	re-renderer	crates/viewer/re_renderer/src/renderer/point_cloud.rs:81	public	Position and radius.	
struct_field	pos	re-renderer	crates/viewer/re_renderer/src/renderer/point_cloud.rs:82	public		Vec3
struct_field	radius	re-renderer	crates/viewer/re_renderer/src/renderer/point_cloud.rs:85	public	Radius of the point in world space	Size
function	heap_size_bytes	re-renderer	crates/viewer/re_renderer/src/renderer/point_cloud.rs:94	default		(self: &Self) -> u64
struct_field	color_mapper	re-renderer	crates/viewer/re_renderer/src/renderer/rectangles.rs:105	public	For any one-component texture, you need to supply a color mapper,	ColorMapper
struct_field	shader_decoding	re-renderer	crates/viewer/re_renderer/src/renderer/rectangles.rs:108	public	For textures that need decoding in the shader, for example NV12 encoded images.	Option<ShaderDecoding>
function	clone	re-renderer	crates/viewer/re_renderer/src/renderer/rectangles.rs:112	default		(self: &Self) -> ColorMapper
function	fmt	re-renderer	crates/viewer/re_renderer/src/renderer/rectangles.rs:112	default		(self: &Self, f: &mut Formatter) -> Result
enum	ColorMapper	re-renderer	crates/viewer/re_renderer/src/renderer/rectangles.rs:113	public	How to map the normalized `.r` component to a color.	
variant	OffGrayscale	re-renderer	crates/viewer/re_renderer/src/renderer/rectangles.rs:115	default	Colormapping is off. Take the .r color and splat onto rgb.	unit
variant	OffRGB	re-renderer	crates/viewer/re_renderer/src/renderer/rectangles.rs:118	default	Colormapping is off. Keep rgb as is.	unit
struct_field	0	re-renderer	crates/viewer/re_renderer/src/renderer/rectangles.rs:121	default		Colormap
variant	Function	re-renderer	crates/viewer/re_renderer/src/renderer/rectangles.rs:121	default	Apply the given function.	tuple(1)
struct_field	0	re-renderer	crates/viewer/re_renderer/src/renderer/rectangles.rs:130	default		GpuTexture2D
variant	Texture	re-renderer	crates/viewer/re_renderer/src/renderer/rectangles.rs:130	default	Look up the color in this texture.	tuple(1)
function	is_on	re-renderer	crates/viewer/re_renderer/src/renderer/rectangles.rs:135	public		(self: &Self) -> bool
function	from_unorm_rgba	re-renderer	crates/viewer/re_renderer/src/renderer/rectangles.rs:145	public	Assumes a separate/unmultiplied alpha.	(texture: GpuTexture2D) -> Self
function	from_video_frame	re-renderer	crates/viewer/re_renderer/src/renderer/rectangles.rs:168	public	Build a [`ColormappedTexture`] for a decoded video/image frame, choosing	(texture: GpuTexture2D, bit_depth: Option<u8>) -> Self
function	width_height	re-renderer	crates/viewer/re_renderer/src/renderer/rectangles.rs:193	public		(self: &Self) -> [u32; N]
function	clone	re-renderer	crates/viewer/re_renderer/src/renderer/rectangles.rs:198	default		(self: &Self) -> TexturedRect
function	fmt	re-renderer	crates/viewer/re_renderer/src/renderer/rectangles.rs:198	default		(self: &Self, f: &mut Formatter) -> Result
struct	TexturedRect	re-renderer	crates/viewer/re_renderer/src/renderer/rectangles.rs:199	public		
struct_field	top_left_corner_position	re-renderer	crates/viewer/re_renderer/src/renderer/rectangles.rs:201	public	Top left corner position in world space.	Vec3
struct_field	extent_u	re-renderer	crates/viewer/re_renderer/src/renderer/rectangles.rs:204	public	Vector that spans up the rectangle from its top left corner along the u axis of the texture.	Vec3
struct_field	extent_v	re-renderer	crates/viewer/re_renderer/src/renderer/rectangles.rs:207	public	Vector that spans up the rectangle from its top left corner along the v axis of the texture.	Vec3
struct_field	colormapped_texture	re-renderer	crates/viewer/re_renderer/src/renderer/rectangles.rs:210	public	Texture that fills the rectangle	ColormappedTexture
struct_field	options	re-renderer	crates/viewer/re_renderer/src/renderer/rectangles.rs:212	public		RectangleOptions
function	bounding_box	re-renderer	crates/viewer/re_renderer/src/renderer/rectangles.rs:221	public	Returns axis aligned bounding box for this rectangle.	(self: &Self) -> BoundingBox
function	clone	re-renderer	crates/viewer/re_renderer/src/renderer/rectangles.rs:238	default		(self: &Self) -> RectangleOptions
function	fmt	re-renderer	crates/viewer/re_renderer/src/renderer/rectangles.rs:238	default		(self: &Self, f: &mut Formatter) -> Result
struct	RectangleOptions	re-renderer	crates/viewer/re_renderer/src/renderer/rectangles.rs:239	public		
struct_field	texture_filter_magnification	re-renderer	crates/viewer/re_renderer/src/renderer/rectangles.rs:240	public		TextureFilterMag
struct_field	texture_filter_minification	re-renderer	crates/viewer/re_renderer/src/renderer/rectangles.rs:241	public		TextureFilterMin
struct_field	multiplicative_tint	re-renderer	crates/viewer/re_renderer/src/renderer/rectangles.rs:244	public	Tint that is multiplied to the rect, supports pre-multiplied alpha.	Rgba
struct_field	depth_offset	re-renderer	crates/viewer/re_renderer/src/renderer/rectangles.rs:246	public		DepthOffset
struct_field	outline_mask	re-renderer	crates/viewer/re_renderer/src/renderer/rectangles.rs:249	public	Optional outline mask.	OutlineMaskPreference
function	default	re-renderer	crates/viewer/re_renderer/src/renderer/rectangles.rs:253	default		() -> Self
enum	RectangleError	re-renderer	crates/viewer/re_renderer/src/renderer/rectangles.rs:265	public		
struct_field	0	re-renderer	crates/viewer/re_renderer/src/renderer/rectangles.rs:267	default		Features
variant	SpecialFeatures	re-renderer	crates/viewer/re_renderer/src/renderer/rectangles.rs:267	default		tuple(1)
struct_field	0	re-renderer	crates/viewer/re_renderer/src/renderer/rectangles.rs:270	default		TextureFormat
variant	TextureFormatNotSupported	re-renderer	crates/viewer/re_renderer/src/renderer/rectangles.rs:270	default		tuple(1)
variant	ColormappingRgbaTexture	re-renderer	crates/viewer/re_renderer/src/renderer/rectangles.rs:275	default		unit
struct_field	0	re-renderer	crates/viewer/re_renderer/src/renderer/rectangles.rs:278	default		u8
variant	UnsupportedComponentCount	re-renderer	crates/viewer/re_renderer/src/renderer/rectangles.rs:278	default		tuple(1)
variant	MissingColorMapper	re-renderer	crates/viewer/re_renderer/src/renderer/rectangles.rs:281	default		unit
struct_field	0	re-renderer	crates/viewer/re_renderer/src/renderer/rectangles.rs:284	default		TextureFormat
variant	UnsupportedColormapTextureFormat	re-renderer	crates/viewer/re_renderer/src/renderer/rectangles.rs:284	default		tuple(1)
variant	DoubleDecodingSrgbTexture	re-renderer	crates/viewer/re_renderer/src/renderer/rectangles.rs:287	default		unit
function	clone	re-renderer	crates/viewer/re_renderer/src/renderer/rectangles.rs:34	default		(self: &Self) -> TextureFilterMag
function	fmt	re-renderer	crates/viewer/re_renderer/src/renderer/rectangles.rs:34	default		(self: &Self, f: &mut Formatter) -> Result
enum	TextureFilterMag	re-renderer	crates/viewer/re_renderer/src/renderer/rectangles.rs:35	public	Texture filter setting for magnification (a texel covers several pixels).	
variant	Linear	re-renderer	crates/viewer/re_renderer/src/renderer/rectangles.rs:36	default		unit
variant	Nearest	re-renderer	crates/viewer/re_renderer/src/renderer/rectangles.rs:37	default		unit
variant	Bicubic	re-renderer	crates/viewer/re_renderer/src/renderer/rectangles.rs:38	default		unit
function	clone	re-renderer	crates/viewer/re_renderer/src/renderer/rectangles.rs:42	default		(self: &Self) -> TextureFilterMin
function	fmt	re-renderer	crates/viewer/re_renderer/src/renderer/rectangles.rs:42	default		(self: &Self, f: &mut Formatter) -> Result
enum	TextureFilterMin	re-renderer	crates/viewer/re_renderer/src/renderer/rectangles.rs:43	public	Texture filter setting for minification (several texels fall to one pixel).	
variant	Linear	re-renderer	crates/viewer/re_renderer/src/renderer/rectangles.rs:44	default		unit
variant	Nearest	re-renderer	crates/viewer/re_renderer/src/renderer/rectangles.rs:45	default		unit
function	clone	re-renderer	crates/viewer/re_renderer/src/renderer/rectangles.rs:461	default		(self: &Self) -> RectangleDrawData
struct	RectangleDrawData	re-renderer	crates/viewer/re_renderer/src/renderer/rectangles.rs:462	public		
function	collect_drawables	re-renderer	crates/viewer/re_renderer/src/renderer/rectangles.rs:469	default		(self: &Self, view_info: &DrawableCollectionViewInfo, collector: &mut DrawableCollector)
function	new	re-renderer	crates/viewer/re_renderer/src/renderer/rectangles.rs:502	public		(ctx: &RenderContext, rectangles: &[TexturedRect]) -> Result<Self, RectangleError>
function	clone	re-renderer	crates/viewer/re_renderer/src/renderer/rectangles.rs:51	default		(self: &Self) -> ShaderDecoding
function	eq	re-renderer	crates/viewer/re_renderer/src/renderer/rectangles.rs:51	default		(self: &Self, other: &ShaderDecoding) -> bool
function	fmt	re-renderer	crates/viewer/re_renderer/src/renderer/rectangles.rs:51	default		(self: &Self, f: &mut Formatter) -> Result
enum	ShaderDecoding	re-renderer	crates/viewer/re_renderer/src/renderer/rectangles.rs:52	public	Describes how the color information is encoded in the texture.	
variant	Bgr	re-renderer	crates/viewer/re_renderer/src/renderer/rectangles.rs:54	default	Do BGR(A)->RGB(A) conversion is in the shader.	unit
function	clone	re-renderer	crates/viewer/re_renderer/src/renderer/rectangles.rs:58	default		(self: &Self) -> TextureAlpha
function	eq	re-renderer	crates/viewer/re_renderer/src/renderer/rectangles.rs:58	default		(self: &Self, other: &TextureAlpha) -> bool
function	fmt	re-renderer	crates/viewer/re_renderer/src/renderer/rectangles.rs:58	default		(self: &Self, f: &mut Formatter) -> Result
enum	TextureAlpha	re-renderer	crates/viewer/re_renderer/src/renderer/rectangles.rs:59	public	How is the alpha channel in the texture?	
struct	RectangleRenderer	re-renderer	crates/viewer/re_renderer/src/renderer/rectangles.rs:618	public		
variant	Opaque	re-renderer	crates/viewer/re_renderer/src/renderer/rectangles.rs:63	default	Ignore the alpha channel and render the image opaquely.	unit
variant	SeparateAlpha	re-renderer	crates/viewer/re_renderer/src/renderer/rectangles.rs:68	default	The alpha in the texture is separate/unmulitplied.	unit
variant	AlreadyPremultiplied	re-renderer	crates/viewer/re_renderer/src/renderer/rectangles.rs:71	default	The RGB values have already been premultiplied with the alpha.	unit
function	clone	re-renderer	crates/viewer/re_renderer/src/renderer/rectangles.rs:75	default		(self: &Self) -> ColormappedTexture
function	fmt	re-renderer	crates/viewer/re_renderer/src/renderer/rectangles.rs:75	default		(self: &Self, f: &mut Formatter) -> Result
struct	ColormappedTexture	re-renderer	crates/viewer/re_renderer/src/renderer/rectangles.rs:76	public	Describes a texture and how to map it to a color.	
struct_field	texture	re-renderer	crates/viewer/re_renderer/src/renderer/rectangles.rs:77	public		GpuTexture2D
struct_field	range	re-renderer	crates/viewer/re_renderer/src/renderer/rectangles.rs:84	public	Min/max range of the values in the texture.	[f32; N]
struct_field	decode_srgb	re-renderer	crates/viewer/re_renderer/src/renderer/rectangles.rs:89	public	Decode 0-1 sRGB gamma values to linear space before filtering?	bool
struct_field	texture_alpha	re-renderer	crates/viewer/re_renderer/src/renderer/rectangles.rs:92	public	How to treat the alpha channel.	TextureAlpha
struct_field	gamma	re-renderer	crates/viewer/re_renderer/src/renderer/rectangles.rs:98	public	Raise the normalized values to this power (before any color mapping).	f32
struct	TestTriangle	re-renderer	crates/viewer/re_renderer/src/renderer/test_triangle.rs:11	public		
function	clone	re-renderer	crates/viewer/re_renderer/src/renderer/test_triangle.rs:15	default		(self: &Self) -> TestTriangleDrawData
struct	TestTriangleDrawData	re-renderer	crates/viewer/re_renderer/src/renderer/test_triangle.rs:16	public		
function	collect_drawables	re-renderer	crates/viewer/re_renderer/src/renderer/test_triangle.rs:21	default		(self: &Self, _view_info: &DrawableCollectionViewInfo, collector: &mut DrawableCollector)
function	new	re-renderer	crates/viewer/re_renderer/src/renderer/test_triangle.rs:38	public		(_ctx: &RenderContext) -> Self
function	clone	re-renderer	crates/viewer/re_renderer/src/renderer/voxel_grid.rs:111	default		(self: &Self) -> VoxelGridDrawData
struct	VoxelGridDrawData	re-renderer	crates/viewer/re_renderer/src/renderer/voxel_grid.rs:112	public		
function	collect_drawables	re-renderer	crates/viewer/re_renderer/src/renderer/voxel_grid.rs:126	default		(self: &Self, view_info: &DrawableCollectionViewInfo, collector: &mut DrawableCollector)
function	new	re-renderer	crates/viewer/re_renderer/src/renderer/voxel_grid.rs:146	public	Creates compact GPU draw data for a sparse voxel grid.	(ctx: &RenderContext, instances: &[VoxelGridInstance], options: VoxelGridOptions) -> Result<Self, CpuWriteGpuReadError>
function	clone	re-renderer	crates/viewer/re_renderer/src/renderer/voxel_grid.rs:24	default		(self: &Self) -> VoxelGridInstance
function	fmt	re-renderer	crates/viewer/re_renderer/src/renderer/voxel_grid.rs:24	default		(self: &Self, f: &mut Formatter) -> Result
struct	VoxelGridInstance	re-renderer	crates/viewer/re_renderer/src/renderer/voxel_grid.rs:25	public	A single sparse voxel to draw.	
struct_field	index	re-renderer	crates/viewer/re_renderer/src/renderer/voxel_grid.rs:27	public	Integer voxel index in local grid coordinates.	IVec3
function	gpu_instance_size_bytes	re-renderer	crates/viewer/re_renderer/src/renderer/voxel_grid.rs:285	public		() -> usize
function	voxel_count	re-renderer	crates/viewer/re_renderer/src/renderer/voxel_grid.rs:290	public		(self: &Self) -> u32
struct	VoxelGridRenderer	re-renderer	crates/viewer/re_renderer/src/renderer/voxel_grid.rs:295	public		
struct_field	color	re-renderer	crates/viewer/re_renderer/src/renderer/voxel_grid.rs:30	public	Per-voxel sRGBA color.	Color32
function	clone	re-renderer	crates/viewer/re_renderer/src/renderer/voxel_grid.rs:34	default		(self: &Self) -> VoxelGridOptions
function	fmt	re-renderer	crates/viewer/re_renderer/src/renderer/voxel_grid.rs:34	default		(self: &Self, f: &mut Formatter) -> Result
struct	VoxelGridOptions	re-renderer	crates/viewer/re_renderer/src/renderer/voxel_grid.rs:35	public	Batch-level options shared by all voxels in a draw-data object.	
struct_field	world_from_grid	re-renderer	crates/viewer/re_renderer/src/renderer/voxel_grid.rs:37	public	Transform from local grid coordinates to world coordinates.	Affine3A
struct_field	draw_order_position	re-renderer	crates/viewer/re_renderer/src/renderer/voxel_grid.rs:40	public	Representative world-space position used for draw ordering.	Vec3A
struct_field	voxel_size	re-renderer	crates/viewer/re_renderer/src/renderer/voxel_grid.rs:43	public	Voxel dimensions in local grid units.	Vec3
struct_field	picking_object_id	re-renderer	crates/viewer/re_renderer/src/renderer/voxel_grid.rs:46	public	Picking-layer object id shared by all voxels.	PickingLayerObjectId
struct_field	outline_mask_ids	re-renderer	crates/viewer/re_renderer/src/renderer/voxel_grid.rs:49	public	Optional outline mask ids shared by all voxels.	OutlineMaskPreference
struct_field	additional_outline_mask_ids_instance_ranges	re-renderer	crates/viewer/re_renderer/src/renderer/voxel_grid.rs:58	public	Outline masks for individual voxel instance ranges.	Vec<(Range<u32>, OutlineMaskPreference)>
struct_field	depth_offset	re-renderer	crates/viewer/re_renderer/src/renderer/voxel_grid.rs:61	public	Depth offset used to resolve z-fighting.	DepthOffset
function	create_renderer	re-renderer	crates/viewer/re_renderer/src/renderer/world_grid.rs:118	default		(ctx: &RenderContext) -> Self
struct	WorldGridConfiguration	re-renderer	crates/viewer/re_renderer/src/renderer/world_grid.rs:14	public	Configuration for the world grid renderer.	
struct_field	color	re-renderer	crates/viewer/re_renderer/src/renderer/world_grid.rs:16	public	The color of the grid lines.	Rgba
struct_field	plane	re-renderer	crates/viewer/re_renderer/src/renderer/world_grid.rs:19	public	The plane in which the grid lines are drawn.	Plane3
function	draw	re-renderer	crates/viewer/re_renderer/src/renderer/world_grid.rs:191	default		(self: &Self, render_pipelines: &GpuRenderPipelinePoolAccessor, _phase: DrawPhase, pass: &mut RenderPass, draw_instructions: &[DrawInstruction<RendererDrawData>]) -> Result<(), DrawError>
struct_field	spacing	re-renderer	crates/viewer/re_renderer/src/renderer/world_grid.rs:22	public	How far apart the closest sets of lines are.	f32
struct_field	thickness_ui	re-renderer	crates/viewer/re_renderer/src/renderer/world_grid.rs:25	public	How thick the lines are in UI units.	f32
struct	WorldGridRenderer	re-renderer	crates/viewer/re_renderer/src/renderer/world_grid.rs:51	public		
function	clone	re-renderer	crates/viewer/re_renderer/src/renderer/world_grid.rs:57	default		(self: &Self) -> WorldGridDrawData
struct	WorldGridDrawData	re-renderer	crates/viewer/re_renderer/src/renderer/world_grid.rs:58	public	Draw data for a world grid renderer.	
function	collect_drawables	re-renderer	crates/viewer/re_renderer/src/renderer/world_grid.rs:65	default		(self: &Self, _view_info: &DrawableCollectionViewInfo, collector: &mut DrawableCollector)
function	new	re-renderer	crates/viewer/re_renderer/src/renderer/world_grid.rs:85	public		(ctx: &RenderContext, config: &WorldGridConfiguration) -> Self
struct	ImageDataDesc	re-renderer	crates/viewer/re_renderer/src/resource_managers/image_data_to_texture.rs:104	public	Describes image data for the purpose of creating a 2D texture.	
struct_field	label	re-renderer	crates/viewer/re_renderer/src/resource_managers/image_data_to_texture.rs:107	public	If this desc is not used for a texture update, this label is used for the target texture.	Label
struct_field	data	re-renderer	crates/viewer/re_renderer/src/resource_managers/image_data_to_texture.rs:114	public	Data for the highest mipmap level.	Cow<[u8]>
struct_field	format	re-renderer	crates/viewer/re_renderer/src/resource_managers/image_data_to_texture.rs:115	public		SourceImageDataFormat
struct_field	width_height	re-renderer	crates/viewer/re_renderer/src/resource_managers/image_data_to_texture.rs:123	public	The size of the resulting output texture / the semantic size of the image data.	[u32; N]
struct_field	alpha_channel_usage	re-renderer	crates/viewer/re_renderer/src/resource_managers/image_data_to_texture.rs:126	public	Information about how the alpha channel is used, if it exists.	AlphaChannelUsage
function	clone	re-renderer	crates/viewer/re_renderer/src/resource_managers/image_data_to_texture.rs:13	default		(self: &Self) -> SourceImageDataFormat
function	fmt	re-renderer	crates/viewer/re_renderer/src/resource_managers/image_data_to_texture.rs:13	default		(self: &Self, f: &mut Formatter) -> Result
enum	SourceImageDataFormat	re-renderer	crates/viewer/re_renderer/src/resource_managers/image_data_to_texture.rs:14	public	Image data format that can be converted to a wgpu texture.	
function	target_texture_usage_requirements	re-renderer	crates/viewer/re_renderer/src/resource_managers/image_data_to_texture.rs:204	public	The texture usages required in order to store this image data.	(self: &Self) -> TextureUsages
struct_field	0	re-renderer	crates/viewer/re_renderer/src/resource_managers/image_data_to_texture.rs:21	default		TextureFormat
variant	WgpuCompatible	re-renderer	crates/viewer/re_renderer/src/resource_managers/image_data_to_texture.rs:21	default	The source format is already in a wgpu compatible format.	tuple(1)
function	target_texture_format	re-renderer	crates/viewer/re_renderer/src/resource_managers/image_data_to_texture.rs:214	public	The texture format required in order to store this image data.	(self: &Self) -> TextureFormat
function	create_target_texture	re-renderer	crates/viewer/re_renderer/src/resource_managers/image_data_to_texture.rs:222	public	Creates a texture that can hold the image data.	(self: &Self, ctx: &RenderContext, texture_usages: TextureUsages) -> GpuTexture
function	transfer_image_data_to_texture	re-renderer	crates/viewer/re_renderer/src/resource_managers/image_data_to_texture.rs:258	public	Takes raw image data and transfers & converts it to a GPU texture.	(ctx: &RenderContext, image_data: ImageDataDesc, target_texture: &GpuTexture) -> Result<(), ImageDataToTextureError>
variant	Yuv	re-renderer	crates/viewer/re_renderer/src/resource_managers/image_data_to_texture.rs:26	default	YUV (== `YCbCr`) formats, typically using chroma downsampling.	struct{3}
struct_field	layout	re-renderer	crates/viewer/re_renderer/src/resource_managers/image_data_to_texture.rs:27	default		YuvPixelLayout
struct_field	coefficients	re-renderer	crates/viewer/re_renderer/src/resource_managers/image_data_to_texture.rs:28	default		YuvMatrixCoefficients
struct_field	range	re-renderer	crates/viewer/re_renderer/src/resource_managers/image_data_to_texture.rs:29	default		YuvRange
function	from	re-renderer	crates/viewer/re_renderer/src/resource_managers/image_data_to_texture.rs:36	default		(format: TextureFormat) -> Self
function	clone	re-renderer	crates/viewer/re_renderer/src/resource_managers/image_data_to_texture.rs:42	default		(self: &Self) -> ImageDataToTextureError
function	eq	re-renderer	crates/viewer/re_renderer/src/resource_managers/image_data_to_texture.rs:42	default		(self: &Self, other: &ImageDataToTextureError) -> bool
function	fmt	re-renderer	crates/viewer/re_renderer/src/resource_managers/image_data_to_texture.rs:42	default		(self: &Self, f: &mut Formatter) -> Result
function	fmt	re-renderer	crates/viewer/re_renderer/src/resource_managers/image_data_to_texture.rs:42	default		(self: &Self, __formatter: &mut Formatter) -> Result
function	from	re-renderer	crates/viewer/re_renderer/src/resource_managers/image_data_to_texture.rs:42	default		(source: CpuWriteGpuReadError) -> Self
function	source	re-renderer	crates/viewer/re_renderer/src/resource_managers/image_data_to_texture.rs:42	default		(self: &Self) -> Option<&impl/dyn>
enum	ImageDataToTextureError	re-renderer	crates/viewer/re_renderer/src/resource_managers/image_data_to_texture.rs:43	public	Error that can occur when converting image data to a texture.	
struct_field	0	re-renderer	crates/viewer/re_renderer/src/resource_managers/image_data_to_texture.rs:45	default		Label
variant	ZeroSize	re-renderer	crates/viewer/re_renderer/src/resource_managers/image_data_to_texture.rs:45	default		tuple(1)
variant	TooLarge	re-renderer	crates/viewer/re_renderer/src/resource_managers/image_data_to_texture.rs:50	default		struct{4}
struct_field	label	re-renderer	crates/viewer/re_renderer/src/resource_managers/image_data_to_texture.rs:51	default		Label
struct_field	width	re-renderer	crates/viewer/re_renderer/src/resource_managers/image_data_to_texture.rs:52	default		u32
struct_field	height	re-renderer	crates/viewer/re_renderer/src/resource_managers/image_data_to_texture.rs:53	default		u32
struct_field	max_texture_dimension_2d	re-renderer	crates/viewer/re_renderer/src/resource_managers/image_data_to_texture.rs:54	default		u32
variant	InvalidDataLength	re-renderer	crates/viewer/re_renderer/src/resource_managers/image_data_to_texture.rs:60	default		struct{3}
struct_field	label	re-renderer	crates/viewer/re_renderer/src/resource_managers/image_data_to_texture.rs:61	default		Label
struct_field	expected	re-renderer	crates/viewer/re_renderer/src/resource_managers/image_data_to_texture.rs:62	default		usize
struct_field	actual	re-renderer	crates/viewer/re_renderer/src/resource_managers/image_data_to_texture.rs:63	default		usize
struct_field	0	re-renderer	crates/viewer/re_renderer/src/resource_managers/image_data_to_texture.rs:67	default		CpuWriteGpuReadError
variant	CpuWriteGpuReadError	re-renderer	crates/viewer/re_renderer/src/resource_managers/image_data_to_texture.rs:67	default		tuple(1)
variant	UnsupportedFormatForTransfer	re-renderer	crates/viewer/re_renderer/src/resource_managers/image_data_to_texture.rs:70	default		struct{2}
struct_field	label	re-renderer	crates/viewer/re_renderer/src/resource_managers/image_data_to_texture.rs:71	default		Label
struct_field	format	re-renderer	crates/viewer/re_renderer/src/resource_managers/image_data_to_texture.rs:72	default		TextureFormat
variant	GpuBasedConversionError	re-renderer	crates/viewer/re_renderer/src/resource_managers/image_data_to_texture.rs:76	default		struct{2}
struct_field	err	re-renderer	crates/viewer/re_renderer/src/resource_managers/image_data_to_texture.rs:76	default		DrawError
struct_field	label	re-renderer	crates/viewer/re_renderer/src/resource_managers/image_data_to_texture.rs:76	default		Label
variant	InvalidTargetTextureUsageFlags	re-renderer	crates/viewer/re_renderer/src/resource_managers/image_data_to_texture.rs:81	default		struct{3}
struct_field	label	re-renderer	crates/viewer/re_renderer/src/resource_managers/image_data_to_texture.rs:82	default		Label
struct_field	actual_usage	re-renderer	crates/viewer/re_renderer/src/resource_managers/image_data_to_texture.rs:83	default		TextureUsages
struct_field	required_usage	re-renderer	crates/viewer/re_renderer/src/resource_managers/image_data_to_texture.rs:84	default		TextureUsages
variant	InvalidTargetTextureFormat	re-renderer	crates/viewer/re_renderer/src/resource_managers/image_data_to_texture.rs:90	default		struct{3}
struct_field	label	re-renderer	crates/viewer/re_renderer/src/resource_managers/image_data_to_texture.rs:91	default		Label
struct_field	actual_format	re-renderer	crates/viewer/re_renderer/src/resource_managers/image_data_to_texture.rs:92	default		TextureFormat
struct_field	required_format	re-renderer	crates/viewer/re_renderer/src/resource_managers/image_data_to_texture.rs:93	default		TextureFormat
struct_field	0	re-renderer	crates/viewer/re_renderer/src/resource_managers/image_data_to_texture.rs:98	default		TextureFormat
variant	UnsupportedTextureFormat	re-renderer	crates/viewer/re_renderer/src/resource_managers/image_data_to_texture.rs:98	default		tuple(1)
module	resource_managers	re-renderer	crates/viewer/re_renderer/src/resource_managers/mod.rs:1	public	Resource managers are concerned with mapping (typically) higher level user data to	
function	format	re-renderer	crates/viewer/re_renderer/src/resource_managers/texture_manager.rs:103	public		(self: &Self) -> TextureFormat
function	clone	re-renderer	crates/viewer/re_renderer/src/resource_managers/texture_manager.rs:11	default		(self: &Self) -> AlphaChannelUsage
function	eq	re-renderer	crates/viewer/re_renderer/src/resource_managers/texture_manager.rs:11	default		(self: &Self, other: &AlphaChannelUsage) -> bool
function	fmt	re-renderer	crates/viewer/re_renderer/src/resource_managers/texture_manager.rs:11	default		(self: &Self, f: &mut Formatter) -> Result
function	as_ref	re-renderer	crates/viewer/re_renderer/src/resource_managers/texture_manager.rs:110	default		(self: &Self) -> &GpuTexture
function	deref	re-renderer	crates/viewer/re_renderer/src/resource_managers/texture_manager.rs:119	default		(self: &Self) -> &GpuTexture
enum	AlphaChannelUsage	re-renderer	crates/viewer/re_renderer/src/resource_managers/texture_manager.rs:12	public	What is known about the alpha channel usage of a [`GpuTexture2D`].	
function	borrow	re-renderer	crates/viewer/re_renderer/src/resource_managers/texture_manager.rs:126	default		(self: &Self) -> &GpuTexture
function	fmt	re-renderer	crates/viewer/re_renderer/src/resource_managers/texture_manager.rs:131	default		(self: &Self, __formatter: &mut Formatter) -> Result
function	fmt	re-renderer	crates/viewer/re_renderer/src/resource_managers/texture_manager.rs:131	default		(self: &Self, f: &mut Formatter) -> Result
function	from	re-renderer	crates/viewer/re_renderer/src/resource_managers/texture_manager.rs:131	default		(source: ImageDataToTextureError) -> Self
function	source	re-renderer	crates/viewer/re_renderer/src/resource_managers/texture_manager.rs:131	default		(self: &Self) -> Option<&impl/dyn>
enum	TextureManager2DError	re-renderer	crates/viewer/re_renderer/src/resource_managers/texture_manager.rs:132	public		
struct_field	0	re-renderer	crates/viewer/re_renderer/src/resource_managers/texture_manager.rs:135	default		ImageDataToTextureError
variant	ImageDataToTextureError	re-renderer	crates/viewer/re_renderer/src/resource_managers/texture_manager.rs:135	default	Something went wrong when creating the GPU texture & uploading/converting the image data.	tuple(1)
struct_field	0	re-renderer	crates/viewer/re_renderer/src/resource_managers/texture_manager.rs:139	default		DataCreationError
variant	DataCreation	re-renderer	crates/viewer/re_renderer/src/resource_managers/texture_manager.rs:139	default	Something went wrong in a user-callback.	tuple(1)
variant	DontKnow	re-renderer	crates/viewer/re_renderer/src/resource_managers/texture_manager.rs:14	default	It is not known whether the alpha channel is in use.	unit
function	from	re-renderer	crates/viewer/re_renderer/src/resource_managers/texture_manager.rs:143	default		(err: TextureManager2DError<Never>) -> Self
struct	TextureManager2D	re-renderer	crates/viewer/re_renderer/src/resource_managers/texture_manager.rs:160	public	Texture manager for 2D textures.	
variant	Opaque	re-renderer	crates/viewer/re_renderer/src/resource_managers/texture_manager.rs:18	default	Either the texture format has no alpha channel,	unit
variant	AlphaChannelInUse	re-renderer	crates/viewer/re_renderer/src/resource_managers/texture_manager.rs:21	default	The alpha channel is known to contain values less than 1.0.	unit
function	import_gpu_premultiplied	re-renderer	crates/viewer/re_renderer/src/resource_managers/texture_manager.rs:212	public	Samples an existing GPU-resident image in place, without allocating or copying.	(self: &Self, key: u64, render_ctx: &RenderContext, source: &Texture) -> Result<GpuTexture2D, ExternalGpuTextureError>
function	release_imported	re-renderer	crates/viewer/re_renderer/src/resource_managers/texture_manager.rs:260	public	Stops sampling a texture previously handed over by [`Self::import_gpu_premultiplied`].	(self: &Self, key: u64) -> bool
function	clone	re-renderer	crates/viewer/re_renderer/src/resource_managers/texture_manager.rs:27	default		(self: &Self) -> GpuTexture2D
function	copy_from_gpu_premultiplied	re-renderer	crates/viewer/re_renderer/src/resource_managers/texture_manager.rs:275	public	Copies an existing GPU-resident image into the texture cache used by image visualizers.	(self: &Self, key: u64, render_ctx: &RenderContext, source: &Texture) -> Result<GpuTexture2D, ExternalGpuTextureError>
struct	GpuTexture2D	re-renderer	crates/viewer/re_renderer/src/resource_managers/texture_manager.rs:28	public	Handle to a 2D resource.	
function	fmt	re-renderer	crates/viewer/re_renderer/src/resource_managers/texture_manager.rs:34	default		(self: &Self, f: &mut Formatter) -> Result
function	is_premultiplied	re-renderer	crates/viewer/re_renderer/src/resource_managers/texture_manager.rs:354	public	Whether the cached image identified by `key` already has premultiplied alpha.	(self: &Self, key: u64) -> bool
function	create	re-renderer	crates/viewer/re_renderer/src/resource_managers/texture_manager.rs:425	public	Creates a new 2D texture resource and schedules data upload to the GPU.	(self: &Self, render_ctx: &RenderContext, creation_desc: ImageDataDesc) -> Result<GpuTexture2D, ImageDataToTextureError>
function	get_or_create	re-renderer	crates/viewer/re_renderer/src/resource_managers/texture_manager.rs:457	public	Creates a new 2D texture resource and schedules data upload to the GPU if a texture	(self: &Self, key: u64, render_ctx: &RenderContext, texture_desc: ImageDataDesc) -> Result<GpuTexture2D, ImageDataToTextureError>
function	get_or_create_with	re-renderer	crates/viewer/re_renderer/src/resource_managers/texture_manager.rs:468	public	Creates a new 2D texture resource and schedules data upload to the GPU if a texture	(self: &Self, key: u64, render_ctx: &RenderContext, create_texture_desc: impl/dyn) -> Result<GpuTexture2D, ImageDataToTextureError>
function	new	re-renderer	crates/viewer/re_renderer/src/resource_managers/texture_manager.rs:48	public	Returns `None` if the `texture` is not 2D.	(texture: GpuTexture, alpha_channel_usage: AlphaChannelUsage) -> Option<Self>
function	get_or_try_create_with	re-renderer	crates/viewer/re_renderer/src/resource_managers/texture_manager.rs:482	public	Creates a new 2D texture resource and schedules data upload to the GPU if a texture	(self: &Self, key: u64, render_ctx: &RenderContext, try_create_texture_desc: impl/dyn) -> Result<GpuTexture2D, TextureManager2DError<Err>>
function	white_texture_unorm_handle	re-renderer	crates/viewer/re_renderer/src/resource_managers/texture_manager.rs:518	public	Returns a single pixel white pixel with an rgba8unorm format.	(self: &Self) -> &GpuTexture2D
function	white_texture_unorm	re-renderer	crates/viewer/re_renderer/src/resource_managers/texture_manager.rs:523	public	Returns a single pixel white pixel with an rgba8unorm format.	(self: &Self) -> &GpuTexture
function	zeroed_texture_float	re-renderer	crates/viewer/re_renderer/src/resource_managers/texture_manager.rs:528	public	Returns a single zero pixel with format [`wgpu::TextureFormat::Rgba8Unorm`].	(self: &Self) -> &GpuTexture
function	zeroed_texture_sint	re-renderer	crates/viewer/re_renderer/src/resource_managers/texture_manager.rs:533	public	Returns a single zero pixel with format [`wgpu::TextureFormat::Rgba8Sint`].	(self: &Self) -> &GpuTexture
function	zeroed_texture_uint	re-renderer	crates/viewer/re_renderer/src/resource_managers/texture_manager.rs:538	public	Returns a single zero pixel with format [`wgpu::TextureFormat::Rgba8Uint`].	(self: &Self) -> &GpuTexture
function	fmt	re-renderer	crates/viewer/re_renderer/src/resource_managers/texture_manager.rs:547	default		(self: &Self, __formatter: &mut Formatter) -> Result
function	fmt	re-renderer	crates/viewer/re_renderer/src/resource_managers/texture_manager.rs:547	default		(self: &Self, f: &mut Formatter) -> Result
enum	ExternalGpuTextureError	re-renderer	crates/viewer/re_renderer/src/resource_managers/texture_manager.rs:548	public		
variant	Not2D	re-renderer	crates/viewer/re_renderer/src/resource_managers/texture_manager.rs:550	default		unit
struct_field	0	re-renderer	crates/viewer/re_renderer/src/resource_managers/texture_manager.rs:552	default		Extent3d
variant	InvalidSize	re-renderer	crates/viewer/re_renderer/src/resource_managers/texture_manager.rs:552	default		tuple(1)
variant	DescriptorMismatch	re-renderer	crates/viewer/re_renderer/src/resource_managers/texture_manager.rs:554	default		unit
function	handle	re-renderer	crates/viewer/re_renderer/src/resource_managers/texture_manager.rs:74	public		(self: &Self) -> GpuTextureHandle
function	alpha_channel_usage	re-renderer	crates/viewer/re_renderer/src/resource_managers/texture_manager.rs:80	public	What is known about the alpha channel state of this texture.	(self: &Self) -> AlphaChannelUsage
function	width	re-renderer	crates/viewer/re_renderer/src/resource_managers/texture_manager.rs:86	public	Width of the texture.	(self: &Self) -> u32
function	height	re-renderer	crates/viewer/re_renderer/src/resource_managers/texture_manager.rs:92	public	Height of the texture.	(self: &Self) -> u32
function	width_height	re-renderer	crates/viewer/re_renderer/src/resource_managers/texture_manager.rs:98	public	Width and height of the texture.	(self: &Self) -> [u32; N]
variant	Y_U_V420	re-renderer	crates/viewer/re_renderer/src/resource_managers/yuv_converter.rs:109	default	4:2:0 subsampling with 3 separate planes.	unit
variant	Y_UV420	re-renderer	crates/viewer/re_renderer/src/resource_managers/yuv_converter.rs:133	default	4:2:0 subsampling with a separate Y plane, followed by a UV plane.	unit
variant	YUYV422	re-renderer	crates/viewer/re_renderer/src/resource_managers/yuv_converter.rs:152	default	YUV 4:2:2 subsampling, single plane.	unit
variant	Y400	re-renderer	crates/viewer/re_renderer/src/resource_managers/yuv_converter.rs:173	default	4:0:0, single plane of chroma only.	unit
function	fmt	re-renderer	crates/viewer/re_renderer/src/resource_managers/yuv_converter.rs:177	default		(self: &Self, f: &mut Formatter) -> Result
function	clone	re-renderer	crates/viewer/re_renderer/src/resource_managers/yuv_converter.rs:202	default		(self: &Self) -> YuvMatrixCoefficients
function	fmt	re-renderer	crates/viewer/re_renderer/src/resource_managers/yuv_converter.rs:202	default		(self: &Self, f: &mut Formatter) -> Result
enum	YuvMatrixCoefficients	re-renderer	crates/viewer/re_renderer/src/resource_managers/yuv_converter.rs:203	public	Yuv matrix coefficients that determine how a YUV image is meant to be converted to RGB.	
variant	Identity	re-renderer	crates/viewer/re_renderer/src/resource_managers/yuv_converter.rs:205	default	Identity matrix, interpret YUV as GBR.	unit
variant	Bt601	re-renderer	crates/viewer/re_renderer/src/resource_managers/yuv_converter.rs:210	default	BT.601 (aka. SDTV, aka. Rec.601)	unit
variant	Bt709	re-renderer	crates/viewer/re_renderer/src/resource_managers/yuv_converter.rs:223	default	BT.709 (aka. HDTV, aka. Rec.709)	unit
function	fmt	re-renderer	crates/viewer/re_renderer/src/resource_managers/yuv_converter.rs:235	default		(self: &Self, f: &mut Formatter) -> Result
function	clone	re-renderer	crates/viewer/re_renderer/src/resource_managers/yuv_converter.rs:247	default		(self: &Self) -> YuvRange
function	default	re-renderer	crates/viewer/re_renderer/src/resource_managers/yuv_converter.rs:247	default		() -> YuvRange
function	fmt	re-renderer	crates/viewer/re_renderer/src/resource_managers/yuv_converter.rs:247	default		(self: &Self, f: &mut Formatter) -> Result
enum	YuvRange	re-renderer	crates/viewer/re_renderer/src/resource_managers/yuv_converter.rs:248	public	Expected range of YUV values.	
variant	Limited	re-renderer	crates/viewer/re_renderer/src/resource_managers/yuv_converter.rs:256	default	Use limited range YUV, i.e. for 8bit data, Y is valid in [16, 235] and U/V [16, 240].	unit
variant	Full	re-renderer	crates/viewer/re_renderer/src/resource_managers/yuv_converter.rs:259	default	Use full range YUV with all components ranging from 0 to 255 for 8bit or higher otherwise.	unit
function	fmt	re-renderer	crates/viewer/re_renderer/src/resource_managers/yuv_converter.rs:263	default		(self: &Self, f: &mut Formatter) -> Result
function	data_texture_width_height	re-renderer	crates/viewer/re_renderer/src/resource_managers/yuv_converter.rs:273	public	Given the dimensions of the output picture, what are the expected dimensions of the input data texture.	(self: &Self, [decoded_width, decoded_height]: [u32; N]) -> [u32; N]
function	data_texture_format	re-renderer	crates/viewer/re_renderer/src/resource_managers/yuv_converter.rs:284	public	What format the input data texture is expected to be in.	(self: &Self) -> TextureFormat
function	num_data_buffer_bytes	re-renderer	crates/viewer/re_renderer/src/resource_managers/yuv_converter.rs:311	public	Size of the buffer needed to create the data texture, i.e. the raw input data.	(self: &Self, decoded_width: [u32; N]) -> usize
function	clone	re-renderer	crates/viewer/re_renderer/src/resource_managers/yuv_converter.rs:40	default		(self: &Self) -> YuvPixelLayout
function	fmt	re-renderer	crates/viewer/re_renderer/src/resource_managers/yuv_converter.rs:40	default		(self: &Self, f: &mut Formatter) -> Result
enum	YuvPixelLayout	re-renderer	crates/viewer/re_renderer/src/resource_managers/yuv_converter.rs:41	public	Supported chroma subsampling input formats.	
variant	Y_U_V444	re-renderer	crates/viewer/re_renderer/src/resource_managers/yuv_converter.rs:67	default	4:4:4 no chroma downsampling with 3 separate planes.	unit
variant	Y_U_V422	re-renderer	crates/viewer/re_renderer/src/resource_managers/yuv_converter.rs:89	default	4:2:2 subsampling with 3 separate planes.	unit
function	default	re-renderer	crates/viewer/re_renderer/src/shape_builder.rs:13	default		() -> ShapeBuilder
struct	ShapeBuilder	re-renderer	crates/viewer/re_renderer/src/shape_builder.rs:14	public		
function	add_convex_polygon	re-renderer	crates/viewer/re_renderer/src/shape_builder.rs:20	public		(self: &mut Self, points: &[Vec2])
function	add_triangle_fan	re-renderer	crates/viewer/re_renderer/src/shape_builder.rs:31	public		(self: &mut Self, center: Vec2, ring: impl/dyn, segments: usize)
function	add_segment	re-renderer	crates/viewer/re_renderer/src/shape_builder.rs:51	public	Add a stroked line segment as a quad (two triangles) with the given half-width.	(self: &mut Self, a: Vec2, b: Vec2, half_width: f32)
function	into_cpu_mesh	re-renderer	crates/viewer/re_renderer/src/shape_builder.rs:69	public		(self: Self, label: String, render_ctx: &RenderContext) -> CpuMesh
function	clone	re-renderer	crates/viewer/re_renderer/src/size.rs:12	default		(self: &Self) -> Size
function	fmt	re-renderer	crates/viewer/re_renderer/src/size.rs:14	default		(self: &Self, f: &mut Formatter) -> Result
function	heap_size_bytes	re-renderer	crates/viewer/re_renderer/src/size.rs:17	default		(self: &Self) -> u64
function	deserialize	re-renderer	crates/viewer/re_renderer/src/size.rs:18	default		(__deserializer: __D) -> Result<Self, Error>
function	serialize	re-renderer	crates/viewer/re_renderer/src/size.rs:19	default		(self: &Self, __serializer: __S) -> Result<Ok, Error>
struct_field	0	re-renderer	crates/viewer/re_renderer/src/size.rs:21	public		f32
struct	Size	re-renderer	crates/viewer/re_renderer/src/size.rs:21	public	A size of something in either scene units or ui points.	
function	new_scene_units	re-renderer	crates/viewer/re_renderer/src/size.rs:34	public	Creates a new size in scene units.	(size: f32) -> Self
function	new_ui_points	re-renderer	crates/viewer/re_renderer/src/size.rs:43	public	Creates a new size in ui point units.	(size: f32) -> Self
function	scene_units	re-renderer	crates/viewer/re_renderer/src/size.rs:50	public	Get the scene-size of this, if stored as a scene size.	(self: &Self) -> Option<f32>
function	ui_points	re-renderer	crates/viewer/re_renderer/src/size.rs:57	public	Get the point size of this, if stored as a point size.	(self: &Self) -> Option<f32>
function	eq	re-renderer	crates/viewer/re_renderer/src/size.rs:65	default		(self: &Self, other: &Self) -> bool
function	mul	re-renderer	crates/viewer/re_renderer/src/size.rs:74	default		(self: Self, rhs: f32) -> Output
function	mul_assign	re-renderer	crates/viewer/re_renderer/src/size.rs:83	default		(self: &mut Self, rhs: f32)
struct	SizeHalf	re-renderer	crates/viewer/re_renderer/src/size.rs:93	public	Same as [`Size`] but stored with a f16 float.	
module	texture_info	re-renderer	crates/viewer/re_renderer/src/texture_info.rs:1	public		
struct_field	bytes_per_row_padded	re-renderer	crates/viewer/re_renderer/src/texture_info.rs:12	public	How many bytes per row are required to be allocated in total.	u32
function	is_float_filterable	re-renderer	crates/viewer/re_renderer/src/texture_info.rs:124	public		(format: TextureFormat, device_features: Features) -> bool
function	sample_value_range	re-renderer	crates/viewer/re_renderer/src/texture_info.rs:135	public	The range of values a shader sees when sampling this format.	(format: TextureFormat) -> [f32; N]
struct_field	buffer_size_unpadded	re-renderer	crates/viewer/re_renderer/src/texture_info.rs:15	public	Size required for an unpadded buffer.	BufferAddress
struct_field	buffer_size_padded	re-renderer	crates/viewer/re_renderer/src/texture_info.rs:18	public	Size required for a padded buffer as it is read/written from/to the GPU.	BufferAddress
function	new	re-renderer	crates/viewer/re_renderer/src/texture_info.rs:26	public	Retrieves 2D texture buffer info for a given format & texture size.	(format: TextureFormat, extent: Extent3d) -> Self
function	clone	re-renderer	crates/viewer/re_renderer/src/texture_info.rs:4	default		(self: &Self) -> Texture2DBufferInfo
function	fmt	re-renderer	crates/viewer/re_renderer/src/texture_info.rs:4	default		(self: &Self, f: &mut Formatter) -> Result
function	from_texture	re-renderer	crates/viewer/re_renderer/src/texture_info.rs:46	public		(texture: &Texture) -> Self
struct	Texture2DBufferInfo	re-renderer	crates/viewer/re_renderer/src/texture_info.rs:5	public	Utility for dealing with buffers containing raw 2D texture data.	
function	num_rows	re-renderer	crates/viewer/re_renderer/src/texture_info.rs:51	public		(self: &Self) -> u32
function	remove_padding	re-renderer	crates/viewer/re_renderer/src/texture_info.rs:61	public	Removes the padding from a buffer containing gpu texture data.	(self: &Self, buffer: &[u8]) -> Cow<[u8]>
struct_field	bytes_per_row_unpadded	re-renderer	crates/viewer/re_renderer/src/texture_info.rs:7	public	How many bytes per row contain actual data.	u32
function	remove_padding_and_convert	re-renderer	crates/viewer/re_renderer/src/texture_info.rs:88	public	Removes the padding from a buffer containing gpu texture data and remove convert to a given type.	(self: &Self, buffer: &[u8]) -> Vec<T>
module	texture_readback	re-renderer	crates/viewer/re_renderer/src/texture_readback.rs:1	public	Utilities for reading back GPU texture data to the CPU.	
struct	TextureReadback	re-renderer	crates/viewer/re_renderer/src/texture_readback.rs:12	public	Result of a texture readback.	
struct_field	data	re-renderer	crates/viewer/re_renderer/src/texture_readback.rs:14	public	Raw pixel data with GPU row padding removed.	Vec<u8>
struct_field	extent	re-renderer	crates/viewer/re_renderer/src/texture_readback.rs:17	public	Width and height of the texture.	Extent3d
struct_field	format	re-renderer	crates/viewer/re_renderer/src/texture_readback.rs:20	public	The texture's format.	TextureFormat
function	clone	re-renderer	crates/viewer/re_renderer/src/texture_readback.rs:29	default		(self: &Self) -> TextureReadbackId
function	eq	re-renderer	crates/viewer/re_renderer/src/texture_readback.rs:29	default		(self: &Self, other: &TextureReadbackId) -> bool
function	fmt	re-renderer	crates/viewer/re_renderer/src/texture_readback.rs:29	default		(self: &Self, f: &mut Formatter) -> Result
struct	TextureReadbackId	re-renderer	crates/viewer/re_renderer/src/texture_readback.rs:30	public		
function	schedule_read_texture	re-renderer	crates/viewer/re_renderer/src/texture_readback.rs:37	public	Schedule an async readback of a GPU texture via the `GpuReadbackBelt`.	(ctx: &RenderContext, texture: &Texture) -> Result<TextureReadbackId, GpuReadbackError>
function	poll_read_texture	re-renderer	crates/viewer/re_renderer/src/texture_readback.rs:76	public	Poll for a completed async texture readback scheduled with [`schedule_read_texture`].	(ctx: &RenderContext, id: TextureReadbackId) -> Option<TextureReadback>
function	clone	re-renderer	crates/viewer/re_renderer/src/transform.rs:42	default		(self: &Self) -> RectTransform
function	fmt	re-renderer	crates/viewer/re_renderer/src/transform.rs:42	default		(self: &Self, f: &mut Formatter) -> Result
struct	RectTransform	re-renderer	crates/viewer/re_renderer/src/transform.rs:43	public	Defines a transformation from a rectangular region of interest into a rectangular target region.	
struct_field	region_of_interest	re-renderer	crates/viewer/re_renderer/src/transform.rs:45	public	The region of the scene that should be visible.	RectF32
struct_field	region	re-renderer	crates/viewer/re_renderer/src/transform.rs:48	public	The full scene.	RectF32
function	to_ndc_scale_and_translation	re-renderer	crates/viewer/re_renderer/src/transform.rs:66	public	Computes a transformation matrix that applies the rect transform to the NDC space.	(self: &Self) -> Mat4
function	scale	re-renderer	crates/viewer/re_renderer/src/transform.rs:87	public		(self: &Self) -> Vec2
module	util	re-renderer	crates/viewer/re_renderer/src/util.rs:1	public		
function	bounding_box_from_points	re-renderer	crates/viewer/re_renderer/src/util.rs:2	public	Like [`macaw::BoundingBox::from_points`], but ignores NaN and infinity values.	(points: impl/dyn) -> BoundingBox
struct	PointCloudBounds	re-renderer	crates/viewer/re_renderer/src/util.rs:43	public	Both the exact bounding box and a region of interest for a point cloud.	
struct_field	bbox	re-renderer	crates/viewer/re_renderer/src/util.rs:45	public	Exact bounding box containing all finite points.	BoundingBox
struct_field	region_of_interest	re-renderer	crates/viewer/re_renderer/src/util.rs:52	public	Region of interest that excludes spatial outliers.	BoundingBox
function	point_cloud_bounds	re-renderer	crates/viewer/re_renderer/src/util.rs:67	public	Computes both an exact bounding box and an outlier-robust region of interest	(points: &[Vec3]) -> PointCloudBounds
module	video	re-renderer	crates/viewer/re_renderer/src/video/mod.rs:1	public		
function	load	re-renderer	crates/viewer/re_renderer/src/video/mod.rs:108	public	Loads a video from the given data.	(debug_name: String, video_description: VideoDataDescription, decode_settings: DecodeSettings) -> Self
function	debug_name	re-renderer	crates/viewer/re_renderer/src/video/mod.rs:123	public		(self: &Self) -> &str
function	data_descr	re-renderer	crates/viewer/re_renderer/src/video/mod.rs:129	public	The video description.	(self: &Self) -> &VideoDataDescription
function	data_descr_mut	re-renderer	crates/viewer/re_renderer/src/video/mod.rs:138	public	Mutable access to the video data.	(self: &mut Self) -> &mut VideoDataDescription
function	reset_all_decoders	re-renderer	crates/viewer/re_renderer/src/video/mod.rs:145	public	Resets all decoders and purges any cached frames.	(self: &Self)
type_alias	VideoPlayer	re-renderer	crates/viewer/re_renderer/src/video/mod.rs:15	public	A [`re_video::player::VideoPlayer`] with GPU texture output.	
function	dimensions	re-renderer	crates/viewer/re_renderer/src/video/mod.rs:157	public	Natural dimensions of the video if known.	(self: &Self) -> Option<[u16; N]>
function	frame_at	re-renderer	crates/viewer/re_renderer/src/video/mod.rs:176	public	Returns a texture with the latest frame at the given time since video start.	(self: &Self, render_context: &RenderContext, player_stream_id: VideoPlayerStreamId, video_time: Time, video_source: &impl/dyn) -> FrameDecodingOutput
function	from	re-renderer	crates/viewer/re_renderer/src/video/mod.rs:18	default		(err: ImageDataToTextureError) -> Self
struct	FrameDecodingOutput	re-renderer	crates/viewer/re_renderer/src/video/mod.rs:23	public		
struct_field	output	re-renderer	crates/viewer/re_renderer/src/video/mod.rs:24	public		Option<VideoFrameTexture>
function	handle_sample_insertion	re-renderer	crates/viewer/re_renderer/src/video/mod.rs:244	public	Notify players that samples were inserted/removed at `splice_start`,	(self: &Self, change_start: SampleIndex, change_end: SampleIndex, size_delta: isize)
struct_field	error	re-renderer	crates/viewer/re_renderer/src/video/mod.rs:25	public		Option<VideoPlayerError>
function	begin_frame	re-renderer	crates/viewer/re_renderer/src/video/mod.rs:288	public	Removes all decoders that have been unused in the last frame.	(self: &Self)
function	clone	re-renderer	crates/viewer/re_renderer/src/video/mod.rs:38	default		(self: &Self) -> VideoTexture
struct	VideoTexture	re-renderer	crates/viewer/re_renderer/src/video/mod.rs:39	public	A texture of a specific video frame.	
struct_field	texture	re-renderer	crates/viewer/re_renderer/src/video/mod.rs:41	public	The video texture is created lazily on the first received frame.	Option<GpuTexture2D>
struct_field	source_pixel_format	re-renderer	crates/viewer/re_renderer/src/video/mod.rs:42	public		SourceImageDataFormat
function	default	re-renderer	crates/viewer/re_renderer/src/video/mod.rs:46	default		() -> Self
struct	VideoFrameTexture	re-renderer	crates/viewer/re_renderer/src/video/mod.rs:57	public	Information about the status of a frame decoding.	
struct_field	texture	re-renderer	crates/viewer/re_renderer/src/video/mod.rs:59	public	The texture to show.	Option<GpuTexture2D>
struct_field	decoder_delay_state	re-renderer	crates/viewer/re_renderer/src/video/mod.rs:62	public	If true, the texture is outdated. Keep polling for a fresh one.	DecoderDelayState
struct_field	show_loading_indicator	re-renderer	crates/viewer/re_renderer/src/video/mod.rs:65	public	If true, this texture is so out-dated that it should have a loading indicator on top of it.	bool
struct_field	source_pixel_format	re-renderer	crates/viewer/re_renderer/src/video/mod.rs:70	public	Format information about the original data from the video decoder.	SourceImageDataFormat
struct_field	frame_info	re-renderer	crates/viewer/re_renderer/src/video/mod.rs:73	public	Meta information about the decoded frame.	Option<FrameInfo>
function	heap_size_bytes	re-renderer	crates/viewer/re_renderer/src/video/mod.rs:88	default		(self: &Self) -> u64
struct	Video	re-renderer	crates/viewer/re_renderer/src/video/mod.rs:89	public	Video data + decoder(s).	
function	drop	re-renderer	crates/viewer/re_renderer/src/video/mod.rs:98	default		(self: &mut Self)
module	view_builder	re-renderer	crates/viewer/re_renderer/src/view_builder.rs:1	public		
function	main_target	re-renderer	crates/viewer/re_renderer/src/view_builder.rs:1000	public	The resolved (non-MSAA) main target texture, in [`Self::MAIN_TARGET_COLOR_FORMAT`]	(self: &Self) -> &GpuTexture
function	queue_draw	re-renderer	crates/viewer/re_renderer/src/view_builder.rs:1004	public		(self: &mut Self, ctx: &RenderContext, draw_data: impl/dyn) -> &mut Self
function	draw	re-renderer	crates/viewer/re_renderer/src/view_builder.rs:1019	public	Draws the frame as instructed to a temporary HDR target.	(self: &mut Self, ctx: &RenderContext, clear_color: Rgba) -> Result<CommandBuffer, PoolError>
variant	TopLeftCornerAndExtendZ	re-renderer	crates/viewer/re_renderer/src/view_builder.rs:106	default	Puts the view space origin at the top-left corner of the orthographic frustum and inverts the y axis,	unit
function	clone	re-renderer	crates/viewer/re_renderer/src/view_builder.rs:110	default		(self: &Self) -> Projection
function	fmt	re-renderer	crates/viewer/re_renderer/src/view_builder.rs:110	default		(self: &Self, f: &mut Formatter) -> Result
enum	Projection	re-renderer	crates/viewer/re_renderer/src/view_builder.rs:111	public	How we project from 3D to 2D.	
variant	Perspective	re-renderer	crates/viewer/re_renderer/src/view_builder.rs:113	default	Perspective camera looking along the negative z view space axis.	struct{3}
struct_field	vertical_fov	re-renderer	crates/viewer/re_renderer/src/view_builder.rs:115	default	Viewing angle in view space y direction (which is the vertical screen axis) in radian.	f32
struct_field	near_plane_distance	re-renderer	crates/viewer/re_renderer/src/view_builder.rs:118	default	Distance of the near plane.	f32
function	schedule_screenshot	re-renderer	crates/viewer/re_renderer/src/view_builder.rs:1205	public	Schedules the taking of a screenshot.	(self: &mut Self, ctx: &RenderContext, identifier: GpuReadbackIdentifier, user_data: T) -> Result<(), ViewBuilderError>
function	composite	re-renderer	crates/viewer/re_renderer/src/view_builder.rs:1230	public	Composites the final result of a `ViewBuilder` to a given output `RenderPass`.	(self: &Self, ctx: &RenderContext, pass: &mut RenderPass)
struct_field	aspect_ratio	re-renderer	crates/viewer/re_renderer/src/view_builder.rs:124	default	Aspect ratio of the perspective transformation.	f32
variant	Orthographic	re-renderer	crates/viewer/re_renderer/src/view_builder.rs:129	default	Orthographic projection with the camera position at the near plane's center,	struct{3}
struct_field	camera_mode	re-renderer	crates/viewer/re_renderer/src/view_builder.rs:130	default		OrthographicCameraMode
struct_field	vertical_world_size	re-renderer	crates/viewer/re_renderer/src/view_builder.rs:133	default	Size of the orthographic camera view space y direction (which is the vertical screen axis).	f32
struct_field	far_plane_distance	re-renderer	crates/viewer/re_renderer/src/view_builder.rs:136	default	Distance of the far plane to the camera.	f32
function	clone	re-renderer	crates/viewer/re_renderer/src/view_builder.rs:18	default		(self: &Self) -> ViewBuilderError
function	fmt	re-renderer	crates/viewer/re_renderer/src/view_builder.rs:18	default		(self: &Self, f: &mut Formatter) -> Result
function	fmt	re-renderer	crates/viewer/re_renderer/src/view_builder.rs:18	default		(self: &Self, __formatter: &mut Formatter) -> Result
function	from	re-renderer	crates/viewer/re_renderer/src/view_builder.rs:18	default		(source: DebugOverlayError) -> Self
function	source	re-renderer	crates/viewer/re_renderer/src/view_builder.rs:18	default		(self: &Self) -> Option<&impl/dyn>
enum	ViewBuilderError	re-renderer	crates/viewer/re_renderer/src/view_builder.rs:19	public		
function	clone	re-renderer	crates/viewer/re_renderer/src/view_builder.rs:209	default		(self: &Self) -> RenderMode
function	default	re-renderer	crates/viewer/re_renderer/src/view_builder.rs:209	default		() -> RenderMode
function	eq	re-renderer	crates/viewer/re_renderer/src/view_builder.rs:209	default		(self: &Self, other: &RenderMode) -> bool
function	fmt	re-renderer	crates/viewer/re_renderer/src/view_builder.rs:209	default		(self: &Self, f: &mut Formatter) -> Result
variant	ScreenshotAlreadyScheduled	re-renderer	crates/viewer/re_renderer/src/view_builder.rs:21	default		unit
enum	RenderMode	re-renderer	crates/viewer/re_renderer/src/view_builder.rs:210	public	Aim for beauty or determinism?	
variant	Beautiful	re-renderer	crates/viewer/re_renderer/src/view_builder.rs:213	default	Default render mode	unit
variant	Deterministic	re-renderer	crates/viewer/re_renderer/src/view_builder.rs:218	default	Try to produce consistent results across different GPUs and drivers.	unit
function	clone	re-renderer	crates/viewer/re_renderer/src/view_builder.rs:225	default		(self: &Self) -> BlendWithBackground
function	default	re-renderer	crates/viewer/re_renderer/src/view_builder.rs:225	default		() -> BlendWithBackground
function	eq	re-renderer	crates/viewer/re_renderer/src/view_builder.rs:225	default		(self: &Self, other: &BlendWithBackground) -> bool
function	fmt	re-renderer	crates/viewer/re_renderer/src/view_builder.rs:225	default		(self: &Self, f: &mut Formatter) -> Result
enum	BlendWithBackground	re-renderer	crates/viewer/re_renderer/src/view_builder.rs:226	public	How the `composite` step combines a view's render result with the background.	
variant	No	re-renderer	crates/viewer/re_renderer/src/view_builder.rs:229	default	Don't blend; the view's result fully overwrites whatever was there before.	unit
variant	AlphaToCoverage	re-renderer	crates/viewer/re_renderer/src/view_builder.rs:236	default	Blend with the background, applying a workaround for alpha-to-coverage MSAA.	unit
struct_field	0	re-renderer	crates/viewer/re_renderer/src/view_builder.rs:24	default		DebugOverlayError
variant	InvalidDebugOverlay	re-renderer	crates/viewer/re_renderer/src/view_builder.rs:24	default		tuple(1)
variant	Premultiplied	re-renderer	crates/viewer/re_renderer/src/view_builder.rs:242	default	Blend with the background, treating the view's result as already premultiplied alpha.	unit
function	fmt	re-renderer	crates/viewer/re_renderer/src/view_builder.rs:246	default		(self: &Self, f: &mut Formatter) -> Result
struct	TargetConfiguration	re-renderer	crates/viewer/re_renderer/src/view_builder.rs:247	public	Basic configuration for a target view.	
struct_field	name	re-renderer	crates/viewer/re_renderer/src/view_builder.rs:248	public		Label
struct_field	render_mode	re-renderer	crates/viewer/re_renderer/src/view_builder.rs:251	public	Aim for beauty or determinism?	RenderMode
struct_field	resolution_in_pixel	re-renderer	crates/viewer/re_renderer/src/view_builder.rs:254	public	The viewport resolution in physical pixels.	[u32; N]
struct_field	view_from_world	re-renderer	crates/viewer/re_renderer/src/view_builder.rs:255	public		IsoTransform
struct_field	projection_from_view	re-renderer	crates/viewer/re_renderer/src/view_builder.rs:256	public		Projection
struct_field	viewport_transformation	re-renderer	crates/viewer/re_renderer/src/view_builder.rs:269	public	Defines a viewport transformation from the projected space to the final image space.	RectTransform
variant	ExternalResolvedFormat	re-renderer	crates/viewer/re_renderer/src/view_builder.rs:27	default		struct{1}
struct_field	got	re-renderer	crates/viewer/re_renderer/src/view_builder.rs:27	default		TextureFormat
struct_field	pixels_per_point	re-renderer	crates/viewer/re_renderer/src/view_builder.rs:276	public	How many pixels are there per point.	f32
struct_field	outline_config	re-renderer	crates/viewer/re_renderer/src/view_builder.rs:278	public		Option<OutlineConfig>
struct_field	blend_with_background	re-renderer	crates/viewer/re_renderer/src/view_builder.rs:281	public	How the `composite` step combines the view's result with the background.	BlendWithBackground
struct_field	picking_config	re-renderer	crates/viewer/re_renderer/src/view_builder.rs:287	public	Configuration for the picking layer if any.	Option<ViewPickingConfiguration>
function	default	re-renderer	crates/viewer/re_renderer/src/view_builder.rs:291	default		() -> Self
variant	ExternalResolvedSize	re-renderer	crates/viewer/re_renderer/src/view_builder.rs:30	default		struct{2}
struct_field	expected	re-renderer	crates/viewer/re_renderer/src/view_builder.rs:30	default		[u32; N]
struct_field	got	re-renderer	crates/viewer/re_renderer/src/view_builder.rs:30	default		[u32; N]
function	fmt	re-renderer	crates/viewer/re_renderer/src/view_builder.rs:321	default		(self: &Self, f: &mut Formatter) -> Result
struct	ViewPickingConfiguration	re-renderer	crates/viewer/re_renderer/src/view_builder.rs:322	public	Configures the readback of a rectangle from the picking layer.	
struct_field	picking_rect	re-renderer	crates/viewer/re_renderer/src/view_builder.rs:324	public	The rectangle to read back from the picking layer.	RectInt
struct_field	readback_identifier	re-renderer	crates/viewer/re_renderer/src/view_builder.rs:327	public	Identifier to be passed to the readback result.	GpuReadbackIdentifier
variant	ExternalResolvedUsage	re-renderer	crates/viewer/re_renderer/src/view_builder.rs:33	default		unit
struct_field	show_debug_view	re-renderer	crates/viewer/re_renderer/src/view_builder.rs:330	public	Whether to draw a debug view of the picking layer when compositing the final view.	bool
struct	ViewBuilder	re-renderer	crates/viewer/re_renderer/src/view_builder.rs:38	public	The highest level rendering block in `re_renderer`.	
function	main_target_default_msaa_state	re-renderer	crates/viewer/re_renderer/src/view_builder.rs:404	public	Default multisample state that any [`wgpu::RenderPipeline`] drawing to the main target needs to use.	(config: &RenderConfig, need_alpha_to_coverage: bool) -> MultisampleState
function	new	re-renderer	crates/viewer/re_renderer/src/view_builder.rs:450	public	Creates a view with an identity that can remain stable across builder instances.	(ctx: &RenderContext, config: TargetConfiguration, view_id: ViewBuilderId) -> Result<Self, ViewBuilderError>
function	clone	re-renderer	crates/viewer/re_renderer/src/view_builder.rs:52	default		(self: &Self) -> ViewBuilderId
function	eq	re-renderer	crates/viewer/re_renderer/src/view_builder.rs:52	default		(self: &Self, other: &ViewBuilderId) -> bool
function	fmt	re-renderer	crates/viewer/re_renderer/src/view_builder.rs:52	default		(self: &Self, f: &mut Formatter) -> Result
function	hash	re-renderer	crates/viewer/re_renderer/src/view_builder.rs:52	default		(self: &Self, state: &mut __H)
function	heap_size_bytes	re-renderer	crates/viewer/re_renderer/src/view_builder.rs:52	default		(self: &Self) -> u64
struct	ViewBuilderId	re-renderer	crates/viewer/re_renderer/src/view_builder.rs:53	public	Stable identity of a rendered view.	
function	new	re-renderer	crates/viewer/re_renderer/src/view_builder.rs:56	public		(id: u64) -> Self
function	new_with_external_resolved	re-renderer	crates/viewer/re_renderer/src/view_builder.rs:726	public	Motolii presentable seam(裁定256). Does not change [`Self::new`].	(ctx: &RenderContext, config: TargetConfiguration, view_id: ViewBuilderId, texture: &Texture) -> Result<Self, ViewBuilderError>
type_alias	SharedViewBuilder	re-renderer	crates/viewer/re_renderer/src/view_builder.rs:81	public	[`ViewBuilder`] that can be shared between threads.	
function	clone	re-renderer	crates/viewer/re_renderer/src/view_builder.rs:85	default		(self: &Self) -> OrthographicCameraMode
function	fmt	re-renderer	crates/viewer/re_renderer/src/view_builder.rs:85	default		(self: &Self, f: &mut Formatter) -> Result
enum	OrthographicCameraMode	re-renderer	crates/viewer/re_renderer/src/view_builder.rs:86	public	Configures the camera placement in the orthographic frustum,	
variant	NearPlaneCenter	re-renderer	crates/viewer/re_renderer/src/view_builder.rs:94	default	Puts the view space origin into the middle of the screen.	unit
function	resolution_in_pixel	re-renderer	crates/viewer/re_renderer/src/view_builder.rs:985	public	Resolution in pixels as configured on view builder creation.	(self: &Self) -> [u32; N]
module	wgpu_buffer_types	re-renderer	crates/viewer/re_renderer/src/wgpu_buffer_types.rs:1	public	Explicitly padded and/or aligned types following wgsl rules.	
struct	F32RowPadded	re-renderer	crates/viewer/re_renderer/src/wgpu_buffer_types.rs:10	public		
function	from	re-renderer	crates/viewer/re_renderer/src/wgpu_buffer_types.rs:101	default		(v: UVec2) -> Self
function	from	re-renderer	crates/viewer/re_renderer/src/wgpu_buffer_types.rs:108	default		([x, y]: [u8; N]) -> Self
struct_field	v	re-renderer	crates/viewer/re_renderer/src/wgpu_buffer_types.rs:11	public		f32
function	clone	re-renderer	crates/viewer/re_renderer/src/wgpu_buffer_types.rs:117	default		(self: &Self) -> UVec2RowPadded
struct	UVec2RowPadded	re-renderer	crates/viewer/re_renderer/src/wgpu_buffer_types.rs:118	public		
struct_field	x	re-renderer	crates/viewer/re_renderer/src/wgpu_buffer_types.rs:119	public		u32
struct_field	padding0	re-renderer	crates/viewer/re_renderer/src/wgpu_buffer_types.rs:12	public		f32
struct_field	y	re-renderer	crates/viewer/re_renderer/src/wgpu_buffer_types.rs:120	public		u32
struct_field	padding0	re-renderer	crates/viewer/re_renderer/src/wgpu_buffer_types.rs:121	public		u32
struct_field	padding1	re-renderer	crates/viewer/re_renderer/src/wgpu_buffer_types.rs:122	public		u32
function	from	re-renderer	crates/viewer/re_renderer/src/wgpu_buffer_types.rs:127	default		(v: UVec2) -> Self
struct_field	padding1	re-renderer	crates/viewer/re_renderer/src/wgpu_buffer_types.rs:13	public		f32
function	from	re-renderer	crates/viewer/re_renderer/src/wgpu_buffer_types.rs:139	default		([x, y]: [u8; N]) -> Self
struct_field	padding2	re-renderer	crates/viewer/re_renderer/src/wgpu_buffer_types.rs:14	public		f32
function	clone	re-renderer	crates/viewer/re_renderer/src/wgpu_buffer_types.rs:150	default		(self: &Self) -> Vec3RowPadded
struct	Vec3RowPadded	re-renderer	crates/viewer/re_renderer/src/wgpu_buffer_types.rs:151	public		
struct_field	x	re-renderer	crates/viewer/re_renderer/src/wgpu_buffer_types.rs:152	public		f32
struct_field	y	re-renderer	crates/viewer/re_renderer/src/wgpu_buffer_types.rs:153	public		f32
struct_field	z	re-renderer	crates/viewer/re_renderer/src/wgpu_buffer_types.rs:154	public		f32
struct_field	padding	re-renderer	crates/viewer/re_renderer/src/wgpu_buffer_types.rs:155	public		f32
function	from	re-renderer	crates/viewer/re_renderer/src/wgpu_buffer_types.rs:160	default		(v: Vec3) -> Self
function	from	re-renderer	crates/viewer/re_renderer/src/wgpu_buffer_types.rs:172	default		(v: Vec3A) -> Self
function	clone	re-renderer	crates/viewer/re_renderer/src/wgpu_buffer_types.rs:183	default		(self: &Self) -> Vec3Unpadded
struct	Vec3Unpadded	re-renderer	crates/viewer/re_renderer/src/wgpu_buffer_types.rs:184	public		
struct_field	x	re-renderer	crates/viewer/re_renderer/src/wgpu_buffer_types.rs:185	public		f32
struct_field	y	re-renderer	crates/viewer/re_renderer/src/wgpu_buffer_types.rs:186	public		f32
struct_field	z	re-renderer	crates/viewer/re_renderer/src/wgpu_buffer_types.rs:187	public		f32
function	from	re-renderer	crates/viewer/re_renderer/src/wgpu_buffer_types.rs:19	default		(v: f32) -> Self
function	from	re-renderer	crates/viewer/re_renderer/src/wgpu_buffer_types.rs:192	default		(v: Vec3) -> Self
function	from	re-renderer	crates/viewer/re_renderer/src/wgpu_buffer_types.rs:203	default		(v: Vec3A) -> Self
function	clone	re-renderer	crates/viewer/re_renderer/src/wgpu_buffer_types.rs:213	default		(self: &Self) -> Vec4
struct	Vec4	re-renderer	crates/viewer/re_renderer/src/wgpu_buffer_types.rs:214	public		
struct_field	x	re-renderer	crates/viewer/re_renderer/src/wgpu_buffer_types.rs:215	public		f32
struct_field	y	re-renderer	crates/viewer/re_renderer/src/wgpu_buffer_types.rs:216	public		f32
struct_field	z	re-renderer	crates/viewer/re_renderer/src/wgpu_buffer_types.rs:217	public		f32
struct_field	w	re-renderer	crates/viewer/re_renderer/src/wgpu_buffer_types.rs:218	public		f32
function	from	re-renderer	crates/viewer/re_renderer/src/wgpu_buffer_types.rs:223	default		(v: Vec4) -> Self
function	from	re-renderer	crates/viewer/re_renderer/src/wgpu_buffer_types.rs:235	default		(c: Rgba) -> Self
function	from	re-renderer	crates/viewer/re_renderer/src/wgpu_buffer_types.rs:247	default		(val: Vec4) -> Self
function	clone	re-renderer	crates/viewer/re_renderer/src/wgpu_buffer_types.rs:253	default		(self: &Self) -> Mat3
struct	Mat3	re-renderer	crates/viewer/re_renderer/src/wgpu_buffer_types.rs:254	public		
function	from	re-renderer	crates/viewer/re_renderer/src/wgpu_buffer_types.rs:262	default		(m: Mat3) -> Self
function	clone	re-renderer	crates/viewer/re_renderer/src/wgpu_buffer_types.rs:272	default		(self: &Self) -> Mat4
struct	Mat4	re-renderer	crates/viewer/re_renderer/src/wgpu_buffer_types.rs:273	public		
function	from	re-renderer	crates/viewer/re_renderer/src/wgpu_buffer_types.rs:282	default		(m: Mat4) -> Self
function	from	re-renderer	crates/viewer/re_renderer/src/wgpu_buffer_types.rs:294	default		(m: Affine3A) -> Self
function	clone	re-renderer	crates/viewer/re_renderer/src/wgpu_buffer_types.rs:30	default		(self: &Self) -> U32RowPadded
function	from	re-renderer	crates/viewer/re_renderer/src/wgpu_buffer_types.rs:301	default		(val: Mat4) -> Self
function	clone	re-renderer	crates/viewer/re_renderer/src/wgpu_buffer_types.rs:307	default		(self: &Self) -> Mat4x3
struct	Mat4x3	re-renderer	crates/viewer/re_renderer/src/wgpu_buffer_types.rs:308	public		
struct	U32RowPadded	re-renderer	crates/viewer/re_renderer/src/wgpu_buffer_types.rs:31	public		
function	from	re-renderer	crates/viewer/re_renderer/src/wgpu_buffer_types.rs:317	default		(m: Affine3A) -> Self
struct_field	v	re-renderer	crates/viewer/re_renderer/src/wgpu_buffer_types.rs:32	public		u32
struct_field	padding0	re-renderer	crates/viewer/re_renderer/src/wgpu_buffer_types.rs:33	public		u32
function	clone	re-renderer	crates/viewer/re_renderer/src/wgpu_buffer_types.rs:332	default		(self: &Self) -> PaddingRow
function	default	re-renderer	crates/viewer/re_renderer/src/wgpu_buffer_types.rs:332	default		() -> PaddingRow
struct	PaddingRow	re-renderer	crates/viewer/re_renderer/src/wgpu_buffer_types.rs:333	public	A Vec4 of pure padding (i.e. 16 bytes of padding)	
struct_field	padding1	re-renderer	crates/viewer/re_renderer/src/wgpu_buffer_types.rs:34	public		u32
struct_field	padding2	re-renderer	crates/viewer/re_renderer/src/wgpu_buffer_types.rs:35	public		u32
function	from	re-renderer	crates/viewer/re_renderer/src/wgpu_buffer_types.rs:40	default		(v: u32) -> Self
function	clone	re-renderer	crates/viewer/re_renderer/src/wgpu_buffer_types.rs:51	default		(self: &Self) -> Vec2
struct	Vec2	re-renderer	crates/viewer/re_renderer/src/wgpu_buffer_types.rs:52	public		
struct_field	x	re-renderer	crates/viewer/re_renderer/src/wgpu_buffer_types.rs:53	public		f32
struct_field	y	re-renderer	crates/viewer/re_renderer/src/wgpu_buffer_types.rs:54	public		f32
function	from	re-renderer	crates/viewer/re_renderer/src/wgpu_buffer_types.rs:59	default		(v: Vec2) -> Self
function	from	re-renderer	crates/viewer/re_renderer/src/wgpu_buffer_types.rs:66	default		([x, y]: [f32; N]) -> Self
function	clone	re-renderer	crates/viewer/re_renderer/src/wgpu_buffer_types.rs:72	default		(self: &Self) -> Vec2RowPadded
struct	Vec2RowPadded	re-renderer	crates/viewer/re_renderer/src/wgpu_buffer_types.rs:73	public		
struct_field	x	re-renderer	crates/viewer/re_renderer/src/wgpu_buffer_types.rs:74	public		f32
struct_field	y	re-renderer	crates/viewer/re_renderer/src/wgpu_buffer_types.rs:75	public		f32
struct_field	padding0	re-renderer	crates/viewer/re_renderer/src/wgpu_buffer_types.rs:76	public		f32
struct_field	padding1	re-renderer	crates/viewer/re_renderer/src/wgpu_buffer_types.rs:77	public		f32
function	from	re-renderer	crates/viewer/re_renderer/src/wgpu_buffer_types.rs:82	default		(v: Vec2) -> Self
function	clone	re-renderer	crates/viewer/re_renderer/src/wgpu_buffer_types.rs:9	default		(self: &Self) -> F32RowPadded
function	clone	re-renderer	crates/viewer/re_renderer/src/wgpu_buffer_types.rs:93	default		(self: &Self) -> UVec2
struct	UVec2	re-renderer	crates/viewer/re_renderer/src/wgpu_buffer_types.rs:94	public		
struct_field	x	re-renderer	crates/viewer/re_renderer/src/wgpu_buffer_types.rs:95	public		u32
struct_field	y	re-renderer	crates/viewer/re_renderer/src/wgpu_buffer_types.rs:96	public		u32
struct_field	entries	re-renderer	crates/viewer/re_renderer/src/wgpu_resources/bind_group_layout_pool.rs:10	public		Vec<BindGroupLayoutEntry>
struct	GpuBindGroupLayoutPool	re-renderer	crates/viewer/re_renderer/src/wgpu_resources/bind_group_layout_pool.rs:14	public		
struct	GpuBindGroupLayoutHandle	re-renderer	crates/viewer/re_renderer/src/wgpu_resources/bind_group_layout_pool.rs:4	public		
function	clone	re-renderer	crates/viewer/re_renderer/src/wgpu_resources/bind_group_layout_pool.rs:4	default		(self: &Self) -> GpuBindGroupLayoutHandle
function	cmp	re-renderer	crates/viewer/re_renderer/src/wgpu_resources/bind_group_layout_pool.rs:4	default		(self: &Self, other: &GpuBindGroupLayoutHandle) -> Ordering
function	data	re-renderer	crates/viewer/re_renderer/src/wgpu_resources/bind_group_layout_pool.rs:4	default		(self: &Self) -> KeyData
function	default	re-renderer	crates/viewer/re_renderer/src/wgpu_resources/bind_group_layout_pool.rs:4	default		() -> GpuBindGroupLayoutHandle
function	deserialize	re-renderer	crates/viewer/re_renderer/src/wgpu_resources/bind_group_layout_pool.rs:4	default		(deserializer: D) -> Result<Self, Error>
function	eq	re-renderer	crates/viewer/re_renderer/src/wgpu_resources/bind_group_layout_pool.rs:4	default		(self: &Self, other: &GpuBindGroupLayoutHandle) -> bool
function	fmt	re-renderer	crates/viewer/re_renderer/src/wgpu_resources/bind_group_layout_pool.rs:4	default		(self: &Self, f: &mut Formatter) -> Result
function	from	re-renderer	crates/viewer/re_renderer/src/wgpu_resources/bind_group_layout_pool.rs:4	default		(k: KeyData) -> Self
function	hash	re-renderer	crates/viewer/re_renderer/src/wgpu_resources/bind_group_layout_pool.rs:4	default		(self: &Self, state: &mut __H)
function	partial_cmp	re-renderer	crates/viewer/re_renderer/src/wgpu_resources/bind_group_layout_pool.rs:4	default		(self: &Self, other: &GpuBindGroupLayoutHandle) -> Option<Ordering>
function	serialize	re-renderer	crates/viewer/re_renderer/src/wgpu_resources/bind_group_layout_pool.rs:4	default		(self: &Self, serializer: S) -> Result<Ok, Error>
function	clone	re-renderer	crates/viewer/re_renderer/src/wgpu_resources/bind_group_layout_pool.rs:6	default		(self: &Self) -> BindGroupLayoutDesc
function	default	re-renderer	crates/viewer/re_renderer/src/wgpu_resources/bind_group_layout_pool.rs:6	default		() -> BindGroupLayoutDesc
function	eq	re-renderer	crates/viewer/re_renderer/src/wgpu_resources/bind_group_layout_pool.rs:6	default		(self: &Self, other: &BindGroupLayoutDesc) -> bool
function	fmt	re-renderer	crates/viewer/re_renderer/src/wgpu_resources/bind_group_layout_pool.rs:6	default		(self: &Self, f: &mut Formatter) -> Result
function	hash	re-renderer	crates/viewer/re_renderer/src/wgpu_resources/bind_group_layout_pool.rs:6	default		(self: &Self, state: &mut __H)
struct	BindGroupLayoutDesc	re-renderer	crates/viewer/re_renderer/src/wgpu_resources/bind_group_layout_pool.rs:7	public		
struct_field	label	re-renderer	crates/viewer/re_renderer/src/wgpu_resources/bind_group_layout_pool.rs:9	public	Debug label of the bind group layout. This will show up in graphics debuggers for easy identification.	Label
function	clone	re-renderer	crates/viewer/re_renderer/src/wgpu_resources/bind_group_pool.rs:19	default		(self: &Self) -> GpuBindGroup
struct	GpuBindGroup	re-renderer	crates/viewer/re_renderer/src/wgpu_resources/bind_group_pool.rs:20	public	A reference-counter baked bind group.	
function	deref	re-renderer	crates/viewer/re_renderer/src/wgpu_resources/bind_group_pool.rs:30	default		(self: &Self) -> &Target
function	from	re-renderer	crates/viewer/re_renderer/src/wgpu_resources/bind_group_pool.rs:36	default		(bind_group: &GpuBindGroup) -> Self
function	clone	re-renderer	crates/viewer/re_renderer/src/wgpu_resources/bind_group_pool.rs:41	default		(self: &Self) -> BindGroupEntry
function	eq	re-renderer	crates/viewer/re_renderer/src/wgpu_resources/bind_group_pool.rs:41	default		(self: &Self, other: &BindGroupEntry) -> bool
function	fmt	re-renderer	crates/viewer/re_renderer/src/wgpu_resources/bind_group_pool.rs:41	default		(self: &Self, f: &mut Formatter) -> Result
function	hash	re-renderer	crates/viewer/re_renderer/src/wgpu_resources/bind_group_pool.rs:41	default		(self: &Self, state: &mut __H)
enum	BindGroupEntry	re-renderer	crates/viewer/re_renderer/src/wgpu_resources/bind_group_pool.rs:42	public		
struct_field	0	re-renderer	crates/viewer/re_renderer/src/wgpu_resources/bind_group_pool.rs:43	default		GpuTextureHandle
variant	DefaultTextureView	re-renderer	crates/viewer/re_renderer/src/wgpu_resources/bind_group_pool.rs:43	default		tuple(1)
variant	Buffer	re-renderer	crates/viewer/re_renderer/src/wgpu_resources/bind_group_pool.rs:44	default		struct{3}
struct_field	handle	re-renderer	crates/viewer/re_renderer/src/wgpu_resources/bind_group_pool.rs:45	default		GpuBufferHandle
struct_field	offset	re-renderer	crates/viewer/re_renderer/src/wgpu_resources/bind_group_pool.rs:52	default	Base offset of the buffer. For bindings with `dynamic == true`, this offset	BufferAddress
struct_field	size	re-renderer	crates/viewer/re_renderer/src/wgpu_resources/bind_group_pool.rs:55	default	Size of the binding, or `None` for using the rest of the buffer.	Option<BufferSize>
struct_field	0	re-renderer	crates/viewer/re_renderer/src/wgpu_resources/bind_group_pool.rs:57	default		GpuSamplerHandle
variant	Sampler	re-renderer	crates/viewer/re_renderer/src/wgpu_resources/bind_group_pool.rs:57	default		tuple(1)
function	clone	re-renderer	crates/viewer/re_renderer/src/wgpu_resources/bind_group_pool.rs:60	default		(self: &Self) -> BindGroupDesc
function	eq	re-renderer	crates/viewer/re_renderer/src/wgpu_resources/bind_group_pool.rs:60	default		(self: &Self, other: &BindGroupDesc) -> bool
function	fmt	re-renderer	crates/viewer/re_renderer/src/wgpu_resources/bind_group_pool.rs:60	default		(self: &Self, f: &mut Formatter) -> Result
function	hash	re-renderer	crates/viewer/re_renderer/src/wgpu_resources/bind_group_pool.rs:60	default		(self: &Self, state: &mut __H)
struct	BindGroupDesc	re-renderer	crates/viewer/re_renderer/src/wgpu_resources/bind_group_pool.rs:61	public		
struct_field	label	re-renderer	crates/viewer/re_renderer/src/wgpu_resources/bind_group_pool.rs:63	public	Debug label of the bind group. This will show up in graphics debuggers for easy identification.	Label
struct_field	entries	re-renderer	crates/viewer/re_renderer/src/wgpu_resources/bind_group_pool.rs:64	public		SmallVec<[BindGroupEntry; N]>
struct_field	layout	re-renderer	crates/viewer/re_renderer/src/wgpu_resources/bind_group_pool.rs:65	public		GpuBindGroupLayoutHandle
struct	GpuBindGroupPool	re-renderer	crates/viewer/re_renderer/src/wgpu_resources/bind_group_pool.rs:96	public	Resource pool for bind groups.	
struct	BufferDesc	re-renderer	crates/viewer/re_renderer/src/wgpu_resources/buffer_pool.rs:15	public	Buffer creation descriptor.	
struct_field	label	re-renderer	crates/viewer/re_renderer/src/wgpu_resources/buffer_pool.rs:17	public	Debug label of a buffer. This will show up in graphics debuggers for easy identification.	Label
struct_field	size	re-renderer	crates/viewer/re_renderer/src/wgpu_resources/buffer_pool.rs:20	public	Size of a buffer.	BufferAddress
struct_field	usage	re-renderer	crates/viewer/re_renderer/src/wgpu_resources/buffer_pool.rs:24	public	Usages of a buffer. If the buffer is used in any way that isn't specified here, the operation	BufferUsages
struct_field	mapped_at_creation	re-renderer	crates/viewer/re_renderer/src/wgpu_resources/buffer_pool.rs:31	public	Allows a buffer to be mapped immediately after they are made. It does not have to be [`wgpu::BufferUsages::MAP_READ`] or	bool
struct	GpuBufferPool	re-renderer	crates/viewer/re_renderer/src/wgpu_resources/buffer_pool.rs:48	public		
struct	GpuBufferHandle	re-renderer	crates/viewer/re_renderer/src/wgpu_resources/buffer_pool.rs:7	public		
struct	DynamicResource	re-renderer	crates/viewer/re_renderer/src/wgpu_resources/dynamic_resource_pool.rs:22	public		
struct_field	inner	re-renderer	crates/viewer/re_renderer/src/wgpu_resources/dynamic_resource_pool.rs:23	public		Res
struct_field	creation_desc	re-renderer	crates/viewer/re_renderer/src/wgpu_resources/dynamic_resource_pool.rs:24	public		Desc
struct_field	handle	re-renderer	crates/viewer/re_renderer/src/wgpu_resources/dynamic_resource_pool.rs:25	public		Handle
struct	WgpuResourcePools	re-renderer	crates/viewer/re_renderer/src/wgpu_resources/mod.rs:52	public	Collection of all wgpu resource pools.	
struct_field	bind_group_layouts	re-renderer	crates/viewer/re_renderer/src/wgpu_resources/mod.rs:53	public		GpuBindGroupLayoutPool
struct_field	pipeline_layouts	re-renderer	crates/viewer/re_renderer/src/wgpu_resources/mod.rs:54	public		GpuPipelineLayoutPool
struct_field	render_pipelines	re-renderer	crates/viewer/re_renderer/src/wgpu_resources/mod.rs:55	public		GpuRenderPipelinePool
struct_field	samplers	re-renderer	crates/viewer/re_renderer/src/wgpu_resources/mod.rs:56	public		GpuSamplerPool
struct_field	shader_modules	re-renderer	crates/viewer/re_renderer/src/wgpu_resources/mod.rs:57	public		GpuShaderModulePool
struct_field	bind_groups	re-renderer	crates/viewer/re_renderer/src/wgpu_resources/mod.rs:59	public		GpuBindGroupPool
struct_field	buffers	re-renderer	crates/viewer/re_renderer/src/wgpu_resources/mod.rs:61	public		GpuBufferPool
struct_field	textures	re-renderer	crates/viewer/re_renderer/src/wgpu_resources/mod.rs:62	public		GpuTexturePool
function	default	re-renderer	crates/viewer/re_renderer/src/wgpu_resources/mod.rs:65	default		() -> WgpuResourcePoolStatistics
struct	WgpuResourcePoolStatistics	re-renderer	crates/viewer/re_renderer/src/wgpu_resources/mod.rs:66	public		
struct_field	num_bind_group_layouts	re-renderer	crates/viewer/re_renderer/src/wgpu_resources/mod.rs:67	public		usize
struct_field	num_pipeline_layouts	re-renderer	crates/viewer/re_renderer/src/wgpu_resources/mod.rs:68	public		usize
struct_field	num_render_pipelines	re-renderer	crates/viewer/re_renderer/src/wgpu_resources/mod.rs:69	public		usize
struct_field	num_samplers	re-renderer	crates/viewer/re_renderer/src/wgpu_resources/mod.rs:70	public		usize
struct_field	num_shader_modules	re-renderer	crates/viewer/re_renderer/src/wgpu_resources/mod.rs:71	public		usize
struct_field	num_bind_groups	re-renderer	crates/viewer/re_renderer/src/wgpu_resources/mod.rs:72	public		usize
struct_field	num_buffers	re-renderer	crates/viewer/re_renderer/src/wgpu_resources/mod.rs:73	public		usize
struct_field	num_textures	re-renderer	crates/viewer/re_renderer/src/wgpu_resources/mod.rs:74	public		usize
struct_field	total_buffer_size_in_bytes	re-renderer	crates/viewer/re_renderer/src/wgpu_resources/mod.rs:75	public		u64
struct_field	total_texture_size_in_bytes	re-renderer	crates/viewer/re_renderer/src/wgpu_resources/mod.rs:76	public		u64
function	total_bytes	re-renderer	crates/viewer/re_renderer/src/wgpu_resources/mod.rs:80	public		(self: &Self) -> u64
struct_field	label	re-renderer	crates/viewer/re_renderer/src/wgpu_resources/pipeline_layout_pool.rs:11	public	Debug label of the pipeline layout. This will show up in graphics debuggers for easy identification.	Label
struct_field	entries	re-renderer	crates/viewer/re_renderer/src/wgpu_resources/pipeline_layout_pool.rs:13	public		Vec<GpuBindGroupLayoutHandle>
function	default	re-renderer	crates/viewer/re_renderer/src/wgpu_resources/pipeline_layout_pool.rs:16	default		() -> GpuPipelineLayoutPool
struct	GpuPipelineLayoutPool	re-renderer	crates/viewer/re_renderer/src/wgpu_resources/pipeline_layout_pool.rs:17	public		
function	get_or_create	re-renderer	crates/viewer/re_renderer/src/wgpu_resources/pipeline_layout_pool.rs:22	public		(self: &Self, ctx: &RenderContext, desc: &PipelineLayoutDesc) -> GpuPipelineLayoutHandle
function	resources	re-renderer	crates/viewer/re_renderer/src/wgpu_resources/pipeline_layout_pool.rs:48	public	Locks the resource pool for resolving handles.	(self: &Self) -> StaticResourcePoolReadLockAccessor<GpuPipelineLayoutHandle, PipelineLayout>
function	begin_frame	re-renderer	crates/viewer/re_renderer/src/wgpu_resources/pipeline_layout_pool.rs:54	public		(self: &mut Self, frame_index: u64)
function	num_resources	re-renderer	crates/viewer/re_renderer/src/wgpu_resources/pipeline_layout_pool.rs:58	public		(self: &Self) -> usize
struct	GpuPipelineLayoutHandle	re-renderer	crates/viewer/re_renderer/src/wgpu_resources/pipeline_layout_pool.rs:6	public		
function	clone	re-renderer	crates/viewer/re_renderer/src/wgpu_resources/pipeline_layout_pool.rs:8	default		(self: &Self) -> PipelineLayoutDesc
function	eq	re-renderer	crates/viewer/re_renderer/src/wgpu_resources/pipeline_layout_pool.rs:8	default		(self: &Self, other: &PipelineLayoutDesc) -> bool
function	fmt	re-renderer	crates/viewer/re_renderer/src/wgpu_resources/pipeline_layout_pool.rs:8	default		(self: &Self, f: &mut Formatter) -> Result
function	hash	re-renderer	crates/viewer/re_renderer/src/wgpu_resources/pipeline_layout_pool.rs:8	default		(self: &Self, state: &mut __H)
struct	PipelineLayoutDesc	re-renderer	crates/viewer/re_renderer/src/wgpu_resources/pipeline_layout_pool.rs:9	public		
struct	GpuRenderPipelineHandle	re-renderer	crates/viewer/re_renderer/src/wgpu_resources/render_pipeline_pool.rs:10	public		
function	clone	re-renderer	crates/viewer/re_renderer/src/wgpu_resources/render_pipeline_pool.rs:10	default		(self: &Self) -> GpuRenderPipelineHandle
function	cmp	re-renderer	crates/viewer/re_renderer/src/wgpu_resources/render_pipeline_pool.rs:10	default		(self: &Self, other: &GpuRenderPipelineHandle) -> Ordering
function	data	re-renderer	crates/viewer/re_renderer/src/wgpu_resources/render_pipeline_pool.rs:10	default		(self: &Self) -> KeyData
function	default	re-renderer	crates/viewer/re_renderer/src/wgpu_resources/render_pipeline_pool.rs:10	default		() -> GpuRenderPipelineHandle
function	deserialize	re-renderer	crates/viewer/re_renderer/src/wgpu_resources/render_pipeline_pool.rs:10	default		(deserializer: D) -> Result<Self, Error>
function	eq	re-renderer	crates/viewer/re_renderer/src/wgpu_resources/render_pipeline_pool.rs:10	default		(self: &Self, other: &GpuRenderPipelineHandle) -> bool
function	fmt	re-renderer	crates/viewer/re_renderer/src/wgpu_resources/render_pipeline_pool.rs:10	default		(self: &Self, f: &mut Formatter) -> Result
function	from	re-renderer	crates/viewer/re_renderer/src/wgpu_resources/render_pipeline_pool.rs:10	default		(k: KeyData) -> Self
function	hash	re-renderer	crates/viewer/re_renderer/src/wgpu_resources/render_pipeline_pool.rs:10	default		(self: &Self, state: &mut __H)
function	partial_cmp	re-renderer	crates/viewer/re_renderer/src/wgpu_resources/render_pipeline_pool.rs:10	default		(self: &Self, other: &GpuRenderPipelineHandle) -> Option<Ordering>
function	serialize	re-renderer	crates/viewer/re_renderer/src/wgpu_resources/render_pipeline_pool.rs:10	default		(self: &Self, serializer: S) -> Result<Ok, Error>
function	clone	re-renderer	crates/viewer/re_renderer/src/wgpu_resources/render_pipeline_pool.rs:13	default		(self: &Self) -> VertexBufferLayout
function	eq	re-renderer	crates/viewer/re_renderer/src/wgpu_resources/render_pipeline_pool.rs:13	default		(self: &Self, other: &VertexBufferLayout) -> bool
function	fmt	re-renderer	crates/viewer/re_renderer/src/wgpu_resources/render_pipeline_pool.rs:13	default		(self: &Self, f: &mut Formatter) -> Result
function	hash	re-renderer	crates/viewer/re_renderer/src/wgpu_resources/render_pipeline_pool.rs:13	default		(self: &Self, state: &mut __H)
struct	VertexBufferLayout	re-renderer	crates/viewer/re_renderer/src/wgpu_resources/render_pipeline_pool.rs:14	public	A copy of [`wgpu::VertexBufferLayout`] with a [`smallvec`] for the attributes.	
struct_field	array_stride	re-renderer	crates/viewer/re_renderer/src/wgpu_resources/render_pipeline_pool.rs:16	public	The stride, in bytes, between elements of this buffer.	BufferAddress
type_alias	GpuRenderPipelinePoolAccessor	re-renderer	crates/viewer/re_renderer/src/wgpu_resources/render_pipeline_pool.rs:168	public		
function	default	re-renderer	crates/viewer/re_renderer/src/wgpu_resources/render_pipeline_pool.rs:171	default		() -> GpuRenderPipelinePool
struct	GpuRenderPipelinePool	re-renderer	crates/viewer/re_renderer/src/wgpu_resources/render_pipeline_pool.rs:172	public		
function	get_or_create	re-renderer	crates/viewer/re_renderer/src/wgpu_resources/render_pipeline_pool.rs:177	public		(self: &Self, ctx: &RenderContext, desc: &RenderPipelineDesc) -> GpuRenderPipelineHandle
struct_field	step_mode	re-renderer	crates/viewer/re_renderer/src/wgpu_resources/render_pipeline_pool.rs:19	public	How often this vertex buffer is "stepped" forward.	VertexStepMode
function	begin_frame	re-renderer	crates/viewer/re_renderer/src/wgpu_resources/render_pipeline_pool.rs:195	public		(self: &mut Self, device: &Device, frame_index: u64, shader_modules: &GpuShaderModulePool, pipeline_layouts: &GpuPipelineLayoutPool)
struct_field	attributes	re-renderer	crates/viewer/re_renderer/src/wgpu_resources/render_pipeline_pool.rs:22	public	The list of attributes which comprise a single vertex.	SmallVec<[VertexAttribute; N]>
function	resources	re-renderer	crates/viewer/re_renderer/src/wgpu_resources/render_pipeline_pool.rs:245	public	Locks the resource pool for resolving handles.	(self: &Self) -> StaticResourcePoolReadLockAccessor<GpuRenderPipelineHandle, RenderPipeline>
function	num_resources	re-renderer	crates/viewer/re_renderer/src/wgpu_resources/render_pipeline_pool.rs:251	public		(self: &Self) -> usize
function	from_formats	re-renderer	crates/viewer/re_renderer/src/wgpu_resources/render_pipeline_pool.rs:27	public	Generates layouts with successive shader locations without gaps.	(formats: impl/dyn) -> SmallVec<[Self; N]>
function	attributes_from_formats	re-renderer	crates/viewer/re_renderer/src/wgpu_resources/render_pipeline_pool.rs:43	public	Generates attributes with successive shader locations without gaps	(start_location: u32, formats: impl/dyn) -> SmallVec<[VertexAttribute; N]>
function	clone	re-renderer	crates/viewer/re_renderer/src/wgpu_resources/render_pipeline_pool.rs:74	default		(self: &Self) -> RenderPipelineDesc
function	eq	re-renderer	crates/viewer/re_renderer/src/wgpu_resources/render_pipeline_pool.rs:74	default		(self: &Self, other: &RenderPipelineDesc) -> bool
function	fmt	re-renderer	crates/viewer/re_renderer/src/wgpu_resources/render_pipeline_pool.rs:74	default		(self: &Self, f: &mut Formatter) -> Result
function	hash	re-renderer	crates/viewer/re_renderer/src/wgpu_resources/render_pipeline_pool.rs:74	default		(self: &Self, state: &mut __H)
struct	RenderPipelineDesc	re-renderer	crates/viewer/re_renderer/src/wgpu_resources/render_pipeline_pool.rs:75	public	Renderpipeline descriptor, can be converted into [`wgpu::RenderPipeline`] (which isn't hashable or comparable)	
struct_field	label	re-renderer	crates/viewer/re_renderer/src/wgpu_resources/render_pipeline_pool.rs:77	public	Debug label of the pipeline. This will show up in graphics debuggers for easy identification.	Label
struct_field	pipeline_layout	re-renderer	crates/viewer/re_renderer/src/wgpu_resources/render_pipeline_pool.rs:79	public		GpuPipelineLayoutHandle
struct_field	vertex_entrypoint	re-renderer	crates/viewer/re_renderer/src/wgpu_resources/render_pipeline_pool.rs:81	public		String
struct_field	vertex_handle	re-renderer	crates/viewer/re_renderer/src/wgpu_resources/render_pipeline_pool.rs:82	public		GpuShaderModuleHandle
struct_field	fragment_entrypoint	re-renderer	crates/viewer/re_renderer/src/wgpu_resources/render_pipeline_pool.rs:83	public		String
struct_field	fragment_handle	re-renderer	crates/viewer/re_renderer/src/wgpu_resources/render_pipeline_pool.rs:84	public		GpuShaderModuleHandle
struct_field	vertex_buffers	re-renderer	crates/viewer/re_renderer/src/wgpu_resources/render_pipeline_pool.rs:87	public	The format of any vertex buffers used with this pipeline.	SmallVec<[VertexBufferLayout; N]>
struct_field	render_targets	re-renderer	crates/viewer/re_renderer/src/wgpu_resources/render_pipeline_pool.rs:90	public	The color state of the render targets.	SmallVec<[Option<ColorTargetState>; N]>
struct_field	primitive	re-renderer	crates/viewer/re_renderer/src/wgpu_resources/render_pipeline_pool.rs:93	public	The properties of the pipeline at the primitive assembly and rasterization level.	PrimitiveState
struct_field	depth_stencil	re-renderer	crates/viewer/re_renderer/src/wgpu_resources/render_pipeline_pool.rs:96	public	The effect of draw calls on the depth and stencil aspects of the output target, if any.	Option<DepthStencilState>
struct_field	multisample	re-renderer	crates/viewer/re_renderer/src/wgpu_resources/render_pipeline_pool.rs:99	public	The multi-sampling properties of the pipeline.	MultisampleState
variant	UnknownDescriptor	re-renderer	crates/viewer/re_renderer/src/wgpu_resources/resource.rs:12	default		unit
struct	ResourceStatistics	re-renderer	crates/viewer/re_renderer/src/wgpu_resources/resource.rs:15	public		
struct_field	frame_created	re-renderer	crates/viewer/re_renderer/src/wgpu_resources/resource.rs:17	public	Frame index in which this resource was (re)created.	u64
struct_field	last_frame_used	re-renderer	crates/viewer/re_renderer/src/wgpu_resources/resource.rs:22	public	Frame index in which a handle to this resource was last resolved.	AtomicU64
enum	PoolError	re-renderer	crates/viewer/re_renderer/src/wgpu_resources/resource.rs:4	public		
variant	ResourceNotAvailable	re-renderer	crates/viewer/re_renderer/src/wgpu_resources/resource.rs:6	default		unit
variant	NullHandle	re-renderer	crates/viewer/re_renderer/src/wgpu_resources/resource.rs:9	default		unit
struct_field	label	re-renderer	crates/viewer/re_renderer/src/wgpu_resources/sampler_pool.rs:11	public	Debug label of the sampler. This will show up in graphics debuggers for easy identification.	Label
struct_field	address_mode_u	re-renderer	crates/viewer/re_renderer/src/wgpu_resources/sampler_pool.rs:14	public	How to deal with out of bounds accesses in the u (i.e. x) direction	AddressMode
struct_field	address_mode_v	re-renderer	crates/viewer/re_renderer/src/wgpu_resources/sampler_pool.rs:17	public	How to deal with out of bounds accesses in the v (i.e. y) direction	AddressMode
struct_field	address_mode_w	re-renderer	crates/viewer/re_renderer/src/wgpu_resources/sampler_pool.rs:20	public	How to deal with out of bounds accesses in the w (i.e. z) direction	AddressMode
struct_field	mag_filter	re-renderer	crates/viewer/re_renderer/src/wgpu_resources/sampler_pool.rs:23	public	How to filter the texture when it needs to be magnified (made larger)	FilterMode
struct_field	min_filter	re-renderer	crates/viewer/re_renderer/src/wgpu_resources/sampler_pool.rs:26	public	How to filter the texture when it needs to be minified (made smaller)	FilterMode
struct_field	mipmap_filter	re-renderer	crates/viewer/re_renderer/src/wgpu_resources/sampler_pool.rs:29	public	How to filter between mip map levels	MipmapFilterMode
struct_field	lod_min_clamp	re-renderer	crates/viewer/re_renderer/src/wgpu_resources/sampler_pool.rs:32	public	Minimum level of detail (i.e. mip level) to use	NotNan<f32>
struct_field	lod_max_clamp	re-renderer	crates/viewer/re_renderer/src/wgpu_resources/sampler_pool.rs:35	public	Maximum level of detail (i.e. mip level) to use	NotNan<f32>
struct	GpuSamplerPool	re-renderer	crates/viewer/re_renderer/src/wgpu_resources/sampler_pool.rs:39	public		
struct	GpuSamplerHandle	re-renderer	crates/viewer/re_renderer/src/wgpu_resources/sampler_pool.rs:6	public		
struct	SamplerDesc	re-renderer	crates/viewer/re_renderer/src/wgpu_resources/sampler_pool.rs:9	public		
function	default	re-renderer	crates/viewer/re_renderer/src/wgpu_resources/shader_module_pool.rs:108	default		() -> GpuShaderModulePool
struct	GpuShaderModulePool	re-renderer	crates/viewer/re_renderer/src/wgpu_resources/shader_module_pool.rs:109	public		
struct_field	shader_text_workaround_replacements	re-renderer	crates/viewer/re_renderer/src/wgpu_resources/shader_module_pool.rs:115	public	Workarounds via text replacement in shader source code.	Vec<(String, String)>
function	get_or_create	re-renderer	crates/viewer/re_renderer/src/wgpu_resources/shader_module_pool.rs:119	public		(self: &Self, ctx: &RenderContext, desc: &ShaderModuleDesc) -> GpuShaderModuleHandle
struct	GpuShaderModuleHandle	re-renderer	crates/viewer/re_renderer/src/wgpu_resources/shader_module_pool.rs:13	public		
function	clone	re-renderer	crates/viewer/re_renderer/src/wgpu_resources/shader_module_pool.rs:13	default		(self: &Self) -> GpuShaderModuleHandle
function	cmp	re-renderer	crates/viewer/re_renderer/src/wgpu_resources/shader_module_pool.rs:13	default		(self: &Self, other: &GpuShaderModuleHandle) -> Ordering
function	data	re-renderer	crates/viewer/re_renderer/src/wgpu_resources/shader_module_pool.rs:13	default		(self: &Self) -> KeyData
function	default	re-renderer	crates/viewer/re_renderer/src/wgpu_resources/shader_module_pool.rs:13	default		() -> GpuShaderModuleHandle
function	deserialize	re-renderer	crates/viewer/re_renderer/src/wgpu_resources/shader_module_pool.rs:13	default		(deserializer: D) -> Result<Self, Error>
function	eq	re-renderer	crates/viewer/re_renderer/src/wgpu_resources/shader_module_pool.rs:13	default		(self: &Self, other: &GpuShaderModuleHandle) -> bool
function	fmt	re-renderer	crates/viewer/re_renderer/src/wgpu_resources/shader_module_pool.rs:13	default		(self: &Self, f: &mut Formatter) -> Result
function	from	re-renderer	crates/viewer/re_renderer/src/wgpu_resources/shader_module_pool.rs:13	default		(k: KeyData) -> Self
function	hash	re-renderer	crates/viewer/re_renderer/src/wgpu_resources/shader_module_pool.rs:13	default		(self: &Self, state: &mut __H)
function	partial_cmp	re-renderer	crates/viewer/re_renderer/src/wgpu_resources/shader_module_pool.rs:13	default		(self: &Self, other: &GpuShaderModuleHandle) -> Option<Ordering>
function	serialize	re-renderer	crates/viewer/re_renderer/src/wgpu_resources/shader_module_pool.rs:13	default		(self: &Self, serializer: S) -> Result<Ok, Error>
function	begin_frame	re-renderer	crates/viewer/re_renderer/src/wgpu_resources/shader_module_pool.rs:133	public		(self: &mut Self, device: &Device, resolver: &FileResolver<Fs>, frame_index: u64, updated_paths: &HashSet<PathBuf>)
function	resources	re-renderer	crates/viewer/re_renderer/src/wgpu_resources/shader_module_pool.rs:171	public	Locks the resource pool for resolving handles.	(self: &Self) -> StaticResourcePoolReadLockAccessor<GpuShaderModuleHandle, ShaderModule>
function	num_resources	re-renderer	crates/viewer/re_renderer/src/wgpu_resources/shader_module_pool.rs:177	public		(self: &Self) -> usize
function	clone	re-renderer	crates/viewer/re_renderer/src/wgpu_resources/shader_module_pool.rs:32	default		(self: &Self) -> ShaderModuleDesc
function	fmt	re-renderer	crates/viewer/re_renderer/src/wgpu_resources/shader_module_pool.rs:32	default		(self: &Self, f: &mut Formatter) -> Result
struct	ShaderModuleDesc	re-renderer	crates/viewer/re_renderer/src/wgpu_resources/shader_module_pool.rs:33	public		
struct_field	label	re-renderer	crates/viewer/re_renderer/src/wgpu_resources/shader_module_pool.rs:36	public	Debug label of the shader.	Label
struct_field	source	re-renderer	crates/viewer/re_renderer/src/wgpu_resources/shader_module_pool.rs:39	public	Path to the source code of this shader module.	PathBuf
struct_field	extra_workaround_replacements	re-renderer	crates/viewer/re_renderer/src/wgpu_resources/shader_module_pool.rs:42	public	Additional text replacement workarounds that may be added on top of globally known workarounds.	Vec<(String, String)>
function	eq	re-renderer	crates/viewer/re_renderer/src/wgpu_resources/shader_module_pool.rs:46	default		(self: &Self, rhs: &Self) -> bool
function	hash	re-renderer	crates/viewer/re_renderer/src/wgpu_resources/shader_module_pool.rs:52	default		(self: &Self, state: &mut H)
struct	StaticResourcePoolReadLockAccessor	re-renderer	crates/viewer/re_renderer/src/wgpu_resources/static_resource_pool.rs:113	public	Accessor to the resource pool by taking a read lock.	
struct	GpuTextureHandle	re-renderer	crates/viewer/re_renderer/src/wgpu_resources/texture_pool.rs:10	public		
function	clone	re-renderer	crates/viewer/re_renderer/src/wgpu_resources/texture_pool.rs:10	default		(self: &Self) -> GpuTextureHandle
function	cmp	re-renderer	crates/viewer/re_renderer/src/wgpu_resources/texture_pool.rs:10	default		(self: &Self, other: &GpuTextureHandle) -> Ordering
function	data	re-renderer	crates/viewer/re_renderer/src/wgpu_resources/texture_pool.rs:10	default		(self: &Self) -> KeyData
function	default	re-renderer	crates/viewer/re_renderer/src/wgpu_resources/texture_pool.rs:10	default		() -> GpuTextureHandle
function	deserialize	re-renderer	crates/viewer/re_renderer/src/wgpu_resources/texture_pool.rs:10	default		(deserializer: D) -> Result<Self, Error>
function	eq	re-renderer	crates/viewer/re_renderer/src/wgpu_resources/texture_pool.rs:10	default		(self: &Self, other: &GpuTextureHandle) -> bool
function	fmt	re-renderer	crates/viewer/re_renderer/src/wgpu_resources/texture_pool.rs:10	default		(self: &Self, f: &mut Formatter) -> Result
function	from	re-renderer	crates/viewer/re_renderer/src/wgpu_resources/texture_pool.rs:10	default		(k: KeyData) -> Self
function	hash	re-renderer	crates/viewer/re_renderer/src/wgpu_resources/texture_pool.rs:10	default		(self: &Self, state: &mut __H)
function	partial_cmp	re-renderer	crates/viewer/re_renderer/src/wgpu_resources/texture_pool.rs:10	default		(self: &Self, other: &GpuTextureHandle) -> Option<Ordering>
function	serialize	re-renderer	crates/viewer/re_renderer/src/wgpu_resources/texture_pool.rs:10	default		(self: &Self, serializer: S) -> Result<Ok, Error>
struct	GpuTexturePool	re-renderer	crates/viewer/re_renderer/src/wgpu_resources/texture_pool.rs:106	public		
type_alias	GpuTexture	re-renderer	crates/viewer/re_renderer/src/wgpu_resources/texture_pool.rs:14	public	A reference-counter baked texture.	
struct	GpuTextureInternal	re-renderer	crates/viewer/re_renderer/src/wgpu_resources/texture_pool.rs:17	public		
struct_field	texture	re-renderer	crates/viewer/re_renderer/src/wgpu_resources/texture_pool.rs:18	public		Texture
struct_field	default_view	re-renderer	crates/viewer/re_renderer/src/wgpu_resources/texture_pool.rs:19	public		TextureView
struct	TextureDesc	re-renderer	crates/viewer/re_renderer/src/wgpu_resources/texture_pool.rs:24	public		
struct_field	label	re-renderer	crates/viewer/re_renderer/src/wgpu_resources/texture_pool.rs:26	public	Debug label of the texture. This will show up in graphics debuggers for easy identification.	Label
struct_field	size	re-renderer	crates/viewer/re_renderer/src/wgpu_resources/texture_pool.rs:31	public	Size of the texture. All components must be greater than zero. For a	Extent3d
struct_field	mip_level_count	re-renderer	crates/viewer/re_renderer/src/wgpu_resources/texture_pool.rs:34	public	Mip count of texture. For a texture with no extra mips, this must be 1.	u32
struct_field	sample_count	re-renderer	crates/viewer/re_renderer/src/wgpu_resources/texture_pool.rs:37	public	Sample count of texture. If this is not 1, texture must have [`wgpu::BindingType::Texture::multisampled`] set to true.	u32
struct_field	dimension	re-renderer	crates/viewer/re_renderer/src/wgpu_resources/texture_pool.rs:40	public	Dimensions of the texture.	TextureDimension
struct_field	format	re-renderer	crates/viewer/re_renderer/src/wgpu_resources/texture_pool.rs:43	public	Format of the texture.	TextureFormat
struct_field	usage	re-renderer	crates/viewer/re_renderer/src/wgpu_resources/texture_pool.rs:46	public	Allowed usages of the texture. If used in other ways, the operation will panic.	TextureUsages
constant	AV1_TEST_KEYFRAME	re-video	crates/utils/re_video/src/av1.rs:142	public	Small 64x64 AV1 keyframe for testing (generated with ffmpeg)	
constant	AV1_TEST_INTER_FRAME	re-video	crates/utils/re_video/src/av1.rs:151	public	AV1 inter-frame (non-keyframe) for testing (generated with ffmpeg)	
function	fmt	re-video	crates/utils/re_video/src/decode/ffmpeg_cli/ffmpeg.rs:29	default		(self: &Self, f: &mut Formatter) -> Result
function	fmt	re-video	crates/utils/re_video/src/decode/ffmpeg_cli/ffmpeg.rs:29	default		(self: &Self, __formatter: &mut Formatter) -> Result
function	source	re-video	crates/utils/re_video/src/decode/ffmpeg_cli/ffmpeg.rs:29	default		(self: &Self) -> Option<&impl/dyn>
enum	Error	re-video	crates/utils/re_video/src/decode/ffmpeg_cli/ffmpeg.rs:30	public		
variant	FFmpegNotInstalled	re-video	crates/utils/re_video/src/decode/ffmpeg_cli/ffmpeg.rs:32	default		unit
struct_field	0	re-video	crates/utils/re_video/src/decode/ffmpeg_cli/ffmpeg.rs:35	default		Error
variant	FailedToStartFfmpeg	re-video	crates/utils/re_video/src/decode/ffmpeg_cli/ffmpeg.rs:35	default		tuple(1)
variant	UnsupportedFFmpegVersion	re-video	crates/utils/re_video/src/decode/ffmpeg_cli/ffmpeg.rs:40	default		struct{3}
struct_field	actual_version	re-video	crates/utils/re_video/src/decode/ffmpeg_cli/ffmpeg.rs:41	default		FFmpegVersion
struct_field	minimum_version_major	re-video	crates/utils/re_video/src/decode/ffmpeg_cli/ffmpeg.rs:42	default		u32
struct_field	minimum_version_minor	re-video	crates/utils/re_video/src/decode/ffmpeg_cli/ffmpeg.rs:43	default		u32
struct_field	0	re-video	crates/utils/re_video/src/decode/ffmpeg_cli/ffmpeg.rs:49	default		FFmpegVersionParseError
variant	FailedToDetermineFFmpegVersion	re-video	crates/utils/re_video/src/decode/ffmpeg_cli/ffmpeg.rs:49	default		tuple(1)
variant	NoStdin	re-video	crates/utils/re_video/src/decode/ffmpeg_cli/ffmpeg.rs:52	default		unit
struct_field	0	re-video	crates/utils/re_video/src/decode/ffmpeg_cli/ffmpeg.rs:55	default		String
variant	NoIterator	re-video	crates/utils/re_video/src/decode/ffmpeg_cli/ffmpeg.rs:55	default		tuple(1)
variant	NoFrameInfo	re-video	crates/utils/re_video/src/decode/ffmpeg_cli/ffmpeg.rs:58	default		unit
struct_field	0	re-video	crates/utils/re_video/src/decode/ffmpeg_cli/ffmpeg.rs:61	default		Error
variant	FailedToWriteToFfmpeg	re-video	crates/utils/re_video/src/decode/ffmpeg_cli/ffmpeg.rs:61	default		tuple(1)
struct_field	0	re-video	crates/utils/re_video/src/decode/ffmpeg_cli/ffmpeg.rs:64	default		String
variant	BadVideoData	re-video	crates/utils/re_video/src/decode/ffmpeg_cli/ffmpeg.rs:64	default		tuple(1)
struct_field	0	re-video	crates/utils/re_video/src/decode/ffmpeg_cli/ffmpeg.rs:67	default		String
variant	Ffmpeg	re-video	crates/utils/re_video/src/decode/ffmpeg_cli/ffmpeg.rs:67	default		tuple(1)
struct_field	0	re-video	crates/utils/re_video/src/decode/ffmpeg_cli/ffmpeg.rs:70	default		String
variant	FfmpegFatal	re-video	crates/utils/re_video/src/decode/ffmpeg_cli/ffmpeg.rs:70	default		tuple(1)
struct_field	0	re-video	crates/utils/re_video/src/decode/ffmpeg_cli/ffmpeg.rs:73	default		String
variant	FfmpegSidecar	re-video	crates/utils/re_video/src/decode/ffmpeg_cli/ffmpeg.rs:73	default		tuple(1)
struct_field	0	re-video	crates/utils/re_video/src/decode/ffmpeg_cli/ffmpeg.rs:76	default		Option<ExitStatus>
variant	FfmpegUnexpectedExit	re-video	crates/utils/re_video/src/decode/ffmpeg_cli/ffmpeg.rs:76	default		tuple(1)
variant	UnexpectedFfmpegOutputChunk	re-video	crates/utils/re_video/src/decode/ffmpeg_cli/ffmpeg.rs:79	default		unit
variant	BrokenFrameInfoChannel	re-video	crates/utils/re_video/src/decode/ffmpeg_cli/ffmpeg.rs:82	default		unit
variant	SpsParsing	re-video	crates/utils/re_video/src/decode/ffmpeg_cli/ffmpeg.rs:85	default		unit
function	should_request_more_frames	re-video	crates/utils/re_video/src/decode/ffmpeg_cli/ffmpeg.rs:89	public		(self: &Self) -> bool
function	from	re-video	crates/utils/re_video/src/decode/ffmpeg_cli/ffmpeg.rs:99	default		(err: Error) -> Self
function	ffmpeg_download_url	re-video	crates/utils/re_video/src/decode/ffmpeg_cli/mod.rs:16	public	Download URL for the latest version of `FFmpeg` on the current platform.	() -> Option<&str>
function	drop	re-video	crates/utils/re_video/src/decode/ffmpeg_cli/transcode.rs:109	default		(self: &mut Self)
function	transcode_mp4_drop_b_frames	re-video	crates/utils/re_video/src/decode/ffmpeg_cli/transcode.rs:133	public	Re-encode the mp4 at `input_path`, dropping all B-frames (`-bf 0`).	(input_path: &Path, codec: VideoCodec, ffmpeg_path: Option<&Path>, debug_name: &str) -> Result<TranscodedMp4, Error>
struct	TranscodedMp4	re-video	crates/utils/re_video/src/decode/ffmpeg_cli/transcode.rs:28	public	A streaming iterator over the transcoded, fragmented mp4 that `ffmpeg`	
function	next	re-video	crates/utils/re_video/src/decode/ffmpeg_cli/transcode.rs:44	default		(self: &mut Self) -> Option<Item>
function	for_executable_blocking	re-video	crates/utils/re_video/src/decode/ffmpeg_cli/version.rs:104	public	Like [`Self::for_executable_poll`], but blocks until the version is ready.	(path: Option<&Path>) -> Result<FFmpegVersion, FFmpegVersionParseError>
function	is_compatible	re-video	crates/utils/re_video/src/decode/ffmpeg_cli/version.rs:119	public	Returns true if this version is compatible with Rerun's minimum requirements.	(self: &Self) -> bool
function	clone	re-video	crates/utils/re_video/src/decode/ffmpeg_cli/version.rs:17	default		(self: &Self) -> FFmpegVersion
function	eq	re-video	crates/utils/re_video/src/decode/ffmpeg_cli/version.rs:17	default		(self: &Self, other: &FFmpegVersion) -> bool
function	fmt	re-video	crates/utils/re_video/src/decode/ffmpeg_cli/version.rs:17	default		(self: &Self, f: &mut Formatter) -> Result
struct	FFmpegVersion	re-video	crates/utils/re_video/src/decode/ffmpeg_cli/version.rs:18	public	A successfully parsed `FFmpeg` version.	
function	fmt	re-video	crates/utils/re_video/src/decode/ffmpeg_cli/version.rs:25	default		(self: &Self, f: &mut Formatter) -> Result
function	clone	re-video	crates/utils/re_video/src/decode/ffmpeg_cli/version.rs:34	default		(self: &Self) -> FFmpegVersionParseError
function	fmt	re-video	crates/utils/re_video/src/decode/ffmpeg_cli/version.rs:34	default		(self: &Self, __formatter: &mut Formatter) -> Result
function	fmt	re-video	crates/utils/re_video/src/decode/ffmpeg_cli/version.rs:34	default		(self: &Self, f: &mut Formatter) -> Result
enum	FFmpegVersionParseError	re-video	crates/utils/re_video/src/decode/ffmpeg_cli/version.rs:35	public		
struct_field	0	re-video	crates/utils/re_video/src/decode/ffmpeg_cli/version.rs:37	default		String
variant	RetrieveFileModificationTime	re-video	crates/utils/re_video/src/decode/ffmpeg_cli/version.rs:37	default		tuple(1)
struct_field	0	re-video	crates/utils/re_video/src/decode/ffmpeg_cli/version.rs:40	default		String
variant	RunFFmpeg	re-video	crates/utils/re_video/src/decode/ffmpeg_cli/version.rs:40	default		tuple(1)
struct_field	0	re-video	crates/utils/re_video/src/decode/ffmpeg_cli/version.rs:43	default		String
variant	FFmpegNotFound	re-video	crates/utils/re_video/src/decode/ffmpeg_cli/version.rs:43	default		tuple(1)
variant	ParseVersion	re-video	crates/utils/re_video/src/decode/ffmpeg_cli/version.rs:46	default		struct{1}
struct_field	raw_version	re-video	crates/utils/re_video/src/decode/ffmpeg_cli/version.rs:46	default		String
function	parse	re-video	crates/utils/re_video/src/decode/ffmpeg_cli/version.rs:50	public		(raw_version: &str) -> Option<Self>
function	for_executable_poll	re-video	crates/utils/re_video/src/decode/ffmpeg_cli/version.rs:88	public	Try to parse the `FFmpeg` version for a given `FFmpeg` executable.	(path: Option<&Path>) -> Poll<Result<FFmpegVersion, FFmpegVersionParseError>>
function	clone	re-video	crates/utils/re_video/src/decode/mod.rs:114	default		(self: &Self) -> DecodeError
function	fmt	re-video	crates/utils/re_video/src/decode/mod.rs:114	default		(self: &Self, __formatter: &mut Formatter) -> Result
function	fmt	re-video	crates/utils/re_video/src/decode/mod.rs:114	default		(self: &Self, f: &mut Formatter) -> Result
function	from	re-video	crates/utils/re_video/src/decode/mod.rs:114	default		(source: Error) -> Self
function	heap_size_bytes	re-video	crates/utils/re_video/src/decode/mod.rs:114	default		(self: &Self) -> u64
function	source	re-video	crates/utils/re_video/src/decode/mod.rs:114	default		(self: &Self) -> Option<&impl/dyn>
enum	DecodeError	re-video	crates/utils/re_video/src/decode/mod.rs:115	public		
variant	WaitingForCodecDetails	re-video	crates/utils/re_video/src/decode/mod.rs:117	default		unit
struct_field	0	re-video	crates/utils/re_video/src/decode/mod.rs:120	default		String
variant	UnsupportedCodec	re-video	crates/utils/re_video/src/decode/mod.rs:120	default		tuple(1)
variant	Dav1d	re-video	crates/utils/re_video/src/decode/mod.rs:124	default		tuple(1)
struct_field	0	re-video	crates/utils/re_video/src/decode/mod.rs:127	default		Error
variant	Dav1dWithoutNasm	re-video	crates/utils/re_video/src/decode/mod.rs:131	default		unit
variant	NoDav1dOnLinuxArm64	re-video	crates/utils/re_video/src/decode/mod.rs:136	default		unit
struct_field	0	re-video	crates/utils/re_video/src/decode/mod.rs:139	default		String
variant	ImageDecoder	re-video	crates/utils/re_video/src/decode/mod.rs:139	default		tuple(1)
struct_field	0	re-video	crates/utils/re_video/src/decode/mod.rs:142	default		RvlDecodeError
variant	RvlDecoder	re-video	crates/utils/re_video/src/decode/mod.rs:142	default		tuple(1)
struct_field	0	re-video	crates/utils/re_video/src/decode/mod.rs:154	default		Arc<FFmpegError>
variant	Ffmpeg	re-video	crates/utils/re_video/src/decode/mod.rs:154	default		tuple(1)
struct_field	0	re-video	crates/utils/re_video/src/decode/mod.rs:157	default		usize
variant	BadBitsPerComponent	re-video	crates/utils/re_video/src/decode/mod.rs:157	default		tuple(1)
function	should_request_more_frames	re-video	crates/utils/re_video/src/decode/mod.rs:161	public		(self: &Self) -> bool
function	severity	re-video	crates/utils/re_video/src/decode/mod.rs:191	public		(self: &Self) -> VideoPlaybackIssueSeverity
type_alias	Result	re-video	crates/utils/re_video/src/decode/mod.rs:214	public		
type_alias	FrameResult	re-video	crates/utils/re_video/src/decode/mod.rs:216	public		
trait	AsyncDecoder	re-video	crates/utils/re_video/src/decode/mod.rs:221	public	Interface for an asynchronous video decoder.	
function	submit_chunk	re-video	crates/utils/re_video/src/decode/mod.rs:225	default	Submits a chunk for decoding in the background.	(self: &mut Self, chunk: Chunk) -> Result<()>
function	end_of_video	re-video	crates/utils/re_video/src/decode/mod.rs:237	default	Called after submitting the last chunk.	(self: &mut Self) -> Result<()>
function	reset	re-video	crates/utils/re_video/src/decode/mod.rs:248	default	Resets the decoder.	(self: &mut Self, video_descr: &VideoDataDescription) -> Result<()>
function	min_num_samples_to_enqueue_ahead	re-video	crates/utils/re_video/src/decode/mod.rs:258	default	Minimum number of samples the decoder requests to stay head of the currently requested sample.	(self: &Self) -> usize
function	new_decoder	re-video	crates/utils/re_video/src/decode/mod.rs:264	public	Creates a new async decoder for the given `video` data.	(debug_name: &str, video: &VideoDataDescription, decode_settings: &DecodeSettings, output_sender: Sender<FrameResult>) -> Result<Box<impl/dyn>>
function	heap_size_bytes	re-video	crates/utils/re_video/src/decode/mod.rs:367	default		(self: &Self) -> u64
struct	Chunk	re-video	crates/utils/re_video/src/decode/mod.rs:368	public	One chunk of encoded video data, representing a single [`crate::SampleMetadata`].	
struct_field	is_sync	re-video	crates/utils/re_video/src/decode/mod.rs:373	public	The start of a new group of pictures?	bool
struct_field	data	re-video	crates/utils/re_video/src/decode/mod.rs:375	public		Vec<u8>
struct_field	sample_idx	re-video	crates/utils/re_video/src/decode/mod.rs:381	public	Which sample (frame) did this chunk come from?	usize
struct_field	frame_nr	re-video	crates/utils/re_video/src/decode/mod.rs:392	public	Which frame does this chunk belong to?	u32
struct_field	decode_timestamp	re-video	crates/utils/re_video/src/decode/mod.rs:398	public	Decode timestamp of this sample.	Time
struct_field	presentation_timestamp	re-video	crates/utils/re_video/src/decode/mod.rs:406	public	Time at which this sample appears in the frame stream, in time units.	Time
struct_field	duration	re-video	crates/utils/re_video/src/decode/mod.rs:412	public	Duration of the sample.	Option<Time>
function	heap_size_bytes	re-video	crates/utils/re_video/src/decode/mod.rs:416	default		(self: &Self) -> u64
struct	DecodedFrameContent	re-video	crates/utils/re_video/src/decode/mod.rs:417	public	CPU-side data for a decoded frame.	
struct_field	data	re-video	crates/utils/re_video/src/decode/mod.rs:418	public		Vec<u8>
struct_field	width	re-video	crates/utils/re_video/src/decode/mod.rs:419	public		u32
struct_field	height	re-video	crates/utils/re_video/src/decode/mod.rs:420	public		u32
struct_field	format	re-video	crates/utils/re_video/src/decode/mod.rs:422	public		PixelFormat
function	width	re-video	crates/utils/re_video/src/decode/mod.rs:426	public		(self: &Self) -> u32
function	height	re-video	crates/utils/re_video/src/decode/mod.rs:430	public		(self: &Self) -> u32
type_alias	FrameContent	re-video	crates/utils/re_video/src/decode/mod.rs:437	public	Data for a decoded frame on native targets.	
function	clone	re-video	crates/utils/re_video/src/decode/mod.rs:475	default		(self: &Self) -> FrameInfo
function	fmt	re-video	crates/utils/re_video/src/decode/mod.rs:475	default		(self: &Self, f: &mut Formatter) -> Result
function	heap_size_bytes	re-video	crates/utils/re_video/src/decode/mod.rs:475	default		(self: &Self) -> u64
struct	FrameInfo	re-video	crates/utils/re_video/src/decode/mod.rs:476	public	Meta information about a decoded video frame, as reported by the decoder.	
struct_field	is_sync	re-video	crates/utils/re_video/src/decode/mod.rs:483	public	The start of a new group of pictures?	Option<bool>
struct_field	sample_idx	re-video	crates/utils/re_video/src/decode/mod.rs:495	public	Which sample in the video is this from?	Option<SampleIndex>
struct_field	frame_nr	re-video	crates/utils/re_video/src/decode/mod.rs:505	public	Which frame is this?	Option<u32>
struct_field	presentation_timestamp	re-video	crates/utils/re_video/src/decode/mod.rs:515	public	Time at which this frame appears in the frame stream, in time units.	Time
struct_field	duration	re-video	crates/utils/re_video/src/decode/mod.rs:521	public	Duration of the frame.	Option<Time>
struct_field	latest_decode_timestamp	re-video	crates/utils/re_video/src/decode/mod.rs:526	public	The decode timestamp of the last chunk that was needed to decode this frame.	Option<Time>
function	presentation_time_range	re-video	crates/utils/re_video/src/decode/mod.rs:533	public	Presentation timestamp range in which this frame is valid.	(self: &Self) -> Range<Time>
function	heap_size_bytes	re-video	crates/utils/re_video/src/decode/mod.rs:543	default		(self: &Self) -> u64
struct	Frame	re-video	crates/utils/re_video/src/decode/mod.rs:544	public	One decoded video frame.	
struct_field	content	re-video	crates/utils/re_video/src/decode/mod.rs:545	public		FrameContent
struct_field	info	re-video	crates/utils/re_video/src/decode/mod.rs:547	public		FrameInfo
function	clone	re-video	crates/utils/re_video/src/decode/mod.rs:551	default		(self: &Self) -> PixelFormat
function	fmt	re-video	crates/utils/re_video/src/decode/mod.rs:551	default		(self: &Self, f: &mut Formatter) -> Result
enum	PixelFormat	re-video	crates/utils/re_video/src/decode/mod.rs:552	public	Pixel format/layout used by [`FrameContent::data`].	
variant	L8	re-video	crates/utils/re_video/src/decode/mod.rs:553	default		unit
variant	L16	re-video	crates/utils/re_video/src/decode/mod.rs:554	default		unit
variant	R32Float	re-video	crates/utils/re_video/src/decode/mod.rs:555	default		unit
variant	Rgb8Unorm	re-video	crates/utils/re_video/src/decode/mod.rs:556	default		unit
variant	Rgba8Unorm	re-video	crates/utils/re_video/src/decode/mod.rs:557	default		unit
variant	Yuv	re-video	crates/utils/re_video/src/decode/mod.rs:559	default		struct{3}
struct_field	layout	re-video	crates/utils/re_video/src/decode/mod.rs:560	default		YuvPixelLayout
struct_field	range	re-video	crates/utils/re_video/src/decode/mod.rs:561	default		YuvRange
struct_field	coefficients	re-video	crates/utils/re_video/src/decode/mod.rs:564	default		YuvMatrixCoefficients
function	bits_per_pixel	re-video	crates/utils/re_video/src/decode/mod.rs:570	public		(self: &Self) -> u32
function	clone	re-video	crates/utils/re_video/src/decode/mod.rs:590	default		(self: &Self) -> YuvPixelLayout
function	eq	re-video	crates/utils/re_video/src/decode/mod.rs:590	default		(self: &Self, other: &YuvPixelLayout) -> bool
function	fmt	re-video	crates/utils/re_video/src/decode/mod.rs:590	default		(self: &Self, f: &mut Formatter) -> Result
enum	YuvPixelLayout	re-video	crates/utils/re_video/src/decode/mod.rs:591	public	Pixel layout used by [`PixelFormat::Yuv`].	
variant	Y_U_V444	re-video	crates/utils/re_video/src/decode/mod.rs:592	default		unit
variant	Y_U_V422	re-video	crates/utils/re_video/src/decode/mod.rs:593	default		unit
variant	Y_U_V420	re-video	crates/utils/re_video/src/decode/mod.rs:594	default		unit
variant	Y400	re-video	crates/utils/re_video/src/decode/mod.rs:595	default		unit
function	clone	re-video	crates/utils/re_video/src/decode/mod.rs:601	default		(self: &Self) -> YuvRange
function	fmt	re-video	crates/utils/re_video/src/decode/mod.rs:601	default		(self: &Self, f: &mut Formatter) -> Result
enum	YuvRange	re-video	crates/utils/re_video/src/decode/mod.rs:602	public	Yuv value range used by [`PixelFormat::Yuv`].	
variant	Limited	re-video	crates/utils/re_video/src/decode/mod.rs:603	default		unit
variant	Full	re-video	crates/utils/re_video/src/decode/mod.rs:604	default		unit
function	clone	re-video	crates/utils/re_video/src/decode/mod.rs:610	default		(self: &Self) -> YuvMatrixCoefficients
function	fmt	re-video	crates/utils/re_video/src/decode/mod.rs:610	default		(self: &Self, f: &mut Formatter) -> Result
enum	YuvMatrixCoefficients	re-video	crates/utils/re_video/src/decode/mod.rs:611	public	Yuv matrix coefficients used by [`PixelFormat::Yuv`].	
variant	Identity	re-video	crates/utils/re_video/src/decode/mod.rs:613	default	Interpret YUV as GBR.	unit
variant	Bt601	re-video	crates/utils/re_video/src/decode/mod.rs:615	default		unit
variant	Bt709	re-video	crates/utils/re_video/src/decode/mod.rs:617	default		unit
function	clone	re-video	crates/utils/re_video/src/decode/mod.rs:628	default		(self: &Self) -> DecodeHardwareAcceleration
function	default	re-video	crates/utils/re_video/src/decode/mod.rs:628	default		() -> DecodeHardwareAcceleration
function	deserialize	re-video	crates/utils/re_video/src/decode/mod.rs:628	default		(__deserializer: __D) -> Result<Self, Error>
function	eq	re-video	crates/utils/re_video/src/decode/mod.rs:628	default		(self: &Self, other: &DecodeHardwareAcceleration) -> bool
function	fmt	re-video	crates/utils/re_video/src/decode/mod.rs:628	default		(self: &Self, f: &mut Formatter) -> Result
function	hash	re-video	crates/utils/re_video/src/decode/mod.rs:628	default		(self: &Self, state: &mut __H)
function	serialize	re-video	crates/utils/re_video/src/decode/mod.rs:628	default		(self: &Self, __serializer: __S) -> Result<Ok, Error>
enum	DecodeHardwareAcceleration	re-video	crates/utils/re_video/src/decode/mod.rs:630	public	How the video should be decoded.	
variant	Auto	re-video	crates/utils/re_video/src/decode/mod.rs:633	default	May use hardware acceleration if available and compatible with the codec.	unit
variant	PreferSoftware	re-video	crates/utils/re_video/src/decode/mod.rs:638	default	Should use a software decoder even if hardware acceleration is available.	unit
variant	PreferHardware	re-video	crates/utils/re_video/src/decode/mod.rs:643	default	Should use a hardware decoder.	unit
function	clone	re-video	crates/utils/re_video/src/decode/mod.rs:647	default		(self: &Self) -> DecodeSettings
function	default	re-video	crates/utils/re_video/src/decode/mod.rs:647	default		() -> DecodeSettings
function	deserialize	re-video	crates/utils/re_video/src/decode/mod.rs:647	default		(__deserializer: __D) -> Result<Self, Error>
function	eq	re-video	crates/utils/re_video/src/decode/mod.rs:647	default		(self: &Self, other: &DecodeSettings) -> bool
function	fmt	re-video	crates/utils/re_video/src/decode/mod.rs:647	default		(self: &Self, f: &mut Formatter) -> Result
function	hash	re-video	crates/utils/re_video/src/decode/mod.rs:647	default		(self: &Self, state: &mut __H)
function	serialize	re-video	crates/utils/re_video/src/decode/mod.rs:647	default		(self: &Self, __serializer: __S) -> Result<Ok, Error>
struct	DecodeSettings	re-video	crates/utils/re_video/src/decode/mod.rs:648	public	Settings for video decoding.	
struct_field	hw_acceleration	re-video	crates/utils/re_video/src/decode/mod.rs:650	public	How the video should be decoded.	DecodeHardwareAcceleration
struct_field	ffmpeg_path	re-video	crates/utils/re_video/src/decode/mod.rs:656	public	Custom path for the ffmpeg binary.	Option<PathBuf>
function	fmt	re-video	crates/utils/re_video/src/decode/mod.rs:660	default		(self: &Self, f: &mut Formatter) -> Result
function	from_str	re-video	crates/utils/re_video/src/decode/mod.rs:672	default		(s: &str) -> Result<Self, Err>
function	set_source_primary_id	re-video	crates/utils/re_video/src/demux/mod.rs:1005	public	Reassign the primary id of this sample's source (e.g. after the host	(self: &mut Self, new_id: Tuid)
type_alias	KeyframeIndex	re-video	crates/utils/re_video/src/demux/mod.rs:102	public	An index into [`VideoDataDescription::keyframe_indices`], not stable between mutations.	
function	decode_timestamp	re-video	crates/utils/re_video/src/demux/mod.rs:1023	public	Get the samples decode timestamp.	(self: &Self) -> Time
function	unload	re-video	crates/utils/re_video/src/demux/mod.rs:1030	public		(self: &mut Self, new_primary_id: Option<Tuid>)
function	clone	re-video	crates/utils/re_video/src/demux/mod.rs:105	default		(self: &Self) -> VideoDeliveryMethod
function	fmt	re-video	crates/utils/re_video/src/demux/mod.rs:105	default		(self: &Self, f: &mut Formatter) -> Result
function	is_loaded	re-video	crates/utils/re_video/src/demux/mod.rs:1058	public		(self: &Self) -> bool
enum	VideoDeliveryMethod	re-video	crates/utils/re_video/src/demux/mod.rs:106	public	Distinguishes static videos from potentially ongoing video streams.	
function	is_unloaded	re-video	crates/utils/re_video/src/demux/mod.rs:1065	public		(self: &Self) -> bool
variant	Static	re-video	crates/utils/re_video/src/demux/mod.rs:108	default	A static video with a fixed, known duration which won't be updated further.	struct{1}
struct_field	duration	re-video	crates/utils/re_video/src/demux/mod.rs:108	default		Time
function	clone	re-video	crates/utils/re_video/src/demux/mod.rs:1089	default		(self: &Self) -> VideoSource
function	eq	re-video	crates/utils/re_video/src/demux/mod.rs:1089	default		(self: &Self, other: &VideoSource) -> bool
function	fmt	re-video	crates/utils/re_video/src/demux/mod.rs:1089	default		(self: &Self, f: &mut Formatter) -> Result
function	hash	re-video	crates/utils/re_video/src/demux/mod.rs:1089	default		(self: &Self, state: &mut __H)
function	heap_size_bytes	re-video	crates/utils/re_video/src/demux/mod.rs:1089	default		(self: &Self) -> u64
enum	VideoSource	re-video	crates/utils/re_video/src/demux/mod.rs:1090	public	A single sample in a video.	
struct_field	0	re-video	crates/utils/re_video/src/demux/mod.rs:1093	default		Span<u64>
variant	Span	re-video	crates/utils/re_video/src/demux/mod.rs:1093	default	The bytes occupy this byte range within a single source buffer the user	tuple(1)
variant	Id	re-video	crates/utils/re_video/src/demux/mod.rs:1101	default	An identifier pair the host resolves to the sample's bytes.	struct{2}
struct_field	id	re-video	crates/utils/re_video/src/demux/mod.rs:1101	default		Tuid
struct_field	sub_id	re-video	crates/utils/re_video/src/demux/mod.rs:1101	default		Option<Tuid>
function	id	re-video	crates/utils/re_video/src/demux/mod.rs:1107	public	Identify a specific item within a container.	(id: Tuid, sub_id: Tuid) -> Self
function	only_source	re-video	crates/utils/re_video/src/demux/mod.rs:1121	public	Returns the same source with the per-sample selector cleared.	(self: Self) -> Self
function	primary_id	re-video	crates/utils/re_video/src/demux/mod.rs:1133	public	The primary id of this source, if any.	(self: &Self) -> Option<Tuid>
function	clone	re-video	crates/utils/re_video/src/demux/mod.rs:1141	default		(self: &Self) -> SampleMetadata
function	fmt	re-video	crates/utils/re_video/src/demux/mod.rs:1141	default		(self: &Self, f: &mut Formatter) -> Result
function	heap_size_bytes	re-video	crates/utils/re_video/src/demux/mod.rs:1141	default		(self: &Self) -> u64
struct	SampleMetadata	re-video	crates/utils/re_video/src/demux/mod.rs:1142	public		
struct_field	is_sync	re-video	crates/utils/re_video/src/demux/mod.rs:1148	public	Is this the start of a new (closed) group of pictures?	bool
variant	Stream	re-video	crates/utils/re_video/src/demux/mod.rs:115	default	A stream that *may* be periodically updated.	struct{1}
struct_field	frame_nr	re-video	crates/utils/re_video/src/demux/mod.rs:1158	public	Which frame does this sample belong to?	u32
struct_field	decode_timestamp	re-video	crates/utils/re_video/src/demux/mod.rs:1165	public	Time at which this sample appears in the decoded bitstream, in time units.	Time
struct_field	presentation_timestamp	re-video	crates/utils/re_video/src/demux/mod.rs:1172	public	Time at which this sample appears in the frame stream, in time units.	Time
struct_field	duration	re-video	crates/utils/re_video/src/demux/mod.rs:1178	public	Duration of the sample.	Option<Time>
struct_field	source	re-video	crates/utils/re_video/src/demux/mod.rs:1184	public	Where to fetch the sample's bytes from.	VideoSource
function	get	re-video	crates/utils/re_video/src/demux/mod.rs:1197	public	Read the sample from the video data.	(self: &Self, video_source: &impl/dyn, sample_idx: SampleIndex) -> Option<Chunk>
struct_field	last_time_updated_samples	re-video	crates/utils/re_video/src/demux/mod.rs:121	default	Last time we added/removed samples from the [`VideoDataDescription`].	Instant
function	fmt	re-video	crates/utils/re_video/src/demux/mod.rs:1218	default		(self: &Self, __formatter: &mut Formatter) -> Result
function	fmt	re-video	crates/utils/re_video/src/demux/mod.rs:1218	default		(self: &Self, f: &mut Formatter) -> Result
function	from	re-video	crates/utils/re_video/src/demux/mod.rs:1218	default		(source: Error) -> Self
function	from	re-video	crates/utils/re_video/src/demux/mod.rs:1218	default		(source: Error) -> Self
function	heap_size_bytes	re-video	crates/utils/re_video/src/demux/mod.rs:1218	default		(self: &Self) -> u64
function	source	re-video	crates/utils/re_video/src/demux/mod.rs:1218	default		(self: &Self) -> Option<&impl/dyn>
enum	VideoLoadError	re-video	crates/utils/re_video/src/demux/mod.rs:1219	public	Errors that can occur when loading a video.	
variant	ZeroBytes	re-video	crates/utils/re_video/src/demux/mod.rs:1221	default		unit
variant	ParseMp4	re-video	crates/utils/re_video/src/demux/mod.rs:1224	default		tuple(1)
struct_field	0	re-video	crates/utils/re_video/src/demux/mod.rs:1227	default		Error
variant	Io	re-video	crates/utils/re_video/src/demux/mod.rs:1231	default		tuple(1)
struct_field	0	re-video	crates/utils/re_video/src/demux/mod.rs:1234	default		Error
variant	NoVideoTrack	re-video	crates/utils/re_video/src/demux/mod.rs:1238	default		unit
variant	InvalidConfigFormat	re-video	crates/utils/re_video/src/demux/mod.rs:1241	default		unit
variant	InvalidSamples	re-video	crates/utils/re_video/src/demux/mod.rs:1244	default		unit
variant	NoTimescale	re-video	crates/utils/re_video/src/demux/mod.rs:1249	default		unit
variant	MimeTypeIsNotAVideo	re-video	crates/utils/re_video/src/demux/mod.rs:1252	default		struct{1}
struct_field	provided_or_detected_media_type	re-video	crates/utils/re_video/src/demux/mod.rs:1254	default		String
variant	UnsupportedMimeType	re-video	crates/utils/re_video/src/demux/mod.rs:1258	default		struct{1}
struct_field	provided_or_detected_media_type	re-video	crates/utils/re_video/src/demux/mod.rs:1260	default		String
variant	UnrecognizedMimeType	re-video	crates/utils/re_video/src/demux/mod.rs:1265	default	Not used in `re_video` itself, but useful for media type detection ahead of calling [`VideoDataDescription::load_from_bytes`].	unit
struct_field	0	re-video	crates/utils/re_video/src/demux/mod.rs:1269	default		FourCC
variant	UnsupportedCodec	re-video	crates/utils/re_video/src/demux/mod.rs:1269	default		tuple(1)
function	new_stream	re-video	crates/utils/re_video/src/demux/mod.rs:127	public		() -> Self
variant	UnableToDetermineCodecString	re-video	crates/utils/re_video/src/demux/mod.rs:1272	default		unit
struct_field	0	re-video	crates/utils/re_video/src/demux/mod.rs:1275	default		SpsError
variant	SpsParsingError	re-video	crates/utils/re_video/src/demux/mod.rs:1275	default		tuple(1)
function	fmt	re-video	crates/utils/re_video/src/demux/mod.rs:1279	default		(self: &Self, f: &mut Formatter) -> Result
function	clone	re-video	crates/utils/re_video/src/demux/mod.rs:138	default		(self: &Self) -> VideoDataDescription
struct	VideoDataDescription	re-video	crates/utils/re_video/src/demux/mod.rs:139	public	Description of video data.	
struct_field	codec	re-video	crates/utils/re_video/src/demux/mod.rs:141	public	The codec used to encode the video.	VideoCodec
struct_field	encoding_details	re-video	crates/utils/re_video/src/demux/mod.rs:149	public	Various information about how the video was encoded.	Option<VideoEncodingDetails>
struct_field	timescale	re-video	crates/utils/re_video/src/demux/mod.rs:155	public	How many time units are there per second.	Option<Timescale>
struct_field	delivery_method	re-video	crates/utils/re_video/src/demux/mod.rs:158	public	Whether this is a finite video or a stream.	VideoDeliveryMethod
struct_field	keyframe_indices	re-video	crates/utils/re_video/src/demux/mod.rs:161	public	A sorted list of all keyframe's sample indices in the video.	Vec<SampleIndex>
struct_field	samples	re-video	crates/utils/re_video/src/demux/mod.rs:174	public	Samples contain the byte offsets into `data` for each frame.	StableIndexDeque<SampleMetadataState>
struct_field	samples_statistics	re-video	crates/utils/re_video/src/demux/mod.rs:177	public	Meta information about the samples.	SamplesStatistics
struct_field	mp4_tracks	re-video	crates/utils/re_video/src/demux/mod.rs:182	public	All the tracks in the mp4; not just the video track.	BTreeMap<TrackId, Option<TrackKind>>
function	heap_size_bytes	re-video	crates/utils/re_video/src/demux/mod.rs:186	default		(self: &Self) -> u64
function	gop_sample_range_for_keyframe	re-video	crates/utils/re_video/src/demux/mod.rs:207	public	Get the group of pictures which use a keyframe, including the keyframe sample itself.	(self: &Self, keyframe_idx: usize) -> Option<Range<SampleIndex>>
function	image_codec_mime_type	re-video	crates/utils/re_video/src/demux/mod.rs:223	public	If this video is a [`VideoCodec::ImageSequence`], returns the	(self: &Self) -> Option<&str>
function	sanity_check	re-video	crates/utils/re_video/src/demux/mod.rs:245	public	Checks various invariants that the video description should always uphold.	(self: &Self) -> Result<(), String>
function	clone	re-video	crates/utils/re_video/src/demux/mod.rs:32	default		(self: &Self) -> ChromaSubsamplingModes
function	eq	re-video	crates/utils/re_video/src/demux/mod.rs:32	default		(self: &Self, other: &ChromaSubsamplingModes) -> bool
function	fmt	re-video	crates/utils/re_video/src/demux/mod.rs:32	default		(self: &Self, f: &mut Formatter) -> Result
enum	ChromaSubsamplingModes	re-video	crates/utils/re_video/src/demux/mod.rs:33	public	Chroma subsampling mode.	
variant	Monochrome	re-video	crates/utils/re_video/src/demux/mod.rs:35	default	No subsampling at all, since the format is monochrome.	unit
function	sample_data_in_stream_format	re-video	crates/utils/re_video/src/demux/mod.rs:353	public	Returns the encoded bytes for a sample in the format expected by [`VideoCodec`].	(self: &Self, chunk: &Chunk) -> Result<Vec<u8>, SampleConversionError>
variant	Yuv444	re-video	crates/utils/re_video/src/demux/mod.rs:41	default	No subsampling.	unit
enum	SampleConversionError	re-video	crates/utils/re_video/src/demux/mod.rs:417	public	Errors converting [`VideoDataDescription`] samples into the format expected by the decoder.	
struct_field	0	re-video	crates/utils/re_video/src/demux/mod.rs:419	default		VideoCodec
variant	MissingEncodingDetails	re-video	crates/utils/re_video/src/demux/mod.rs:419	default		tuple(1)
struct_field	0	re-video	crates/utils/re_video/src/demux/mod.rs:422	default		VideoCodec
variant	MissingStsd	re-video	crates/utils/re_video/src/demux/mod.rs:422	default		tuple(1)
variant	UnexpectedStsdContent	re-video	crates/utils/re_video/src/demux/mod.rs:425	default		struct{2}
struct_field	codec	re-video	crates/utils/re_video/src/demux/mod.rs:425	default		VideoCodec
struct_field	found	re-video	crates/utils/re_video/src/demux/mod.rs:425	default		String
struct_field	0	re-video	crates/utils/re_video/src/demux/mod.rs:428	default		AnnexBStreamWriteError
variant	AnnexB	re-video	crates/utils/re_video/src/demux/mod.rs:428	default		tuple(1)
function	clone	re-video	crates/utils/re_video/src/demux/mod.rs:435	default		(self: &Self) -> VideoEncodingDetails
function	eq	re-video	crates/utils/re_video/src/demux/mod.rs:435	default		(self: &Self, other: &VideoEncodingDetails) -> bool
function	fmt	re-video	crates/utils/re_video/src/demux/mod.rs:435	default		(self: &Self, f: &mut Formatter) -> Result
struct	VideoEncodingDetails	re-video	crates/utils/re_video/src/demux/mod.rs:436	public	Various information about how the video was encoded.	
variant	Yuv422	re-video	crates/utils/re_video/src/demux/mod.rs:44	default	Subsampling in X only.	unit
struct_field	codec_string	re-video	crates/utils/re_video/src/demux/mod.rs:443	public	Detailed codec string as specified by the `WebCodecs` codec registry.	String
struct_field	coded_dimensions	re-video	crates/utils/re_video/src/demux/mod.rs:446	public	Encoded width & height.	[u16; N]
struct_field	bit_depth	re-video	crates/utils/re_video/src/demux/mod.rs:454	public	Per color component bit depth.	Option<u8>
struct_field	chroma_subsampling	re-video	crates/utils/re_video/src/demux/mod.rs:460	public	Chroma subsampling mode.	Option<ChromaSubsamplingModes>
variant	Yuv420	re-video	crates/utils/re_video/src/demux/mod.rs:47	default	Subsampling in both X and Y.	unit
struct_field	stsd	re-video	crates/utils/re_video/src/demux/mod.rs:470	public	Optional mp4 stsd box from which this data was derived.	Option<StsdBox>
struct	GopSizes	re-video	crates/utils/re_video/src/demux/mod.rs:474	public		
struct_field	smallest	re-video	crates/utils/re_video/src/demux/mod.rs:475	public		usize
struct_field	largest	re-video	crates/utils/re_video/src/demux/mod.rs:476	public		usize
function	clone	re-video	crates/utils/re_video/src/demux/mod.rs:487	default		(self: &Self) -> SamplesStatistics
function	eq	re-video	crates/utils/re_video/src/demux/mod.rs:487	default		(self: &Self, other: &SamplesStatistics) -> bool
function	fmt	re-video	crates/utils/re_video/src/demux/mod.rs:487	default		(self: &Self, f: &mut Formatter) -> Result
struct	SamplesStatistics	re-video	crates/utils/re_video/src/demux/mod.rs:488	public	Meta information about the video samples.	
struct_field	dts_always_equal_pts	re-video	crates/utils/re_video/src/demux/mod.rs:492	public	Whether all decode timestamps are equal to presentation timestamps.	bool
struct_field	has_sample_highest_pts_so_far	re-video	crates/utils/re_video/src/demux/mod.rs:500	public	If `dts_always_equal_pts` is false, then this gives for each sample whether its PTS is the highest seen so far.	Option<BitVec>
struct_field	gop_sizes	re-video	crates/utils/re_video/src/demux/mod.rs:505	public	Stats about the gop sizes that have been observed.	GopSizes
function	heap_size_bytes	re-video	crates/utils/re_video/src/demux/mod.rs:509	default		(self: &Self) -> u64
function	fmt	re-video	crates/utils/re_video/src/demux/mod.rs:51	default		(self: &Self, f: &mut Formatter) -> Result
function	new	re-video	crates/utils/re_video/src/demux/mod.rs:532	public		(samples: &StableIndexDeque<SampleMetadataState>) -> Self
function	load_from_bytes	re-video	crates/utils/re_video/src/demux/mod.rs:603	public	Loads a video from the given data.	(data: &[u8], media_type: &str, debug_name: &str) -> Result<Self, VideoLoadError>
function	clone	re-video	crates/utils/re_video/src/demux/mod.rs:63	default		(self: &Self) -> VideoCodec
function	eq	re-video	crates/utils/re_video/src/demux/mod.rs:63	default		(self: &Self, other: &VideoCodec) -> bool
function	fmt	re-video	crates/utils/re_video/src/demux/mod.rs:63	default		(self: &Self, f: &mut Formatter) -> Result
function	human_readable_codec_string	re-video	crates/utils/re_video/src/demux/mod.rs:632	public	The codec used to encode the video.	(self: &Self) -> String
enum	VideoCodec	re-video	crates/utils/re_video/src/demux/mod.rs:64	public	The basic codec family used to encode the video.	
function	num_samples	re-video	crates/utils/re_video/src/demux/mod.rs:662	public	The number of samples in the video.	(self: &Self) -> usize
function	duration	re-video	crates/utils/re_video/src/demux/mod.rs:674	public	Duration of all present samples.	(self: &Self) -> Option<Duration>
variant	H264	re-video	crates/utils/re_video/src/demux/mod.rs:68	default	Advanced Video Coding (AVC/H.264)	unit
function	average_fps	re-video	crates/utils/re_video/src/demux/mod.rs:716	public	`num_frames / duration`.	(self: &Self) -> Option<f32>
variant	H265	re-video	crates/utils/re_video/src/demux/mod.rs:73	default	High Efficiency Video Coding (HEVC/H.265)	unit
function	average_bitrate	re-video	crates/utils/re_video/src/demux/mod.rs:735	public	Average bitrate in bits per second.	(self: &Self) -> Option<f64>
function	frame_timestamps_nanos	re-video	crates/utils/re_video/src/demux/mod.rs:762	public	Determines the video timestamps of all present frames inside a video, returning raw time values.	(self: &Self) -> Option<impl/dyn>
variant	AV1	re-video	crates/utils/re_video/src/demux/mod.rs:78	default	AOMedia Video 1 (AV1)	unit
variant	VP8	re-video	crates/utils/re_video/src/demux/mod.rs:83	default	VP8	unit
function	latest_sample_index_at_presentation_timestamp	re-video	crates/utils/re_video/src/demux/mod.rs:869	public	For a given presentation timestamp, return the index of the first sample	(self: &Self, presentation_timestamp: Time) -> Result<SampleIndex, Option<SampleIndex>>
variant	VP9	re-video	crates/utils/re_video/src/demux/mod.rs:88	default	VP9	unit
function	previous_presented_sample	re-video	crates/utils/re_video/src/demux/mod.rs:885	public	Returns the sample presenteed directly prior to the given sample.	(self: &Self, sample: &SampleMetadata) -> Option<&SampleMetadata>
function	sample_keyframe_idx	re-video	crates/utils/re_video/src/demux/mod.rs:899	public	Returns the index of the keyframe for a specific sample.	(self: &Self, sample_idx: SampleIndex) -> Option<KeyframeIndex>
function	decode_time_keyframe_index	re-video	crates/utils/re_video/src/demux/mod.rs:923	public	For a given decode (!) timestamp, return the index of the keyframe index containing the given timestamp.	(self: &Self, decode_time: Time) -> Option<KeyframeIndex>
function	presentation_time_keyframe_index	re-video	crates/utils/re_video/src/demux/mod.rs:928	public	For a given presentation timestamp, return the index of the keyframe index containing the given timestamp.	(self: &Self, pts: Time) -> Option<KeyframeIndex>
function	clone	re-video	crates/utils/re_video/src/demux/mod.rs:936	default		(self: &Self) -> SampleMetadataState
function	fmt	re-video	crates/utils/re_video/src/demux/mod.rs:936	default		(self: &Self, f: &mut Formatter) -> Result
function	heap_size_bytes	re-video	crates/utils/re_video/src/demux/mod.rs:936	default		(self: &Self) -> u64
enum	SampleMetadataState	re-video	crates/utils/re_video/src/demux/mod.rs:937	public	The state of the current sample.	
struct_field	0	re-video	crates/utils/re_video/src/demux/mod.rs:939	default		SampleMetadata
variant	Present	re-video	crates/utils/re_video/src/demux/mod.rs:939	default	Sample is present and contains video data.	tuple(1)
variant	Unloaded	re-video	crates/utils/re_video/src/demux/mod.rs:946	default	The source for this sample hasn't arrived yet.	struct{2}
struct_field	min_dts	re-video	crates/utils/re_video/src/demux/mod.rs:946	default		Time
struct_field	source_id	re-video	crates/utils/re_video/src/demux/mod.rs:946	default		Tuid
struct_field	0	re-video	crates/utils/re_video/src/demux/mod.rs:95	default		Option<String>
variant	ImageSequence	re-video	crates/utils/re_video/src/demux/mod.rs:95	default	Not a video in the traditional sense, but the data is a sequence	tuple(1)
function	sample	re-video	crates/utils/re_video/src/demux/mod.rs:950	public		(self: &Self) -> Option<&SampleMetadata>
function	sample_mut	re-video	crates/utils/re_video/src/demux/mod.rs:957	public		(self: &mut Self) -> Option<&mut SampleMetadata>
function	source	re-video	crates/utils/re_video/src/demux/mod.rs:968	public	The full [`VideoSource`] descriptor for this sample.	(self: &Self) -> VideoSource
function	source_primary_id	re-video	crates/utils/re_video/src/demux/mod.rs:984	public	The primary id of the sample's source, if any.	(self: &Self) -> Option<Tuid>
type_alias	SampleIndex	re-video	crates/utils/re_video/src/demux/mod.rs:99	public	Index used for referencing into [`VideoDataDescription::samples`].	
function	source_to_mark_in_use	re-video	crates/utils/re_video/src/demux/mod.rs:997	public	A [`VideoSource`] to pass to `get_video_chunk` purely to let the host	(self: &Self) -> Option<VideoSource>
function	load_mp4	re-video	crates/utils/re_video/src/demux/mp4.rs:22	public		(bytes: &[u8], debug_name: &str) -> Result<Self, VideoLoadError>
function	load_mp4_from_reader	re-video	crates/utils/re_video/src/demux/mp4.rs:36	public	Load mp4 metadata from a `Read + Seek` source.	(reader: &mut R, size: u64, debug_name: &str) -> Result<Self, VideoLoadError>
enum	DetectGopStartError	re-video	crates/utils/re_video/src/gop_detection.rs:10	public	Failure reason for [`detect_gop_start`].	
function	is_start_of_gop	re-video	crates/utils/re_video/src/gop_detection.rs:100	public	Is the given sample the start of a GOP (i.e. a keyframe/sync).	(sample_data: &[u8], codec: VideoCodec) -> Result<bool, DetectGopStartError>
struct_field	0	re-video	crates/utils/re_video/src/gop_detection.rs:12	default		VideoCodec
variant	UnsupportedCodec	re-video	crates/utils/re_video/src/gop_detection.rs:12	default		tuple(1)
struct_field	0	re-video	crates/utils/re_video/src/gop_detection.rs:15	default		NalHeaderError
variant	NalHeaderError	re-video	crates/utils/re_video/src/gop_detection.rs:15	default		tuple(1)
struct_field	0	re-video	crates/utils/re_video/src/gop_detection.rs:18	default		Error
variant	Av1ParserError	re-video	crates/utils/re_video/src/gop_detection.rs:18	default		tuple(1)
struct_field	0	re-video	crates/utils/re_video/src/gop_detection.rs:21	default		String
variant	FailedToExtractEncodingDetails	re-video	crates/utils/re_video/src/gop_detection.rs:21	default		tuple(1)
function	eq	re-video	crates/utils/re_video/src/gop_detection.rs:25	default		(self: &Self, other: &Self) -> bool
function	default	re-video	crates/utils/re_video/src/gop_detection.rs:42	default		() -> GopStartDetection
function	eq	re-video	crates/utils/re_video/src/gop_detection.rs:42	default		(self: &Self, other: &GopStartDetection) -> bool
function	fmt	re-video	crates/utils/re_video/src/gop_detection.rs:42	default		(self: &Self, f: &mut Formatter) -> Result
enum	GopStartDetection	re-video	crates/utils/re_video/src/gop_detection.rs:43	public	Result of a successful GOP detection.	
struct_field	0	re-video	crates/utils/re_video/src/gop_detection.rs:45	default		VideoEncodingDetails
variant	StartOfGop	re-video	crates/utils/re_video/src/gop_detection.rs:45	default	The sample is the start of a GOP and encoding details have been extracted.	tuple(1)
variant	NotStartOfGop	re-video	crates/utils/re_video/src/gop_detection.rs:49	default	The sample is not the start of a GOP.	unit
function	is_start_of_gop	re-video	crates/utils/re_video/src/gop_detection.rs:54	public		(self: &Self) -> bool
function	detect_gop_start	re-video	crates/utils/re_video/src/gop_detection.rs:63	public	Try to determine whether a frame chunk is the start of a GOP.	(sample_data: &[u8], codec: VideoCodec) -> Result<GopStartDetection, DetectGopStartError>
function	fmt	re-video	crates/utils/re_video/src/gop_detection.rs:9	default		(self: &Self, f: &mut Formatter) -> Result
function	fmt	re-video	crates/utils/re_video/src/gop_detection.rs:9	default		(self: &Self, __formatter: &mut Formatter) -> Result
function	write_avc_chunk_to_annexb	re-video	crates/utils/re_video/src/h264.rs:148	public	Write an H.264 chunk to an Annex B stream without state tracking.	(avcc: &Avc1Box, nalu_stream: &mut impl/dyn, emit_parameter_sets: bool, chunk: &Chunk) -> Result<(), AnnexBStreamWriteError>
function	write_avc_chunk_to_nalu_stream	re-video	crates/utils/re_video/src/h264.rs:177	public		(avcc: &Avc1Box, nalu_stream: &mut impl/dyn, chunk: &Chunk, state: &mut AnnexBStreamState) -> Result<(), AnnexBStreamWriteError>
function	write_hevc_chunk_to_annexb	re-video	crates/utils/re_video/src/h265.rs:158	public	Write an H.265 chunk to an Annex B stream without state tracking.	(hvcc: &HevcBox, nalu_stream: &mut impl/dyn, emit_parameter_sets: bool, chunk: &Chunk) -> Result<(), AnnexBStreamWriteError>
function	write_hevc_chunk_to_nalu_stream	re-video	crates/utils/re_video/src/h265.rs:192	public		(hvcc: &HevcBox, nalu_stream: &mut impl/dyn, chunk: &Chunk, state: &mut AnnexBStreamState) -> Result<(), AnnexBStreamWriteError>
module	re_video	re-video	crates/utils/re_video/src/lib.rs:1	public	Video decoding library.	
function	enabled_features	re-video	crates/utils/re_video/src/lib.rs:52	public		() -> &[&str]
function	channel	re-video	crates/utils/re_video/src/lib.rs:64	public	Create a channel for use with [`new_decoder`].	(debug_name: impl/dyn) -> (Sender<T>, Receiver<T>)
function	default	re-video	crates/utils/re_video/src/nalu.rs:1	default		() -> AnnexBStreamState
enum	AnnexBStreamWriteError	re-video	crates/utils/re_video/src/nalu.rs:15	public		
struct_field	0	re-video	crates/utils/re_video/src/nalu.rs:17	default		String
variant	BadVideoData	re-video	crates/utils/re_video/src/nalu.rs:17	default		tuple(1)
struct	AnnexBStreamState	re-video	crates/utils/re_video/src/nalu.rs:2	public		
struct_field	0	re-video	crates/utils/re_video/src/nalu.rs:20	default		Error
variant	FailedToWriteToStream	re-video	crates/utils/re_video/src/nalu.rs:20	default		tuple(1)
struct_field	previous_frame_was_idr	re-video	crates/utils/re_video/src/nalu.rs:3	public		bool
module	player	re-video	crates/utils/re_video/src/player/mod.rs:1	public	Video player for decoding video frames over time.	
function	severity	re-video	crates/utils/re_video/src/player/mod.rs:106	public		(self: &Self) -> VideoPlaybackIssueSeverity
function	clone	re-video	crates/utils/re_video/src/player/mod.rs:121	default		(self: &Self) -> VideoPlaybackIssueSeverity
function	eq	re-video	crates/utils/re_video/src/player/mod.rs:121	default		(self: &Self, other: &VideoPlaybackIssueSeverity) -> bool
function	fmt	re-video	crates/utils/re_video/src/player/mod.rs:121	default		(self: &Self, f: &mut Formatter) -> Result
enum	VideoPlaybackIssueSeverity	re-video	crates/utils/re_video/src/player/mod.rs:122	public	Severity of a video player error.	
variant	Error	re-video	crates/utils/re_video/src/player/mod.rs:126	default	The video can't be played back due to a proper error.	unit
variant	Informational	re-video	crates/utils/re_video/src/player/mod.rs:129	default	The video can't be played back right now, but it may not actually be an error.	unit
variant	Loading	re-video	crates/utils/re_video/src/player/mod.rs:132	default	We're still missing required data before we're able to play this video.	unit
function	loading_to_informational	re-video	crates/utils/re_video/src/player/mod.rs:136	public		(self: Self) -> Self
trait	GetVideoSource	re-video	crates/utils/re_video/src/player/mod.rs:144	public		
function	get_video_chunk	re-video	crates/utils/re_video/src/player/mod.rs:145	default		(self: &Self, source: VideoSource) -> &[u8]
function	require_video_source	re-video	crates/utils/re_video/src/player/mod.rs:147	default		(self: &Self, source: VideoSource)
function	indicate_video_source	re-video	crates/utils/re_video/src/player/mod.rs:148	default		(self: &Self, source: VideoSource)
struct_field	0	re-video	crates/utils/re_video/src/player/mod.rs:151	public		&[u8]
struct	VideoSliceSource	re-video	crates/utils/re_video/src/player/mod.rs:151	public		
function	get_video_chunk	re-video	crates/utils/re_video/src/player/mod.rs:154	default		(self: &Self, source: VideoSource) -> &[u8]
function	require_video_source	re-video	crates/utils/re_video/src/player/mod.rs:161	default		(self: &Self, _source: VideoSource)
function	indicate_video_source	re-video	crates/utils/re_video/src/player/mod.rs:163	default		(self: &Self, _source: VideoSource)
function	clone	re-video	crates/utils/re_video/src/player/mod.rs:167	default		(self: &Self) -> DecoderDelayState
function	eq	re-video	crates/utils/re_video/src/player/mod.rs:167	default		(self: &Self, other: &DecoderDelayState) -> bool
function	fmt	re-video	crates/utils/re_video/src/player/mod.rs:167	default		(self: &Self, f: &mut Formatter) -> Result
enum	DecoderDelayState	re-video	crates/utils/re_video/src/player/mod.rs:168	public	Describes whether a decoder is lagging behind or not.	
variant	UpToDate	re-video	crates/utils/re_video/src/player/mod.rs:170	default	The decoder is caught up with the most recent requested frame.	unit
variant	UpToDateToleratedEdgeOfLiveStream	re-video	crates/utils/re_video/src/player/mod.rs:185	default	We're not up to date, but we're close enough to the newest content of a live stream that we're ok.	unit
function	clone	re-video	crates/utils/re_video/src/player/mod.rs:19	default		(self: &Self) -> UnloadedSampleDataError
function	fmt	re-video	crates/utils/re_video/src/player/mod.rs:19	default		(self: &Self, f: &mut Formatter) -> Result
function	fmt	re-video	crates/utils/re_video/src/player/mod.rs:19	default		(self: &Self, __formatter: &mut Formatter) -> Result
variant	UpToDateWithinTolerance	re-video	crates/utils/re_video/src/player/mod.rs:192	default	The decoder is caught up within a certain tolerance.	unit
enum	UnloadedSampleDataError	re-video	crates/utils/re_video/src/player/mod.rs:20	public	Detailed error for unloaded samples.	
variant	Behind	re-video	crates/utils/re_video/src/player/mod.rs:200	default	The decoder is catching up after a long seek.	unit
function	should_request_more_frames	re-video	crates/utils/re_video/src/player/mod.rs:206	public	Whether a user of a video player should keep requesting a more up to date video frame even	(self: &Self) -> bool
variant	NoLoadedSamples	re-video	crates/utils/re_video/src/player/mod.rs:22	default		unit
function	clone	re-video	crates/utils/re_video/src/player/mod.rs:223	default		(self: &Self) -> VideoPlayerStreamId
function	eq	re-video	crates/utils/re_video/src/player/mod.rs:223	default		(self: &Self, other: &VideoPlayerStreamId) -> bool
function	fmt	re-video	crates/utils/re_video/src/player/mod.rs:223	default		(self: &Self, f: &mut Formatter) -> Result
function	hash	re-video	crates/utils/re_video/src/player/mod.rs:223	default		(self: &Self, state: &mut __H)
function	heap_size_bytes	re-video	crates/utils/re_video/src/player/mod.rs:223	default		(self: &Self) -> u64
struct_field	0	re-video	crates/utils/re_video/src/player/mod.rs:224	public		u64
struct	VideoPlayerStreamId	re-video	crates/utils/re_video/src/player/mod.rs:224	public	Identifier for an independent video decoding stream.	
struct	PlayerConfiguration	re-video	crates/utils/re_video/src/player/mod.rs:228	public		
struct_field	decoding_grace_delay_before_reporting	re-video	crates/utils/re_video/src/player/mod.rs:237	public	Don't report hickups lasting shorter than this.	Duration
variant	ExpectedSampleNotLoaded	re-video	crates/utils/re_video/src/player/mod.rs:25	default		unit
struct_field	tolerated_output_delay_in_num_frames	re-video	crates/utils/re_video/src/player/mod.rs:250	public	Number of frames we allow to lag behind before no longer updating the output texture.	usize
struct_field	time_until_video_assumed_ended	re-video	crates/utils/re_video/src/player/mod.rs:254	public	If we haven't seen new samples in this amount of time, we assume the video has ended	Duration
function	default	re-video	crates/utils/re_video/src/player/mod.rs:258	default		() -> Self
function	fmt	re-video	crates/utils/re_video/src/player/mod.rs:267	default		(self: &Self, f: &mut Formatter) -> Result
struct	TimedDecodingError	re-video	crates/utils/re_video/src/player/mod.rs:268	public		
struct_field	latest_error	re-video	crates/utils/re_video/src/player/mod.rs:270	public		VideoPlayerError
function	new	re-video	crates/utils/re_video/src/player/mod.rs:274	public		(latest_error: VideoPlayerError) -> Self
struct	PlayerFrameStatus	re-video	crates/utils/re_video/src/player/mod.rs:285	public	Information about the status of a frame decoding, returned by [`VideoPlayer::frame_at`].	
struct_field	decoder_delay_state	re-video	crates/utils/re_video/src/player/mod.rs:287	public	Whether the decoder is lagging behind or not.	DecoderDelayState
function	clone	re-video	crates/utils/re_video/src/player/mod.rs:29	default		(self: &Self) -> InsufficientSampleDataError
function	fmt	re-video	crates/utils/re_video/src/player/mod.rs:29	default		(self: &Self, f: &mut Formatter) -> Result
function	fmt	re-video	crates/utils/re_video/src/player/mod.rs:29	default		(self: &Self, __formatter: &mut Formatter) -> Result
struct_field	show_loading_indicator	re-video	crates/utils/re_video/src/player/mod.rs:290	public	If true, the output is so out-dated that it should have a loading indicator on top of it.	bool
struct_field	frame_info	re-video	crates/utils/re_video/src/player/mod.rs:293	public	Meta information about the decoded frame.	Option<FrameInfo>
enum	InsufficientSampleDataError	re-video	crates/utils/re_video/src/player/mod.rs:30	public	Detailed error for lack of sample data.	
struct	VideoPlayer	re-video	crates/utils/re_video/src/player/mod.rs:305	public	Decode video to a texture, optimized for extracting successive frames over time.	
variant	NoKeyFrames	re-video	crates/utils/re_video/src/player/mod.rs:32	default		unit
function	heap_size_bytes	re-video	crates/utils/re_video/src/player/mod.rs:334	default		(self: &Self) -> u64
function	drop	re-video	crates/utils/re_video/src/player/mod.rs:340	default		(self: &mut Self)
variant	NoSamples	re-video	crates/utils/re_video/src/player/mod.rs:35	default		unit
function	request_keyframe_before	re-video	crates/utils/re_video/src/player/mod.rs:354	public	Looks backwards from the given sample index, and either request the first	(video_description: &VideoDataDescription, idx: SampleIndex, video_source: &impl/dyn) -> Result<KeyframeIndex, VideoPlayerError>
variant	NoKeyFramesPriorToRequestedTimestamp	re-video	crates/utils/re_video/src/player/mod.rs:38	default		unit
variant	NoSamplesPriorToRequestedTimestamp	re-video	crates/utils/re_video/src/player/mod.rs:41	default		unit
function	new	re-video	crates/utils/re_video/src/player/mod.rs:428	public	Create a new video player for a given video.	(debug_name: &str, description: &VideoDataDescription, decode_settings: &DecodeSettings) -> Result<Self, VideoPlayerError>
variant	MissingSamples	re-video	crates/utils/re_video/src/player/mod.rs:44	default		unit
function	new_with_decoder	re-video	crates/utils/re_video/src/player/mod.rs:460	public		(sample_decoder: VideoSampleDecoder) -> Self
variant	DuplicateSampleIdx	re-video	crates/utils/re_video/src/player/mod.rs:47	default		unit
function	debug_name	re-video	crates/utils/re_video/src/player/mod.rs:475	public		(self: &Self) -> &str
function	output	re-video	crates/utils/re_video/src/player/mod.rs:480	public	Access the output storage.	(self: &Self) -> Option<&T>
function	frame_at	re-video	crates/utils/re_video/src/player/mod.rs:492	public	Get the video frame at the given time stamp.	(self: &mut Self, requested_pts: Time, video_description: &VideoDataDescription, update_output: &mut impl/dyn, video_source: &impl/dyn) -> Result<PlayerFrameStatus, VideoPlayerError>
variant	OutOfOrderSampleIdx	re-video	crates/utils/re_video/src/player/mod.rs:50	default		unit
function	clone	re-video	crates/utils/re_video/src/player/mod.rs:54	default		(self: &Self) -> VideoPlayerError
function	fmt	re-video	crates/utils/re_video/src/player/mod.rs:54	default		(self: &Self, f: &mut Formatter) -> Result
function	fmt	re-video	crates/utils/re_video/src/player/mod.rs:54	default		(self: &Self, __formatter: &mut Formatter) -> Result
function	from	re-video	crates/utils/re_video/src/player/mod.rs:54	default		(source: InsufficientSampleDataError) -> Self
function	from	re-video	crates/utils/re_video/src/player/mod.rs:54	default		(source: UnloadedSampleDataError) -> Self
function	from	re-video	crates/utils/re_video/src/player/mod.rs:54	default		(source: DecodeError) -> Self
function	source	re-video	crates/utils/re_video/src/player/mod.rs:54	default		(self: &Self) -> Option<&impl/dyn>
enum	VideoPlayerError	re-video	crates/utils/re_video/src/player/mod.rs:55	public	Error that can occur during playing videos.	
variant	EmptyBuffer	re-video	crates/utils/re_video/src/player/mod.rs:57	default		unit
struct_field	0	re-video	crates/utils/re_video/src/player/mod.rs:60	default		InsufficientSampleDataError
variant	InsufficientSampleData	re-video	crates/utils/re_video/src/player/mod.rs:60	default		tuple(1)
struct_field	0	re-video	crates/utils/re_video/src/player/mod.rs:63	default		UnloadedSampleDataError
variant	UnloadedSampleData	re-video	crates/utils/re_video/src/player/mod.rs:63	default		tuple(1)
struct_field	0	re-video	crates/utils/re_video/src/player/mod.rs:67	default		String
variant	CreateChunk	re-video	crates/utils/re_video/src/player/mod.rs:67	default	e.g. unsupported codec	tuple(1)
struct_field	0	re-video	crates/utils/re_video/src/player/mod.rs:71	default		String
variant	DecodeChunk	re-video	crates/utils/re_video/src/player/mod.rs:71	default	e.g. unsupported codec	tuple(1)
struct_field	0	re-video	crates/utils/re_video/src/player/mod.rs:75	default		DecodeError
variant	Decoding	re-video	crates/utils/re_video/src/player/mod.rs:75	default	Various errors that can occur during video decoding.	tuple(1)
variant	NegativeTimestamp	re-video	crates/utils/re_video/src/player/mod.rs:78	default		unit
variant	BadData	re-video	crates/utils/re_video/src/player/mod.rs:82	default	e.g. bad mp4, or bug in mp4 parse	unit
struct_field	0	re-video	crates/utils/re_video/src/player/mod.rs:85	default		String
variant	TextureUploadError	re-video	crates/utils/re_video/src/player/mod.rs:85	default		tuple(1)
variant	DecoderUnexpectedlyExited	re-video	crates/utils/re_video/src/player/mod.rs:88	default		unit
function	reset	re-video	crates/utils/re_video/src/player/mod.rs:966	public	Reset the video decoder and discard all frames.	(self: &mut Self, video_descr: &VideoDataDescription) -> Result<(), VideoPlayerError>
function	should_request_more_frames	re-video	crates/utils/re_video/src/player/mod.rs:97	public		(self: &Self) -> bool
function	last_enqueued	re-video	crates/utils/re_video/src/player/mod.rs:983	public	The index of the last sample that was enqueued to the decoder, if any.	(self: &Self) -> Option<SampleIndex>
function	last_requested	re-video	crates/utils/re_video/src/player/mod.rs:987	public		(self: &Self) -> Option<SampleIndex>
function	shift_indices	re-video	crates/utils/re_video/src/player/mod.rs:996	public	Shift index tracking after a splice at `splice_start` that changed the	(self: &mut Self, change_end: SampleIndex, delta: isize)
function	debug_name	re-video	crates/utils/re_video/src/player/sample_decoder.rs:120	public		(self: &Self) -> &str
function	decode	re-video	crates/utils/re_video/src/player/sample_decoder.rs:125	public	Start decoding the given chunk.	(self: &mut Self, chunk: Chunk) -> Result<(), VideoPlayerError>
function	end_of_video	re-video	crates/utils/re_video/src/player/sample_decoder.rs:151	public	Called after submitting the last chunk.	(self: &mut Self) -> Result<(), VideoPlayerError>
function	min_num_samples_to_enqueue_ahead	re-video	crates/utils/re_video/src/player/sample_decoder.rs:165	public	Minimum number of samples the decoder requests to stay head of the currently requested sample.	(self: &Self) -> usize
function	max_num_samples_to_enqueue_ahead	re-video	crates/utils/re_video/src/player/sample_decoder.rs:169	public		(self: &Self) -> usize
function	process_incoming_frames_and_drop_earlier_than	re-video	crates/utils/re_video/src/player/sample_decoder.rs:181	public	Returns the latest decoded frame at the given PTS and drops all earlier frames than the given PTS.	(self: &mut Self, pts: Time)
function	oldest_available_frame	re-video	crates/utils/re_video/src/player/sample_decoder.rs:197	public	Returns the latest decoded frame.	(self: &Self) -> Option<&Frame>
function	reset	re-video	crates/utils/re_video/src/player/sample_decoder.rs:205	public	Reset the video decoder and discard all frames.	(self: &mut Self, video_descr: &VideoDataDescription) -> Result<(), VideoPlayerError>
function	take_error	re-video	crates/utils/re_video/src/player/sample_decoder.rs:217	public	Return and clear the latest error that happened during decoding.	(self: &mut Self) -> Option<TimedDecodingError>
function	heap_size_bytes	re-video	crates/utils/re_video/src/player/sample_decoder.rs:39	default		(self: &Self) -> u64
struct	VideoSampleDecoder	re-video	crates/utils/re_video/src/player/sample_decoder.rs:40	public	Internal implementation detail of the [`super::VideoPlayer`].	
function	new	re-video	crates/utils/re_video/src/player/sample_decoder.rs:54	public		(debug_name: String, make_decoder: impl/dyn) -> Result<Self, VideoPlayerError>
function	iter	re-video	crates/utils/re_video/src/stable_index_deque.rs:102	public	See [`VecDeque::iter`].	(self: &Self) -> impl/dyn
function	iter_mut	re-video	crates/utils/re_video/src/stable_index_deque.rs:111	public	See [`VecDeque::iter_mut`].	(self: &mut Self) -> impl/dyn
function	iter_indexed	re-video	crates/utils/re_video/src/stable_index_deque.rs:123	public	Like `iter().enumerate()` but with the index offset applied.	(self: &Self) -> impl/dyn
function	iter_indexed_mut	re-video	crates/utils/re_video/src/stable_index_deque.rs:139	public	Like `iter_mut().enumerate()` but with the index offset applied.	(self: &mut Self) -> impl/dyn
function	back	re-video	crates/utils/re_video/src/stable_index_deque.rs:150	public	See [`VecDeque::back`].	(self: &Self) -> Option<&T>
function	back_mut	re-video	crates/utils/re_video/src/stable_index_deque.rs:156	public	See [`VecDeque::back_mut`].	(self: &mut Self) -> Option<&mut T>
function	front	re-video	crates/utils/re_video/src/stable_index_deque.rs:162	public	See [`VecDeque::front`].	(self: &Self) -> Option<&T>
function	front_mut	re-video	crates/utils/re_video/src/stable_index_deque.rs:168	public	See [`VecDeque::front_mut`].	(self: &mut Self) -> Option<&mut T>
function	remove_all_with_index_larger_equal	re-video	crates/utils/re_video/src/stable_index_deque.rs:187	public	Removes all elements with an index larger than or equal to the given index.	(self: &mut Self, first_index_not_contained: usize)
function	remove_all_with_index_smaller_equal	re-video	crates/utils/re_video/src/stable_index_deque.rs:203	public	Removes all elements with an index smaller or equal than the given index.	(self: &mut Self, first_index_contained: usize)
function	position	re-video	crates/utils/re_video/src/stable_index_deque.rs:219	public	[`Iterator::position`] but with the index offset applied.	(self: &Self, predicate: impl/dyn) -> Option<usize>
function	partition_point	re-video	crates/utils/re_video/src/stable_index_deque.rs:228	public	[`VecDeque::partition_point`] but with the index offset applied.	(self: &Self, f: F) -> usize
function	is_empty	re-video	crates/utils/re_video/src/stable_index_deque.rs:239	public	Whether there is no data in this deque.	(self: &Self) -> bool
function	get	re-video	crates/utils/re_video/src/stable_index_deque.rs:245	public	Retrieves an element by index.	(self: &Self, index: usize) -> Option<&T>
function	clone	re-video	crates/utils/re_video/src/stable_index_deque.rs:25	default		(self: &Self) -> StableIndexDeque<T>
function	default	re-video	crates/utils/re_video/src/stable_index_deque.rs:25	default		() -> StableIndexDeque<T>
function	fmt	re-video	crates/utils/re_video/src/stable_index_deque.rs:25	default		(self: &Self, f: &mut Formatter) -> Result
function	heap_size_bytes	re-video	crates/utils/re_video/src/stable_index_deque.rs:25	default		(self: &Self) -> u64
function	get_mut	re-video	crates/utils/re_video/src/stable_index_deque.rs:251	public	Retrieves a mutable element by index.	(self: &mut Self, index: usize) -> Option<&mut T>
struct	StableIndexDeque	re-video	crates/utils/re_video/src/stable_index_deque.rs:26	public	A deque with an offset that allows indices into it to stay valid.	
function	next_index	re-video	crates/utils/re_video/src/stable_index_deque.rs:268	public	The next index that will be used if we push a new element.	(self: &Self) -> usize
function	min_index	re-video	crates/utils/re_video/src/stable_index_deque.rs:284	public	The smallest index that is still valid for accessing elements in this deque if its non-empty.	(self: &Self) -> usize
function	num_elements	re-video	crates/utils/re_video/src/stable_index_deque.rs:302	public	The number of elements currently stored in this deque.	(self: &Self) -> usize
function	replace	re-video	crates/utils/re_video/src/stable_index_deque.rs:328	public	Replaces the elements in the given stable index range with the given replacement.	(self: &mut Self, range: Range<usize>, replacement: Vec<T>)
function	new	re-video	crates/utils/re_video/src/stable_index_deque.rs:33	public		() -> Self
function	iter_index_range_clamped	re-video	crates/utils/re_video/src/stable_index_deque.rs:354	public	Iterates over an index range which is truncated to a valid range in the list.	(self: &Self, range: &Range<usize>) -> impl/dyn
function	iter_index_range_clamped_mut	re-video	crates/utils/re_video/src/stable_index_deque.rs:378	public	Mutably iterates over an index range which is truncated to a valid range in	(self: &mut Self, range: &Range<usize>) -> impl/dyn
function	index	re-video	crates/utils/re_video/src/stable_index_deque.rs:392	default		(self: &Self, index: usize) -> &Output
function	index_mut	re-video	crates/utils/re_video/src/stable_index_deque.rs:399	default		(self: &mut Self, index: usize) -> &mut Output
function	from_iter	re-video	crates/utils/re_video/src/stable_index_deque.rs:405	default		(iter: I) -> Self
function	from_iter_with_offset	re-video	crates/utils/re_video/src/stable_index_deque.rs:49	public	Creates a new deque from an iterator and an index offset.	(index_offset: usize, iter: impl/dyn) -> Self
function	with_capacity	re-video	crates/utils/re_video/src/stable_index_deque.rs:57	public		(capacity: usize) -> Self
function	push_back	re-video	crates/utils/re_video/src/stable_index_deque.rs:66	public	See [`VecDeque::push_back`].	(self: &mut Self, value: T)
function	pop_front	re-video	crates/utils/re_video/src/stable_index_deque.rs:82	public	Unlike with [`VecDeque::pop_front`], indices into the deque stay the same.	(self: &mut Self) -> Option<T>
function	pop_back	re-video	crates/utils/re_video/src/stable_index_deque.rs:87	public	See [`VecDeque::pop_back`].	(self: &mut Self) -> Option<T>
function	extend	re-video	crates/utils/re_video/src/stable_index_deque.rs:93	public	See [`VecDeque::extend`].	(self: &mut Self, values: impl/dyn)
function	add	re-video	crates/utils/re_video/src/time.rs:102	default		(self: Self, rhs: Self) -> Output
function	sub	re-video	crates/utils/re_video/src/time.rs:111	default		(self: Self, rhs: Self) -> Output
function	clone	re-video	crates/utils/re_video/src/time.rs:14	default		(self: &Self) -> Time
function	cmp	re-video	crates/utils/re_video/src/time.rs:14	default		(self: &Self, other: &Time) -> Ordering
function	default	re-video	crates/utils/re_video/src/time.rs:14	default		() -> Time
function	eq	re-video	crates/utils/re_video/src/time.rs:14	default		(self: &Self, other: &Time) -> bool
function	hash	re-video	crates/utils/re_video/src/time.rs:14	default		(self: &Self, state: &mut __H)
function	heap_size_bytes	re-video	crates/utils/re_video/src/time.rs:14	default		(self: &Self) -> u64
function	partial_cmp	re-video	crates/utils/re_video/src/time.rs:14	default		(self: &Self, other: &Time) -> Option<Ordering>
struct_field	0	re-video	crates/utils/re_video/src/time.rs:15	public		i64
struct	Time	re-video	crates/utils/re_video/src/time.rs:15	public	A value in time units.	
function	clone	re-video	crates/utils/re_video/src/time.rs:2	default		(self: &Self) -> Timescale
function	cmp	re-video	crates/utils/re_video/src/time.rs:2	default		(self: &Self, other: &Timescale) -> Ordering
function	eq	re-video	crates/utils/re_video/src/time.rs:2	default		(self: &Self, other: &Timescale) -> bool
function	fmt	re-video	crates/utils/re_video/src/time.rs:2	default		(self: &Self, f: &mut Formatter) -> Result
function	hash	re-video	crates/utils/re_video/src/time.rs:2	default		(self: &Self, state: &mut __H)
function	partial_cmp	re-video	crates/utils/re_video/src/time.rs:2	default		(self: &Self, other: &Timescale) -> Option<Ordering>
struct	Timescale	re-video	crates/utils/re_video/src/time.rs:3	public	The number of time units per second.	
function	new	re-video	crates/utils/re_video/src/time.rs:41	public	Create a new value in _time units_.	(v: i64) -> Self
function	from_secs	re-video	crates/utils/re_video/src/time.rs:46	public		(secs_since_start: f64, timescale: Timescale) -> Self
function	from_millis	re-video	crates/utils/re_video/src/time.rs:51	public		(millis_since_start: f64, timescale: Timescale) -> Self
function	from_micros	re-video	crates/utils/re_video/src/time.rs:56	public		(micros_since_start: f64, timescale: Timescale) -> Self
function	from_nanos	re-video	crates/utils/re_video/src/time.rs:61	public		(nanos_since_start: i64, timescale: Timescale) -> Self
function	duration	re-video	crates/utils/re_video/src/time.rs:67	public	Convert to a duration	(self: Self, timescale: Timescale) -> Duration
function	into_secs	re-video	crates/utils/re_video/src/time.rs:72	public		(self: Self, timescale: Timescale) -> f64
function	into_millis	re-video	crates/utils/re_video/src/time.rs:77	public		(self: Self, timescale: Timescale) -> f64
function	new	re-video	crates/utils/re_video/src/time.rs:8	public		(v: u64) -> Self
function	into_micros	re-video	crates/utils/re_video/src/time.rs:82	public		(self: Self, timescale: Timescale) -> f64
function	into_nanos	re-video	crates/utils/re_video/src/time.rs:87	public		(self: Self, timescale: Timescale) -> i64
function	fmt	re-video	crates/utils/re_video/src/time.rs:93	default		(self: &Self, f: &mut Formatter) -> Result
