map_id	verdict	scope	canonical	meaning	problem	bundle	technical_route	technical_delegate	scratch_policy	scratch_boundary	judgment	evidence	decision_status
1	拡張	extension	Auto reframe	画角自動追従で別比率に再構成	画角自動追従で別比率に再構成	B16	未判定	未判定	未判定	未監査	意味の在庫判定はあるが、技術の委託先とスクラッチ境界は未監査	-	未監査
2	不採用		Image to video	画像から動画生成(AI)	画像から動画生成(AI)		未判定	未判定	未判定	未監査	意味の在庫判定はあるが、技術の委託先とスクラッチ境界は未監査	-	未監査
3	拡張	extension	Apply Batch Fades	バッチフェード適用	バッチフェード適用	B42	未判定	未判定	未判定	未監査	意味の在庫判定はあるが、技術の委託先とスクラッチ境界は未監査	-	未監査
4	採用予定	core	Audio	オーディオプレビュー	オーディオプレビュー	B21	上流+移植+既存構造	FFmpeg;Symphonia/Rubato/Cpal;旧motolii-audio/transport;Document/Session	許容	decode/resample/deviceは委託; deterministic mix/program/PlaybackClockだけ自前	音声I/Oは既存実装と上流へ預け、Documentと同期するmix/clockだけを最小自前にする	next/reference/OPINIONS.md:36	技術監査済
5	拡張	extension	Audio	オーディオ切替	オーディオ切替	B21	未判定	未判定	未判定	未監査	意味の在庫判定はあるが、技術の委託先とスクラッチ境界は未監査	-	未監査
6	拡張	extension	Audio	音声関連サブメニュー	音声関連サブメニュー	B21	未判定	未判定	未判定	未監査	意味の在庫判定はあるが、技術の委託先とスクラッチ境界は未監査	-	未監査
7	拡張	extension	Audio Channels	音声チャンネル設定	音声チャンネル設定	B08	未判定	未判定	未判定	未監査	意味の在庫判定はあるが、技術の委託先とスクラッチ境界は未監査	-	未監査
8	拡張	extension	Audio Channels	音声チャンネル	音声チャンネル	B08	未判定	未判定	未判定	未監査	意味の在庫判定はあるが、技術の委託先とスクラッチ境界は未監査	-	未監査
9	拡張	extension	Audio Channels	音声チャンネル	音声チャンネル	B08	未判定	未判定	未判定	未監査	意味の在庫判定はあるが、技術の委託先とスクラッチ境界は未監査	-	未監査
10	拡張	extension	Audio Enhancer	音声補正(AI)	音声補正(AI)	B42	未判定	未判定	未判定	未監査	意味の在庫判定はあるが、技術の委託先とスクラッチ境界は未監査	-	未監査
11	拡張	extension	Audio Gain / Volume	音声ゲイン・音量を調整	音声ゲイン・音量を調整	B42	未判定	未判定	未判定	未監査	意味の在庫判定はあるが、技術の委託先とスクラッチ境界は未監査	-	未監査
12	拡張	extension	Audio Hardware…	オーディオデバイス設定	オーディオデバイス設定	B12	未判定	未判定	未判定	未監査	意味の在庫判定はあるが、技術の委託先とスクラッチ境界は未監査	-	未監査
13	拡張	extension	Audio Output Mapping…	オーディオ出力チャンネル割当	オーディオ出力チャンネル割当	B12	未判定	未判定	未判定	未監査	意味の在庫判定はあるが、技術の委託先とスクラッチ境界は未監査	-	未監査
14	拡張	extension	Audio Preview (Here Forward)	現在時刻以降のオーディオプレビュー	現在時刻以降のオーディオプレビュー	B21	未判定	未判定	未判定	未監査	意味の在庫判定はあるが、技術の委託先とスクラッチ境界は未監査	-	未監査
15	拡張	extension	Audio Preview (Work Area)	ワークエリアのオーディオプレビュー	ワークエリアのオーディオプレビュー	B21	未判定	未判定	未判定	未監査	意味の在庫判定はあるが、技術の委託先とスクラッチ境界は未監査	-	未監査
16	採用予定	core	Audio Scrubbing	音声スクラビング	音声スクラビング	B21	上流+移植+既存構造	FFmpeg;Symphonia/Rubato/Cpal;旧motolii-audio/transport;Document/Session	許容	decode/resample/deviceは委託; scrub用のmix/PlaybackClockだけ自前	音声scrubの対話性は自前の最小mix/clockに残し、decode・resample・deviceを再発明しない	next/reference/KNOWN.md:116	技術監査済
17	拡張	extension	Audio Scrubbing	Shift+S	Shift+S	B21	未判定	未判定	未判定	未監査	意味の在庫判定はあるが、技術の委託先とスクラッチ境界は未監査	-	未監査
18	不採用		Audio Track Destination A1-A8(grouped, pattern)	Option+Command+1..Option+Command+8	Option+Command+1..Option+Command+8		未判定	未判定	未判定	未監査	意味の在庫判定はあるが、技術の委託先とスクラッチ境界は未監査	-	未監査
19	拡張	extension	Auto Select/Deselect All Audio	Option+Command+F9	Option+Command+F9	B31	未判定	未判定	未判定	未監査	意味の在庫判定はあるが、技術の委託先とスクラッチ境界は未監査	-	未監査
20	拡張	extension	Auto Select/Deselect Audio A1-A8(grouped, pattern)	Option+Command+F1..Option+Command+F8	Option+Command+F1..Option+Command+F8	B31	未判定	未判定	未判定	未監査	意味の在庫判定はあるが、技術の委託先とスクラッチ境界は未監査	-	未監査
21	不採用	out-of-domain?	Automation	オートメーション	オートメーション		未判定	未判定	未判定	未監査	意味の在庫判定はあるが、技術の委託先とスクラッチ境界は未監査	-	未監査
22	不採用	out-of-domain?	B-Chain Control	Bチェーンコントロール	Bチェーンコントロール		未判定	未判定	未判定	未監査	意味の在庫判定はあるが、技術の委託先とスクラッチ境界は未監査	-	未監査
23	拡張	extension	Batch Fade Settings	バッチフェード設定	バッチフェード設定	B42	未判定	未判定	未判定	未監査	意味の在庫判定はあるが、技術の委託先とスクラッチ境界は未監査	-	未監査
24	不採用	out-of-domain?	Bus Assign	バスアサイン	バスアサイン		未判定	未判定	未判定	未監査	意味の在庫判定はあるが、技術の委託先とスクラッチ境界は未監査	-	未監査
25	不採用	out-of-domain?	Bus Format	バスフォーマット	バスフォーマット		未判定	未判定	未判定	未監査	意味の在庫判定はあるが、技術の委託先とスクラッチ境界は未監査	-	未監査
26	拡張	extension	Clear Audio In and Out	音声イン/アウト解除	音声イン/アウト解除	B18	未判定	未判定	未判定	未監査	意味の在庫判定はあるが、技術の委託先とスクラッチ境界は未監査	-	未監査
27	拡張	extension	Clip Volume Down	クリップ音量ダウン	クリップ音量ダウン	B42	未判定	未判定	未判定	未監査	意味の在庫判定はあるが、技術の委託先とスクラッチ境界は未監査	-	未監査
28	拡張	extension	Clip Volume Up	クリップ音量アップ	クリップ音量アップ	B42	未判定	未判定	未判定	未監査	意味の在庫判定はあるが、技術の委託先とスクラッチ境界は未監査	-	未監査
29	拡張	extension	Decrease Audio Track Height	オーディオトラック高を縮小	オーディオトラック高を縮小	B52	未判定	未判定	未判定	未監査	意味の在庫判定はあるが、技術の委託先とスクラッチ境界は未監査	-	未監査
30	拡張	extension	Decrease Audio Tracks Height	音声トラック高縮小	音声トラック高縮小	B52	未判定	未判定	未判定	未監査	意味の在庫判定はあるが、技術の委託先とスクラッチ境界は未監査	-	未監査
31	不採用	out-of-domain?	Export Master	マスターをエクスポート	マスターをエクスポート		未判定	未判定	未判定	未監査	意味の在庫判定はあるが、技術の委託先とスクラッチ境界は未監査	-	未監査
32	不採用	out-of-domain?	Fairlight Viewer	Fairlightビューア	Fairlightビューア		未判定	未判定	未判定	未監査	意味の在庫判定はあるが、技術の委託先とスクラッチ境界は未監査	-	未監査
33	拡張	extension	Flatten Audio Track Layers	音声トラックレイヤーを統合	音声トラックレイヤーを統合	B52	未判定	未判定	未判定	未監査	意味の在庫判定はあるが、技術の委託先とスクラッチ境界は未監査	-	未監査
34	不採用	out-of-domain?	Import Master	マスターをインポート	マスターをインポート		未判定	未判定	未判定	未監査	意味の在庫判定はあるが、技術の委託先とスクラッチ境界は未監査	-	未監査
35	拡張	extension	Increase Audio Track Height	オーディオトラック高を拡大	オーディオトラック高を拡大	B52	未判定	未判定	未判定	未監査	意味の在庫判定はあるが、技術の委託先とスクラッチ境界は未監査	-	未監査
36	拡張	extension	Increase Audio Tracks Height	音声トラック高拡大	音声トラック高拡大	B52	未判定	未判定	未判定	未監査	意味の在庫判定はあるが、技術の委託先とスクラッチ境界は未監査	-	未監査
37	不採用	out-of-domain?	Input Monitor Style	入力モニタースタイル	入力モニタースタイル		未判定	未判定	未判定	未監査	意味の在庫判定はあるが、技術の委託先とスクラッチ境界は未監査	-	未監査
38	拡張	extension	Layered Audio Editing	レイヤー音声編集	レイヤー音声編集	B52	未判定	未判定	未判定	未監査	意味の在庫判定はあるが、技術の委託先とスクラッチ境界は未監査	-	未監査
39	不採用	out-of-domain?	Link Group	リンクグループ	リンクグループ		未判定	未判定	未判定	未監査	意味の在庫判定はあるが、技術の委託先とスクラッチ境界は未監査	-	未監査
40	拡張	extension	Lock/Unlock All Audio Tracks	Option+Shift+F9	Option+Shift+F9	B32	未判定	未判定	未判定	未監査	意味の在庫判定はあるが、技術の委託先とスクラッチ境界は未監査	-	未監査
41	拡張	extension	Lock/Unlock Audio Track A1-A8(grouped, pattern)	Option+Shift+F1..Option+Shift+F8	Option+Shift+F1..Option+Shift+F8	B32	未判定	未判定	未判定	未監査	意味の在庫判定はあるが、技術の委託先とスクラッチ境界は未監査	-	未監査
42	拡張	extension	Loudness normalisation	音量正規化	音量正規化	B42	未判定	未判定	未判定	未監査	意味の在庫判定はあるが、技術の委託先とスクラッチ境界は未監査	-	未監査
43	拡張	extension	Manually preview audio	オーディオを手動プレビュー	オーディオを手動プレビュー	B21	未判定	未判定	未判定	未監査	意味の在庫判定はあるが、技術の委託先とスクラッチ境界は未監査	-	未監査
44	拡張	extension	Mark Audio In	音声イン点設定	音声イン点設定	B18	未判定	未判定	未判定	未監査	意味の在庫判定はあるが、技術の委託先とスクラッチ境界は未監査	-	未監査
45	拡張	extension	Mark Audio Out	音声アウト点設定	音声アウト点設定	B18	未判定	未判定	未判定	未監査	意味の在庫判定はあるが、技術の委託先とスクラッチ境界は未監査	-	未監査
46	不採用	out-of-domain?	Monitoring	モニタリング	モニタリング		未判定	未判定	未判定	未監査	意味の在庫判定はあるが、技術の委託先とスクラッチ境界は未監査	-	未監査
47	拡張	extension	Music	音楽ライブラリから追加	音楽ライブラリから追加	B42	未判定	未判定	未判定	未監査	意味の在庫判定はあるが、技術の委託先とスクラッチ境界は未監査	-	未監査
48	構造吸収	absorbed	Open or close Audio panel	Audioパネル開閉	pane/workspaceの表示差分が製品固有の第二状態になる	B25	既存構造	固定pane構造(next/shell/motolii-shell/src/pane_layout.rs:109-124)	不要	独立したowner・状態・検収を増やさない	因果未記入: pane/workspaceの表示差分が製品固有の第二状態になる は 固定pane構造(next/shell/motolii-shell/src/pane_layout.rs:109-124) で Browser/Stage/Inspector/Timelineの同じ4役割で制作する に到達する。active panel/workspace preset/page/maximize/dockの専用粒 は独立実装しない	next/shell/motolii-shell/src/pane_layout.rs:109-124	構造吸収から導出
49	不採用		Overlay Synced Audio File Names	同期音声ファイル名オーバーレイ	同期音声ファイル名オーバーレイ		未判定	未判定	未判定	未監査	意味の在庫判定はあるが、技術の委託先とスクラッチ境界は未監査	-	未監査
50	不採用	out-of-domain?	Patch Input/Output	入出力パッチ	入出力パッチ		未判定	未判定	未判定	未監査	意味の在庫判定はあるが、技術の委託先とスクラッチ境界は未監査	-	未監査
51	拡張	extension	Play Again	再度再生	再度再生	B21	未判定	未判定	未判定	未監査	意味の在庫判定はあるが、技術の委託先とスクラッチ境界は未監査	-	未監査
52	不採用	out-of-domain?	Presets Library	プリセットライブラリ	プリセットライブラリ		未判定	未判定	未判定	未監査	意味の在庫判定はあるが、技術の委託先とスクラッチ境界は未監査	-	未監査
53	拡張	extension	Preview only audio from current time	現在時刻からオーディオのみプレビュー	現在時刻からオーディオのみプレビュー	B21	未判定	未判定	未判定	未監査	意味の在庫判定はあるが、技術の委託先とスクラッチ境界は未監査	-	未監査
54	拡張	extension	Preview only audio in work area	ワークエリアのオーディオのみプレビュー	ワークエリアのオーディオのみプレビュー	B21	未判定	未判定	未判定	未監査	意味の在庫判定はあるが、技術の委託先とスクラッチ境界は未監査	-	未監査
55	不採用	out-of-domain?	Remote Control Settings	リモートコントロール設定	リモートコントロール設定		未判定	未判定	未判定	未監査	意味の在庫判定はあるが、技術の委託先とスクラッチ境界は未監査	-	未監査
56	不採用	out-of-domain?	Renderer Settings	レンダラー設定	レンダラー設定		未判定	未判定	未判定	未監査	意味の在庫判定はあるが、技術の委託先とスクラッチ境界は未監査	-	未監査
57	拡張	extension	Select Nearest Audio Edit Point	最寄り音声編集点を選択	最寄り音声編集点を選択	B31	未判定	未判定	未判定	未監査	意味の在庫判定はあるが、技術の委託先とスクラッチ境界は未監査	-	未監査
58	拡張	extension	Show Audio Track Layers	音声トラックレイヤー表示	音声トラックレイヤー表示	B52	未判定	未判定	未判定	未監査	意味の在庫判定はあるが、技術の委託先とスクラッチ境界は未監査	-	未監査
59	拡張	extension	Show Clip Gain Line	クリップゲインライン表示	クリップゲインライン表示	B42	未判定	未判定	未判定	未監査	意味の在庫判定はあるが、技術の委託先とスクラッチ境界は未監査	-	未監査
60	不採用		Slip Audio	音声スリップ	音声スリップ		未判定	未判定	未判定	未監査	意味の在庫判定はあるが、技術の委託先とスクラッチ境界は未監査	-	未監査
61	不採用		Slip Audio One Frame Forward	Option+.	Option+.		未判定	未判定	未判定	未監査	意味の在庫判定はあるが、技術の委託先とスクラッチ境界は未監査	-	未監査
62	不採用		Slip Audio One Frame Reverse	Option+,	Option+,		未判定	未判定	未判定	未監査	意味の在庫判定はあるが、技術の委託先とスクラッチ境界は未監査	-	未監査
63	拡張	extension	Sound effects	効果音追加	効果音追加	B42	未判定	未判定	未判定	未監査	意味の在庫判定はあるが、技術の委託先とスクラッチ境界は未監査	-	未監査
64	不採用	out-of-domain?	Space View Scope	空間ビュースコープ	空間ビュースコープ		未判定	未判定	未判定	未監査	意味の在庫判定はあるが、技術の委託先とスクラッチ境界は未監査	-	未監査
65	拡張	extension	Synchronize > Audio Channels	音声チャンネルで同期	音声チャンネルで同期	B40	未判定	未判定	未判定	未監査	意味の在庫判定はあるが、技術の委託先とスクラッチ境界は未監査	-	未監査
66	不採用	out-of-domain?	Test Tones Settings	テストトーン設定	テストトーン設定		未判定	未判定	未判定	未監査	意味の在庫判定はあるが、技術の委託先とスクラッチ境界は未監査	-	未監査
67	拡張	extension	Trim Audio Edits to Frame Boundaries	音声編集点をフレーム境界にトリム	音声編集点をフレーム境界にトリム	B39	未判定	未判定	未判定	未監査	意味の在庫判定はあるが、技術の委託先とスクラッチ境界は未監査	-	未監査
68	不採用	out-of-domain?	VCA Assign	VCAアサイン	VCAアサイン		未判定	未判定	未判定	未監査	意味の在庫判定はあるが、技術の委託先とスクラッチ境界は未監査	-	未監査
69	拡張	extension	View Clip Info Display	クリップ情報表示	クリップ情報表示	B25	未判定	未判定	未判定	未監査	意味の在庫判定はあるが、技術の委託先とスクラッチ境界は未監査	-	未監査
70	拡張	extension	Vocal isolation	ボーカル分離	ボーカル分離	B42	未判定	未判定	未判定	未監査	意味の在庫判定はあるが、技術の委託先とスクラッチ境界は未監査	-	未監査
71	不採用		Voice Cloning	音声クローン(AI)	音声クローン(AI)		未判定	未判定	未判定	未監査	意味の在庫判定はあるが、技術の委託先とスクラッチ境界は未監査	-	未監査
72	拡張	extension	Voice filters	ボイスフィルター適用	ボイスフィルター適用	B42	未判定	未判定	未判定	未監査	意味の在庫判定はあるが、技術の委託先とスクラッチ境界は未監査	-	未監査
73	拡張	extension	Voiceover	ナレーション録音	ナレーション録音	B42	未判定	未判定	未判定	未監査	意味の在庫判定はあるが、技術の委託先とスクラッチ境界は未監査	-	未監査
74	拡張	extension	Zoom Audio Waveform	音声波形ズーム	音声波形ズーム	B24	未判定	未判定	未判定	未監査	意味の在庫判定はあるが、技術の委託先とスクラッチ境界は未監査	-	未監査
75	採用済		Add	加算	加算	B01	未判定	未判定	未判定	未監査	意味の在庫判定はあるが、技術の委託先とスクラッチ境界は未監査	-	未監査
76	拡張	extension	Alpha Add	アルファ加算	アルファ加算	B01	未判定	未判定	未判定	未監査	意味の在庫判定はあるが、技術の委託先とスクラッチ境界は未監査	-	未監査
77	拡張	extension	Classic Difference	差(クラシック)	差(クラシック)	B01	未判定	未判定	未判定	未監査	意味の在庫判定はあるが、技術の委託先とスクラッチ境界は未監査	-	未監査
78	拡張	extension	Cycle through blending modes	ブレンドモードを巡回	ブレンドモードを巡回	B01	未判定	未判定	未判定	未監査	意味の在庫判定はあるが、技術の委託先とスクラッチ境界は未監査	-	未監査
79	拡張	extension	Dancing Dissolve	ダンシングディゾルブ	ダンシングディゾルブ	B01	未判定	未判定	未判定	未監査	意味の在庫判定はあるが、技術の委託先とスクラッチ境界は未監査	-	未監査
80	採用済		Darken	比較(暗)	比較(暗)	B01	未判定	未判定	未判定	未監査	意味の在庫判定はあるが、技術の委託先とスクラッチ境界は未監査	-	未監査
81	採用済		Difference	差	差	B01	未判定	未判定	未判定	未監査	意味の在庫判定はあるが、技術の委託先とスクラッチ境界は未監査	-	未監査
82	拡張	extension	Dissolve	ディゾルブ	ディゾルブ	B01	未判定	未判定	未判定	未監査	意味の在庫判定はあるが、技術の委託先とスクラッチ境界は未監査	-	未監査
83	拡張	extension	Divide	除算	除算	B01	未判定	未判定	未判定	未監査	意味の在庫判定はあるが、技術の委託先とスクラッチ境界は未監査	-	未監査
84	採用済		Exclusion	除外	除外	B01	未判定	未判定	未判定	未監査	意味の在庫判定はあるが、技術の委託先とスクラッチ境界は未監査	-	未監査
85	採用済		Hard Light	ハードライト	ハードライト	B01	未判定	未判定	未判定	未監査	意味の在庫判定はあるが、技術の委託先とスクラッチ境界は未監査	-	未監査
86	拡張	extension	Hard Mix	ハードミックス	ハードミックス	B01	未判定	未判定	未判定	未監査	意味の在庫判定はあるが、技術の委託先とスクラッチ境界は未監査	-	未監査
87	拡張	extension	Hue	色相	色相	B01	未判定	未判定	未判定	未監査	意味の在庫判定はあるが、技術の委託先とスクラッチ境界は未監査	-	未監査
88	採用済		Lighten	比較(明)	比較(明)	B01	未判定	未判定	未判定	未監査	意味の在庫判定はあるが、技術の委託先とスクラッチ境界は未監査	-	未監査
89	拡張	extension	Linear Burn	焼き込み(リニア)	焼き込み(リニア)	B01	未判定	未判定	未判定	未監査	意味の在庫判定はあるが、技術の委託先とスクラッチ境界は未監査	-	未監査
90	拡張	extension	Linear Dodge	覆い焼き(リニア)	覆い焼き(リニア)	B01	未判定	未判定	未判定	未監査	意味の在庫判定はあるが、技術の委託先とスクラッチ境界は未監査	-	未監査
91	拡張	extension	Linear Light	リニアライト	リニアライト	B01	未判定	未判定	未判定	未監査	意味の在庫判定はあるが、技術の委託先とスクラッチ境界は未監査	-	未監査
92	拡張	extension	Luminescent Premul	光有りプリマル	光有りプリマル	B01	未判定	未判定	未判定	未監査	意味の在庫判定はあるが、技術の委託先とスクラッチ境界は未監査	-	未監査
93	拡張	extension	Luminosity	輝度	輝度	B01	未判定	未判定	未判定	未監査	意味の在庫判定はあるが、技術の委託先とスクラッチ境界は未監査	-	未監査
94	採用済		Multiply	乗算	乗算	B01	未判定	未判定	未判定	未監査	意味の在庫判定はあるが、技術の委託先とスクラッチ境界は未監査	-	未監査
95	拡張	extension	Next Blending Mode	次のブレンドモードへ	次のブレンドモードへ	B01	未判定	未判定	未判定	未監査	意味の在庫判定はあるが、技術の委託先とスクラッチ境界は未監査	-	未監査
96	採用済		Normal	通常	通常	B01	未判定	未判定	未判定	未監査	意味の在庫判定はあるが、技術の委託先とスクラッチ境界は未監査	-	未監査
97	採用済		Overlay	オーバーレイ	オーバーレイ	B01	未判定	未判定	未判定	未監査	意味の在庫判定はあるが、技術の委託先とスクラッチ境界は未監査	-	未監査
98	拡張	extension	Pin Light	ピンライト	ピンライト	B01	未判定	未判定	未判定	未監査	意味の在庫判定はあるが、技術の委託先とスクラッチ境界は未監査	-	未監査
99	拡張	extension	Saturation	彩度	彩度	B01	未判定	未判定	未判定	未監査	意味の在庫判定はあるが、技術の委託先とスクラッチ境界は未監査	-	未監査
100	採用済		Screen	スクリーン	スクリーン	B01	未判定	未判定	未判定	未監査	意味の在庫判定はあるが、技術の委託先とスクラッチ境界は未監査	-	未監査
101	拡張	extension	Silhouette Alpha	シルエットアルファ	シルエットアルファ	B01	未判定	未判定	未判定	未監査	意味の在庫判定はあるが、技術の委託先とスクラッチ境界は未監査	-	未監査
102	拡張	extension	Silhouette Luma	シルエット輝度	シルエット輝度	B01	未判定	未判定	未判定	未監査	意味の在庫判定はあるが、技術の委託先とスクラッチ境界は未監査	-	未監査
103	採用済		Soft Light	ソフトライト	ソフトライト	B01	未判定	未判定	未判定	未監査	意味の在庫判定はあるが、技術の委託先とスクラッチ境界は未監査	-	未監査
104	拡張	extension	Stencil Alpha	ステンシルアルファ	ステンシルアルファ	B01	未判定	未判定	未判定	未監査	意味の在庫判定はあるが、技術の委託先とスクラッチ境界は未監査	-	未監査
105	拡張	extension	Stencil Luma	ステンシル輝度	ステンシル輝度	B01	未判定	未判定	未判定	未監査	意味の在庫判定はあるが、技術の委託先とスクラッチ境界は未監査	-	未監査
106	拡張	extension	Subtract	減算	減算	B01	未判定	未判定	未判定	未監査	意味の在庫判定はあるが、技術の委託先とスクラッチ境界は未監査	-	未監査
107	拡張	extension	Vivid Light	ビビッドライト	ビビッドライト	B01	未判定	未判定	未判定	未監査	意味の在庫判定はあるが、技術の委託先とスクラッチ境界は未監査	-	未監査
108	採用済		3D Layer	3Dレイヤー化	3Dレイヤー化	B17	未判定	未判定	未判定	未監査	意味の在庫判定はあるが、技術の委託先とスクラッチ境界は未監査	-	未監査
109	採用予定	core	Activate and cycle Camera tools	カメラツールを巡回	カメラツールを巡回	B29	既存構造+先例	Composition.camera;Stage/gizmo;AE/Blender	抑制	tool selectionは薄いinput adapterだけ; camera stateを二重化しない	カメラツールの巡回は既存cameraとStage操作へ委託し、専用カメラ状態を増やさない	next/DECISIONS.md:123	技術監査済
110	採用済		Active Camera	アクティブカメラ視点	アクティブカメラ視点	B17	未判定	未判定	未判定	未監査	意味の在庫判定はあるが、技術の委託先とスクラッチ境界は未監査	-	未監査
111	構造吸収	absorbed	Back	背面視点	3D view/gizmoのプリセットがカメラ状態を増殖させる	B17	既存構造	Composition.camera+既存property/Stage gizmo(next/DECISIONS.md:123-125)	不要	独立したowner・状態・検収を増やさない	因果未記入: 3D view/gizmoのプリセットがカメラ状態を増殖させる は Composition.camera+既存property/Stage gizmo(next/DECISIONS.md:123-125) で 同じcamera/transform結果を操作する に到達する。Front/Back/Custom Viewと個別gizmo起動 は独立実装しない	next/DECISIONS.md:123-125	構造吸収から導出
112	構造吸収	absorbed	Bottom	下視点	3D view/gizmoのプリセットがカメラ状態を増殖させる	B17	既存構造	Composition.camera+既存property/Stage gizmo(next/DECISIONS.md:123-125)	不要	独立したowner・状態・検収を増やさない	因果未記入: 3D view/gizmoのプリセットがカメラ状態を増殖させる は Composition.camera+既存property/Stage gizmo(next/DECISIONS.md:123-125) で 同じcamera/transform結果を操作する に到達する。Front/Back/Custom Viewと個別gizmo起動 は独立実装しない	next/DECISIONS.md:123-125	構造吸収から導出
113	採用予定	core	Camera…	新規カメラレイヤー	新規カメラレイヤー	B17	既存構造+先例+自前最小	Composition.camera;Lottie/AE;glam/re_renderer	許容	pose propertyの継ぎ目だけ自前; projection mathは既存cameraへ委託	向きの表現と補間の継ぎ目だけは不足しているため自前を許容し、意味と投影は先例・既存計算へ預ける	next/DECISIONS.md:229	技術監査済
114	不採用	out-of-domain?	Create Orbit Null	オービットヌル作成	オービットヌル作成		未判定	未判定	未判定	未監査	意味の在庫判定はあるが、技術の委託先とスクラッチ境界は未監査	-	未監査
115	不採用	out-of-domain?	Create Stereo 3D Rig	ステレオ3Dリグ作成	ステレオ3Dリグ作成		未判定	未判定	未判定	未監査	意味の在庫判定はあるが、技術の委託先とスクラッチ境界は未監査	-	未監査
116	構造吸収	absorbed	Custom View 1	カスタム視点1	3D view/gizmoのプリセットがカメラ状態を増殖させる	B17	既存構造	Composition.camera+既存property/Stage gizmo(next/DECISIONS.md:123-125)	不要	独立したowner・状態・検収を増やさない	因果未記入: 3D view/gizmoのプリセットがカメラ状態を増殖させる は Composition.camera+既存property/Stage gizmo(next/DECISIONS.md:123-125) で 同じcamera/transform結果を操作する に到達する。Front/Back/Custom Viewと個別gizmo起動 は独立実装しない	next/DECISIONS.md:123-125	構造吸収から導出
117	構造吸収	absorbed	Custom View 2	カスタム視点2	3D view/gizmoのプリセットがカメラ状態を増殖させる	B17	既存構造	Composition.camera+既存property/Stage gizmo(next/DECISIONS.md:123-125)	不要	独立したowner・状態・検収を増やさない	因果未記入: 3D view/gizmoのプリセットがカメラ状態を増殖させる は Composition.camera+既存property/Stage gizmo(next/DECISIONS.md:123-125) で 同じcamera/transform結果を操作する に到達する。Front/Back/Custom Viewと個別gizmo起動 は独立実装しない	next/DECISIONS.md:123-125	構造吸収から導出
118	構造吸収	absorbed	Custom View 3	カスタム視点3	3D view/gizmoのプリセットがカメラ状態を増殖させる	B17	既存構造	Composition.camera+既存property/Stage gizmo(next/DECISIONS.md:123-125)	不要	独立したowner・状態・検収を増やさない	因果未記入: 3D view/gizmoのプリセットがカメラ状態を増殖させる は Composition.camera+既存property/Stage gizmo(next/DECISIONS.md:123-125) で 同じcamera/transform結果を操作する に到達する。Front/Back/Custom Viewと個別gizmo起動 は独立実装しない	next/DECISIONS.md:123-125	構造吸収から導出
119	構造吸収	absorbed	Front	正面視点	3D view/gizmoのプリセットがカメラ状態を増殖させる	B17	既存構造	Composition.camera+既存property/Stage gizmo(next/DECISIONS.md:123-125)	不要	独立したowner・状態・検収を増やさない	因果未記入: 3D view/gizmoのプリセットがカメラ状態を増殖させる は Composition.camera+既存property/Stage gizmo(next/DECISIONS.md:123-125) で 同じcamera/transform結果を操作する に到達する。Front/Back/Custom Viewと個別gizmo起動 は独立実装しない	next/DECISIONS.md:123-125	構造吸収から導出
120	構造吸収	absorbed	Left	左視点	3D view/gizmoのプリセットがカメラ状態を増殖させる	B17	既存構造	Composition.camera+既存property/Stage gizmo(next/DECISIONS.md:123-125)	不要	独立したowner・状態・検収を増やさない	因果未記入: 3D view/gizmoのプリセットがカメラ状態を増殖させる は Composition.camera+既存property/Stage gizmo(next/DECISIONS.md:123-125) で 同じcamera/transform結果を操作する に到達する。Front/Back/Custom Viewと個別gizmo起動 は独立実装しない	next/DECISIONS.md:123-125	構造吸収から導出
121	不採用	out-of-domain?	Link Focus Distance to Layer	レイヤーにフォーカス距離をリンク	レイヤーにフォーカス距離をリンク		未判定	未判定	未判定	未監査	意味の在庫判定はあるが、技術の委託先とスクラッチ境界は未監査	-	未監査
122	不採用	out-of-domain?	Link Focus Distance to Point of Interest	注視点にフォーカス距離をリンク	注視点にフォーカス距離をリンク		未判定	未判定	未判定	未監査	意味の在庫判定はあるが、技術の委託先とスクラッチ境界は未監査	-	未監査
123	構造吸収	absorbed	Maximize/Restore Frame	フレームの最大化/復帰	pane/workspaceの表示差分が製品固有の第二状態になる	B17	既存構造	固定pane構造(next/shell/motolii-shell/src/pane_layout.rs:109-124)	不要	独立したowner・状態・検収を増やさない	因果未記入: pane/workspaceの表示差分が製品固有の第二状態になる は 固定pane構造(next/shell/motolii-shell/src/pane_layout.rs:109-124) で Browser/Stage/Inspector/Timelineの同じ4役割で制作する に到達する。active panel/workspace preset/page/maximize/dockの専用粒 は独立実装しない	next/shell/motolii-shell/src/pane_layout.rs:109-124	構造吸収から導出
124	拡張	extension	Move camera to look at selected 3D layers	選択3Dレイヤーを見るようカメラ移動	選択3Dレイヤーを見るようカメラ移動	B17	未判定	未判定	未判定	未監査	意味の在庫判定はあるが、技術の委託先とスクラッチ境界は未監査	-	未監査
125	不採用		New camera	新規カメラ	新規カメラ		未判定	未判定	未判定	未監査	意味の在庫判定はあるが、技術の委託先とスクラッチ境界は未監査	-	未監査
126	不採用		New light	新規ライト	新規ライト		未判定	未判定	未判定	未監査	意味の在庫判定はあるが、技術の委託先とスクラッチ境界は未監査	-	未監査
127	不採用		Record Multi-Camera	マルチカメラ収録(ライブ切替)	マルチカメラ収録(ライブ切替)		未判定	未判定	未判定	未監査	意味の在庫判定はあるが、技術の委託先とスクラッチ境界は未監査	-	未監査
128	拡張	extension	Reset 3D View	3Dビューをリセット	3Dビューをリセット	B17	未判定	未判定	未判定	未監査	意味の在庫判定はあるが、技術の委託先とスクラッチ境界は未監査	-	未監査
129	拡張	extension	Return to previous view	直前のビューへ戻る	直前のビューへ戻る	B17	未判定	未判定	未判定	未監査	意味の在庫判定はあるが、技術の委託先とスクラッチ境界は未監査	-	未監査
130	構造吸収	absorbed	Right	右視点	3D view/gizmoのプリセットがカメラ状態を増殖させる	B17	既存構造	Composition.camera+既存property/Stage gizmo(next/DECISIONS.md:123-125)	不要	独立したowner・状態・検収を増やさない	因果未記入: 3D view/gizmoのプリセットがカメラ状態を増殖させる は Composition.camera+既存property/Stage gizmo(next/DECISIONS.md:123-125) で 同じcamera/transform結果を操作する に到達する。Front/Back/Custom Viewと個別gizmo起動 は独立実装しない	next/DECISIONS.md:123-125	構造吸収から導出
131	不採用	out-of-domain?	Set Focus Distance to Layer	レイヤーへフォーカス距離を設定	レイヤーへフォーカス距離を設定		未判定	未判定	未判定	未監査	意味の在庫判定はあるが、技術の委託先とスクラッチ境界は未監査	-	未監査
132	構造吸収	absorbed	Switch to 3D view 1 (Front)	3Dビュー1(正面)へ	3D view/gizmoのプリセットがカメラ状態を増殖させる	B17	既存構造	Composition.camera+既存property/Stage gizmo(next/DECISIONS.md:123-125)	不要	独立したowner・状態・検収を増やさない	因果未記入: 3D view/gizmoのプリセットがカメラ状態を増殖させる は Composition.camera+既存property/Stage gizmo(next/DECISIONS.md:123-125) で 同じcamera/transform結果を操作する に到達する。Front/Back/Custom Viewと個別gizmo起動 は独立実装しない	next/DECISIONS.md:123-125	構造吸収から導出
133	構造吸収	absorbed	Switch to 3D view 2 (Custom View 1)	3Dビュー2(カスタム1)へ	3D view/gizmoのプリセットがカメラ状態を増殖させる	B17	既存構造	Composition.camera+既存property/Stage gizmo(next/DECISIONS.md:123-125)	不要	独立したowner・状態・検収を増やさない	因果未記入: 3D view/gizmoのプリセットがカメラ状態を増殖させる は Composition.camera+既存property/Stage gizmo(next/DECISIONS.md:123-125) で 同じcamera/transform結果を操作する に到達する。Front/Back/Custom Viewと個別gizmo起動 は独立実装しない	next/DECISIONS.md:123-125	構造吸収から導出
134	採用予定	core	Switch to 3D view 3 (Active Camera)	3Dビュー3(アクティブカメラ)へ	3Dビュー3(アクティブカメラ)へ	B17	既存構造+先例+上流	Composition.camera;glam/re_renderer;AE Active Camera	抑制	active cameraの表示切替だけ; render cameraを増やさない	Active Camera表示は既存Composition.cameraと共有投影へ接続し、別render経路を作らない	next/DECISIONS.md:123	技術監査済
135	不採用		Switch to Camera 1-9	マルチカメラの各カメラへ切替	マルチカメラの各カメラへ切替		未判定	未判定	未判定	未監査	意味の在庫判定はあるが、技術の委託先とスクラッチ境界は未監査	-	未監査
136	構造吸収	absorbed	Switch to Camera Originals	カメラオリジナルへ切替	3D view/gizmoのプリセットがカメラ状態を増殖させる	B17	既存構造	Composition.camera+既存property/Stage gizmo(next/DECISIONS.md:123-125)	不要	独立したowner・状態・検収を増やさない	因果未記入: 3D view/gizmoのプリセットがカメラ状態を増殖させる は Composition.camera+既存property/Stage gizmo(next/DECISIONS.md:123-125) で 同じcamera/transform結果を操作する に到達する。Front/Back/Custom Viewと個別gizmo起動 は独立実装しない	next/DECISIONS.md:123-125	構造吸収から導出
137	採用予定	core	Switch to Dolly camera control	ドリーカメラ操作へ	ドリーカメラ操作へ	B17	既存構造+先例	Composition.camera;Stage/gizmo;Blender Dolly	抑制	操作量を既存camera propertyへ変換するadapterだけ	Dollyの意味は先例から借り、値の保持と評価は既存camera propertyへ委託する	next/DECISIONS.md:123	技術監査済
138	構造吸収	absorbed	Switch to Last 3D View	直前の3Dビューへ	3D view/gizmoのプリセットがカメラ状態を増殖させる	B17	既存構造	Composition.camera+既存property/Stage gizmo(next/DECISIONS.md:123-125)	不要	独立したowner・状態・検収を増やさない	因果未記入: 3D view/gizmoのプリセットがカメラ状態を増殖させる は Composition.camera+既存property/Stage gizmo(next/DECISIONS.md:123-125) で 同じcamera/transform結果を操作する に到達する。Front/Back/Custom Viewと個別gizmo起動 は独立実装しない	next/DECISIONS.md:123-125	構造吸収から導出
139	採用予定	core	Switch to Orbit camera control	オービットカメラ操作へ	オービットカメラ操作へ	B17	既存構造+先例	Composition.camera;Stage/gizmo;Blender Orbit	抑制	操作量をpose propertyへ渡す薄いadapterだけ	Orbitの操作文法は先例から借り、カメラ状態の正本はComposition.cameraに置く	next/DECISIONS.md:229	技術監査済
140	採用予定	core	Switch to Pan camera control	パンカメラ操作へ	パンカメラ操作へ	B17	既存構造+先例	Composition.camera;Stage/gizmo;Blender Pan	抑制	操作量を既存camera propertyへ変換するadapterだけ	Panは既存cameraの移動へ委託し、pan専用状態を持たない	next/DECISIONS.md:123	技術監査済
141	構造吸収	absorbed	Switch to Position gizmo	位置ギズモへ	3D view/gizmoのプリセットがカメラ状態を増殖させる	B17	既存構造	Composition.camera+既存property/Stage gizmo(next/DECISIONS.md:123-125)	不要	独立したowner・状態・検収を増やさない	因果未記入: 3D view/gizmoのプリセットがカメラ状態を増殖させる は Composition.camera+既存property/Stage gizmo(next/DECISIONS.md:123-125) で 同じcamera/transform結果を操作する に到達する。Front/Back/Custom Viewと個別gizmo起動 は独立実装しない	next/DECISIONS.md:123-125	構造吸収から導出
142	構造吸収	absorbed	Switch to Rotation gizmo	回転ギズモへ	3D view/gizmoのプリセットがカメラ状態を増殖させる	B17	既存構造	Composition.camera+既存property/Stage gizmo(next/DECISIONS.md:123-125)	不要	独立したowner・状態・検収を増やさない	因果未記入: 3D view/gizmoのプリセットがカメラ状態を増殖させる は Composition.camera+既存property/Stage gizmo(next/DECISIONS.md:123-125) で 同じcamera/transform結果を操作する に到達する。Front/Back/Custom Viewと個別gizmo起動 は独立実装しない	next/DECISIONS.md:123-125	構造吸収から導出
143	構造吸収	absorbed	Switch to Scale gizmo	スケールギズモへ	3D view/gizmoのプリセットがカメラ状態を増殖させる	B17	既存構造	Composition.camera+既存property/Stage gizmo(next/DECISIONS.md:123-125)	不要	独立したowner・状態・検収を増やさない	因果未記入: 3D view/gizmoのプリセットがカメラ状態を増殖させる は Composition.camera+既存property/Stage gizmo(next/DECISIONS.md:123-125) で 同じcamera/transform結果を操作する に到達する。Front/Back/Custom Viewと個別gizmo起動 は独立実装しない	next/DECISIONS.md:123-125	構造吸収から導出
144	構造吸収	absorbed	Switch to Universal gizmo	ユニバーサルギズモへ	3D view/gizmoのプリセットがカメラ状態を増殖させる	B17	既存構造	Composition.camera+既存property/Stage gizmo(next/DECISIONS.md:123-125)	不要	独立したowner・状態・検収を増やさない	因果未記入: 3D view/gizmoのプリセットがカメラ状態を増殖させる は Composition.camera+既存property/Stage gizmo(next/DECISIONS.md:123-125) で 同じcamera/transform結果を操作する に到達する。Front/Back/Custom Viewと個別gizmo起動 は独立実装しない	next/DECISIONS.md:123-125	構造吸収から導出
145	構造吸収	absorbed	Top	上視点	3D view/gizmoのプリセットがカメラ状態を増殖させる	B17	既存構造	Composition.camera+既存property/Stage gizmo(next/DECISIONS.md:123-125)	不要	独立したowner・状態・検収を増やさない	因果未記入: 3D view/gizmoのプリセットがカメラ状態を増殖させる は Composition.camera+既存property/Stage gizmo(next/DECISIONS.md:123-125) で 同じcamera/transform結果を操作する に到達する。Front/Back/Custom Viewと個別gizmo起動 は独立実装しない	next/DECISIONS.md:123-125	構造吸収から導出
146	採用予定	core	Track Camera	カメラトラッキング	カメラトラッキング	B17	上流+既存構造+先例	analysis-provider;PropertyId/KeyframeTrack;AE/Blender	抑制	tracking解析はproviderへ委託;生成trackを既存propertyへ接続するadapterだけ	カメラ解析アルゴリズムを自前実装せず、providerの結果を既存trackへ焼く	next/DECISIONS.md:229	技術監査済
147	不採用		Turn Casts Shadows on or off	影を落とす切替	影を落とす切替		未判定	未判定	未判定	未監査	意味の在庫判定はあるが、技術の委託先とスクラッチ境界は未監査	-	未監査
148	拡張	extension	With camera tool, move to all 3D layers	カメラツールで全3Dレイヤーへ移動	カメラツールで全3Dレイヤーへ移動	B17	未判定	未判定	未判定	未監査	意味の在庫判定はあるが、技術の委託先とスクラッチ境界は未監査	-	未監査
149	拡張	extension	With camera tool, move to selected 3D layers	カメラツールで選択3Dレイヤーへ移動	カメラツールで選択3Dレイヤーへ移動	B17	未判定	未判定	未判定	未監査	意味の在庫判定はあるが、技術の委託先とスクラッチ境界は未監査	-	未監査
150	拡張	extension	Add caption at playhead	プレイヘッド位置にキャプション追加	プレイヘッド位置にキャプション追加	B04	未判定	未判定	未判定	未監査	意味の在庫判定はあるが、技術の委託先とスクラッチ境界は未監査	-	未監査
151	拡張	extension	Add new caption track	キャプショントラック追加	キャプショントラック追加	B04	未判定	未判定	未判定	未監査	意味の在庫判定はあるが、技術の委託先とスクラッチ境界は未監査	-	未監査
152	拡張	extension	Add new caption track (uncertain placement)	キャプショントラック追加(所属メニュー未確認、ショートカット表由来)	キャプショントラック追加(所属メニュー未確認、ショートカット表由来)	B04	未判定	未判定	未判定	未監査	意味の在庫判定はあるが、技術の委託先とスクラッチ境界は未監査	-	未監査
153	拡張	extension	Auto Caption	自動字幕	自動字幕	B04	未判定	未判定	未判定	未監査	意味の在庫判定はあるが、技術の委託先とスクラッチ境界は未監査	-	未監査
154	拡張	extension	Auto captions	自動字幕生成	自動字幕生成	B04	未判定	未判定	未判定	未監査	意味の在庫判定はあるが、技術の委託先とスクラッチ境界は未監査	-	未監査
155	拡張	extension	Create Subtitles from Audio	音声から字幕生成	音声から字幕生成	B04	未判定	未判定	未判定	未監査	意味の在庫判定はあるが、技術の委託先とスクラッチ境界は未監査	-	未監査
156	拡張	extension	Go to next caption segment	次のキャプション区間へ	次のキャプション区間へ	B04	未判定	未判定	未判定	未監査	意味の在庫判定はあるが、技術の委託先とスクラッチ境界は未監査	-	未監査
157	拡張	extension	Go to next caption segment (uncertain placement)	次のキャプション区間へ(所属メニュー未確認)	次のキャプション区間へ(所属メニュー未確認)	B04	未判定	未判定	未判定	未監査	意味の在庫判定はあるが、技術の委託先とスクラッチ境界は未監査	-	未監査
158	拡張	extension	Go to previous caption segment	前のキャプション区間へ	前のキャプション区間へ	B04	未判定	未判定	未判定	未監査	意味の在庫判定はあるが、技術の委託先とスクラッチ境界は未監査	-	未監査
159	拡張	extension	Keyword Highlight	字幕キーワード強調	字幕キーワード強調	B04	未判定	未判定	未判定	未監査	意味の在庫判定はあるが、技術の委託先とスクラッチ境界は未監査	-	未監査
160	拡張	extension	Show Subtitle Regions	字幕領域表示	字幕領域表示	B04	未判定	未判定	未判定	未監査	意味の在庫判定はあるが、技術の委託先とスクラッチ境界は未監査	-	未監査
161	拡張	extension	Subtitles	字幕をインポート	字幕をインポート	B04	未判定	未判定	未判定	未監査	意味の在庫判定はあるが、技術の委託先とスクラッチ境界は未監査	-	未監査
162	拡張	extension	Subtitles	字幕をエクスポート	字幕をエクスポート	B04	未判定	未判定	未判定	未監査	意味の在庫判定はあるが、技術の委託先とスクラッチ境界は未監査	-	未監査
163	採用済		Split / Razor (clip at playhead)	プレイヘッド位置でクリップを分割	プレイヘッド位置でクリップを分割	B39	未判定	未判定	未判定	未監査	意味の在庫判定はあるが、技術の委託先とスクラッチ境界は未監査	-	未監査
164	拡張	extension	Apply Audio Transition (default, at edit point)	既定のオーディオトランジションを編集点に適用	既定のオーディオトランジションを編集点に適用	B38	未判定	未判定	未判定	未監査	意味の在庫判定はあるが、技術の委託先とスクラッチ境界は未監査	-	未監査
165	拡張	extension	Apply Video Transition (default, at edit point)	既定のビデオトランジションを編集点に適用	既定のビデオトランジションを編集点に適用	B38	未判定	未判定	未判定	未監査	意味の在庫判定はあるが、技術の委託先とスクラッチ境界は未監査	-	未監査
166	拡張	extension	Make Subclip	サブクリップを作成	サブクリップを作成	B08	未判定	未判定	未判定	未監査	意味の在庫判定はあるが、技術の委託先とスクラッチ境界は未監査	-	未監査
167	採用予定	core	Replace (footage/clip)	素材・クリップを置換	素材・クリップを置換	B08	既存構造+外部依存+上流	Document/Asset;filesystem;FFmpeg	抑制	source差替えとvalidationの薄い結線だけ	素材置換は既存AssetとDocumentのfield単位の書き口へ預け、メディアI/Oを再発明しない	next/DECISIONS.md:112	技術監査済
168	不採用		Ripple Delete	リップル削除(詰めて削除)	リップル削除(詰めて削除)		未判定	未判定	未判定	未監査	意味の在庫判定はあるが、技術の委託先とスクラッチ境界は未監査	-	未監査
169	採用予定	core	Speed / Duration	クリップの速度・長さを変更	クリップの速度・長さを変更	B37	既存構造+先例	PropertyId/KeyframeTrack;LayerTiming/SetTiming;Lottie/AE	抑制	既存track/timingのadapterだけ; speed機構を二重化しない	速度と尺は既存の時間正本へ収め、専用のretime状態や別補間を作らない	next/DECISIONS.md:231	技術監査済
170	構造吸収	absorbed	Active Window: Media Clips	Command+5	pane/workspaceの表示差分が製品固有の第二状態になる	B25	既存構造	固定pane構造(next/shell/motolii-shell/src/pane_layout.rs:109-124)	不要	独立したowner・状態・検収を増やさない	因果未記入: pane/workspaceの表示差分が製品固有の第二状態になる は 固定pane構造(next/shell/motolii-shell/src/pane_layout.rs:109-124) で Browser/Stage/Inspector/Timelineの同じ4役割で制作する に到達する。active panel/workspace preset/page/maximize/dockの専用粒 は独立実装しない	next/shell/motolii-shell/src/pane_layout.rs:109-124	構造吸収から導出
171	採用予定	core	Add Edit	再生ヘッド位置でカット追加(レーザー相当)	再生ヘッド位置でカット追加(レーザー相当)	B39	既存構造+先例	Document::apply_all;LayerTiming/SetTiming;AE/Premiere timeline grammar	抑制	既存SetTimingと一つのedit刻みだけ	Add Editは先例の意味を既存LayerTimingと単一writerへ委託する	next/reference/timeline-grammar.md:16	技術監査済
172	構造吸収	absorbed	Add Edit to All Tracks	全トラックにカット追加	時間編集が別モード・別intentへ分裂する	B39	既存構造	LayerTiming+SetTiming(next/core/motolii-store/src/document.rs:95-147;next/core/motolii-store/src/lib.rs:311)	不要	独立したowner・状態・検収を増やさない	因果未記入: 時間編集が別モード・別intentへ分裂する は LayerTiming+SetTiming(next/core/motolii-store/src/document.rs:95-147;next/core/motolii-store/src/lib.rs:311) で move/trim/splitを同じ時間正本で評価する に到達する。Add Edit/Razor/Blade/Trimの入口alias は独立実装しない	next/core/motolii-store/src/document.rs:95-147	構造吸収から導出
173	採用予定	core	Add Tracks	トラック追加(映像/音声/サブミックス)	トラック追加(映像/音声/サブミックス)	B52	既存構造+先例	Document tracks;Timeline projection;AE/Premiere	抑制	track collectionの薄い編集口だけ	トラック追加は既存Documentのtrack構造へ接続し、pane固有のtrack stateを作らない	next/DECISIONS.md:112	技術監査済
174	拡張	extension	Add Transition (generic, any track)	トラック種別を問わずトランジションを追加	トラック種別を問わずトランジションを追加	B38	未判定	未判定	未判定	未監査	意味の在庫判定はあるが、技術の委託先とスクラッチ境界は未監査	-	未監査
175	拡張	extension	Adjustment Layer	新規調整レイヤー	新規調整レイヤー	B36	未判定	未判定	未判定	未監査	意味の在庫判定はあるが、技術の委託先とスクラッチ境界は未監査	-	未監査
176	拡張	extension	Adjustment Layer	調整レイヤー切替	調整レイヤー切替	B36	未判定	未判定	未判定	未監査	意味の在庫判定はあるが、技術の委託先とスクラッチ境界は未監査	-	未監査
177	拡張	extension	Apply Default Transitions to Selection (bulk)	選択範囲に既定トランジションを一括適用	選択範囲に既定トランジションを一括適用	B38	未判定	未判定	未判定	未監査	意味の在庫判定はあるが、技術の委託先とスクラッチ境界は未監査	-	未監査
178	拡張	extension	Auto Align Clips	クリップ自動アライン	クリップ自動アライン	B44	未判定	未判定	未判定	未監査	意味の在庫判定はあるが、技術の委託先とスクラッチ境界は未監査	-	未監査
179	拡張	extension	Best	画質:最高	画質:最高	B23	未判定	未判定	未判定	未監査	意味の在庫判定はあるが、技術の委託先とスクラッチ境界は未監査	-	未監査
180	拡張	extension	Bicubic	サンプリング:バイキュービック	サンプリング:バイキュービック	B23	未判定	未判定	未判定	未監査	意味の在庫判定はあるが、技術の委託先とスクラッチ境界は未監査	-	未監査
181	拡張	extension	Bilinear	サンプリング:バイリニア	サンプリング:バイリニア	B23	未判定	未判定	未判定	未監査	意味の在庫判定はあるが、技術の委託先とスクラッチ境界は未監査	-	未監査
182	構造吸収	absorbed	Blade Edit Mode	ブレード編集モード	時間編集が別モード・別intentへ分裂する	B39	既存構造	LayerTiming+SetTiming(next/core/motolii-store/src/document.rs:95-147;next/core/motolii-store/src/lib.rs:311)	不要	独立したowner・状態・検収を増やさない	因果未記入: 時間編集が別モード・別intentへ分裂する は LayerTiming+SetTiming(next/core/motolii-store/src/document.rs:95-147;next/core/motolii-store/src/lib.rs:311) で move/trim/splitを同じ時間正本で評価する に到達する。Add Edit/Razor/Blade/Trimの入口alias は独立実装しない	next/core/motolii-store/src/document.rs:95-147	構造吸収から導出
183	構造吸収	absorbed	Blade tool	B	時間編集が別モード・別intentへ分裂する	B39	既存構造	LayerTiming+SetTiming(next/core/motolii-store/src/document.rs:95-147;next/core/motolii-store/src/lib.rs:311)	不要	独立したowner・状態・検収を増やさない	因果未記入: 時間編集が別モード・別intentへ分裂する は LayerTiming+SetTiming(next/core/motolii-store/src/document.rs:95-147;next/core/motolii-store/src/lib.rs:311) で move/trim/splitを同じ時間正本で評価する に到達する。Add Edit/Razor/Blade/Trimの入口alias は独立実装しない	next/core/motolii-store/src/document.rs:95-147	構造吸収から導出
184	採用済		Bring Layer Forward	前面へ	前面へ	B44	未判定	未判定	未判定	未監査	意味の在庫判定はあるが、技術の委託先とスクラッチ境界は未監査	-	未監査
185	構造吸収	absorbed	Bring Layer to Front	最前面へ	transformの便利操作ごとに専用状態・書き口が増える	B44	既存構造	Property/LayerPlacement/SetOrder(next/core/motolii-store/src/document.rs:95-109;next/DECISIONS.md:61,112)	不要	独立したowner・状態・検収を増やさない	因果未記入: transformの便利操作ごとに専用状態・書き口が増える は Property/LayerPlacement/SetOrder(next/core/motolii-store/src/document.rs:95-109;next/DECISIONS.md:61,112) で 位置・拡縮・回転・順序の結果だけが変わる に到達する。reset/center/flip/increment/fit/stackのaliasとtool は独立実装しない	next/core/motolii-store/src/document.rs:95-109	構造吸収から導出
186	採用済		Clip Enable	D	D	B32	未判定	未判定	未判定	未監査	意味の在庫判定はあるが、技術の委託先とスクラッチ境界は未監査	-	未監査
187	拡張	extension	Clip Link	Option+Command+L	Option+Command+L	B32	未判定	未判定	未判定	未監査	意味の在庫判定はあるが、技術の委託先とスクラッチ境界は未監査	-	未監査
188	拡張	extension	Conform Lock Enabled	コンフォームロック有効	コンフォームロック有効	B40	未判定	未判定	未判定	未監査	意味の在庫判定はあるが、技術の委託先とスクラッチ境界は未監査	-	未監査
189	拡張	extension	Conform Lock with Media Pool Clip	Media Poolクリップとロック	Media Poolクリップとロック	B40	未判定	未判定	未判定	未監査	意味の在庫判定はあるが、技術の委託先とスクラッチ境界は未監査	-	未監査
190	拡張	extension	Crossfade Selection	選択部にクロスフェード	選択部にクロスフェード	B38	未判定	未判定	未判定	未監査	意味の在庫判定はあるが、技術の委託先とスクラッチ境界は未監査	-	未監査
191	不採用		Decompose Compound Clips on Edit	編集時にコンパウンドクリップを展開	編集時にコンパウンドクリップを展開		未判定	未判定	未判定	未監査	意味の在庫判定はあるが、技術の委託先とスクラッチ境界は未監査	-	未監査
192	不採用		Decompose in Place	その場で展開	その場で展開		未判定	未判定	未判定	未監査	意味の在庫判定はあるが、技術の委託先とスクラッチ境界は未監査	-	未監査
193	拡張	extension	Decrease Video Tracks Height	映像トラック高縮小	映像トラック高縮小	B52	未判定	未判定	未判定	未監査	意味の在庫判定はあるが、技術の委託先とスクラッチ境界は未監査	-	未監査
194	拡張	extension	Delete Renders In to Out	レンダリングファイルを削除	レンダリングファイルを削除	B18	未判定	未判定	未判定	未監査	意味の在庫判定はあるが、技術の委託先とスクラッチ境界は未監査	-	未監査
195	採用予定	core	Delete Tracks	空トラックを削除	空トラックを削除	B52	既存構造+先例	Document tracks;Timeline projection;AE/Premiere	抑制	既存track collectionの更新だけ	トラック削除は既存のDocument構造とundoへ委託し、別削除状態を持たない	next/DECISIONS.md:112	技術監査済
196	不採用		Delete With Ripple	Shift+Delete	Shift+Delete		未判定	未判定	未判定	未監査	意味の在庫判定はあるが、技術の委託先とスクラッチ境界は未監査	-	未監査
197	拡張	extension	Draft	画質:下書き	画質:下書き	B23	未判定	未判定	未判定	未監査	意味の在庫判定はあるが、技術の委託先とスクラッチ境界は未監査	-	未監査
198	拡張	extension	Dynamic Trim mode	ダイナミックトリムモード	ダイナミックトリムモード	B39	未判定	未判定	未判定	未監査	意味の在庫判定はあるが、技術の委託先とスクラッチ境界は未監査	-	未監査
199	拡張	extension	Edit Point Type	編集点タイプ切替	編集点タイプ切替	B39	未判定	未判定	未判定	未監査	意味の在庫判定はあるが、技術の委託先とスクラッチ境界は未監査	-	未監査
200	採用済		Enable	クリップの有効/無効切替	クリップの有効/無効切替	B32	未判定	未判定	未判定	未監査	意味の在庫判定はあるが、技術の委託先とスクラッチ境界は未監査	-	未監査
201	採用済		Enable	有効化	有効化	B32	未判定	未判定	未判定	未監査	意味の在庫判定はあるが、技術の委託先とスクラッチ境界は未監査	-	未監査
202	採用済		Enable	有効化	有効化	B32	未判定	未判定	未判定	未監査	意味の在庫判定はあるが、技術の委託先とスクラッチ境界は未監査	-	未監査
203	採用済		Enable Clip	クリップ有効化	クリップ有効化	B32	未判定	未判定	未判定	未監査	意味の在庫判定はあるが、技術の委託先とスクラッチ境界は未監査	-	未監査
204	不採用		Extend Edit	編集点を延伸	編集点を延伸		未判定	未判定	未判定	未監査	意味の在庫判定はあるが、技術の委託先とスクラッチ境界は未監査	-	未監査
205	不採用		Extend Edit	E	E		未判定	未判定	未判定	未監査	意味の在庫判定はあるが、技術の委託先とスクラッチ境界は未監査	-	未監査
206	不採用		Extend Edit Selection To	編集選択を延伸	編集選択を延伸		未判定	未判定	未判定	未監査	意味の在庫判定はあるが、技術の委託先とスクラッチ境界は未監査	-	未監査
207	不採用		Extend Selected Edit to Playhead	選択エディットを再生ヘッドまで延長	選択エディットを再生ヘッドまで延長		未判定	未判定	未判定	未監査	意味の在庫判定はあるが、技術の委託先とスクラッチ境界は未監査	-	未監査
208	不採用		Extract	エクストラクト編集(詰めて抜く)	エクストラクト編集(詰めて抜く)		未判定	未判定	未判定	未監査	意味の在庫判定はあるが、技術の委託先とスクラッチ境界は未監査	-	未監査
209	不採用		Extract	エクストラクト	エクストラクト		未判定	未判定	未判定	未監査	意味の在庫判定はあるが、技術の委託先とスクラッチ境界は未監査	-	未監査
210	不採用		Extract Work Area	ワークエリアを抽出	ワークエリアを抽出		未判定	未判定	未判定	未監査	意味の在庫判定はあるが、技術の委託先とスクラッチ境界は未監査	-	未監査
211	拡張	extension	Fade In to Playhead	プレイヘッドまでフェードイン	プレイヘッドまでフェードイン	B38	未判定	未判定	未判定	未監査	意味の在庫判定はあるが、技術の委託先とスクラッチ境界は未監査	-	未監査
212	拡張	extension	Fade Out to Playhead	プレイヘッドからフェードアウト	プレイヘッドからフェードアウト	B38	未判定	未判定	未判定	未監査	意味の在庫判定はあるが、技術の委託先とスクラッチ境界は未監査	-	未監査
213	構造吸収	absorbed	File…	素材をファイルで置換	追加・置換・provider入口が面ごとに分裂する	B08	既存構造	Browser card dispatch+Document apply(next/shell/motolii-shell/src/create.rs:272-305;next/core/motolii-store/src/document.rs:545)	不要	独立したowner・状態・検収を増やさない	因果未記入: 追加・置換・provider入口が面ごとに分裂する は Browser card dispatch+Document apply(next/shell/motolii-shell/src/create.rs:272-305;next/core/motolii-store/src/document.rs:545) で 追加/置換が同じDocumentへ届く に到達する。File/Media Browser/Effectsの入口alias は独立実装しない	next/shell/motolii-shell/src/create.rs:272-305	構造吸収から導出
214	拡張	extension	Finalize Take	テイク確定	テイク確定	B40	未判定	未判定	未判定	未監査	意味の在庫判定はあるが、技術の委託先とスクラッチ境界は未監査	-	未監査
215	拡張	extension	Find Clip in Media Pool	Media Poolでクリップを探す	Media Poolでクリップを探す	B40	未判定	未判定	未判定	未監査	意味の在庫判定はあるが、技術の委託先とスクラッチ境界は未監査	-	未監査
216	拡張	extension	Freeze (Freeze frame)	フリーズフレーム挿入	フリーズフレーム挿入	B37	未判定	未判定	未判定	未監査	意味の在庫判定はあるが、技術の委託先とスクラッチ境界は未監査	-	未監査
217	拡張	extension	Freeze Frame	フレームを静止	フレームを静止	B37	未判定	未判定	未判定	未監査	意味の在庫判定はあるが、技術の委託先とスクラッチ境界は未監査	-	未監査
218	拡張	extension	Freeze Frame	フリーズフレーム	フリーズフレーム	B37	未判定	未判定	未判定	未監査	意味の在庫判定はあるが、技術の委託先とスクラッチ境界は未監査	-	未監査
219	拡張	extension	Hide Other Video	他のビデオを隠す	他のビデオを隠す	B32	未判定	未判定	未判定	未監査	意味の在庫判定はあるが、技術の委託先とスクラッチ境界は未監査	-	未監査
220	拡張	extension	Increase Video Tracks Height	映像トラック高拡大	映像トラック高拡大	B52	未判定	未判定	未判定	未監査	意味の在庫判定はあるが、技術の委託先とスクラッチ境界は未監査	-	未監査
221	不採用		Insert	挿入編集	挿入編集		未判定	未判定	未判定	未監査	意味の在庫判定はあるが、技術の委託先とスクラッチ境界は未監査	-	未監査
222	不採用		Insert	挿入	挿入		未判定	未判定	未判定	未監査	意味の在庫判定はあるが、技術の委託先とスクラッチ境界は未監査	-	未監査
223	不採用		Insert	挿入編集	挿入編集		未判定	未判定	未判定	未監査	意味の在庫判定はあるが、技術の委託先とスクラッチ境界は未監査	-	未監査
224	不採用		Insert	F9	F9		未判定	未判定	未判定	未監査	意味の在庫判定はあるが、技術の委託先とスクラッチ境界は未監査	-	未監査
225	拡張	extension	Join Clips	Option+\	Option+\	B52	未判定	未判定	未判定	未監査	意味の在庫判定はあるが、技術の委託先とスクラッチ境界は未監査	-	未監査
226	不採用		Lift	リフト編集(ギャップを残して抜く)	リフト編集(ギャップを残して抜く)		未判定	未判定	未判定	未監査	意味の在庫判定はあるが、技術の委託先とスクラッチ境界は未監査	-	未監査
227	不採用		Lift	リフト	リフト		未判定	未判定	未判定	未監査	意味の在庫判定はあるが、技術の委託先とスクラッチ境界は未監査	-	未監査
228	不採用		Lift Work Area	ワークエリアをリフト	ワークエリアをリフト		未判定	未判定	未判定	未監査	意味の在庫判定はあるが、技術の委託先とスクラッチ境界は未監査	-	未監査
229	拡張	extension	Link / Unlink (clip A/V sync)	クリップの映像/音声リンクを切替	クリップの映像/音声リンクを切替	B32	未判定	未判定	未判定	未監査	意味の在庫判定はあるが、技術の委託先とスクラッチ境界は未監査	-	未監査
230	採用予定	core	Link Clips	クリップをリンク	クリップをリンク	B32	先例+既存構造+自前最小	Document/Asset;A/V link semantics;AE/Premiere	許容	A/V relationのfieldとvalidationだけ自前; selection/undoは既存経路	映像と音声を同時に保つ関係は不足した継ぎ目なので最小のlink relationだけを持ち、編集機構は既存Documentへ預ける	next/DECISIONS.md:206	技術監査済
231	不採用		Make Subsequence	サブシーケンス作成	サブシーケンス作成		未判定	未判定	未判定	未監査	意味の在庫判定はあるが、技術の委託先とスクラッチ境界は未監査	-	未監査
232	拡張	extension	Match Frame	ソースクリップをSource Monitorへ読み込み	ソースクリップをSource Monitorへ読み込み	B40	未判定	未判定	未判定	未監査	意味の在庫判定はあるが、技術の委託先とスクラッチ境界は未監査	-	未監査
233	拡張	extension	Match Frame	F	F	B40	未判定	未判定	未判定	未監査	意味の在庫判定はあるが、技術の委託先とスクラッチ境界は未監査	-	未監査
234	拡張	extension	Match Frame to Source Clip	ソースクリップへマッチフレーム	ソースクリップへマッチフレーム	B40	未判定	未判定	未判定	未監査	意味の在庫判定はあるが、技術の委託先とスクラッチ境界は未監査	-	未監査
235	拡張	extension	Move earlier or later by stroke duration	ストローク長単位で前後移動	ストローク長単位で前後移動	B27	未判定	未判定	未判定	未監査	意味の在庫判定はあるが、技術の委託先とスクラッチ境界は未監査	-	未監査
236	拡張	extension	Move Edit Selection To	編集選択を移動	編集選択を移動	B31	未判定	未判定	未判定	未監査	意味の在庫判定はあるが、技術の委託先とスクラッチ境界は未監査	-	未監査
237	構造吸収	absorbed	Move selected items down/up in stacking order	選択項目を重ね順で上下に移動	transformの便利操作ごとに専用状態・書き口が増える	B44	既存構造	Property/LayerPlacement/SetOrder(next/core/motolii-store/src/document.rs:95-109;next/DECISIONS.md:61,112)	不要	独立したowner・状態・検収を増やさない	因果未記入: transformの便利操作ごとに専用状態・書き口が増える は Property/LayerPlacement/SetOrder(next/core/motolii-store/src/document.rs:95-109;next/DECISIONS.md:61,112) で 位置・拡縮・回転・順序の結果だけが変わる に到達する。reset/center/flip/increment/fit/stackのaliasとtool は独立実装しない	next/core/motolii-store/src/document.rs:95-109	構造吸収から導出
238	構造吸収	absorbed	Move selected items to bottom/top of stacking order	選択項目を最上/最下へ移動	transformの便利操作ごとに専用状態・書き口が増える	B44	既存構造	Property/LayerPlacement/SetOrder(next/core/motolii-store/src/document.rs:95-109;next/DECISIONS.md:61,112)	不要	独立したowner・状態・検収を増やさない	因果未記入: transformの便利操作ごとに専用状態・書き口が増える は Property/LayerPlacement/SetOrder(next/core/motolii-store/src/document.rs:95-109;next/DECISIONS.md:61,112) で 位置・拡縮・回転・順序の結果だけが変わる に到達する。reset/center/flip/increment/fit/stackのaliasとtool は独立実装しない	next/core/motolii-store/src/document.rs:95-109	構造吸収から導出
239	拡張		Multicam	マルチカム編集コントロールを開く	マルチカム編集コントロールを開く	B40	未判定	未判定	未判定	未監査	意味の在庫判定はあるが、技術の委託先とスクラッチ境界は未監査	-	未監査
240	拡張		Multicam Cut	マルチカムカット	マルチカムカット	B40	未判定	未判定	未判定	未監査	意味の在庫判定はあるが、技術の委託先とスクラッチ境界は未監査	-	未監査
241	拡張		Multicam Switch	マルチカム切替	マルチカム切替	B40	未判定	未判定	未判定	未監査	意味の在庫判定はあるが、技術の委託先とスクラッチ境界は未監査	-	未監査
242	不採用		Nest	選択クリップをネストシーケンス化	選択クリップをネストシーケンス化		未判定	未判定	未判定	未監査	意味の在庫判定はあるが、技術の委託先とスクラッチ境界は未監査	-	未監査
243	拡張	extension	New > Adjustment Layer	調整レイヤーを新規作成	調整レイヤーを新規作成	B36	未判定	未判定	未判定	未監査	意味の在庫判定はあるが、技術の委託先とスクラッチ境界は未監査	-	未監査
244	拡張	extension	New adjustment layer	新規調整レイヤー	新規調整レイヤー	B36	未判定	未判定	未判定	未監査	意味の在庫判定はあるが、技術の委託先とスクラッチ境界は未監査	-	未監査
245	不採用		New Compound Clip	コンパウンドクリップ作成	コンパウンドクリップ作成		未判定	未判定	未判定	未監査	意味の在庫判定はあるが、技術の委託先とスクラッチ境界は未監査	-	未監査
246	不採用		New VFX Connect Clip	VFX Connectクリップ作成	VFX Connectクリップ作成		未判定	未判定	未判定	未監査	意味の在庫判定はあるが、技術の委託先とスクラッチ境界は未監査	-	未監査
247	拡張	extension	Normal Edit Mode	通常編集モード	通常編集モード	B39	未判定	未判定	未判定	未監査	意味の在庫判定はあるが、技術の委託先とスクラッチ境界は未監査	-	未監査
248	拡張	extension	Nudge	微調整移動	微調整移動	B45	未判定	未判定	未判定	未監査	意味の在庫判定はあるが、技術の委託先とスクラッチ境界は未監査	-	未監査
249	拡張	extension	Nudge Clip Left	クリップを左に微調整	クリップを左に微調整	B45	未判定	未判定	未判定	未監査	意味の在庫判定はあるが、技術の委託先とスクラッチ境界は未監査	-	未監査
250	拡張	extension	Nudge Clip Right	クリップを右に微調整	クリップを右に微調整	B45	未判定	未判定	未判定	未監査	意味の在庫判定はあるが、技術の委託先とスクラッチ境界は未監査	-	未監査
251	拡張	extension	Nudge Clip Selection Left/Right Five Frames	クリップ選択を5フレーム移動	クリップ選択を5フレーム移動	B45	未判定	未判定	未判定	未監査	意味の在庫判定はあるが、技術の委託先とスクラッチ境界は未監査	-	未監査
252	拡張	extension	Nudge Clip Selection Left/Right One Frame	クリップ選択を1フレーム移動	クリップ選択を1フレーム移動	B45	未判定	未判定	未判定	未監査	意味の在庫判定はあるが、技術の委託先とスクラッチ境界は未監査	-	未監査
253	拡張	extension	Nudge Edit One Frame Left	,(comma)	,(comma)	B45	未判定	未判定	未判定	未監査	意味の在庫判定はあるが、技術の委託先とスクラッチ境界は未監査	-	未監査
254	拡張	extension	Nudge Edit One Frame Right	.(period)	.(period)	B45	未判定	未判定	未判定	未監査	意味の在庫判定はあるが、技術の委託先とスクラッチ境界は未監査	-	未監査
255	不採用		Overwrite	上書き編集	上書き編集		未判定	未判定	未判定	未監査	意味の在庫判定はあるが、技術の委託先とスクラッチ境界は未監査	-	未監査
256	不採用		Overwrite	上書き	上書き		未判定	未判定	未判定	未監査	意味の在庫判定はあるが、技術の委託先とスクラッチ境界は未監査	-	未監査
257	不採用		Overwrite	上書き編集	上書き編集		未判定	未判定	未判定	未監査	意味の在庫判定はあるが、技術の委託先とスクラッチ境界は未監査	-	未監査
258	不採用		Overwrite	F10	F10		未判定	未判定	未判定	未監査	意味の在庫判定はあるが、技術の委託先とスクラッチ境界は未監査	-	未監査
259	構造吸収	absorbed	Place on Top	上位トラックに配置	transformの便利操作ごとに専用状態・書き口が増える	B44	既存構造	Property/LayerPlacement/SetOrder(next/core/motolii-store/src/document.rs:95-109;next/DECISIONS.md:61,112)	不要	独立したowner・状態・検収を増やさない	因果未記入: transformの便利操作ごとに専用状態・書き口が増える は Property/LayerPlacement/SetOrder(next/core/motolii-store/src/document.rs:95-109;next/DECISIONS.md:61,112) で 位置・拡縮・回転・順序の結果だけが変わる に到達する。reset/center/flip/increment/fit/stackのaliasとtool は独立実装しない	next/core/motolii-store/src/document.rs:95-109	構造吸収から導出
260	構造吸収	absorbed	Place On Top	F12	transformの便利操作ごとに専用状態・書き口が増える	B44	既存構造	Property/LayerPlacement/SetOrder(next/core/motolii-store/src/document.rs:95-109;next/DECISIONS.md:61,112)	不要	独立したowner・状態・検収を増やさない	因果未記入: transformの便利操作ごとに専用状態・書き口が増える は Property/LayerPlacement/SetOrder(next/core/motolii-store/src/document.rs:95-109;next/DECISIONS.md:61,112) で 位置・拡縮・回転・順序の結果だけが変わる に到達する。reset/center/flip/increment/fit/stackのaliasとtool は独立実装しない	next/core/motolii-store/src/document.rs:95-109	構造吸収から導出
261	拡張	extension	Placeholder…	プレースホルダーで置換	プレースホルダーで置換	B08	未判定	未判定	未判定	未監査	意味の在庫判定はあるが、技術の委託先とスクラッチ境界は未監査	-	未監査
262	拡張	extension	Publish Changes for Selected Clips	Shift+Command+T	Shift+Command+T	B40	未判定	未判定	未判定	未監査	意味の在庫判定はあるが、技術の委託先とスクラッチ境界は未監査	-	未監査
263	不採用		Q/W = Insert at playhead / Overwrite(矛盾する別記述)	プレイヘッドに挿入/上書き	プレイヘッドに挿入/上書き		未判定	未判定	未判定	未監査	意味の在庫判定はあるが、技術の委託先とスクラッチ境界は未監査	-	未監査
264	不採用		Q/W = プレイヘッド左右のripple削除	プレイヘッド前後を詰めて削除	プレイヘッド前後を詰めて削除		未判定	未判定	未判定	未監査	意味の在庫判定はあるが、技術の委託先とスクラッチ境界は未監査	-	未監査
265	拡張	extension	Range Selection Mode	範囲選択モード	範囲選択モード	B39	未判定	未判定	未判定	未監査	意味の在庫判定はあるが、技術の委託先とスクラッチ境界は未監査	-	未監査
266	拡張	extension	Razor Tool	レーザーツール	レーザーツール	B39	未判定	未判定	未判定	未監査	意味の在庫判定はあるが、技術の委託先とスクラッチ境界は未監査	-	未監査
267	構造吸収	absorbed	Razor(split)	Command+B	時間編集が別モード・別intentへ分裂する	B39	既存構造	LayerTiming+SetTiming(next/core/motolii-store/src/document.rs:95-147;next/core/motolii-store/src/lib.rs:311)	不要	独立したowner・状態・検収を増やさない	因果未記入: 時間編集が別モード・別intentへ分裂する は LayerTiming+SetTiming(next/core/motolii-store/src/document.rs:95-147;next/core/motolii-store/src/lib.rs:311) で move/trim/splitを同じ時間正本で評価する に到達する。Add Edit/Razor/Blade/Trimの入口alias は独立実装しない	next/core/motolii-store/src/document.rs:95-147	構造吸収から導出
268	拡張	extension	Render In to Out	In-Out間をレンダリング	In-Out間をレンダリング	B18	未判定	未判定	未判定	未監査	意味の在庫判定はあるが、技術の委託先とスクラッチ境界は未監査	-	未監査
269	採用済		Reset Clip(speed)	Option+Command+R	Option+Command+R	B37	未判定	未判定	未判定	未監査	意味の在庫判定はあるが、技術の委託先とスクラッチ境界は未監査	-	未監査
270	拡張	extension	Reset Retime	リタイムをリセット	リタイムをリセット	B37	未判定	未判定	未判定	未監査	意味の在庫判定はあるが、技術の委託先とスクラッチ境界は未監査	-	未監査
271	採用済		Resize	リサイズ	リサイズ	B44	未判定	未判定	未判定	未監査	意味の在庫判定はあるが、技術の委託先とスクラッチ境界は未監査	-	未監査
272	拡張	extension	Retime Clip	Command+R	Command+R	B37	未判定	未判定	未判定	未監査	意味の在庫判定はあるが、技術の委託先とスクラッチ境界は未監査	-	未監査
273	拡張	extension	Retime Controls	リタイムコントロール表示	リタイムコントロール表示	B37	未判定	未判定	未判定	未監査	意味の在庫判定はあるが、技術の委託先とスクラッチ境界は未監査	-	未監査
274	拡張	extension	Reverse Match Frame	タイムライン側の一致フレームを探索	タイムライン側の一致フレームを探索	B40	未判定	未判定	未判定	未監査	意味の在庫判定はあるが、技術の委託先とスクラッチ境界は未監査	-	未監査
275	不採用		Ripple	リップルトリム	リップルトリム		未判定	未判定	未判定	未監査	意味の在庫判定はあるが、技術の委託先とスクラッチ境界は未監査	-	未監査
276	不採用		Ripple Cut	リップル切り取り	リップル切り取り		未判定	未判定	未判定	未監査	意味の在庫判定はあるが、技術の委託先とスクラッチ境界は未監査	-	未監査
277	不採用		Ripple Edit Tool	リップル編集ツール	リップル編集ツール		未判定	未判定	未判定	未監査	意味の在庫判定はあるが、技術の委託先とスクラッチ境界は未監査	-	未監査
278	不採用		Ripple Overwrite	リップル上書き	リップル上書き		未判定	未判定	未判定	未監査	意味の在庫判定はあるが、技術の委託先とスクラッチ境界は未監査	-	未監査
279	不採用		Roll	ロールトリム	ロールトリム		未判定	未判定	未判定	未監査	意味の在庫判定はあるが、技術の委託先とスクラッチ境界は未監査	-	未監査
280	不採用		Rolling Edit Tool	ローリング編集ツール	ローリング編集ツール		未判定	未判定	未判定	未監査	意味の在庫判定はあるが、技術の委託先とスクラッチ境界は未監査	-	未監査
281	拡張	extension	Select All Clips Under Playhead	プレイヘッド下の全クリップ選択	プレイヘッド下の全クリップ選択	B31	未判定	未判定	未判定	未監査	意味の在庫判定はあるが、技術の委託先とスクラッチ境界は未監査	-	未監査
282	拡張	extension	Select Clips Forward On All Tracks	Option+Y	Option+Y	B31	未判定	未判定	未判定	未監査	意味の在庫判定はあるが、技術の委託先とスクラッチ境界は未監査	-	未監査
283	拡張	extension	Select Clips Forward On This Track	Y	Y	B31	未判定	未判定	未判定	未監査	意味の在庫判定はあるが、技術の委託先とスクラッチ境界は未監査	-	未監査
284	拡張	extension	Select Nearest Clip To	最寄りクリップへの選択	最寄りクリップへの選択	B31	未判定	未判定	未判定	未監査	意味の在庫判定はあるが、技術の委託先とスクラッチ境界は未監査	-	未監査
285	拡張	extension	Select Nearest Clip/Gap	最寄りクリップ/ギャップを選択	最寄りクリップ/ギャップを選択	B31	未判定	未判定	未判定	未監査	意味の在庫判定はあるが、技術の委託先とスクラッチ境界は未監査	-	未監査
286	拡張	extension	Select Nearest Clip/Gap	Shift+V	Shift+V	B31	未判定	未判定	未判定	未監査	意味の在庫判定はあるが、技術の委託先とスクラッチ境界は未監査	-	未監査
287	拡張	extension	Select Nearest Edit Point	最寄り編集点を選択	最寄り編集点を選択	B31	未判定	未判定	未判定	未監査	意味の在庫判定はあるが、技術の委託先とスクラッチ境界は未監査	-	未監査
288	拡張	extension	Select Nearest Edit To	最寄り編集点への選択	最寄り編集点への選択	B31	未判定	未判定	未判定	未監査	意味の在庫判定はあるが、技術の委託先とスクラッチ境界は未監査	-	未監査
289	拡張	extension	Select Nearest Video Edit Point	最寄り映像編集点を選択	最寄り映像編集点を選択	B31	未判定	未判定	未判定	未監査	意味の在庫判定はあるが、技術の委託先とスクラッチ境界は未監査	-	未監査
290	拡張	extension	Select next layer in stacking order	次のレイヤーを選択	次のレイヤーを選択	B31	未判定	未判定	未判定	未監査	意味の在庫判定はあるが、技術の委託先とスクラッチ境界は未監査	-	未監査
291	拡張	extension	Select previous layer in stacking order	前のレイヤーを選択	前のレイヤーを選択	B31	未判定	未判定	未判定	未監査	意味の在庫判定はあるが、技術の委託先とスクラッチ境界は未監査	-	未監査
292	採用済		Send Layer Backward	背面へ	背面へ	B44	未判定	未判定	未判定	未監査	意味の在庫判定はあるが、技術の委託先とスクラッチ境界は未監査	-	未監査
293	採用済		Send Layer to Back	最背面へ	最背面へ	B44	未判定	未判定	未判定	未監査	意味の在庫判定はあるが、技術の委託先とスクラッチ境界は未監査	-	未監査
294	拡張	extension	Set sampling method to Best/Bicubic	サンプリング:最高/バイキュービック	サンプリング:最高/バイキュービック	B23	未判定	未判定	未判定	未監査	意味の在庫判定はあるが、技術の委託先とスクラッチ境界は未監査	-	未監査
295	拡張	extension	Set sampling method to Best/Bilinear	サンプリング:最高/バイリニア	サンプリング:最高/バイリニア	B23	未判定	未判定	未判定	未監査	意味の在庫判定はあるが、技術の委託先とスクラッチ境界は未監査	-	未監査
296	採用済		Set Work Area In	ワークエリアイン点設定	ワークエリアイン点設定	B18	未判定	未判定	未判定	未監査	意味の在庫判定はあるが、技術の委託先とスクラッチ境界は未監査	-	未監査
297	採用済		Set Work Area Out	ワークエリアアウト点設定	ワークエリアアウト点設定	B18	未判定	未判定	未判定	未監査	意味の在庫判定はあるが、技術の委託先とスクラッチ境界は未監査	-	未監査
298	拡張	extension	Show All Video	全ビデオを表示	全ビデオを表示	B32	未判定	未判定	未判定	未監査	意味の在庫判定はあるが、技術の委託先とスクラッチ境界は未監査	-	未監査
299	拡張	extension	Show Current Clip With Handles	ハンドル付きで現在クリップ表示	ハンドル付きで現在クリップ表示	B40	未判定	未判定	未判定	未監査	意味の在庫判定はあるが、技術の委託先とスクラッチ境界は未監査	-	未監査
300	拡張	extension	Show Curve Editor	カーブエディタ表示	カーブエディタ表示	B15	未判定	未判定	未判定	未監査	意味の在庫判定はあるが、技術の委託先とスクラッチ境界は未監査	-	未監査
301	拡張	extension	Show Next Screen	次画面表示	次画面表示	B26	未判定	未判定	未判定	未監査	意味の在庫判定はあるが、技術の委託先とスクラッチ境界は未監査	-	未監査
302	構造吸収	absorbed	Show or hide Layer Switches and Modes columns	スイッチ/モード列表示切替	pane/workspaceの表示差分が製品固有の第二状態になる	B25	既存構造	固定pane構造(next/shell/motolii-shell/src/pane_layout.rs:109-124)	不要	独立したowner・状態・検収を増やさない	因果未記入: pane/workspaceの表示差分が製品固有の第二状態になる は 固定pane構造(next/shell/motolii-shell/src/pane_layout.rs:109-124) で Browser/Stage/Inspector/Timelineの同じ4役割で制作する に到達する。active panel/workspace preset/page/maximize/dockの専用粒 は独立実装しない	next/shell/motolii-shell/src/pane_layout.rs:109-124	構造吸収から導出
303	拡張	extension	Show Previous Screen	前画面表示	前画面表示	B26	未判定	未判定	未判定	未監査	意味の在庫判定はあるが、技術の委託先とスクラッチ境界は未監査	-	未監査
304	拡張	extension	Shy	シャイ切替	シャイ切替	B32	未判定	未判定	未判定	未監査	意味の在庫判定はあるが、技術の委託先とスクラッチ境界は未監査	-	未監査
305	不採用		Slide Clip	クリップをスライド	クリップをスライド		未判定	未判定	未判定	未監査	意味の在庫判定はあるが、技術の委託先とスクラッチ境界は未監査	-	未監査
306	不採用		Slide Tool	スライドツール	スライドツール		未判定	未判定	未判定	未監査	意味の在庫判定はあるが、技術の委託先とスクラッチ境界は未監査	-	未監査
307	不採用		Slip Clip	クリップをスリップ	クリップをスリップ		未判定	未判定	未判定	未監査	意味の在庫判定はあるが、技術の委託先とスクラッチ境界は未監査	-	未監査
308	不採用		Slip Eye	立体視の目をスリップ	立体視の目をスリップ		未判定	未判定	未判定	未監査	意味の在庫判定はあるが、技術の委託先とスクラッチ境界は未監査	-	未監査
309	不採用		Slip Opposite Eye Left	Option+Command+,	Option+Command+,		未判定	未判定	未判定	未監査	意味の在庫判定はあるが、技術の委託先とスクラッチ境界は未監査	-	未監査
310	不採用		Slip Opposite Eye Right	Option+Command+.	Option+Command+.		未判定	未判定	未判定	未監査	意味の在庫判定はあるが、技術の委託先とスクラッチ境界は未監査	-	未監査
311	不採用		Slip Playhead To	プレイヘッドへスリップ	プレイヘッドへスリップ		未判定	未判定	未判定	未監査	意味の在庫判定はあるが、技術の委託先とスクラッチ境界は未監査	-	未監査
312	不採用		Slip Tool	スリップツール	スリップツール		未判定	未判定	未判定	未監査	意味の在庫判定はあるが、技術の委託先とスクラッチ境界は未監査	-	未監査
313	採用済		Solid…	単色で置換	単色で置換	B36	未判定	未判定	未判定	未監査	意味の在庫判定はあるが、技術の委託先とスクラッチ境界は未監査	-	未監査
314	採用済		Solo	ソロ切替	ソロ切替	B32	未判定	未判定	未判定	未監査	意味の在庫判定はあるが、技術の委託先とスクラッチ境界は未監査	-	未監査
315	拡張	extension	Source Clip/Source Tape	ソースクリップ/テープ切替	ソースクリップ/テープ切替	B40	未判定	未判定	未判定	未監査	意味の在庫判定はあるが、技術の委託先とスクラッチ境界は未監査	-	未監査
316	拡張	extension	Split Screen	Option+Command+W	Option+Command+W	B23	未判定	未判定	未判定	未監査	意味の在庫判定はあるが、技術の委託先とスクラッチ境界は未監査	-	未監査
317	採用予定	core	Split selected layers	選択レイヤーを分割	選択レイヤーを分割	B39	既存構造+先例	Document::apply_all;LayerTiming/SetTiming;AE/Premiere timeline grammar	抑制	既存SetTimingと一つのedit刻みだけ	Splitは新しい編集機構ではなく、既存の時間正本へ委託するaliasである	next/reference/timeline-grammar.md:16	技術監査済
318	拡張	extension	Swap Clips Towards Left	左隣クリップと入れ替え	左隣クリップと入れ替え	B52	未判定	未判定	未判定	未監査	意味の在庫判定はあるが、技術の委託先とスクラッチ境界は未監査	-	未監査
319	拡張	extension	Swap Clips Towards Right	右隣クリップと入れ替え	右隣クリップと入れ替え	B52	未判定	未判定	未判定	未監査	意味の在庫判定はあるが、技術の委託先とスクラッチ境界は未監査	-	未監査
320	拡張	extension	Synchronize > Clip End	クリップ末尾で同期	クリップ末尾で同期	B40	未判定	未判定	未判定	未監査	意味の在庫判定はあるが、技術の委託先とスクラッチ境界は未監査	-	未監査
321	拡張	extension	Synchronize > Clip Start	クリップ先頭で同期	クリップ先頭で同期	B40	未判定	未判定	未判定	未監査	意味の在庫判定はあるが、技術の委託先とスクラッチ境界は未監査	-	未監査
322	拡張	extension	Synchronize > Timecode	タイムコードで同期	タイムコードで同期	B40	未判定	未判定	未判定	未監査	意味の在庫判定はあるが、技術の委託先とスクラッチ境界は未監査	-	未監査
323	拡張	extension	Take Selector	テイクセレクタ	テイクセレクタ	B40	未判定	未判定	未判定	未監査	意味の在庫判定はあるが、技術の委託先とスクラッチ境界は未監査	-	未監査
324	不採用		Toggle Slip/Slide Mode	スリップ/スライド切替	スリップ/スライド切替		未判定	未判定	未判定	未監査	意味の在庫判定はあるが、技術の委託先とスクラッチ境界は未監査	-	未監査
325	拡張	extension	Toggle V+A/V/A	映像+音声/映像/音声切替	映像+音声/映像/音声切替	B32	未判定	未判定	未判定	未監査	意味の在庫判定はあるが、技術の委託先とスクラッチ境界は未監査	-	未監査
326	採用済		Trim Edit	トリムモードに入る	トリムモードに入る	B39	未判定	未判定	未判定	未監査	意味の在庫判定はあるが、技術の委託先とスクラッチ境界は未監査	-	未監査
327	採用済		Trim Edit	トリムモード	トリムモード	B39	未判定	未判定	未判定	未監査	意味の在庫判定はあるが、技術の委託先とスクラッチ境界は未監査	-	未監査
328	採用済		Trim End	終了点をトリム	終了点をトリム	B39	未判定	未判定	未判定	未監査	意味の在庫判定はあるが、技術の委託先とスクラッチ境界は未監査	-	未監査
329	採用済		Trim End	Shift+]	Shift+]	B39	未判定	未判定	未判定	未監査	意味の在庫判定はあるが、技術の委託先とスクラッチ境界は未監査	-	未監査
330	採用予定	core	Trim In or Out point to current time	現在時刻でIn/Outをトリム	現在時刻でIn/Outをトリム	B39	既存構造+先例	LayerTiming/SetTiming;Timeline projection;AE/Premiere	抑制	trim計算とpreviewは既存timing経路だけ	TrimはLayerTimingの境界変更へ収め、別のtrim modelを作らない	next/reference/timeline-grammar.md:60	技術監査済
331	採用済		Trim Mode	トリムモード	トリムモード	B39	未判定	未判定	未判定	未監査	意味の在庫判定はあるが、技術の委託先とスクラッチ境界は未監査	-	未監査
332	採用済		Trim Start	開始点をトリム	開始点をトリム	B39	未判定	未判定	未判定	未監査	意味の在庫判定はあるが、技術の委託先とスクラッチ境界は未監査	-	未監査
333	採用済		Trim Start	Shift+[	Shift+[	B39	未判定	未判定	未判定	未監査	意味の在庫判定はあるが、技術の委託先とスクラッチ境界は未監査	-	未監査
334	拡張	extension	Trim to Selection	選択範囲にトリム	選択範囲にトリム	B39	未判定	未判定	未判定	未監査	意味の在庫判定はあるが、技術の委託先とスクラッチ境界は未監査	-	未監査
335	採用済		Trim tool	T	T	B39	未判定	未判定	未判定	未監査	意味の在庫判定はあるが、技術の委託先とスクラッチ境界は未監査	-	未監査
336	拡張	extension	Trim/Step Multiframe Left	Shift+,	Shift+,	B39	未判定	未判定	未判定	未監査	意味の在庫判定はあるが、技術の委託先とスクラッチ境界は未監査	-	未監査
337	拡張	extension	Trim/Step Multiframe Right	Shift+.	Shift+.	B39	未判定	未判定	未判定	未監査	意味の在庫判定はあるが、技術の委託先とスクラッチ境界は未監査	-	未監査
338	拡張	extension	Turn off all other solo switches	他の全ソロを解除	他の全ソロを解除	B32	未判定	未判定	未判定	未監査	意味の在庫判定はあるが、技術の委託先とスクラッチ境界は未監査	-	未監査
339	拡張	extension	Update All Clips	Option+Shift+U	Option+Shift+U	B52	未判定	未判定	未判定	未監査	意味の在庫判定はあるが、技術の委託先とスクラッチ境界は未監査	-	未監査
340	拡張	extension	Update Selected Clips	Shift+Command+U	Shift+Command+U	B52	未判定	未判定	未判定	未監査	意味の在庫判定はあるが、技術の委託先とスクラッチ境界は未監査	-	未監査
341	拡張	extension	With Layered Comp	レイヤー化コンポで置換	レイヤー化コンポで置換	B08	未判定	未判定	未判定	未監査	意味の在庫判定はあるが、技術の委託先とスクラッチ境界は未監査	-	未監査
342	不採用		Multiple User Collaboration	複数ワークステーション協調編集を有効化	複数ワークステーション協調編集を有効化		未判定	未判定	未判定	未監査	意味の在庫判定はあるが、技術の委託先とスクラッチ境界は未監査	-	未監査
343	採用済		Single User Project	コラボレーション機能を無効化	コラボレーション機能を無効化	B12	未判定	未判定	未判定	未監査	意味の在庫判定はあるが、技術の委託先とスクラッチ境界は未監査	-	未監査
344	不採用		Active Playhead	アクティブプレイヘッド	アクティブプレイヘッド		未判定	未判定	未判定	未監査	意味の在庫判定はあるが、技術の委託先とスクラッチ境界は未監査	-	未監査
345	不採用		Add Version	Command+Y	Command+Y		未判定	未判定	未判定	未監査	意味の在庫判定はあるが、技術の委託先とスクラッチ境界は未監査	-	未監査
346	拡張	extension	AI color correction	AI自動色調補正	AI自動色調補正	B05	未判定	未判定	未判定	未監査	意味の在庫判定はあるが、技術の委託先とスクラッチ境界は未監査	-	未監査
347	不採用		Append Node Graph	ノードグラフを追加	ノードグラフを追加		未判定	未判定	未判定	未監査	意味の在庫判定はあるが、技術の委託先とスクラッチ境界は未監査	-	未監査
348	不採用		Append Node to Selected Clips	選択クリップへノード追加	選択クリップへノード追加		未判定	未判定	未判定	未監査	意味の在庫判定はあるが、技術の委託先とスクラッチ境界は未監査	-	未監査
349	不採用		Apply Grade	グレード適用	グレード適用		未判定	未判定	未判定	未監査	意味の在庫判定はあるが、技術の委託先とスクラッチ境界は未監査	-	未監査
350	不採用		Apply Grade From One Clip Prior	1つ前のクリップからグレード適用	1つ前のクリップからグレード適用		未判定	未判定	未判定	未監査	意味の在庫判定はあるが、技術の委託先とスクラッチ境界は未監査	-	未監査
351	不採用		Apply Grade From One Clip Prior	=(equals)	=(equals)		未判定	未判定	未判定	未監査	意味の在庫判定はあるが、技術の委託先とスクラッチ境界は未監査	-	未監査
352	不採用		Apply Grade From Two Clip Prior	-(minus)	-(minus)		未判定	未判定	未判定	未監査	意味の在庫判定はあるが、技術の委託先とスクラッチ境界は未監査	-	未監査
353	不採用		Apply Grade From Two Clips Prior	2つ前のクリップからグレード適用	2つ前のクリップからグレード適用		未判定	未判定	未判定	未監査	意味の在庫判定はあるが、技術の委託先とスクラッチ境界は未監査	-	未監査
354	拡張	extension	Auto Color	オートカラー	オートカラー	B05	未判定	未判定	未判定	未監査	意味の在庫判定はあるが、技術の委託先とスクラッチ境界は未監査	-	未監査
355	拡張	extension	Auto Color	Option+A	Option+A	B05	未判定	未判定	未判定	未監査	意味の在庫判定はあるが、技術の委託先とスクラッチ境界は未監査	-	未監査
356	不採用		Bypass All Grades	Shift+D	Shift+D		未判定	未判定	未判定	未監査	意味の在庫判定はあるが、技術の委託先とスクラッチ境界は未監査	-	未監査
357	不採用	out-of-domain?	Bypass Color and Fusion	Color/Fusionバイパス	Color/Fusionバイパス		未判定	未判定	未判定	未監査	意味の在庫判定はあるが、技術の委託先とスクラッチ境界は未監査	-	未監査
358	拡張	extension	Classic Color Burn	焼き込みカラー(クラシック)	焼き込みカラー(クラシック)	B05	未判定	未判定	未判定	未監査	意味の在庫判定はあるが、技術の委託先とスクラッチ境界は未監査	-	未監査
359	拡張	extension	Classic Color Dodge	覆い焼きカラー(クラシック)	覆い焼きカラー(クラシック)	B05	未判定	未判定	未判定	未監査	意味の在庫判定はあるが、技術の委託先とスクラッチ境界は未監査	-	未監査
360	採用済		Color	カラー	カラー	B05	未判定	未判定	未判定	未監査	意味の在庫判定はあるが、技術の委託先とスクラッチ境界は未監査	-	未監査
361	採用済		Color Burn	焼き込みカラー	焼き込みカラー	B05	未判定	未判定	未判定	未監査	意味の在庫判定はあるが、技術の委託先とスクラッチ境界は未監査	-	未監査
362	採用済		Color Dodge	覆い焼きカラー	覆い焼きカラー	B05	未判定	未判定	未判定	未監査	意味の在庫判定はあるが、技術の委託先とスクラッチ境界は未監査	-	未監査
363	不採用		Color Overlay	カラーオーバーレイ	カラーオーバーレイ		未判定	未判定	未判定	未監査	意味の在庫判定はあるが、技術の委託先とスクラッチ境界は未監査	-	未監査
364	拡張	extension	Darker Color	カラー比較(暗)	カラー比較(暗)	B05	未判定	未判定	未判定	未監査	意味の在庫判定はあるが、技術の委託先とスクラッチ境界は未監査	-	未監査
365	不採用		Default Version	Command+U	Command+U		未判定	未判定	未判定	未監査	意味の在庫判定はあるが、技術の委託先とスクラッチ境界は未監査	-	未監査
366	不採用	out-of-domain?	Dolby Vision	Dolby Visionライセンス/設定ファイル読み込み	Dolby Visionライセンス/設定ファイル読み込み		未判定	未判定	未判定	未監査	意味の在庫判定はあるが、技術の委託先とスクラッチ境界は未監査	-	未監査
367	不採用	out-of-domain?	Dolby Vision	Dolby Visionトリムメタデータのコピー&ペースト	Dolby Visionトリムメタデータのコピー&ペースト		未判定	未判定	未判定	未監査	意味の在庫判定はあるが、技術の委託先とスクラッチ境界は未監査	-	未監査
368	不採用	out-of-domain?	Dolby Vision	Dolby Visionグレーディング	Dolby Visionグレーディング		未判定	未判定	未判定	未監査	意味の在庫判定はあるが、技術の委託先とスクラッチ境界は未監査	-	未監査
369	不採用	out-of-domain?	Full Printer Light	フルプリンターライト	フルプリンターライト		未判定	未判定	未判定	未監査	意味の在庫判定はあるが、技術の委託先とスクラッチ境界は未監査	-	未監査
370	不採用		Grab Still	スティル取得	スティル取得		未判定	未判定	未判定	未監査	意味の在庫判定はあるが、技術の委託先とスクラッチ境界は未監査	-	未監査
371	不採用		Grade Version	グレードバージョン管理	グレードバージョン管理		未判定	未判定	未判定	未監査	意味の在庫判定はあるが、技術の委託先とスクラッチ境界は未監査	-	未監査
372	不採用	out-of-domain?	Half Printer Light	ハーフプリンターライト	ハーフプリンターライト		未判定	未判定	未判定	未監査	意味の在庫判定はあるが、技術の委託先とスクラッチ境界は未監査	-	未監査
373	不採用	out-of-domain?	HDR Vivid	HDR Vividグレーディング	HDR Vividグレーディング		未判定	未判定	未判定	未監査	意味の在庫判定はあるが、技術の委託先とスクラッチ境界は未監査	-	未監査
374	不採用	out-of-domain?	HDR10+	HDR10+グレーディング	HDR10+グレーディング		未判定	未判定	未判定	未監査	意味の在庫判定はあるが、技術の委託先とスクラッチ境界は未監査	-	未監査
375	拡張	extension	Lighter Color	カラー比較(明)	カラー比較(明)	B05	未判定	未判定	未判定	未監査	意味の在庫判定はあるが、技術の委託先とスクラッチ境界は未監査	-	未監査
376	不採用		Load Memory A-H(grouped, pattern)	Command+1..Command+8	Command+1..Command+8		未判定	未判定	未判定	未監査	意味の在庫判定はあるが、技術の委託先とスクラッチ境界は未監査	-	未監査
377	不採用		Memories	メモリバンク	メモリバンク		未判定	未判定	未判定	未監査	意味の在庫判定はあるが、技術の委託先とスクラッチ境界は未監査	-	未監査
378	不採用		Next Still	次のスティル	次のスティル		未判定	未判定	未判定	未監査	意味の在庫判定はあるが、技術の委託先とスクラッチ境界は未監査	-	未監査
379	不採用		Next Version	Command+N	Command+N		未判定	未判定	未判定	未監査	意味の在庫判定はあるが、技術の委託先とスクラッチ境界は未監査	-	未監査
380	不採用		Nodes	ノードサブメニュー	ノードサブメニュー		未判定	未判定	未判定	未監査	意味の在庫判定はあるが、技術の委託先とスクラッチ境界は未監査	-	未監査
381	不採用		Original Memory	オリジナルメモリ	オリジナルメモリ		未判定	未判定	未判定	未監査	意味の在庫判定はあるが、技術の委託先とスクラッチ境界は未監査	-	未監査
382	不採用		Original Memory	Option+Shift+O	Option+Shift+O		未判定	未判定	未判定	未監査	意味の在庫判定はあるが、技術の委託先とスクラッチ境界は未監査	-	未監査
383	不採用		Play Still	スティル再生	スティル再生		未判定	未判定	未判定	未監査	意味の在庫判定はあるが、技術の委託先とスクラッチ境界は未監査	-	未監査
384	不採用		Presets	グレードプリセット	グレードプリセット		未判定	未判定	未判定	未監査	意味の在庫判定はあるが、技術の委託先とスクラッチ境界は未監査	-	未監査
385	不採用		Preview Memory	プレビューメモリ	プレビューメモリ		未判定	未判定	未判定	未監査	意味の在庫判定はあるが、技術の委託先とスクラッチ境界は未監査	-	未監査
386	不採用		Preview Memory	Option+Shift+P	Option+Shift+P		未判定	未判定	未判定	未監査	意味の在庫判定はあるが、技術の委託先とスクラッチ境界は未監査	-	未監査
387	不採用		Previous Still	前のスティル	前のスティル		未判定	未判定	未判定	未監査	意味の在庫判定はあるが、技術の委託先とスクラッチ境界は未監査	-	未監査
388	不採用		Previous Version	Command+B	Command+B		未判定	未判定	未判定	未監査	意味の在庫判定はあるが、技術の委託先とスクラッチ境界は未監査	-	未監査
389	拡張		Primaries/Log Color Wheels	Option+Z	Option+Z	B05	未判定	未判定	未判定	未監査	意味の在庫判定はあるが、技術の委託先とスクラッチ境界は未監査	-	未監査
390	不採用	out-of-domain?	Printer Light Hotkeys	プリンターライトホットキー	プリンターライトホットキー		未判定	未判定	未判定	未監査	意味の在庫判定はあるが、技術の委託先とスクラッチ境界は未監査	-	未監査
391	不採用	out-of-domain?	Printer Light Hotkeys	Option+Command+`	Option+Command+`		未判定	未判定	未判定	未監査	意味の在庫判定はあるが、技術の委託先とスクラッチ境界は未監査	-	未監査
392	不採用	out-of-domain?	Quarter Printer Light	クォータープリンターライト	クォータープリンターライト		未判定	未判定	未判定	未監査	意味の在庫判定はあるが、技術の委託先とスクラッチ境界は未監査	-	未監査
393	不採用		Render Cache Color Output	Color出力をレンダーキャッシュ	Color出力をレンダーキャッシュ		未判定	未判定	未判定	未監査	意味の在庫判定はあるが、技術の委託先とスクラッチ境界は未監査	-	未監査
394	不採用		Reset	グレードリセット	グレードリセット		未判定	未判定	未判定	未監査	意味の在庫判定はあるが、技術の委託先とスクラッチ境界は未監査	-	未監査
395	不採用		Reset All Grades and Nodes	Command+Home	Command+Home		未判定	未判定	未判定	未監査	意味の在庫判定はあるが、技術の委託先とスクラッチ境界は未監査	-	未監査
396	不採用		Reset Grades and Keep Nodes	Shift+Command+Home	Shift+Command+Home		未判定	未判定	未判定	未監査	意味の在庫判定はあるが、技術の委託先とスクラッチ境界は未監査	-	未監査
397	不採用		Reset Selected Node Grade	Shift+Home	Shift+Home		未判定	未判定	未判定	未監査	意味の在庫判定はあるが、技術の委託先とスクラッチ境界は未監査	-	未監査
398	不採用	out-of-domain?	Resolve Live	Resolve Live連携	Resolve Live連携		未判定	未判定	未判定	未監査	意味の在庫判定はあるが、技術の委託先とスクラッチ境界は未監査	-	未監査
399	不採用	out-of-domain?	Resolve Live Freeze	Shift+Command+R	Shift+Command+R		未判定	未判定	未判定	未監査	意味の在庫判定はあるが、技術の委託先とスクラッチ境界は未監査	-	未監査
400	不採用	out-of-domain?	Resolve Live On/Off	Command+R	Command+R		未判定	未判定	未判定	未監査	意味の在庫判定はあるが、技術の委託先とスクラッチ境界は未監査	-	未監査
401	不採用	out-of-domain?	Resolve Live Snapshot	Option+Command+R	Option+Command+R		未判定	未判定	未判定	未監査	意味の在庫判定はあるが、技術の委託先とスクラッチ境界は未監査	-	未監査
402	不採用		Ripple Node Changes to Current Group	ノード変更を現在グループへリップル	ノード変更を現在グループへリップル		未判定	未判定	未判定	未監査	意味の在庫判定はあるが、技術の委託先とスクラッチ境界は未監査	-	未監査
403	不採用		Ripple Node Changes to Selected Clips	ノード変更を選択クリップへリップル	ノード変更を選択クリップへリップル		未判定	未判定	未判定	未監査	意味の在庫判定はあるが、技術の委託先とスクラッチ境界は未監査	-	未監査
404	不採用		Save Memory A-H(grouped, pattern)	Option+1..Option+8	Option+1..Option+8		未判定	未判定	未判定	未監査	意味の在庫判定はあるが、技術の委託先とスクラッチ境界は未監査	-	未監査
405	拡張	extension	Select Clips With Clip Color	クリップ色でクリップ選択	クリップ色でクリップ選択	B31	未判定	未判定	未判定	未監査	意味の在庫判定はあるが、技術の委託先とスクラッチ境界は未監査	-	未監査
406	拡張	extension	Select Clips With Flag Color	フラグ色でクリップ選択	フラグ色でクリップ選択	B31	未判定	未判定	未判定	未監査	意味の在庫判定はあるが、技術の委託先とスクラッチ境界は未監査	-	未監査
407	拡張	extension	Select Clips With Marker Color	マーカー色でクリップ選択	マーカー色でクリップ選択	B31	未判定	未判定	未判定	未監査	意味の在庫判定はあるが、技術の委託先とスクラッチ境界は未監査	-	未監査
408	拡張	extension	Set Clip Color	クリップ色設定	クリップ色設定	B05	未判定	未判定	未判定	未監査	意味の在庫判定はあるが、技術の委託先とスクラッチ境界は未監査	-	未監査
409	拡張	extension	Set foreground to average color under pointer	ポインタ周辺の平均色を前景色に	ポインタ周辺の平均色を前景色に	B05	未判定	未判定	未判定	未監査	意味の在庫判定はあるが、技術の委託先とスクラッチ境界は未監査	-	未監査
410	拡張	extension	Set foreground to color under pointer	ポインタ下の色を前景色に	ポインタ下の色を前景色に	B05	未判定	未判定	未判定	未監査	意味の在庫判定はあるが、技術の委託先とスクラッチ境界は未監査	-	未監査
411	拡張	extension	Show alpha boundary in Layer panel	Layerパネルでアルファ境界表示	Layerパネルでアルファ境界表示	B05	未判定	未判定	未判定	未監査	意味の在庫判定はあるが、技術の委託先とスクラッチ境界は未監査	-	未監査
412	拡張	extension	Show alpha overlay in Layer panel	Layerパネルでアルファオーバーレイ表示	Layerパネルでアルファオーバーレイ表示	B05	未判定	未判定	未判定	未監査	意味の在庫判定はあるが、技術の委託先とスクラッチ境界は未監査	-	未監査
413	拡張	extension	Show colorized red, green, or blue channel	各チャンネルを色付き表示	各チャンネルを色付き表示	B05	未判定	未判定	未判定	未監査	意味の在庫判定はあるが、技術の委託先とスクラッチ境界は未監査	-	未監査
414	拡張	extension	Show red, green, blue, or alpha channel as grayscale	各チャンネルをグレースケール表示	各チャンネルをグレースケール表示	B05	未判定	未判定	未判定	未監査	意味の在庫判定はあるが、技術の委託先とスクラッチ境界は未監査	-	未監査
415	拡張		Show Refine Edge X-ray	エッジ調整X線表示	エッジ調整X線表示	B05	未判定	未判定	未判定	未監査	意味の在庫判定はあるが、技術の委託先とスクラッチ境界は未監査	-	未監査
416	不採用		Step Timeline Wipe	タイムラインワイプを段階送り	タイムラインワイプを段階送り		未判定	未判定	未判定	未監査	意味の在庫判定はあるが、技術の委託先とスクラッチ境界は未監査	-	未監査
417	不採用		Stop Tracking	Option+Command+T	Option+Command+T		未判定	未判定	未判定	未監査	意味の在庫判定はあるが、技術の委託先とスクラッチ境界は未監査	-	未監査
418	拡張		Swap paint background and foreground colors	背景色と前景色を入替	背景色と前景色を入替	B05	未判定	未判定	未判定	未監査	意味の在庫判定はあるが、技術の委託先とスクラッチ境界は未監査	-	未監査
419	拡張	extension	Toggle showing straight RGB color	ストレートRGB表示切替	ストレートRGB表示切替	B05	未判定	未判定	未判定	未監査	意味の在庫判定はあるが、技術の委託先とスクラッチ境界は未監査	-	未監査
420	不採用		Track Forward	Command+T	Command+T		未判定	未判定	未判定	未監査	意味の在庫判定はあるが、技術の委託先とスクラッチ境界は未監査	-	未監査
421	不採用		Track One Frame Forward	Option+Right Arrow	Option+Right Arrow		未判定	未判定	未判定	未監査	意味の在庫判定はあるが、技術の委託先とスクラッチ境界は未監査	-	未監査
422	不採用		Track One Frame Reverse	Option+Left Arrow	Option+Left Arrow		未判定	未判定	未判定	未監査	意味の在庫判定はあるが、技術の委託先とスクラッチ境界は未監査	-	未監査
423	不採用		Track Reverse	Option+T	Option+T		未判定	未判定	未判定	未監査	意味の在庫判定はあるが、技術の委託先とスクラッチ境界は未監査	-	未監査
424	不採用		Tracker	トラッカーパレット	トラッカーパレット		未判定	未判定	未判定	未監査	意味の在庫判定はあるが、技術の委託先とスクラッチ境界は未監査	-	未監査
425	拡張	extension	Turn display color management on or off	ディスプレイカラーマネジメント切替	ディスプレイカラーマネジメント切替	B05	未判定	未判定	未判定	未監査	意味の在庫判定はあるが、技術の委託先とスクラッチ境界は未監査	-	未監査
426	拡張	extension	Use Display Color Management	ディスプレイカラーマネジメントを使用	ディスプレイカラーマネジメントを使用	B05	未判定	未判定	未判定	未監査	意味の在庫判定はあるが、技術の委託先とスクラッチ境界は未監査	-	未監査
427	拡張		Video Scopes	ビデオスコープ表示	ビデオスコープ表示	B05	未判定	未判定	未判定	未監査	意味の在庫判定はあるが、技術の委託先とスクラッチ境界は未監査	-	未監査
428	拡張		Video Scopes	Shift+Command+W	Shift+Command+W	B05	未判定	未判定	未判定	未監査	意味の在庫判定はあるが、技術の委託先とスクラッチ境界は未監査	-	未監査
429	採用済		Copy	コピー	コピー	B33	未判定	未判定	未判定	未監査	意味の在庫判定はあるが、技術の委託先とスクラッチ境界は未監査	-	未監査
430	採用済		Paste	貼り付け	貼り付け	B33	未判定	未判定	未判定	未監査	意味の在庫判定はあるが、技術の委託先とスクラッチ境界は未監査	-	未監査
431	採用済		Clear / Delete	選択項目を削除	選択項目を削除	B33	未判定	未判定	未判定	未監査	意味の在庫判定はあるが、技術の委託先とスクラッチ境界は未監査	-	未監査
432	採用済		Cut	切り取り	切り取り	B33	未判定	未判定	未判定	未監査	意味の在庫判定はあるが、技術の委託先とスクラッチ境界は未監査	-	未監査
433	採用済		Deselect All	選択解除	選択解除	B31	未判定	未判定	未判定	未監査	意味の在庫判定はあるが、技術の委託先とスクラッチ境界は未監査	-	未監査
434	採用済		Duplicate	複製	複製	B33	未判定	未判定	未判定	未監査	意味の在庫判定はあるが、技術の委託先とスクラッチ境界は未監査	-	未監査
435	採用済		Redo	やり直す	やり直す	B33	未判定	未判定	未判定	未監査	意味の在庫判定はあるが、技術の委託先とスクラッチ境界は未監査	-	未監査
436	採用済		Select All	すべて選択	すべて選択	B31	未判定	未判定	未判定	未監査	意味の在庫判定はあるが、技術の委託先とスクラッチ境界は未監査	-	未監査
437	採用済		Undo	元に戻す	元に戻す	B33	未判定	未判定	未判定	未監査	意味の在庫判定はあるが、技術の委託先とスクラッチ境界は未監査	-	未監査
438	拡張	extension	Edit Original	元アプリで編集	元アプリで編集	B33	未判定	未判定	未判定	未監査	意味の在庫判定はあるが、技術の委託先とスクラッチ境界は未監査	-	未監査
439	拡張	extension	Find	検索	検索	B33	未判定	未判定	未判定	未監査	意味の在庫判定はあるが、技術の委託先とスクラッチ境界は未監査	-	未監査
440	拡張	extension	Paste Attributes	属性・プロパティを貼り付け	属性・プロパティを貼り付け	B33	未判定	未判定	未判定	未監査	意味の在庫判定はあるが、技術の委託先とスクラッチ境界は未監査	-	未監査
441	不採用		Paste Insert	挿入貼り付け	挿入貼り付け		未判定	未判定	未判定	未監査	意味の在庫判定はあるが、技術の委託先とスクラッチ境界は未監査	-	未監査
442	拡張	extension	Auto Select/Deselect All Video	Option+F9	Option+F9	B31	未判定	未判定	未判定	未監査	意味の在庫判定はあるが、技術の委託先とスクラッチ境界は未監査	-	未監査
443	拡張	extension	Auto Select/Deselect Video V1-V8(grouped, pattern)	Option+F1..Option+F8	Option+F1..Option+F8	B31	未判定	未判定	未判定	未監査	意味の在庫判定はあるが、技術の委託先とスクラッチ境界は未監査	-	未監査
444	採用済		Clear Selection	選択消去	選択消去	B31	未判定	未判定	未判定	未監査	意味の在庫判定はあるが、技術の委託先とスクラッチ境界は未監査	-	未監査
445	拡張	extension	Clear Video In and Out	映像イン/アウト解除	映像イン/アウト解除	B18	未判定	未判定	未判定	未監査	意味の在庫判定はあるが、技術の委託先とスクラッチ境界は未監査	-	未監査
446	不採用		Copy Head	先頭側コピー	先頭側コピー		未判定	未判定	未判定	未監査	意味の在庫判定はあるが、技術の委託先とスクラッチ境界は未監査	-	未監査
447	不採用		Copy Tail	末尾側コピー	末尾側コピー		未判定	未判定	未判定	未監査	意味の在庫判定はあるが、技術の委託先とスクラッチ境界は未監査	-	未監査
448	拡張	extension	Copy with Property Links	プロパティリンク付きコピー	プロパティリンク付きコピー	B33	未判定	未判定	未判定	未監査	意味の在庫判定はあるが、技術の委託先とスクラッチ境界は未監査	-	未監査
449	採用予定	core	Copy/Cut/Paste = Ctrl+C/X/V	コピー/切り取り/貼り付け	コピー/切り取り/貼り付け	B33	既存構造+先例	Document::apply_all;clipboard payload;AE/Premiere	抑制	clipboardはpayload adapter;書き込みはDocumentだけ	Copy/Cut/Pasteの意味は先例から借り、書き込みとundoは既存Documentへ委託する	next/DECISIONS.md:17	技術監査済
450	不採用		Cut Head	プレイヘッド前をカット(Fairlight)	プレイヘッド前をカット(Fairlight)		未判定	未判定	未判定	未監査	意味の在庫判定はあるが、技術の委託先とスクラッチ境界は未監査	-	未監査
451	不採用		Cut Tail	プレイヘッド後をカット(Fairlight)	プレイヘッド後をカット(Fairlight)		未判定	未判定	未判定	未監査	意味の在庫判定はあるが、技術の委託先とスクラッチ境界は未監査	-	未監査
452	採用済		Deselect all layers	全レイヤー選択解除	全レイヤー選択解除	B31	未判定	未判定	未判定	未監査	意味の在庫判定はあるが、技術の委託先とスクラッチ境界は未監査	-	未監査
453	採用予定	core	Duplicate selected items	選択項目を複製	選択項目を複製	B33	既存構造+先例	Document::apply_all;clipboard payload;AE/Premiere	抑制	複製は既存copy payloadとDocument applyだけ	Duplicateは新しいlayer生成機構を作らず、既存clipboard/document経路へ預ける	next/DECISIONS.md:17	技術監査済
454	不採用		Duplicate Selection	選択クリップを複製(Fairlight)	選択クリップを複製(Fairlight)		未判定	未判定	未判定	未監査	意味の在庫判定はあるが、技術の委託先とスクラッチ境界は未監査	-	未監査
455	採用済		Group	グループ化	グループ化	B34	未判定	未判定	未判定	未監査	意味の在庫判定はあるが、技術の委託先とスクラッチ境界は未監査	-	未監査
456	採用済		Group selected shapes	選択シェイプをグループ化	選択シェイプをグループ化	B34	未判定	未判定	未判定	未監査	意味の在庫判定はあるが、技術の委託先とスクラッチ境界は未監査	-	未監査
457	採用済		Group Shapes	シェイプをグループ化	シェイプをグループ化	B34	未判定	未判定	未判定	未監査	意味の在庫判定はあるが、技術の委託先とスクラッチ境界は未監査	-	未監査
458	構造吸収	absorbed	History	操作履歴	1操作の履歴が別粒へ分裂する	B33	既存構造	Document::apply/apply_all(next/core/motolii-store/src/document.rs:502-545)	不要	独立したowner・状態・検収を増やさない	因果未記入: 1操作の履歴が別粒へ分裂する は Document::apply/apply_all(next/core/motolii-store/src/document.rs:502-545) で 1 edit刻み・1 undo に到達する。独立の履歴/undo入口を作らない は独立実装しない	next/core/motolii-store/src/document.rs:502-545	構造吸収から導出
459	構造吸収	absorbed	History	アンドゥ履歴サブメニュー	1操作の履歴が別粒へ分裂する	B33	既存構造	Document::apply/apply_all(next/core/motolii-store/src/document.rs:502-545)	不要	独立したowner・状態・検収を増やさない	因果未記入: 1操作の履歴が別粒へ分裂する は Document::apply/apply_all(next/core/motolii-store/src/document.rs:502-545) で 1 edit刻み・1 undo に到達する。独立の履歴/undo入口を作らない は独立実装しない	next/core/motolii-store/src/document.rs:502-545	構造吸収から導出
460	拡張	extension	Paste layers at current time	現在時刻にレイヤーを貼り付け	現在時刻にレイヤーを貼り付け	B33	未判定	未判定	未判定	未監査	意味の在庫判定はあるが、技術の委託先とスクラッチ境界は未監査	-	未監査
461	拡張	extension	Paste Value	パラメータ値の貼り付け(Color)	パラメータ値の貼り付け(Color)	B33	未判定	未判定	未判定	未監査	意味の在庫判定はあるが、技術の委託先とスクラッチ境界は未監査	-	未監査
462	拡張	extension	Reveal in Finder	Finderで表示	Finderで表示	B33	未判定	未判定	未判定	未監査	意味の在庫判定はあるが、技術の委託先とスクラッチ境界は未監査	-	未監査
463	拡張	extension	Reveal in Finder	Finderで表示	Finderで表示	B33	未判定	未判定	未判定	未監査	意味の在庫判定はあるが、技術の委託先とスクラッチ境界は未監査	-	未監査
464	構造吸収	absorbed	Revival Undo	Option+Command+Z	1操作の履歴が別粒へ分裂する	B33	既存構造	Document::apply/apply_all(next/core/motolii-store/src/document.rs:502-545)	不要	独立したowner・状態・検収を増やさない	因果未記入: 1操作の履歴が別粒へ分裂する は Document::apply/apply_all(next/core/motolii-store/src/document.rs:502-545) で 1 edit刻み・1 undo に到達する。独立の履歴/undo入口を作らない は独立実装しない	next/core/motolii-store/src/document.rs:502-545	構造吸収から導出
465	拡張	extension	Show Duplicate Frames	重複フレーム表示	重複フレーム表示	B33	未判定	未判定	未判定	未監査	意味の在庫判定はあるが、技術の委託先とスクラッチ境界は未監査	-	未監査
466	採用予定	core	Undo	アンドゥ履歴を消去	アンドゥ履歴を消去	B33	既存構造+上流	Document::apply_all;rerun undo timeline	抑制	履歴stackを新設せず既存edit timelineを使う	Undoは既存storeの時間移動へ委託し、専用履歴モデルを増やさない	next/reference/timeline-grammar.md:11	技術監査済
467	採用済		Undo = Ctrl+Z / Redo = Ctrl+Shift+Z	取り消し/やり直し	取り消し/やり直し	B33	未判定	未判定	未判定	未監査	意味の在庫判定はあるが、技術の委託先とスクラッチ境界は未監査	-	未監査
468	採用済		Ungroup	グループ解除	グループ解除	B34	未判定	未判定	未判定	未監査	意味の在庫判定はあるが、技術の委託先とスクラッチ境界は未監査	-	未監査
469	採用済		Ungroup selected shapes	選択シェイプのグループ解除	選択シェイプのグループ解除	B34	未判定	未判定	未判定	未監査	意味の在庫判定はあるが、技術の委託先とスクラッチ境界は未監査	-	未監査
470	採用済		Ungroup Shapes	シェイプのグループ解除	シェイプのグループ解除	B34	未判定	未判定	未判定	未監査	意味の在庫判定はあるが、技術の委託先とスクラッチ境界は未監査	-	未監査
471	拡張		Add Expression	エクスプレッションを追加	エクスプレッションを追加	B14	未判定	未判定	未判定	未監査	意味の在庫判定はあるが、技術の委託先とスクラッチ境界は未監査	-	未監査
472	結線待ち		Add Keyframe	キーフレームを追加	キーフレームを追加	B15	既存構造+先例	PropertyId/KeyframeTrack;Inspector provider catalog;Lottie	抑制	keyframe入口は既存trackへ接続する薄いadapterだけ	キーフレーム追加はPropertyId/KeyframeTrackの既存機構へ委託する	next/DECISIONS.md:72	技術監査済
473	結線待ち		Add Keyframe	キーフレーム追加	キーフレーム追加	B15	既存構造+先例	PropertyId/KeyframeTrack;Inspector provider catalog;Lottie	抑制	keyframe入口は既存trackへ接続する薄いadapterだけ	同じ意味の重複行を別keyframe機構にせず、既存trackへ収める	next/DECISIONS.md:72	技術監査済
474	結線待ち		Add Keyframe	Command+[	Command+[	B15	既存構造+先例	PropertyId/KeyframeTrack;Inspector provider catalog;Lottie	抑制	shortcutは既存keyframe intentの別入口だけ	ショートカットは意味を発明せず、既存keyframe intentへ委託する	next/DECISIONS.md:72	技術監査済
475	拡張		Add or remove expression for property	プロパティにエクスプレッションを追加/削除	プロパティにエクスプレッションを追加/削除	B14	未判定	未判定	未判定	未監査	意味の在庫判定はあるが、技術の委託先とスクラッチ境界は未監査	-	未監査
476	結線待ち		Add or remove keyframe at current time	現在時刻でキーフレームを追加/削除	現在時刻でキーフレームを追加/削除	B15	既存構造+先例	PropertyId/KeyframeTrack;Inspector provider catalog;Lottie	抑制	current-time lookupと既存track更新だけ	現在時刻の追加削除は既存trackの一操作として扱い、専用状態を増やさない	next/DECISIONS.md:72	技術監査済
477	結線待ち		Add Static Keyframe	静的キーフレーム追加	静的キーフレーム追加	B15	既存構造+先例	PropertyId/KeyframeTrack;Inspector provider catalog;Lottie	抑制	静的keyの既存track表現だけ	静的keyはkeyframe trackのHold表現へ委託し、別static modeを作らない	next/DECISIONS.md:72	技術監査済
478	結線待ち		Add Static Keyframe	Command+]	Command+]	B15	既存構造+先例	PropertyId/KeyframeTrack;Inspector provider catalog;Lottie	抑制	shortcutは既存keyframe intentの別入口だけ	静的keyframeのshortcutは既存track経路の別入口に留める	next/DECISIONS.md:72	技術監査済
479	拡張	extension	Convert Audio to Keyframes	オーディオをキーフレームに変換	オーディオをキーフレームに変換	B15	未判定	未判定	未判定	未監査	意味の在庫判定はあるが、技術の委託先とスクラッチ境界は未監査	-	未監査
480	拡張	extension	Convert Expression to Keyframes	エクスプレッションをキーフレームに変換	エクスプレッションをキーフレームに変換	B15	未判定	未判定	未判定	未監査	意味の在庫判定はあるが、技術の委託先とスクラッチ境界は未監査	-	未監査
481	拡張	extension	Delete All Keyframes	全キーフレーム削除	全キーフレーム削除	B15	未判定	未判定	未判定	未監査	意味の在庫判定はあるが、技術の委託先とスクラッチ境界は未監査	-	未監査
482	採用済		Delete Keyframe	キーフレーム削除	キーフレーム削除	B15	未判定	未判定	未判定	未監査	意味の在庫判定はあるが、技術の委託先とスクラッチ境界は未監査	-	未監査
483	採用済		Delete Keyframe	Option+]	Option+]	B15	未判定	未判定	未判定	未監査	意味の在庫判定はあるが、技術の委託先とスクラッチ境界は未監査	-	未監査
484	採用済		Deselect all keyframes, properties, and groups	全キーフレーム・プロパティ・グループの選択解除	全キーフレーム・プロパティ・グループの選択解除	B15	未判定	未判定	未判定	未監査	意味の在庫判定はあるが、技術の委託先とスクラッチ境界は未監査	-	未監査
485	採用済		Easy Ease	イージーイーズ	イージーイーズ	B15	未判定	未判定	未判定	未監査	意味の在庫判定はあるが、技術の委託先とスクラッチ境界は未監査	-	未監査
486	採用済		Easy Ease In	イージーイーズイン	イージーイーズイン	B15	未判定	未判定	未判定	未監査	意味の在庫判定はあるが、技術の委託先とスクラッチ境界は未監査	-	未監査
487	採用済		Easy Ease Out	イージーイーズアウト	イージーイーズアウト	B15	未判定	未判定	未判定	未監査	意味の在庫判定はあるが、技術の委託先とスクラッチ境界は未監査	-	未監査
488	採用済		Easy ease selected keyframes	選択キーフレームにイージーイーズ	選択キーフレームにイージーイーズ	B15	未判定	未判定	未判定	未監査	意味の在庫判定はあるが、技術の委託先とスクラッチ境界は未監査	-	未監査
489	採用済		Easy ease selected keyframes in	イージーイーズイン	イージーイーズイン	B15	未判定	未判定	未判定	未監査	意味の在庫判定はあるが、技術の委託先とスクラッチ境界は未監査	-	未監査
490	採用済		Easy ease selected keyframes out	イージーイーズアウト	イージーイーズアウト	B15	未判定	未判定	未判定	未監査	意味の在庫判定はあるが、技術の委託先とスクラッチ境界は未監査	-	未監査
491	拡張	extension	Exponential Scale	指数スケール	指数スケール	B15	未判定	未判定	未判定	未監査	意味の在庫判定はあるが、技術の委託先とスクラッチ境界は未監査	-	未監査
492	拡張		Expression	エクスプレッションセレクタ	エクスプレッションセレクタ	B14	未判定	未判定	未判定	未監査	意味の在庫判定はあるが、技術の委託先とスクラッチ境界は未監査	-	未監査
493	拡張		Expression Reference…	エクスプレッションリファレンス	エクスプレッションリファレンス	B14	未判定	未判定	未判定	未監査	意味の在庫判定はあるが、技術の委託先とスクラッチ境界は未監査	-	未監査
494	拡張	extension	Keyframe Animation and Motion Tracking	キーフレームアニメ/モーショントラッキング	キーフレームアニメ/モーショントラッキング	B16	未判定	未判定	未判定	未監査	意味の在庫判定はあるが、技術の委託先とスクラッチ境界は未監査	-	未監査
495	採用済		Keyframe Interpolation…	キーフレーム補間法	キーフレーム補間法	B15	未判定	未判定	未判定	未監査	意味の在庫判定はあるが、技術の委託先とスクラッチ境界は未監査	-	未監査
496	構造吸収	absorbed	Keyframe Timeline Mode	キーフレームタイムラインモード	propertyごとに値・補間・keyframe操作が別機構になる	B15	既存構造	KeyframeTrack+ParameterDescriptor(next/core/motolii-eval/src/track.rs:234-303;next/ui/motolii-inspector-pane/src/device.rs:63-71,283-300)	不要	独立したowner・状態・検収を増やさない	因果未記入: propertyごとに値・補間・keyframe操作が別機構になる は KeyframeTrack+ParameterDescriptor(next/core/motolii-eval/src/track.rs:234-303;next/ui/motolii-inspector-pane/src/device.rs:63-71,283-300) で 一つのproperty系で値と時間変化を扱う に到達する。keyframe mode/reveal/editor/move/reverse/holdとtime-remapの専用入口 は独立実装しない	next/core/motolii-eval/src/track.rs:234-303	構造吸収から導出
497	拡張	extension	Keyframe Velocity…	キーフレーム速度	キーフレーム速度	B15	未判定	未判定	未判定	未監査	意味の在庫判定はあるが、技術の委託先とスクラッチ境界は未監査	-	未監査
498	採用済		Move keyframe 1 frame later or earlier	キーフレームを1フレーム前後移動	キーフレームを1フレーム前後移動	B15	未判定	未判定	未判定	未監査	意味の在庫判定はあるが、技術の委託先とスクラッチ境界は未監査	-	未監査
499	採用済		Move keyframe 10 frames later or earlier	キーフレームを10フレーム前後移動	キーフレームを10フレーム前後移動	B15	未判定	未判定	未判定	未監査	意味の在庫判定はあるが、技術の委託先とスクラッチ境界は未監査	-	未監査
500	構造吸収	absorbed	Move Selected Keyframes Down	選択キーフレームを下移動	propertyごとに値・補間・keyframe操作が別機構になる	B15	既存構造	KeyframeTrack+ParameterDescriptor(next/core/motolii-eval/src/track.rs:234-303;next/ui/motolii-inspector-pane/src/device.rs:63-71,283-300)	不要	独立したowner・状態・検収を増やさない	因果未記入: propertyごとに値・補間・keyframe操作が別機構になる は KeyframeTrack+ParameterDescriptor(next/core/motolii-eval/src/track.rs:234-303;next/ui/motolii-inspector-pane/src/device.rs:63-71,283-300) で 一つのproperty系で値と時間変化を扱う に到達する。keyframe mode/reveal/editor/move/reverse/holdとtime-remapの専用入口 は独立実装しない	next/core/motolii-eval/src/track.rs:234-303	構造吸収から導出
501	構造吸収	absorbed	Move Selected Keyframes Left	選択キーフレームを左移動	propertyごとに値・補間・keyframe操作が別機構になる	B15	既存構造	KeyframeTrack+ParameterDescriptor(next/core/motolii-eval/src/track.rs:234-303;next/ui/motolii-inspector-pane/src/device.rs:63-71,283-300)	不要	独立したowner・状態・検収を増やさない	因果未記入: propertyごとに値・補間・keyframe操作が別機構になる は KeyframeTrack+ParameterDescriptor(next/core/motolii-eval/src/track.rs:234-303;next/ui/motolii-inspector-pane/src/device.rs:63-71,283-300) で 一つのproperty系で値と時間変化を扱う に到達する。keyframe mode/reveal/editor/move/reverse/holdとtime-remapの専用入口 は独立実装しない	next/core/motolii-eval/src/track.rs:234-303	構造吸収から導出
502	構造吸収	absorbed	Move Selected Keyframes Right	選択キーフレームを右移動	propertyごとに値・補間・keyframe操作が別機構になる	B15	既存構造	KeyframeTrack+ParameterDescriptor(next/core/motolii-eval/src/track.rs:234-303;next/ui/motolii-inspector-pane/src/device.rs:63-71,283-300)	不要	独立したowner・状態・検収を増やさない	因果未記入: propertyごとに値・補間・keyframe操作が別機構になる は KeyframeTrack+ParameterDescriptor(next/core/motolii-eval/src/track.rs:234-303;next/ui/motolii-inspector-pane/src/device.rs:63-71,283-300) で 一つのproperty系で値と時間変化を扱う に到達する。keyframe mode/reveal/editor/move/reverse/holdとtime-remapの専用入口 は独立実装しない	next/core/motolii-eval/src/track.rs:234-303	構造吸収から導出
503	構造吸収	absorbed	Move Selected Keyframes Up	選択キーフレームを上移動	propertyごとに値・補間・keyframe操作が別機構になる	B15	既存構造	KeyframeTrack+ParameterDescriptor(next/core/motolii-eval/src/track.rs:234-303;next/ui/motolii-inspector-pane/src/device.rs:63-71,283-300)	不要	独立したowner・状態・検収を増やさない	因果未記入: propertyごとに値・補間・keyframe操作が別機構になる は KeyframeTrack+ParameterDescriptor(next/core/motolii-eval/src/track.rs:234-303;next/ui/motolii-inspector-pane/src/device.rs:63-71,283-300) で 一つのproperty系で値と時間変化を扱う に到達する。keyframe mode/reveal/editor/move/reverse/holdとtime-remapの専用入口 は独立実装しない	next/core/motolii-eval/src/track.rs:234-303	構造吸収から導出
504	採用済		Next Keyframe	]	]	B15	未判定	未判定	未判定	未監査	意味の在庫判定はあるが、技術の委託先とスクラッチ境界は未監査	-	未監査
505	採用済		Previous Keyframe	[	[	B15	未判定	未判定	未判定	未監査	意味の在庫判定はあるが、技術の委託先とスクラッチ境界は未監査	-	未監査
506	構造吸収	absorbed	Reveal Properties with Keyframes	キーフレーム付きプロパティを表示	propertyごとに値・補間・keyframe操作が別機構になる	B15	既存構造	KeyframeTrack+ParameterDescriptor(next/core/motolii-eval/src/track.rs:234-303;next/ui/motolii-inspector-pane/src/device.rs:63-71,283-300)	不要	独立したowner・状態・検収を増やさない	因果未記入: propertyごとに値・補間・keyframe操作が別機構になる は KeyframeTrack+ParameterDescriptor(next/core/motolii-eval/src/track.rs:234-303;next/ui/motolii-inspector-pane/src/device.rs:63-71,283-300) で 一つのproperty系で値と時間変化を扱う に到達する。keyframe mode/reveal/editor/move/reverse/holdとtime-remapの専用入口 は独立実装しない	next/core/motolii-eval/src/track.rs:234-303	構造吸収から導出
507	結線待ち		Reverse paste copied keyframes	コピーしたキーフレームを逆順貼り付け	コピーしたキーフレームを逆順貼り付け	B15	既存構造+先例	PropertyId/KeyframeTrack;clipboard payload;Lottie	抑制	既存keyframe payloadとtrack更新だけ	逆順pasteは既存keyframe payloadの変換に留め、別の時間モデルを作らない	next/DECISIONS.md:72	技術監査済
508	拡張	extension	RPF Camera Import	RPFカメラ読み込み	RPFカメラ読み込み	B15	未判定	未判定	未判定	未監査	意味の在庫判定はあるが、技術の委託先とスクラッチ境界は未監査	-	未監査
509	採用済		Select all keyframes for property	プロパティの全キーフレームを選択	プロパティの全キーフレームを選択	B15	未判定	未判定	未判定	未監査	意味の在庫判定はあるが、技術の委託先とスクラッチ境界は未監査	-	未監査
510	採用済		Select all visible keyframes and properties	表示中の全キーフレーム・プロパティを選択	表示中の全キーフレーム・プロパティを選択	B15	未判定	未判定	未判定	未監査	意味の在庫判定はあるが、技術の委託先とスクラッチ境界は未監査	-	未監査
511	拡張	extension	Sequence Layers…	レイヤーをシーケンス化	レイヤーをシーケンス化	B15	未判定	未判定	未判定	未監査	意味の在庫判定はあるが、技術の委託先とスクラッチ境界は未監査	-	未監査
512	採用済		Set interpolation for keyframes	キーフレーム補間法を設定	キーフレーム補間法を設定	B15	未判定	未判定	未判定	未監査	意味の在庫判定はあるが、技術の委託先とスクラッチ境界は未監査	-	未監査
513	採用済		Set interpolation to linear or Auto Bezier	補間をリニア/自動ベジェに設定	補間をリニア/自動ベジェに設定	B15	未判定	未判定	未判定	未監査	意味の在庫判定はあるが、技術の委託先とスクラッチ境界は未監査	-	未監査
514	採用済		Set interpolation to linear or hold	補間をリニア/ホールドに設定	補間をリニア/ホールドに設定	B15	未判定	未判定	未判定	未監査	意味の在庫判定はあるが、技術の委託先とスクラッチ境界は未監査	-	未監査
515	拡張	extension	Set keyframe interpolation to hold or Auto Bezier	補間をホールド/自動ベジェに設定	補間をホールド/自動ベジェに設定	B15	未判定	未判定	未判定	未監査	意味の在庫判定はあるが、技術の委託先とスクラッチ境界は未監査	-	未監査
516	拡張	extension	Set velocity for selected keyframes	選択キーフレームの速度を設定	選択キーフレームの速度を設定	B15	未判定	未判定	未判定	未監査	意味の在庫判定はあるが、技術の委託先とスクラッチ境界は未監査	-	未監査
517	構造吸収	absorbed	Show Keyframe Editor	キーフレームエディタ表示	propertyごとに値・補間・keyframe操作が別機構になる	B15	既存構造	KeyframeTrack+ParameterDescriptor(next/core/motolii-eval/src/track.rs:234-303;next/ui/motolii-inspector-pane/src/device.rs:63-71,283-300)	不要	独立したowner・状態・検収を増やさない	因果未記入: propertyごとに値・補間・keyframe操作が別機構になる は KeyframeTrack+ParameterDescriptor(next/core/motolii-eval/src/track.rs:234-303;next/ui/motolii-inspector-pane/src/device.rs:63-71,283-300) で 一つのproperty系で値と時間変化を扱う に到達する。keyframe mode/reveal/editor/move/reverse/holdとtime-remapの専用入口 は独立実装しない	next/core/motolii-eval/src/track.rs:234-303	構造吸収から導出
518	構造吸収	absorbed	Time-Reverse Keyframes	キーフレームを時間反転	propertyごとに値・補間・keyframe操作が別機構になる	B15	既存構造	KeyframeTrack+ParameterDescriptor(next/core/motolii-eval/src/track.rs:234-303;next/ui/motolii-inspector-pane/src/device.rs:63-71,283-300)	不要	独立したowner・状態・検収を増やさない	因果未記入: propertyごとに値・補間・keyframe操作が別機構になる は KeyframeTrack+ParameterDescriptor(next/core/motolii-eval/src/track.rs:234-303;next/ui/motolii-inspector-pane/src/device.rs:63-71,283-300) で 一つのproperty系で値と時間変化を扱う に到達する。keyframe mode/reveal/editor/move/reverse/holdとtime-remapの専用入口 は独立実装しない	next/core/motolii-eval/src/track.rs:234-303	構造吸収から導出
519	採用済		Toggle between Graph Editor and layer bar modes	グラフエディタ/レイヤーバー切替	グラフエディタ/レイヤーバー切替	B15	未判定	未判定	未判定	未監査	意味の在庫判定はあるが、技術の委託先とスクラッチ境界は未監査	-	未監査
520	構造吸収	absorbed	Toggle Hold Keyframe	ホールドキーフレーム切替	propertyごとに値・補間・keyframe操作が別機構になる	B15	既存構造	KeyframeTrack+ParameterDescriptor(next/core/motolii-eval/src/track.rs:234-303;next/ui/motolii-inspector-pane/src/device.rs:63-71,283-300)	不要	独立したowner・状態・検収を増やさない	因果未記入: propertyごとに値・補間・keyframe操作が別機構になる は KeyframeTrack+ParameterDescriptor(next/core/motolii-eval/src/track.rs:234-303;next/ui/motolii-inspector-pane/src/device.rs:63-71,283-300) で 一つのproperty系で値と時間変化を扱う に到達する。keyframe mode/reveal/editor/move/reverse/holdとtime-remapの専用入口 は独立実装しない	next/core/motolii-eval/src/track.rs:234-303	構造吸収から導出
521	不採用		Add to Adobe Media Encoder Queue…	AMEキューに追加	AMEキューに追加		未判定	未判定	未判定	未監査	意味の在庫判定はあるが、技術の委託先とスクラッチ境界は未監査	-	未監査
522	拡張	extension	Add to Render Queue	レンダーキューに追加	レンダーキューに追加	B09	未判定	未判定	未判定	未監査	意味の在庫判定はあるが、技術の委託先とスクラッチ境界は未監査	-	未監査
523	不採用		Adobe Flash Player (SWF)…	SWF書き出し	SWF書き出し		未判定	未判定	未判定	未監査	意味の在庫判定はあるが、技術の委託先とスクラッチ境界は未監査	-	未監査
524	拡張	extension	Adobe Premiere Pro Project…	Premiereプロジェクトへ書き出し	Premiereプロジェクトへ書き出し	B09	未判定	未判定	未判定	未監査	意味の在庫判定はあるが、技術の委託先とスクラッチ境界は未監査	-	未監査
525	拡張	extension	Bin	ビンをエクスポート	ビンをエクスポート	B10	未判定	未判定	未判定	未監査	意味の在庫判定はあるが、技術の委託先とスクラッチ境界は未監査	-	未監査
526	拡張	extension	Collect Files…	依存ファイルを収集	依存ファイルを収集	B10	未判定	未判定	未判定	未監査	意味の在庫判定はあるが、技術の委託先とスクラッチ境界は未監査	-	未監査
527	拡張	extension	Consolidate All Footage	重複素材を統合	重複素材を統合	B10	未判定	未判定	未判定	未監査	意味の在庫判定はあるが、技術の委託先とスクラッチ境界は未監査	-	未監査
528	不採用		Copyright Check	著作権チェック	著作権チェック		未判定	未判定	未判定	未監査	意味の在庫判定はあるが、技術の委託先とスクラッチ境界は未監査	-	未監査
529	採用済		Ctrl+E = Export(droidcrunch)またはOpen effects(skillademia)	書き出し、またはエフェクトパネルを開く(出典間で矛盾)	書き出し、またはエフェクトパネルを開く(出典間で矛盾)	B09	未判定	未判定	未判定	未監査	意味の在庫判定はあるが、技術の委託先とスクラッチ境界は未監査	-	未監査
530	拡張	extension	Current Frame as Still	現在フレームを静止画で書き出す	現在フレームを静止画で書き出す	B09	未判定	未判定	未判定	未監査	意味の在庫判定はあるが、技術の委託先とスクラッチ境界は未監査	-	未監査
531	拡張	extension	Export AAF, XML	Shift+Command+O	Shift+Command+O	B09	未判定	未判定	未判定	未監査	意味の在庫判定はあるが、技術の委託先とスクラッチ境界は未監査	-	未監査
532	拡張	extension	Export Metadata From	メタデータをCSVへ書き出す	メタデータをCSVへ書き出す	B09	未判定	未判定	未判定	未監査	意味の在庫判定はあるが、技術の委託先とスクラッチ境界は未監査	-	未監査
533	採用済		Export Project	プロジェクトファイル(.drp)を書き出す	プロジェクトファイル(.drp)を書き出す	B09	未判定	未判定	未判定	未監査	意味の在庫判定はあるが、技術の委託先とスクラッチ境界は未監査	-	未監査
534	採用済		Export Project	Command+E	Command+E	B09	未判定	未判定	未判定	未監査	意味の在庫判定はあるが、技術の委託先とスクラッチ境界は未監査	-	未監査
535	拡張	extension	Extend selection to next item in Project/Render Queue/Effect Controls panel	次項目まで選択範囲を拡張	次項目まで選択範囲を拡張	B09	未判定	未判定	未判定	未監査	意味の在庫判定はあるが、技術の委託先とスクラッチ境界は未監査	-	未監査
536	不採用		MAXON CINEMA 4D Exporter…	C4D形式で書き出し	C4D形式で書き出し		未判定	未判定	未判定	未監査	意味の在庫判定はあるが、技術の委託先とスクラッチ境界は未監査	-	未監査
537	拡張	extension	Media Management	メディアマネジメントウィンドウを開く	メディアマネジメントウィンドウを開く	B10	未判定	未判定	未判定	未監査	意味の在庫判定はあるが、技術の委託先とスクラッチ境界は未監査	-	未監査
538	採用済		Quick Export	クイックエクスポートウィンドウを開く	クイックエクスポートウィンドウを開く	B09	未判定	未判定	未判定	未監査	意味の在庫判定はあるが、技術の委託先とスクラッチ境界は未監査	-	未監査
539	拡張	extension	Reduce Project	プロジェクトを選択コンポのみに縮小	プロジェクトを選択コンポのみに縮小	B10	未判定	未判定	未判定	未監査	意味の在庫判定はあるが、技術の委託先とスクラッチ境界は未監査	-	未監査
540	不採用		Send to Media Encoder	Media Encoderへキューを送信	Media Encoderへキューを送信		未判定	未判定	未判定	未監査	意味の在庫判定はあるが、技術の委託先とスクラッチ境界は未監査	-	未監査
541	不採用		Add Layer Node	Option+L	Option+L		未判定	未判定	未判定	未監査	意味の在庫判定はあるが、技術の委託先とスクラッチ境界は未監査	-	未監査
542	不採用		Add Outside Node	Option+O	Option+O		未判定	未判定	未判定	未監査	意味の在庫判定はあるが、技術の委託先とスクラッチ境界は未監査	-	未監査
543	不採用		Add Parallel Node	Option+P	Option+P		未判定	未判定	未判定	未監査	意味の在庫判定はあるが、技術の委託先とスクラッチ境界は未監査	-	未監査
544	不採用		Add Serial Before Current	Shift+S	Shift+S		未判定	未判定	未判定	未監査	意味の在庫判定はあるが、技術の委託先とスクラッチ境界は未監査	-	未監査
545	不採用		Add Serial Node	Option+S	Option+S		未判定	未判定	未判定	未監査	意味の在庫判定はあるが、技術の委託先とスクラッチ境界は未監査	-	未監査
546	不採用		Add Serial Node + CPW	Option+C	Option+C		未判定	未判定	未判定	未監査	意味の在庫判定はあるが、技術の委託先とスクラッチ境界は未監査	-	未監査
547	不採用		Add Serial Node + LPW	Option+Q	Option+Q		未判定	未判定	未判定	未監査	意味の在庫判定はあるが、技術の委託先とスクラッチ境界は未監査	-	未監査
548	不採用		Add Serial Node + PCW	Option+B	Option+B		未判定	未判定	未判定	未監査	意味の在庫判定はあるが、技術の委託先とスクラッチ境界は未監査	-	未監査
549	不採用		Add Serial Node + PPW	Option+G	Option+G		未判定	未判定	未判定	未監査	意味の在庫判定はあるが、技術の委託先とスクラッチ境界は未監査	-	未監査
550	不採用		Add Splitter Combiner Node	Option+Y	Option+Y		未判定	未判定	未判定	未監査	意味の在庫判定はあるが、技術の委託先とスクラッチ境界は未監査	-	未監査
551	不採用	out-of-domain?	Alembic Scene	Alembicシーンをインポート	Alembicシーンをインポート		未判定	未判定	未判定	未監査	意味の在庫判定はあるが、技術の委託先とスクラッチ境界は未監査	-	未監査
552	不採用		Append a Node	Option+K	Option+K		未判定	未判定	未判定	未監査	意味の在庫判定はあるが、技術の委託先とスクラッチ境界は未監査	-	未監査
553	不採用		Enable/Disable All Nodes	Option+D	Option+D		未判定	未判定	未判定	未監査	意味の在庫判定はあるが、技術の委託先とスクラッチ境界は未監査	-	未監査
554	不採用		Enable/Disable Current Node	Command+D	Command+D		未判定	未判定	未判定	未監査	意味の在庫判定はあるが、技術の委託先とスクラッチ境界は未監査	-	未監査
555	不採用	out-of-domain?	FBX Scene	FBXシーンをインポート	FBXシーンをインポート		未判定	未判定	未判定	未監査	意味の在庫判定はあるが、技術の委託先とスクラッチ境界は未監査	-	未監査
556	不採用	out-of-domain?	Fusion Composition	Fusionコンポジションをインポート	Fusionコンポジションをインポート		未判定	未判定	未判定	未監査	意味の在庫判定はあるが、技術の委託先とスクラッチ境界は未監査	-	未監査
557	不採用	out-of-domain?	Fusion Composition	Fusionコンポジションをエクスポート	Fusionコンポジションをエクスポート		未判定	未判定	未判定	未監査	意味の在庫判定はあるが、技術の委託先とスクラッチ境界は未監査	-	未監査
558	不採用	out-of-domain?	Fusion Memory Cache	Fusionメモリキャッシュ	Fusionメモリキャッシュ		未判定	未判定	未判定	未監査	意味の在庫判定はあるが、技術の委託先とスクラッチ境界は未監査	-	未監査
559	不採用	out-of-domain?	Fusion Settings	Fusion設定を開く	Fusion設定を開く		未判定	未判定	未判定	未監査	意味の在庫判定はあるが、技術の委託先とスクラッチ境界は未監査	-	未監査
560	不採用	out-of-domain?	Macro Editor	マクロエディタを開く	マクロエディタを開く		未判定	未判定	未判定	未監査	意味の在庫判定はあるが、技術の委託先とスクラッチ境界は未監査	-	未監査
561	不採用	out-of-domain?	New Fusion Clip	Fusionクリップ作成	Fusionクリップ作成		未判定	未判定	未判定	未監査	意味の在庫判定はあるが、技術の委託先とスクラッチ境界は未監査	-	未監査
562	不採用	out-of-domain?	PSD	PSDをインポート	PSDをインポート		未判定	未判定	未判定	未監査	意味の在庫判定はあるが、技術の委託先とスクラッチ境界は未監査	-	未監査
563	不採用	out-of-domain?	Render All Savers	全Saverをレンダー	全Saverをレンダー		未判定	未判定	未判定	未監査	意味の在庫判定はあるが、技術の委託先とスクラッチ境界は未監査	-	未監査
564	不採用	out-of-domain?	Render Cache Fusion Output	Fusion出力をレンダーキャッシュ	Fusion出力をレンダーキャッシュ		未判定	未判定	未判定	未監査	意味の在庫判定はあるが、技術の委託先とスクラッチ境界は未監査	-	未監査
565	不採用	out-of-domain?	Reset Composition	コンポジションをリセット	コンポジションをリセット		未判定	未判定	未判定	未監査	意味の在庫判定はあるが、技術の委託先とスクラッチ境界は未監査	-	未監査
566	不採用	out-of-domain?	Shapes	シェイプをインポート	シェイプをインポート		未判定	未判定	未判定	未監査	意味の在庫判定はあるが、技術の委託先とスクラッチ境界は未監査	-	未監査
567	不採用	out-of-domain?	Show Toolbar	ツールバー表示	ツールバー表示		未判定	未判定	未判定	未監査	意味の在庫判定はあるが、技術の委託先とスクラッチ境界は未監査	-	未監査
568	不採用	out-of-domain?	SVG	SVGをインポート	SVGをインポート		未判定	未判定	未判定	未監査	意味の在庫判定はあるが、技術の委託先とスクラッチ境界は未監査	-	未監査
569	不採用	out-of-domain?	Tracks	トラッキングデータをインポート	トラッキングデータをインポート		未判定	未判定	未判定	未監査	意味の在庫判定はあるが、技術の委託先とスクラッチ境界は未監査	-	未監査
570	拡張	extension	Adobe Crash Reporter…	クラッシュレポーター	クラッシュレポーター	B06	未判定	未判定	未判定	未監査	意味の在庫判定はあるが、技術の委託先とスクラッチ境界は未監査	-	未監査
571	拡張	extension	Adobe Product Improvement Program…	製品改善プログラム	製品改善プログラム	B06	未判定	未判定	未判定	未監査	意味の在庫判定はあるが、技術の委託先とスクラッチ境界は未監査	-	未監査
572	拡張	extension	After Effects Help…	ヘルプを開く	ヘルプを開く	B06	未判定	未判定	未判定	未監査	意味の在庫判定はあるが、技術の委託先とスクラッチ境界は未監査	-	未監査
573	拡張	extension	After Effects Support Center…	サポートセンター	サポートセンター	B06	未判定	未判定	未判定	未監査	意味の在庫判定はあるが、技術の委託先とスクラッチ境界は未監査	-	未監査
574	拡張	extension	Animation Presets…	アニメーションプリセットヘルプ	アニメーションプリセットヘルプ	B07	未判定	未判定	未判定	未監査	意味の在庫判定はあるが、技術の委託先とスクラッチ境界は未監査	-	未監査
575	拡張	extension	Check for Updates	新バージョンの有無を確認	新バージョンの有無を確認	B06	未判定	未判定	未判定	未監査	意味の在庫判定はあるが、技術の委託先とスクラッチ境界は未監査	-	未監査
576	不採用		Complete/Update Adobe ID Profile…	Adobe IDプロフィール更新	Adobe IDプロフィール更新		未判定	未判定	未判定	未監査	意味の在庫判定はあるが、技術の委託先とスクラッチ境界は未監査	-	未監査
577	拡張	extension	Create Diagnostics Log on Desktop	診断ログをデスクトップに作成	診断ログをデスクトップに作成	B06	未判定	未判定	未判定	未監査	意味の在庫判定はあるが、技術の委託先とスクラッチ境界は未監査	-	未監査
578	不採用		DaVinci Control Panels Setup	コントロールパネルセットアップ	コントロールパネルセットアップ		未判定	未判定	未判定	未監査	意味の在庫判定はあるが、技術の委託先とスクラッチ境界は未監査	-	未監査
579	拡張	extension	DaVinci Resolve Reference Manual	リファレンスマニュアルを開く	リファレンスマニュアルを開く	B06	未判定	未判定	未判定	未監査	意味の在庫判定はあるが、技術の委託先とスクラッチ境界は未監査	-	未監査
580	拡張	extension	DaVinci Resolve Training	トレーニング情報を開く	トレーニング情報を開く	B06	未判定	未判定	未判定	未監査	意味の在庫判定はあるが、技術の委託先とスクラッチ境界は未監査	-	未監査
581	拡張	extension	Deactivate License	ライセンス解除	ライセンス解除	B06	未判定	未判定	未判定	未監査	意味の在庫判定はあるが、技術の委託先とスクラッチ境界は未監査	-	未監査
582	採用済		Documentation	ドキュメントを開く	ドキュメントを開く	B06	未判定	未判定	未判定	未監査	意味の在庫判定はあるが、技術の委託先とスクラッチ境界は未監査	-	未監査
583	拡張	extension	Effect Reference…	エフェクトリファレンス	エフェクトリファレンス	B06	未判定	未判定	未判定	未監査	意味の在庫判定はあるが、技術の委託先とスクラッチ境界は未監査	-	未監査
584	拡張	extension	Enable Logging	ログ記録を有効化	ログ記録を有効化	B06	未判定	未判定	未判定	未監査	意味の在庫判定はあるが、技術の委託先とスクラッチ境界は未監査	-	未監査
585	採用済		Online Users Forums…	オンラインフォーラム	オンラインフォーラム	B06	未判定	未判定	未判定	未監査	意味の在庫判定はあるが、技術の委託先とスクラッチ境界は未監査	-	未監査
586	拡張	extension	Reveal Logging File	ログファイルを表示	ログファイルを表示	B06	未判定	未判定	未判定	未監査	意味の在庫判定はあるが、技術の委託先とスクラッチ境界は未監査	-	未監査
587	拡張	extension	Scripting Help…	スクリプトヘルプ	スクリプトヘルプ	B06	未判定	未判定	未判定	未監査	意味の在庫判定はあるが、技術の委託先とスクラッチ境界は未監査	-	未監査
588	採用済		Send Feedback…	フィードバック送信	フィードバック送信	B06	未判定	未判定	未判定	未監査	意味の在庫判定はあるが、技術の委託先とスクラッチ境界は未監査	-	未監査
589	拡張	extension	Updates…	アップデート確認	アップデート確認	B06	未判定	未判定	未判定	未監査	意味の在庫判定はあるが、技術の委託先とスクラッチ境界は未監査	-	未監査
590	拡張	extension	Welcome Screen…	ようこそ画面	ようこそ画面	B06	未判定	未判定	未判定	未監査	意味の在庫判定はあるが、技術の委託先とスクラッチ境界は未監査	-	未監査
591	拡張	extension	Welcome to DaVinci Resolve	ようこそ画面を開く	ようこそ画面を開く	B06	未判定	未判定	未判定	未監査	意味の在庫判定はあるが、技術の委託先とスクラッチ境界は未監査	-	未監査
592	採用済		Import (media/file)	メディア/ファイルを読み込む	メディア/ファイルを読み込む	B08	未判定	未判定	未判定	未監査	意味の在庫判定はあるが、技術の委託先とスクラッチ境界は未監査	-	未監査
593	採用済		Export (media)	メディアを書き出す	メディアを書き出す	B08	未判定	未判定	未判定	未監査	意味の在庫判定はあるが、技術の委託先とスクラッチ境界は未監査	-	未監査
594	拡張		Adobe Premiere Pro Project…	Premiereプロジェクトを読み込む	Premiereプロジェクトを読み込む	B08	未判定	未判定	未判定	未監査	意味の在庫判定はあるが、技術の委託先とスクラッチ境界は未監査	-	未監査
595	拡張		Batch List From EDL	EDLからバッチリストをインポート	EDLからバッチリストをインポート	B08	未判定	未判定	未判定	未監査	意味の在庫判定はあるが、技術の委託先とスクラッチ境界は未監査	-	未監査
596	拡張	extension	Bin	ビンをインポート	ビンをインポート	B08	未判定	未判定	未判定	未監査	意味の在庫判定はあるが、技術の委託先とスクラッチ境界は未監査	-	未監査
597	拡張	extension	Delete footage item without warning	警告なしで素材を削除	警告なしで素材を削除	B08	未判定	未判定	未判定	未監査	意味の在庫判定はあるが、技術の委託先とスクラッチ境界は未監査	-	未監査
598	拡張	extension	Edit selected footage in associated application	関連アプリで素材を編集	関連アプリで素材を編集	B08	未判定	未判定	未判定	未監査	意味の在庫判定はあるが、技術の委託先とスクラッチ境界は未監査	-	未監査
599	拡張		Import AAF, EDL, XML	Shift+Command+I	Shift+Command+I	B08	未判定	未判定	未判定	未監査	意味の在庫判定はあるが、技術の委託先とスクラッチ境界は未監査	-	未監査
600	構造吸収	absorbed	Import from Media Browser	Media Browserから読み込み	追加・置換・provider入口が面ごとに分裂する	B08	既存構造	Browser card dispatch+Document apply(next/shell/motolii-shell/src/create.rs:272-305;next/core/motolii-store/src/document.rs:545)	不要	独立したowner・状態・検収を増やさない	因果未記入: 追加・置換・provider入口が面ごとに分裂する は Browser card dispatch+Document apply(next/shell/motolii-shell/src/create.rs:272-305;next/core/motolii-store/src/document.rs:545) で 追加/置換が同じDocumentへ届く に到達する。File/Media Browser/Effectsの入口alias は独立実装しない	next/shell/motolii-shell/src/create.rs:272-305	構造吸収から導出
601	拡張	extension	Import Metadata To	CSVからメタデータをインポート	CSVからメタデータをインポート	B08	未判定	未判定	未判定	未監査	意味の在庫判定はあるが、技術の委託先とスクラッチ境界は未監査	-	未監査
602	採用済		Import multiple files or image sequences	複数ファイル読み込み	複数ファイル読み込み	B08	未判定	未判定	未判定	未監査	意味の在庫判定はあるが、技術の委託先とスクラッチ境界は未監査	-	未監査
603	採用済		Import one file or image sequence	1ファイル/連番読み込み	1ファイル/連番読み込み	B08	未判定	未判定	未判定	未監査	意味の在庫判定はあるが、技術の委託先とスクラッチ境界は未監査	-	未監査
604	採用済		Import Project	プロジェクトファイル(.drp)をインポート	プロジェクトファイル(.drp)をインポート	B08	未判定	未判定	未判定	未監査	意味の在庫判定はあるが、技術の委託先とスクラッチ境界は未監査	-	未監査
605	採用済		Import Project	Command+I	Command+I	B08	未判定	未判定	未判定	未監査	意味の在庫判定はあるが、技術の委託先とスクラッチ境界は未監査	-	未監査
606	採用予定	core	Import…	読み込み時の既定動作設定	読み込み時の既定動作設定	B08	既存構造+外部依存+上流	Document/Asset;filesystem;FFmpeg	抑制	file dialog/default設定の薄い結線だけ	Importは既存Asset admissionと外部filesystemへ委託し、読み込み台帳を二重化しない	next/DECISIONS.md:112	技術監査済
607	拡張		Media from XML	XMLからメディアをインポート	XMLからメディアをインポート	B08	未判定	未判定	未判定	未監査	意味の在庫判定はあるが、技術の委託先とスクラッチ境界は未監査	-	未監査
608	採用済		Multiple Files…	複数ファイルを読み込む	複数ファイルを読み込む	B08	未判定	未判定	未判定	未監査	意味の在庫判定はあるが、技術の委託先とスクラッチ境界は未監査	-	未監査
609	拡張	extension	Open Interpret Footage dialog	素材の解釈ダイアログを開く	素材の解釈ダイアログを開く	B08	未判定	未判定	未判定	未監査	意味の在庫判定はあるが、技術の委託先とスクラッチ境界は未監査	-	未監査
610	拡張	extension	Open movie in After Effects Footage panel	Footageパネルで動画を開く	Footageパネルで動画を開く	B08	未判定	未判定	未判定	未監査	意味の在庫判定はあるが、技術の委託先とスクラッチ境界は未監査	-	未監査
611	拡張	extension	Placeholder…	プレースホルダーを読み込む	プレースホルダーを読み込む	B08	未判定	未判定	未判定	未監査	意味の在庫判定はあるが、技術の委託先とスクラッチ境界は未監査	-	未監査
612	拡張		Pre-conformed EDL	コンフォーム済みEDLをインポート	コンフォーム済みEDLをインポート	B08	未判定	未判定	未判定	未監査	意味の在庫判定はあるが、技術の委託先とスクラッチ境界は未監査	-	未監査
613	拡張		Pro Import After Effects…	Premiere用インポータ	Premiere用インポータ	B08	未判定	未判定	未判定	未監査	意味の在庫判定はあるが、技術の委託先とスクラッチ境界は未監査	-	未監査
614	採用予定	core	Reload selected footage items	選択素材を再読み込み	選択素材を再読み込み	B08	既存構造+外部依存+上流	Document/Asset;filesystem;FFmpeg	抑制	reloadはsource fingerprintと既存Asset更新だけ	素材再読み込みは既存source/Asset経路へ預け、decoderやcacheを新設しない	next/DECISIONS.md:112	技術監査済
615	拡張	extension	Remember footage interpretation	素材の解釈を記憶	素材の解釈を記憶	B08	未判定	未判定	未判定	未監査	意味の在庫判定はあるが、技術の委託先とスクラッチ境界は未監査	-	未監査
616	採用予定	core	Replace selected footage item	選択素材を置換	選択素材を置換	B08	既存構造+外部依存+上流	Document/Asset;filesystem;FFmpeg	抑制	selected Assetの差替えadapterだけ	選択素材の置換はSetSource/Asset経路に委託し、独自replace stateを作らない	next/DECISIONS.md:103	技術監査済
617	拡張	extension	Replace selected source footage for selected layers	選択レイヤーのソースを置換	選択レイヤーのソースを置換	B08	未判定	未判定	未判定	未監査	意味の在庫判定はあるが、技術の委託先とスクラッチ境界は未監査	-	未監査
618	採用予定	core	Replace source for selected layer	選択レイヤーのソースを置換(ドラッグ)	選択レイヤーのソースを置換(ドラッグ)	B08	既存構造+外部依存+上流	Document/Asset;filesystem;FFmpeg	抑制	selected layerのSetSource結線だけ	layer sourceの置換は既存field単位の書き口へ委託する	next/DECISIONS.md:103	技術監査済
619	拡張	extension	Set proxy for selected footage item	選択素材にプロキシを設定	選択素材にプロキシを設定	B08	未判定	未判定	未判定	未監査	意味の在庫判定はあるが、技術の委託先とスクラッチ境界は未監査	-	未監査
620	拡張	extension	Solid…	単色を読み込む	単色を読み込む	B08	未判定	未判定	未判定	未監査	意味の在庫判定はあるが、技術の委託先とスクラッチ境界は未監査	-	未監査
621	拡張	extension	Timeline	タイムラインをインポート	タイムラインをインポート	B08	未判定	未判定	未判定	未監査	意味の在庫判定はあるが、技術の委託先とスクラッチ境界は未監査	-	未監査
622	不採用	out-of-domain?	Vanishing Point (.vpe)…	Vanishing Pointデータ読み込み	Vanishing Pointデータ読み込み		未判定	未判定	未判定	未監査	意味の在庫判定はあるが、技術の委託先とスクラッチ境界は未監査	-	未監査
623	拡張	extension	Watch Folder…	監視フォルダを設定	監視フォルダを設定	B08	未判定	未判定	未判定	未監査	意味の在庫判定はあるが、技術の委託先とスクラッチ境界は未監査	-	未監査
624	採用済		Aqua	水色ラベル	水色ラベル	B03	未判定	未判定	未判定	未監査	意味の在庫判定はあるが、技術の委託先とスクラッチ境界は未監査	-	未監査
625	採用済		Blue	青ラベル	青ラベル	B03	未判定	未判定	未判定	未監査	意味の在庫判定はあるが、技術の委託先とスクラッチ境界は未監査	-	未監査
626	採用済		Brown	茶ラベル	茶ラベル	B03	未判定	未判定	未判定	未監査	意味の在庫判定はあるが、技術の委託先とスクラッチ境界は未監査	-	未監査
627	採用済		Cyan	シアンラベル	シアンラベル	B03	未判定	未判定	未判定	未監査	意味の在庫判定はあるが、技術の委託先とスクラッチ境界は未監査	-	未監査
628	採用済		Dark Green	ダークグリーンラベル	ダークグリーンラベル	B03	未判定	未判定	未判定	未監査	意味の在庫判定はあるが、技術の委託先とスクラッチ境界は未監査	-	未監査
629	採用済		Fuchsia	フクシアラベル	フクシアラベル	B03	未判定	未判定	未判定	未監査	意味の在庫判定はあるが、技術の委託先とスクラッチ境界は未監査	-	未監査
630	採用済		Green	緑ラベル	緑ラベル	B03	未判定	未判定	未判定	未監査	意味の在庫判定はあるが、技術の委託先とスクラッチ境界は未監査	-	未監査
631	拡張	extension	Labels…	ラベル色の設定	ラベル色の設定	B03	未判定	未判定	未判定	未監査	意味の在庫判定はあるが、技術の委託先とスクラッチ境界は未監査	-	未監査
632	採用済		Lavender	ラベンダーラベル	ラベンダーラベル	B03	未判定	未判定	未判定	未監査	意味の在庫判定はあるが、技術の委託先とスクラッチ境界は未監査	-	未監査
633	拡張	extension	None	ラベルなし	ラベルなし	B03	未判定	未判定	未判定	未監査	意味の在庫判定はあるが、技術の委託先とスクラッチ境界は未監査	-	未監査
634	採用済		Orange	オレンジラベル	オレンジラベル	B03	未判定	未判定	未判定	未監査	意味の在庫判定はあるが、技術の委託先とスクラッチ境界は未監査	-	未監査
635	採用済		Peach	ピーチラベル	ピーチラベル	B03	未判定	未判定	未判定	未監査	意味の在庫判定はあるが、技術の委託先とスクラッチ境界は未監査	-	未監査
636	採用済		Pink	ピンクラベル	ピンクラベル	B03	未判定	未判定	未判定	未監査	意味の在庫判定はあるが、技術の委託先とスクラッチ境界は未監査	-	未監査
637	採用済		Purple	紫ラベル	紫ラベル	B03	未判定	未判定	未判定	未監査	意味の在庫判定はあるが、技術の委託先とスクラッチ境界は未監査	-	未監査
638	採用済		Red	赤ラベル	赤ラベル	B03	未判定	未判定	未判定	未監査	意味の在庫判定はあるが、技術の委託先とスクラッチ境界は未監査	-	未監査
639	採用済		Sandstone	サンドストーンラベル	サンドストーンラベル	B03	未判定	未判定	未判定	未監査	意味の在庫判定はあるが、技術の委託先とスクラッチ境界は未監査	-	未監査
640	採用済		Sea Foam	シーフォームラベル	シーフォームラベル	B03	未判定	未判定	未判定	未監査	意味の在庫判定はあるが、技術の委託先とスクラッチ境界は未監査	-	未監査
641	拡張	extension	Select Label Group	同ラベルをまとめて選択	同ラベルをまとめて選択	B03	未判定	未判定	未判定	未監査	意味の在庫判定はあるが、技術の委託先とスクラッチ境界は未監査	-	未監査
642	採用済		Yellow	黄ラベル	黄ラベル	B03	未判定	未判定	未判定	未監査	意味の在庫判定はあるが、技術の委託先とスクラッチ境界は未監査	-	未監査
643	構造吸収	absorbed	Activate Rotation tool	回転ツール	transformの便利操作ごとに専用状態・書き口が増える	B29	既存構造	Property/LayerPlacement/SetOrder(next/core/motolii-store/src/document.rs:95-109;next/DECISIONS.md:61,112)	不要	独立したowner・状態・検収を増やさない	因果未記入: transformの便利操作ごとに専用状態・書き口が増える は Property/LayerPlacement/SetOrder(next/core/motolii-store/src/document.rs:95-109;next/DECISIONS.md:61,112) で 位置・拡縮・回転・順序の結果だけが変わる に到達する。reset/center/flip/increment/fit/stackのaliasとtool は独立実装しない	next/core/motolii-store/src/document.rs:95-109	構造吸収から導出
644	拡張	extension	Add Output Module	出力モジュールを追加	出力モジュールを追加	B09	未判定	未判定	未判定	未監査	意味の在庫判定はあるが、技術の委託先とスクラッチ境界は未監査	-	未監査
645	拡張	extension	Add selected items to most recently activated composition	直近コンポへ選択項目を追加	直近コンポへ選択項目を追加	B36	未判定	未判定	未判定	未監査	意味の在庫判定はあるが、技術の委託先とスクラッチ境界は未監査	-	未監査
646	拡張	extension	Add to Adobe Media Encoder Queue…	AMEキューに追加	AMEキューに追加	B09	未判定	未判定	未判定	未監査	意味の在庫判定はあるが、技術の委託先とスクラッチ境界は未監査	-	未監査
647	拡張	extension	Add to Render Queue	レンダーキューに追加	レンダーキューに追加	B09	未判定	未判定	未判定	未監査	意味の在庫判定はあるが、技術の委託先とスクラッチ境界は未監査	-	未監査
648	採用済		Anchor Point…	アンカーポイント	アンカーポイント	B44	未判定	未判定	未判定	未監査	意味の在庫判定はあるが、技術の委託先とスクラッチ境界は未監査	-	未監査
649	拡張	extension	Auto-Orient…	自動方向	自動方向	B44	未判定	未判定	未判定	未監査	意味の在庫判定はあるが、技術の委託先とスクラッチ境界は未監査	-	未監査
650	拡張	extension	Cache Work Area in Background	バックグラウンドでワークエリアをキャッシュ	バックグラウンドでワークエリアをキャッシュ	B18	未判定	未判定	未判定	未監査	意味の在庫判定はあるが、技術の委託先とスクラッチ境界は未監査	-	未監査
651	拡張	extension	Cancel Caching Work Area in Background	バックグラウンドキャッシュを中止	バックグラウンドキャッシュを中止	B18	未判定	未判定	未判定	未監査	意味の在庫判定はあるが、技術の委託先とスクラッチ境界は未監査	-	未監査
652	構造吸収	absorbed	Center Anchor Point in Layer Content	アンカーポイントをコンテンツ中央へ	transformの便利操作ごとに専用状態・書き口が増える	B44	既存構造	Property/LayerPlacement/SetOrder(next/core/motolii-store/src/document.rs:95-109;next/DECISIONS.md:61,112)	不要	独立したowner・状態・検収を増やさない	因果未記入: transformの便利操作ごとに専用状態・書き口が増える は Property/LayerPlacement/SetOrder(next/core/motolii-store/src/document.rs:95-109;next/DECISIONS.md:61,112) で 位置・拡縮・回転・順序の結果だけが変わる に到達する。reset/center/flip/increment/fit/stackのaliasとtool は独立実装しない	next/core/motolii-store/src/document.rs:95-109	構造吸収から導出
653	構造吸収	absorbed	Center anchor point in visible content	アンカーポイントを表示内容の中央に	transformの便利操作ごとに専用状態・書き口が増える	B44	既存構造	Property/LayerPlacement/SetOrder(next/core/motolii-store/src/document.rs:95-109;next/DECISIONS.md:61,112)	不要	独立したowner・状態・検収を増やさない	因果未記入: transformの便利操作ごとに専用状態・書き口が増える は Property/LayerPlacement/SetOrder(next/core/motolii-store/src/document.rs:95-109;next/DECISIONS.md:61,112) で 位置・拡縮・回転・順序の結果だけが変わる に到達する。reset/center/flip/increment/fit/stackのaliasとtool は独立実装しない	next/core/motolii-store/src/document.rs:95-109	構造吸収から導出
654	拡張	extension	Center composition in panel	パネル内でコンポを中央に	パネル内でコンポを中央に	B36	未判定	未判定	未判定	未監査	意味の在庫判定はあるが、技術の委託先とスクラッチ境界は未監査	-	未監査
655	構造吸収	absorbed	Center in View	ビュー中央に配置	transformの便利操作ごとに専用状態・書き口が増える	B44	既存構造	Property/LayerPlacement/SetOrder(next/core/motolii-store/src/document.rs:95-109;next/DECISIONS.md:61,112)	不要	独立したowner・状態・検収を増やさない	因果未記入: transformの便利操作ごとに専用状態・書き口が増える は Property/LayerPlacement/SetOrder(next/core/motolii-store/src/document.rs:95-109;next/DECISIONS.md:61,112) で 位置・拡縮・回転・順序の結果だけが変わる に到達する。reset/center/flip/increment/fit/stackのaliasとtool は独立実装しない	next/core/motolii-store/src/document.rs:95-109	構造吸収から導出
656	拡張	extension	Composition Flowchart	コンポジションのフローチャート表示	コンポジションのフローチャート表示	B36	未判定	未判定	未判定	未監査	意味の在庫判定はあるが、技術の委託先とスクラッチ境界は未監査	-	未監査
657	拡張	extension	Composition Mini-Flowchart	ミニフローチャート表示	ミニフローチャート表示	B36	未判定	未判定	未判定	未監査	意味の在庫判定はあるが、技術の委託先とスクラッチ境界は未監査	-	未監査
658	採用予定	core	Composition Settings…	コンポジション設定	コンポジション設定	B36	既存構造+上流	Document/Composition;DocumentIO/.rrd	抑制	SetCompositionのread-modify-writeだけ	Composition Settingsは既存Compositionと保存形式へ委託し、設定専用の正本を作らない	next/DECISIONS.md:17	技術監査済
659	拡張	extension	Crop Comp to Region of Interest	関心領域にコンポをクロップ	関心領域にコンポをクロップ	B36	未判定	未判定	未判定	未監査	意味の在庫判定はあるが、技術の委託先とスクラッチ境界は未監査	-	未監査
660	構造吸収	absorbed	Decrease Scale by 1%	スケールを1%減少	transformの便利操作ごとに専用状態・書き口が増える	B44	既存構造	Property/LayerPlacement/SetOrder(next/core/motolii-store/src/document.rs:95-109;next/DECISIONS.md:61,112)	不要	独立したowner・状態・検収を増やさない	因果未記入: transformの便利操作ごとに専用状態・書き口が増える は Property/LayerPlacement/SetOrder(next/core/motolii-store/src/document.rs:95-109;next/DECISIONS.md:61,112) で 位置・拡縮・回転・順序の結果だけが変わる に到達する。reset/center/flip/increment/fit/stackのaliasとtool は独立実装しない	next/core/motolii-store/src/document.rs:95-109	構造吸収から導出
661	構造吸収	absorbed	Decrease Scale by 10%	スケールを10%減少	transformの便利操作ごとに専用状態・書き口が増える	B44	既存構造	Property/LayerPlacement/SetOrder(next/core/motolii-store/src/document.rs:95-109;next/DECISIONS.md:61,112)	不要	独立したowner・状態・検収を増やさない	因果未記入: transformの便利操作ごとに専用状態・書き口が増える は Property/LayerPlacement/SetOrder(next/core/motolii-store/src/document.rs:95-109;next/DECISIONS.md:61,112) で 位置・拡縮・回転・順序の結果だけが変わる に到達する。reset/center/flip/increment/fit/stackのaliasとtool は独立実装しない	next/core/motolii-store/src/document.rs:95-109	構造吸収から導出
662	拡張	extension	Enter free-transform path editing mode	自由変形パス編集モードへ	自由変形パス編集モードへ	B28	未判定	未判定	未判定	未監査	意味の在庫判定はあるが、技術の委託先とスクラッチ境界は未監査	-	未監査
663	拡張	extension	File…	フレームをファイル保存	フレームをファイル保存	B09	未判定	未判定	未判定	未監査	意味の在庫判定はあるが、技術の委託先とスクラッチ境界は未監査	-	未監査
664	拡張	extension	Fit to Comp	コンポにフィット	コンポにフィット	B36	未判定	未判定	未判定	未監査	意味の在庫判定はあるが、技術の委託先とスクラッチ境界は未監査	-	未監査
665	拡張	extension	Fit to Comp Height	コンポ高さにフィット	コンポ高さにフィット	B36	未判定	未判定	未判定	未監査	意味の在庫判定はあるが、技術の委託先とスクラッチ境界は未監査	-	未監査
666	拡張	extension	Fit to Comp Width	コンポ幅にフィット	コンポ幅にフィット	B36	未判定	未判定	未判定	未監査	意味の在庫判定はあるが、技術の委託先とスクラッチ境界は未監査	-	未監査
667	構造吸収	absorbed	Flip Horizontal	水平反転	transformの便利操作ごとに専用状態・書き口が増える	B44	既存構造	Property/LayerPlacement/SetOrder(next/core/motolii-store/src/document.rs:95-109;next/DECISIONS.md:61,112)	不要	独立したowner・状態・検収を増やさない	因果未記入: transformの便利操作ごとに専用状態・書き口が増える は Property/LayerPlacement/SetOrder(next/core/motolii-store/src/document.rs:95-109;next/DECISIONS.md:61,112) で 位置・拡縮・回転・順序の結果だけが変わる に到達する。reset/center/flip/increment/fit/stackのaliasとtool は独立実装しない	next/core/motolii-store/src/document.rs:95-109	構造吸収から導出
668	構造吸収	absorbed	Flip Vertical	垂直反転	transformの便利操作ごとに専用状態・書き口が増える	B44	既存構造	Property/LayerPlacement/SetOrder(next/core/motolii-store/src/document.rs:95-109;next/DECISIONS.md:61,112)	不要	独立したowner・状態・検収を増やさない	因果未記入: transformの便利操作ごとに専用状態・書き口が増える は Property/LayerPlacement/SetOrder(next/core/motolii-store/src/document.rs:95-109;next/DECISIONS.md:61,112) で 位置・拡縮・回転・順序の結果だけが変わる に到達する。reset/center/flip/increment/fit/stackのaliasとtool は独立実装しない	next/core/motolii-store/src/document.rs:95-109	構造吸収から導出
669	拡張	extension	Full screen toggle = Ctrl+Shift+F(droidcrunch)またはFlip horizontal(skillademia)	全画面プレビュー、または水平反転(矛盾)	全画面プレビュー、または水平反転(矛盾)	B23	未判定	未判定	未判定	未監査	意味の在庫判定はあるが、技術の委託先とスクラッチ境界は未監査	-	未監査
670	拡張	extension	Go backward 10 frames	10フレーム戻る	10フレーム戻る	B20	未判定	未判定	未判定	未監査	意味の在庫判定はあるが、技術の委託先とスクラッチ境界は未監査	-	未監査
671	拡張	extension	Go forward 10 frames	10フレーム進む	10フレーム進む	B20	未判定	未判定	未判定	未監査	意味の在庫判定はあるが、技術の委託先とスクラッチ境界は未監査	-	未監査
672	拡張	extension	Import After Effects Composition	既存AEコンポジションをDynamic Linkで読み込み	既存AEコンポジションをDynamic Linkで読み込み	B36	未判定	未判定	未判定	未監査	意味の在庫判定はあるが、技術の委託先とスクラッチ境界は未監査	-	未監査
673	構造吸収	absorbed	Increase or decrease Opacity by 1%	不透明度を1%増減	transformの便利操作ごとに専用状態・書き口が増える	B44	既存構造	Property/LayerPlacement/SetOrder(next/core/motolii-store/src/document.rs:95-109;next/DECISIONS.md:61,112)	不要	独立したowner・状態・検収を増やさない	因果未記入: transformの便利操作ごとに専用状態・書き口が増える は Property/LayerPlacement/SetOrder(next/core/motolii-store/src/document.rs:95-109;next/DECISIONS.md:61,112) で 位置・拡縮・回転・順序の結果だけが変わる に到達する。reset/center/flip/increment/fit/stackのaliasとtool は独立実装しない	next/core/motolii-store/src/document.rs:95-109	構造吸収から導出
674	構造吸収	absorbed	Increase or decrease Opacity by 10%	不透明度を10%増減	transformの便利操作ごとに専用状態・書き口が増える	B44	既存構造	Property/LayerPlacement/SetOrder(next/core/motolii-store/src/document.rs:95-109;next/DECISIONS.md:61,112)	不要	独立したowner・状態・検収を増やさない	因果未記入: transformの便利操作ごとに専用状態・書き口が増える は Property/LayerPlacement/SetOrder(next/core/motolii-store/src/document.rs:95-109;next/DECISIONS.md:61,112) で 位置・拡縮・回転・順序の結果だけが変わる に到達する。reset/center/flip/increment/fit/stackのaliasとtool は独立実装しない	next/core/motolii-store/src/document.rs:95-109	構造吸収から導出
675	構造吸収	absorbed	Increase or decrease Rotation by 10°	回転を10度増減	transformの便利操作ごとに専用状態・書き口が増える	B44	既存構造	Property/LayerPlacement/SetOrder(next/core/motolii-store/src/document.rs:95-109;next/DECISIONS.md:61,112)	不要	独立したowner・状態・検収を増やさない	因果未記入: transformの便利操作ごとに専用状態・書き口が増える は Property/LayerPlacement/SetOrder(next/core/motolii-store/src/document.rs:95-109;next/DECISIONS.md:61,112) で 位置・拡縮・回転・順序の結果だけが変わる に到達する。reset/center/flip/increment/fit/stackのaliasとtool は独立実装しない	next/core/motolii-store/src/document.rs:95-109	構造吸収から導出
676	構造吸収	absorbed	Increase or decrease Rotation by 1°	回転を1度増減	transformの便利操作ごとに専用状態・書き口が増える	B44	既存構造	Property/LayerPlacement/SetOrder(next/core/motolii-store/src/document.rs:95-109;next/DECISIONS.md:61,112)	不要	独立したowner・状態・検収を増やさない	因果未記入: transformの便利操作ごとに専用状態・書き口が増える は Property/LayerPlacement/SetOrder(next/core/motolii-store/src/document.rs:95-109;next/DECISIONS.md:61,112) で 位置・拡縮・回転・順序の結果だけが変わる に到達する。reset/center/flip/increment/fit/stackのaliasとtool は独立実装しない	next/core/motolii-store/src/document.rs:95-109	構造吸収から導出
677	構造吸収	absorbed	Increase Scale by 1%	スケールを1%増加	transformの便利操作ごとに専用状態・書き口が増える	B44	既存構造	Property/LayerPlacement/SetOrder(next/core/motolii-store/src/document.rs:95-109;next/DECISIONS.md:61,112)	不要	独立したowner・状態・検収を増やさない	因果未記入: transformの便利操作ごとに専用状態・書き口が増える は Property/LayerPlacement/SetOrder(next/core/motolii-store/src/document.rs:95-109;next/DECISIONS.md:61,112) で 位置・拡縮・回転・順序の結果だけが変わる に到達する。reset/center/flip/increment/fit/stackのaliasとtool は独立実装しない	next/core/motolii-store/src/document.rs:95-109	構造吸収から導出
678	構造吸収	absorbed	Increase Scale by 10%	スケールを10%増加	transformの便利操作ごとに専用状態・書き口が増える	B44	既存構造	Property/LayerPlacement/SetOrder(next/core/motolii-store/src/document.rs:95-109;next/DECISIONS.md:61,112)	不要	独立したowner・状態・検収を増やさない	因果未記入: transformの便利操作ごとに専用状態・書き口が増える は Property/LayerPlacement/SetOrder(next/core/motolii-store/src/document.rs:95-109;next/DECISIONS.md:61,112) で 位置・拡縮・回転・順序の結果だけが変わる に到達する。reset/center/flip/increment/fit/stackのaliasとtool は独立実装しない	next/core/motolii-store/src/document.rs:95-109	構造吸収から導出
679	採用済		Modify Rotation in 15° increments	回転を15度刻みで変更	回転を15度刻みで変更	B44	未判定	未判定	未判定	未監査	意味の在庫判定はあるが、技術の委託先とスクラッチ境界は未監査	-	未監査
680	採用済		Modify Scale constrained to aspect ratio	縦横比を保ってスケール変更	縦横比を保ってスケール変更	B44	未判定	未判定	未判定	未監査	意味の在庫判定はあるが、技術の委託先とスクラッチ境界は未監査	-	未監査
681	拡張	extension	Move layers so In point at composition beginning	In点をコンポ先頭に	In点をコンポ先頭に	B18	未判定	未判定	未判定	未監査	意味の在庫判定はあるが、技術の委託先とスクラッチ境界は未監査	-	未監査
682	拡張	extension	Move layers so Out point at composition end	Out点をコンポ末尾に	Out点をコンポ末尾に	B18	未判定	未判定	未判定	未監査	意味の在庫判定はあるが、技術の委託先とスクラッチ境界は未監査	-	未監査
683	拡張	extension	New > After Effects Composition	AEコンポジションを新規作成しDynamic Linkで接続	AEコンポジションを新規作成しDynamic Linkで接続	B36	未判定	未判定	未判定	未監査	意味の在庫判定はあるが、技術の委託先とスクラッチ境界は未監査	-	未監査
684	採用予定	core	New Composition…	新規コンポジション	新規コンポジション	B36	既存構造+上流	Document/Composition;DocumentIO/.rrd	抑制	新規Compositionの既存admit経路だけ	New Compositionは既存Document/Composition admissionへ預け、別project modelを作らない	next/DECISIONS.md:17	技術監査済
685	採用済		Opacity…	不透明度	不透明度	B44	未判定	未判定	未判定	未監査	意味の在庫判定はあるが、技術の委託先とスクラッチ境界は未監査	-	未監査
686	採用済		Open Opacity dialog	不透明度ダイアログを開く	不透明度ダイアログを開く	B44	未判定	未判定	未判定	未監査	意味の在庫判定はあるが、技術の委託先とスクラッチ境界は未監査	-	未監査
687	採用済		Open Position dialog	位置ダイアログを開く	位置ダイアログを開く	B44	未判定	未判定	未判定	未監査	意味の在庫判定はあるが、技術の委託先とスクラッチ境界は未監査	-	未監査
688	採用済		Open Rotation dialog	回転ダイアログを開く	回転ダイアログを開く	B44	未判定	未判定	未判定	未監査	意味の在庫判定はあるが、技術の委託先とスクラッチ境界は未監査	-	未監査
689	拡張	extension	Open selected layer, composition, or footage item	選択項目を開く	選択項目を開く	B25	未判定	未判定	未判定	未監査	意味の在庫判定はあるが、技術の委託先とスクラッチ境界は未監査	-	未監査
690	不採用		Orientation…	方向	方向		未判定	未判定	未判定	未監査	意味の在庫判定はあるが、技術の委託先とスクラッチ境界は未監査	-	未監査
691	拡張		Photoshop Layers…	フレームをPSDレイヤーとして保存	フレームをPSDレイヤーとして保存	B36	未判定	未判定	未判定	未監査	意味の在庫判定はあるが、技術の委託先とスクラッチ境界は未監査	-	未監査
692	拡張	extension	Position Objects to Bottom Title Safe Margin	下タイトルセーフに配置	下タイトルセーフに配置	B22	未判定	未判定	未判定	未監査	意味の在庫判定はあるが、技術の委託先とスクラッチ境界は未監査	-	未監査
693	拡張	extension	Position Objects to Left Title Safe Margin	左タイトルセーフに配置	左タイトルセーフに配置	B22	未判定	未判定	未判定	未監査	意味の在庫判定はあるが、技術の委託先とスクラッチ境界は未監査	-	未監査
694	拡張	extension	Position Objects to Top Title Safe Margin	上タイトルセーフに配置	上タイトルセーフに配置	B22	未判定	未判定	未判定	未監査	意味の在庫判定はあるが、技術の委託先とスクラッチ境界は未監査	-	未監査
695	採用済		Position…	位置	位置	B44	未判定	未判定	未判定	未監査	意味の在庫判定はあるが、技術の委託先とスクラッチ境界は未監査	-	未監査
696	不採用		Pre-render…	プリレンダー	プリレンダー		未判定	未判定	未判定	未監査	意味の在庫判定はあるが、技術の委託先とスクラッチ境界は未監査	-	未監査
697	不採用		RAM Preview	RAMプレビュー	RAMプレビュー		未判定	未判定	未判定	未監査	意味の在庫判定はあるが、技術の委託先とスクラッチ境界は未監査	-	未監査
698	拡張	extension	Reference Reposition	Option+Shift+R	Option+Shift+R	B44	未判定	未判定	未判定	未監査	意味の在庫判定はあるが、技術の委託先とスクラッチ境界は未監査	-	未監査
699	拡張	extension	Reposition shape during creation	作成中にシェイプを再配置	作成中にシェイプを再配置	B28	未判定	未判定	未判定	未監査	意味の在庫判定はあるが、技術の委託先とスクラッチ境界は未監査	-	未監査
700	構造吸収	absorbed	Reset	トランスフォームをリセット	transformの便利操作ごとに専用状態・書き口が増える	B44	既存構造	Property/LayerPlacement/SetOrder(next/core/motolii-store/src/document.rs:95-109;next/DECISIONS.md:61,112)	不要	独立したowner・状態・検収を増やさない	因果未記入: transformの便利操作ごとに専用状態・書き口が増える は Property/LayerPlacement/SetOrder(next/core/motolii-store/src/document.rs:95-109;next/DECISIONS.md:61,112) で 位置・拡縮・回転・順序の結果だけが変わる に到達する。reset/center/flip/increment/fit/stackのaliasとtool は独立実装しない	next/core/motolii-store/src/document.rs:95-109	構造吸収から導出
701	構造吸収	absorbed	Reset Rotation to 0°	回転を0度にリセット	transformの便利操作ごとに専用状態・書き口が増える	B44	既存構造	Property/LayerPlacement/SetOrder(next/core/motolii-store/src/document.rs:95-109;next/DECISIONS.md:61,112)	不要	独立したowner・状態・検収を増やさない	因果未記入: transformの便利操作ごとに専用状態・書き口が増える は Property/LayerPlacement/SetOrder(next/core/motolii-store/src/document.rs:95-109;next/DECISIONS.md:61,112) で 位置・拡縮・回転・順序の結果だけが変わる に到達する。reset/center/flip/increment/fit/stackのaliasとtool は独立実装しない	next/core/motolii-store/src/document.rs:95-109	構造吸収から導出
702	構造吸収	absorbed	Reset Scale to 100%	スケールを100%にリセット	transformの便利操作ごとに専用状態・書き口が増える	B44	既存構造	Property/LayerPlacement/SetOrder(next/core/motolii-store/src/document.rs:95-109;next/DECISIONS.md:61,112)	不要	独立したowner・状態・検収を増やさない	因果未記入: transformの便利操作ごとに専用状態・書き口が増える は Property/LayerPlacement/SetOrder(next/core/motolii-store/src/document.rs:95-109;next/DECISIONS.md:61,112) で 位置・拡縮・回転・順序の結果だけが変わる に到達する。reset/center/flip/increment/fit/stackのaliasとtool は独立実装しない	next/core/motolii-store/src/document.rs:95-109	構造吸収から導出
703	構造吸収	absorbed	Rotation Tool	回転ツール	transformの便利操作ごとに専用状態・書き口が増える	B29	既存構造	Property/LayerPlacement/SetOrder(next/core/motolii-store/src/document.rs:95-109;next/DECISIONS.md:61,112)	不要	独立したowner・状態・検収を増やさない	因果未記入: transformの便利操作ごとに専用状態・書き口が増える は Property/LayerPlacement/SetOrder(next/core/motolii-store/src/document.rs:95-109;next/DECISIONS.md:61,112) で 位置・拡縮・回転・順序の結果だけが変わる に到達する。reset/center/flip/increment/fit/stackのaliasとtool は独立実装しない	next/core/motolii-store/src/document.rs:95-109	構造吸収から導出
704	採用済		Rotation…	回転	回転	B44	未判定	未判定	未判定	未監査	意味の在庫判定はあるが、技術の委託先とスクラッチ境界は未監査	-	未監査
705	不採用		Save RAM Preview…	RAMプレビューを保存	RAMプレビューを保存		未判定	未判定	未判定	未監査	意味の在庫判定はあるが、技術の委託先とスクラッチ境界は未監査	-	未監査
706	構造吸収	absorbed	Scale and reposition layers to fit composition	コンポにフィットさせスケール・再配置	transformの便利操作ごとに専用状態・書き口が増える	B44	既存構造	Property/LayerPlacement/SetOrder(next/core/motolii-store/src/document.rs:95-109;next/DECISIONS.md:61,112)	不要	独立したowner・状態・検収を増やさない	因果未記入: transformの便利操作ごとに専用状態・書き口が増える は Property/LayerPlacement/SetOrder(next/core/motolii-store/src/document.rs:95-109;next/DECISIONS.md:61,112) で 位置・拡縮・回転・順序の結果だけが変わる に到達する。reset/center/flip/increment/fit/stackのaliasとtool は独立実装しない	next/core/motolii-store/src/document.rs:95-109	構造吸収から導出
707	構造吸収	absorbed	Scale and reposition to fit composition height	コンポ高さにフィット	transformの便利操作ごとに専用状態・書き口が増える	B44	既存構造	Property/LayerPlacement/SetOrder(next/core/motolii-store/src/document.rs:95-109;next/DECISIONS.md:61,112)	不要	独立したowner・状態・検収を増やさない	因果未記入: transformの便利操作ごとに専用状態・書き口が増える は Property/LayerPlacement/SetOrder(next/core/motolii-store/src/document.rs:95-109;next/DECISIONS.md:61,112) で 位置・拡縮・回転・順序の結果だけが変わる に到達する。reset/center/flip/increment/fit/stackのaliasとtool は独立実装しない	next/core/motolii-store/src/document.rs:95-109	構造吸収から導出
708	構造吸収	absorbed	Scale and reposition to fit composition width	コンポ幅にフィット	transformの便利操作ごとに専用状態・書き口が増える	B44	既存構造	Property/LayerPlacement/SetOrder(next/core/motolii-store/src/document.rs:95-109;next/DECISIONS.md:61,112)	不要	独立したowner・状態・検収を増やさない	因果未記入: transformの便利操作ごとに専用状態・書き口が増える は Property/LayerPlacement/SetOrder(next/core/motolii-store/src/document.rs:95-109;next/DECISIONS.md:61,112) で 位置・拡縮・回転・順序の結果だけが変わる に到達する。reset/center/flip/increment/fit/stackのaliasとtool は独立実装しない	next/core/motolii-store/src/document.rs:95-109	構造吸収から導出
709	採用済		Scale…	スケール	スケール	B44	未判定	未判定	未判定	未監査	意味の在庫判定はあるが、技術の委託先とスクラッチ境界は未監査	-	未監査
710	拡張	extension	Scroll to current time in Timeline panel	現在時刻までスクロール	現在時刻までスクロール	B20	未判定	未判定	未判定	未監査	意味の在庫判定はあるが、技術の委託先とスクラッチ境界は未監査	-	未監査
711	拡張		Set opacity for paint tool	ペイントツールの不透明度を設定	ペイントツールの不透明度を設定	B27	未判定	未判定	未判定	未監査	意味の在庫判定はあるが、技術の委託先とスクラッチ境界は未監査	-	未監査
712	構造吸収	absorbed	Set opacity to 100%	不透明度を100%に	transformの便利操作ごとに専用状態・書き口が増える	B44	既存構造	Property/LayerPlacement/SetOrder(next/core/motolii-store/src/document.rs:95-109;next/DECISIONS.md:61,112)	不要	独立したowner・状態・検収を増やさない	因果未記入: transformの便利操作ごとに専用状態・書き口が増える は Property/LayerPlacement/SetOrder(next/core/motolii-store/src/document.rs:95-109;next/DECISIONS.md:61,112) で 位置・拡縮・回転・順序の結果だけが変わる に到達する。reset/center/flip/increment/fit/stackのaliasとtool は独立実装しない	next/core/motolii-store/src/document.rs:95-109	構造吸収から導出
713	拡張	extension	Set Poster Time	ポスターフレーム時刻を設定	ポスターフレーム時刻を設定	B36	未判定	未判定	未判定	未監査	意味の在庫判定はあるが、技術の委託先とスクラッチ境界は未監査	-	未監査
714	拡張	extension	Take Snapshot	該当なし(参考: PDFにはComposition関連のSnapshotは明記なし、Edit>Purge>Snapshotのみ確認)	該当なし(参考: PDFにはComposition関連のSnapshotは明記なし、Edit>Purge>Snapshotのみ確認)	B52	未判定	未判定	未判定	未監査	意味の在庫判定はあるが、技術の委託先とスクラッチ境界は未監査	-	未監査
715	拡張	extension	Trim Comp to Work Area	ワークエリアにコンポをトリム	ワークエリアにコンポをトリム	B18	未判定	未判定	未判定	未監査	意味の在庫判定はあるが、技術の委託先とスクラッチ境界は未監査	-	未監査
716	拡張	extension	Upscale	AI高解像度化	AI高解像度化	B36	未判定	未判定	未判定	未監査	意味の在庫判定はあるが、技術の委託先とスクラッチ境界は未監査	-	未監査
717	採用済		Add Marker	マーカーを追加	マーカーを追加	B19	未判定	未判定	未判定	未監査	意味の在庫判定はあるが、技術の委託先とスクラッチ境界は未監査	-	未監査
718	採用済		Clear / Delete Marker(s)	マーカーを削除	マーカーを削除	B19	未判定	未判定	未判定	未監査	意味の在庫判定はあるが、技術の委託先とスクラッチ境界は未監査	-	未監査
719	採用済		Clear In	イン点を解除	イン点を解除	B18	未判定	未判定	未判定	未監査	意味の在庫判定はあるが、技術の委託先とスクラッチ境界は未監査	-	未監査
720	採用済		Clear In and Out	イン/アウト点を両方解除	イン/アウト点を両方解除	B18	未判定	未判定	未判定	未監査	意味の在庫判定はあるが、技術の委託先とスクラッチ境界は未監査	-	未監査
721	採用済		Clear Out	アウト点を解除	アウト点を解除	B18	未判定	未判定	未判定	未監査	意味の在庫判定はあるが、技術の委託先とスクラッチ境界は未監査	-	未監査
722	採用済		Go to Next Marker	次のマーカーへ移動	次のマーカーへ移動	B19	未判定	未判定	未判定	未監査	意味の在庫判定はあるが、技術の委託先とスクラッチ境界は未監査	-	未監査
723	採用済		Go to Previous Marker	前のマーカーへ移動	前のマーカーへ移動	B19	未判定	未判定	未判定	未監査	意味の在庫判定はあるが、技術の委託先とスクラッチ境界は未監査	-	未監査
724	採用済		Mark Clip	クリップ全体をマーク	クリップ全体をマーク	B18	未判定	未判定	未判定	未監査	意味の在庫判定はあるが、技術の委託先とスクラッチ境界は未監査	-	未監査
725	採用済		Mark In	イン点を設定	イン点を設定	B18	未判定	未判定	未判定	未監査	意味の在庫判定はあるが、技術の委託先とスクラッチ境界は未監査	-	未監査
726	採用済		Mark Out	アウト点を設定	アウト点を設定	B18	未判定	未判定	未判定	未監査	意味の在庫判定はあるが、技術の委託先とスクラッチ境界は未監査	-	未監査
727	採用済		Mark Selection	選択範囲をマーク	選択範囲をマーク	B18	未判定	未判定	未判定	未監査	意味の在庫判定はあるが、技術の委託先とスクラッチ境界は未監査	-	未監査
728	結線待ち		Add and Modify Marker	マーカー追加/編集	マーカー追加/編集	B19	既存構造+先例	Composition:markers;Document::SetMarkers;Lottie markers	抑制	markers componentと既存marker operationだけ	MarkerはLottieの意味と既存SetMarkersへ接続し、pane独自のmarker storeを持たない	next/core/motolii-store/src/marker.rs:3	技術監査済
729	拡張	extension	Add Flag	フラグ追加	フラグ追加	B19	未判定	未判定	未判定	未監査	意味の在庫判定はあるが、技術の委託先とスクラッチ境界は未監査	-	未監査
730	拡張	extension	Add Flag	G	G	B19	未判定	未判定	未判定	未監査	意味の在庫判定はあるが、技術の委託先とスクラッチ境界は未監査	-	未監査
731	拡張	extension	Clear Flags	フラグ解除	フラグ解除	B19	未判定	未判定	未判定	未監査	意味の在庫判定はあるが、技術の委託先とスクラッチ境界は未監査	-	未監査
732	拡張	extension	Convert In and Out to Duration Marker	イン/アウトを尺マーカーへ変換	イン/アウトを尺マーカーへ変換	B19	未判定	未判定	未判定	未監査	意味の在庫判定はあるが、技術の委託先とスクラッチ境界は未監査	-	未監査
733	拡張	extension	Delete All Flags	全フラグ削除	全フラグ削除	B19	未判定	未判定	未判定	未監査	意味の在庫判定はあるが、技術の委託先とスクラッチ境界は未監査	-	未監査
734	拡張	extension	Go to In	イン点へ移動	イン点へ移動	B19	未判定	未判定	未判定	未監査	意味の在庫判定はあるが、技術の委託先とスクラッチ境界は未監査	-	未監査
735	拡張	extension	Go to In	イン点へ	イン点へ	B19	未判定	未判定	未判定	未監査	意味の在庫判定はあるが、技術の委託先とスクラッチ境界は未監査	-	未監査
736	拡張	extension	Go to Out	アウト点へ移動	アウト点へ移動	B19	未判定	未判定	未判定	未監査	意味の在庫判定はあるが、技術の委託先とスクラッチ境界は未監査	-	未監査
737	拡張	extension	Go to Out	アウト点へ	アウト点へ	B19	未判定	未判定	未判定	未監査	意味の在庫判定はあるが、技術の委託先とスクラッチ境界は未監査	-	未監査
738	結線待ち		Modify Marker	マーカー編集	マーカー編集	B19	既存構造+先例	Composition:markers;Document::SetMarkers;Lottie markers	抑制	既存marker operationの編集adapterだけ	Marker編集は既存markers componentのread-modify-writeへ委託する	next/core/motolii-store/src/document.rs:191	技術監査済
739	結線待ち		Modify Marker	Shift+M	Shift+M	B19	既存構造+先例	Composition:markers;Document::SetMarkers;Lottie markers	抑制	shortcutは既存marker operationの別入口だけ	Marker shortcutは意味を増やさず既存marker operationへ委託する	next/shell/motolii-shell/src/input.rs:397	技術監査済
740	不採用		Ripple Timeline Markers	タイムラインマーカーをリップル	タイムラインマーカーをリップル		未判定	未判定	未判定	未監査	意味の在庫判定はあるが、技術の委託先とスクラッチ境界は未監査	-	未監査
741	拡張	extension	Set In and Out from Duration Marker	尺マーカーからイン/アウト設定	尺マーカーからイン/アウト設定	B19	未判定	未判定	未判定	未監査	意味の在庫判定はあるが、技術の委託先とスクラッチ境界は未監査	-	未監査
742	拡張	extension	Show Flags	フラグ表示	フラグ表示	B19	未判定	未判定	未判定	未監査	意味の在庫判定はあるが、技術の委託先とスクラッチ境界は未監査	-	未監査
743	採用済		Show Markers	マーカー表示	マーカー表示	B19	未判定	未判定	未判定	未監査	意味の在庫判定はあるが、技術の委託先とスクラッチ境界は未監査	-	未監査
744	拡張	extension	Synchronize > Clip Markers	クリップマーカーで同期	クリップマーカーで同期	B19	未判定	未判定	未判定	未監査	意味の在庫判定はあるが、技術の委託先とスクラッチ境界は未監査	-	未監査
745	拡張	extension	Activate and cycle mask and shape tools	マスク/シェイプツールを巡回	マスク/シェイプツールを巡回	B02	未判定	未判定	未判定	未監査	意味の在庫判定はあるが、技術の委託先とスクラッチ境界は未監査	-	未監査
746	拡張	extension	Activate and cycle Pen and Mask Feather tools	ペン/マスクフェザーツールを巡回	ペン/マスクフェザーツールを巡回	B02	未判定	未判定	未判定	未監査	意味の在庫判定はあるが、技術の委託先とスクラッチ境界は未監査	-	未監査
747	拡張		Activate Roto Brush tool	ロトブラシツール	ロトブラシツール	B02	未判定	未判定	未判定	未監査	意味の在庫判定はあるが、技術の委託先とスクラッチ境界は未監査	-	未監査
748	採用済		Add	マスクモード:加算	マスクモード:加算	B02	未判定	未判定	未判定	未監査	意味の在庫判定はあるが、技術の委託先とスクラッチ境界は未監査	-	未監査
749	採用済		Add mode	マスクモード:加算	マスクモード:加算	B02	未判定	未判定	未判定	未監査	意味の在庫判定はあるが、技術の委託先とスクラッチ境界は未監査	-	未監査
750	拡張	extension	Closed	パスを閉じる	パスを閉じる	B02	未判定	未判定	未判定	未監査	意味の在庫判定はあるが、技術の委託先とスクラッチ境界は未監査	-	未監査
751	拡張	extension	Create Masks from Text	テキストからマスク作成	テキストからマスク作成	B02	未判定	未判定	未判定	未監査	意味の在庫判定はあるが、技術の委託先とスクラッチ境界は未監査	-	未監査
752	採用済		Darken	マスクモード:比較(暗)	マスクモード:比較(暗)	B02	未判定	未判定	未判定	未監査	意味の在庫判定はあるが、技術の委託先とスクラッチ境界は未監査	-	未監査
753	採用済		Darken mode	マスクモード:比較(暗)	マスクモード:比較(暗)	B02	未判定	未判定	未判定	未監査	意味の在庫判定はあるが、技術の委託先とスクラッチ境界は未監査	-	未監査
754	採用済		Difference	マスクモード:差	マスクモード:差	B02	未判定	未判定	未判定	未監査	意味の在庫判定はあるが、技術の委託先とスクラッチ境界は未監査	-	未監査
755	採用済		Difference mode	マスクモード:差	マスクモード:差	B02	未判定	未判定	未判定	未監査	意味の在庫判定はあるが、技術の委託先とスクラッチ境界は未監査	-	未監査
756	拡張	extension	Enter free-transform mask editing mode	自由変形マスク編集モードへ	自由変形マスク編集モードへ	B02	未判定	未判定	未判定	未監査	意味の在庫判定はあるが、技術の委託先とスクラッチ境界は未監査	-	未監査
757	拡張	extension	Free Transform Points	ポイントを自由変形	ポイントを自由変形	B02	未判定	未判定	未判定	未監査	意味の在庫判定はあるが、技術の委託先とスクラッチ境界は未監査	-	未監査
758	拡張	extension	Hide Locked Masks	ロック済マスクを隠す	ロック済マスクを隠す	B02	未判定	未判定	未判定	未監査	意味の在庫判定はあるが、技術の委託先とスクラッチ境界は未監査	-	未監査
759	採用済		Intersect	マスクモード:交差	マスクモード:交差	B02	未判定	未判定	未判定	未監査	意味の在庫判定はあるが、技術の委託先とスクラッチ境界は未監査	-	未監査
760	採用済		Intersect mode	マスクモード:交差	マスクモード:交差	B02	未判定	未判定	未判定	未監査	意味の在庫判定はあるが、技術の委託先とスクラッチ境界は未監査	-	未監査
761	採用済		Invert selected mask	選択マスクを反転	選択マスクを反転	B02	未判定	未判定	未判定	未監査	意味の在庫判定はあるが、技術の委託先とスクラッチ境界は未監査	-	未監査
762	採用済		Inverted	マスクを反転	マスクを反転	B02	未判定	未判定	未判定	未監査	意味の在庫判定はあるが、技術の委託先とスクラッチ境界は未監査	-	未監査
763	採用済		Lighten	マスクモード:比較(明)	マスクモード:比較(明)	B02	未判定	未判定	未判定	未監査	意味の在庫判定はあるが、技術の委託先とスクラッチ境界は未監査	-	未監査
764	拡張	extension	Linear	フェザー減衰:線形	フェザー減衰:線形	B02	未判定	未判定	未判定	未監査	意味の在庫判定はあるが、技術の委託先とスクラッチ境界は未監査	-	未監査
765	拡張	extension	Lock Other Masks	他マスクをロック	他マスクをロック	B02	未判定	未判定	未判定	未監査	意味の在庫判定はあるが、技術の委託先とスクラッチ境界は未監査	-	未監査
766	拡張	extension	Locked	マスクをロック	マスクをロック	B02	未判定	未判定	未判定	未監査	意味の在庫判定はあるが、技術の委託先とスクラッチ境界は未監査	-	未監査
767	拡張	extension	Mask Expansion…	マスク拡張	マスク拡張	B02	未判定	未判定	未判定	未監査	意味の在庫判定はあるが、技術の委託先とスクラッチ境界は未監査	-	未監査
768	拡張	extension	Mask Feather…	マスクフェザー	マスクフェザー	B02	未判定	未判定	未判定	未監査	意味の在庫判定はあるが、技術の委託先とスクラッチ境界は未監査	-	未監査
769	採用済		Mask Opacity…	マスク不透明度	マスク不透明度	B02	未判定	未判定	未判定	未監査	意味の在庫判定はあるが、技術の委託先とスクラッチ境界は未監査	-	未監査
770	拡張	extension	Mask Shape…	マスク形状	マスク形状	B02	未判定	未判定	未判定	未監査	意味の在庫判定はあるが、技術の委託先とスクラッチ境界は未監査	-	未監査
771	拡張	extension	Move selected path points 1 pixel	選択パスポイントを1px移動	選択パスポイントを1px移動	B02	未判定	未判定	未判定	未監査	意味の在庫判定はあるが、技術の委託先とスクラッチ境界は未監査	-	未監査
772	拡張	extension	Move selected path points 10 pixels	選択パスポイントを10px移動	選択パスポイントを10px移動	B02	未判定	未判定	未判定	未監査	意味の在庫判定はあるが、技術の委託先とスクラッチ境界は未監査	-	未監査
773	採用済		New Mask	新規マスク	新規マスク	B02	未判定	未判定	未判定	未監査	意味の在庫判定はあるが、技術の委託先とスクラッチ境界は未監査	-	未監査
774	採用済		New mask	新規マスク	新規マスク	B02	未判定	未判定	未判定	未監査	意味の在庫判定はあるが、技術の委託先とスクラッチ境界は未監査	-	未監査
775	拡張	extension	None	マスクモード:なし	マスクモード:なし	B02	未判定	未判定	未判定	未監査	意味の在庫判定はあるが、技術の委託先とスクラッチ境界は未監査	-	未監査
776	拡張	extension	None	マスクモード:なし	マスクモード:なし	B02	未判定	未判定	未判定	未監査	意味の在庫判定はあるが、技術の委託先とスクラッチ境界は未監査	-	未監査
777	拡張	extension	Off	モーションブラーOFF	モーションブラーOFF	B02	未判定	未判定	未判定	未監査	意味の在庫判定はあるが、技術の委託先とスクラッチ境界は未監査	-	未監査
778	拡張	extension	On	モーションブラーON	モーションブラーON	B02	未判定	未判定	未判定	未監査	意味の在庫判定はあるが、技術の委託先とスクラッチ境界は未監査	-	未監査
779	拡張	extension	Open Mask Feather dialog	マスクフェザーダイアログを開く	マスクフェザーダイアログを開く	B02	未判定	未判定	未判定	未監査	意味の在庫判定はあるが、技術の委託先とスクラッチ境界は未監査	-	未監査
780	拡張	extension	Open Mask Shape dialog	マスク形状ダイアログを開く	マスク形状ダイアログを開く	B02	未判定	未判定	未判定	未監査	意味の在庫判定はあるが、技術の委託先とスクラッチ境界は未監査	-	未監査
781	不採用	out-of-domain?	Paste mocha mask	mochaマスクを貼り付け	mochaマスクを貼り付け		未判定	未判定	未判定	未監査	意味の在庫判定はあるが、技術の委託先とスクラッチ境界は未監査	-	未監査
782	拡張	extension	Redraw Bezier handles	ベジェハンドルを再描画	ベジェハンドルを再描画	B02	未判定	未判定	未判定	未監査	意味の在庫判定はあるが、技術の委託先とスクラッチ境界は未監査	-	未監査
783	拡張	extension	Remove All Masks	全マスクを削除	全マスクを削除	B02	未判定	未判定	未判定	未監査	意味の在庫判定はあるが、技術の委託先とスクラッチ境界は未監査	-	未監査
784	拡張	extension	Remove Mask	マスクを削除	マスクを削除	B02	未判定	未判定	未判定	未監査	意味の在庫判定はあるが、技術の委託先とスクラッチ境界は未監査	-	未監査
785	採用済		Rename selected layer, composition, folder, effect, group, or mask	選択項目の名前変更	選択項目の名前変更	B02	未判定	未判定	未判定	未監査	意味の在庫判定はあるが、技術の委託先とスクラッチ境界は未監査	-	未監査
786	拡張	extension	Reset Mask	マスクをリセット	マスクをリセット	B02	未判定	未判定	未判定	未監査	意味の在庫判定はあるが、技術の委託先とスクラッチ境界は未監査	-	未監査
787	拡張	extension	RotoBezier	ロトベジエ	ロトベジエ	B02	未判定	未判定	未判定	未監査	意味の在庫判定はあるが、技術の委託先とスクラッチ境界は未監査	-	未監査
788	拡張	extension	Same As Layer	レイヤーに準拠	レイヤーに準拠	B02	未判定	未判定	未判定	未監査	意味の在庫判定はあるが、技術の委託先とスクラッチ境界は未監査	-	未監査
789	拡張	extension	Scale around center point in Free Transform	中心点基準で拡大縮小	中心点基準で拡大縮小	B02	未判定	未判定	未判定	未監査	意味の在庫判定はあるが、技術の委託先とスクラッチ境界は未監査	-	未監査
790	拡張	extension	Select all points in mask	マスクの全ポイントを選択	マスクの全ポイントを選択	B02	未判定	未判定	未判定	未監査	意味の在庫判定はあるが、技術の委託先とスクラッチ境界は未監査	-	未監査
791	拡張	extension	Select next or previous mask	次/前のマスクを選択	次/前のマスクを選択	B02	未判定	未判定	未判定	未監査	意味の在庫判定はあるが、技術の委託先とスクラッチ境界は未監査	-	未監査
792	拡張	extension	Set First Vertex	開始頂点を設定	開始頂点を設定	B02	未判定	未判定	未判定	未監査	意味の在庫判定はあるが、技術の委託先とスクラッチ境界は未監査	-	未監査
793	拡張	extension	Smooth	フェザー減衰:滑らか	フェザー減衰:滑らか	B02	未判定	未判定	未判定	未監査	意味の在庫判定はあるが、技術の委託先とスクラッチ境界は未監査	-	未監査
794	採用済		Subtract	マスクモード:減算	マスクモード:減算	B02	未判定	未判定	未判定	未監査	意味の在庫判定はあるが、技術の委託先とスクラッチ境界は未監査	-	未監査
795	採用済		Subtract mode	マスクモード:減算	マスクモード:減算	B02	未判定	未判定	未判定	未監査	意味の在庫判定はあるが、技術の委託先とスクラッチ境界は未監査	-	未監査
796	拡張	extension	Toggle between smooth and corner points	スムーズ/コーナーポイント切替	スムーズ/コーナーポイント切替	B02	未判定	未判定	未判定	未監査	意味の在庫判定はあるが、技術の委託先とスクラッチ境界は未監査	-	未監査
797	拡張	extension	Track Mask	マスクトラッキング	マスクトラッキング	B16	未判定	未判定	未判定	未監査	意味の在庫判定はあるが、技術の委託先とスクラッチ境界は未監査	-	未監査
798	拡張	extension	Unlock All Masks	全マスクのロック解除	全マスクのロック解除	B02	未判定	未判定	未判定	未監査	意味の在庫判定はあるが、技術の委託先とスクラッチ境界は未監査	-	未監査
799	構造吸収	absorbed	Active Window: Edit Index	Command+7	pane/workspaceの表示差分が製品固有の第二状態になる	B25	既存構造	固定pane構造(next/shell/motolii-shell/src/pane_layout.rs:109-124)	不要	独立したowner・状態・検収を増やさない	因果未記入: pane/workspaceの表示差分が製品固有の第二状態になる は 固定pane構造(next/shell/motolii-shell/src/pane_layout.rs:109-124) で Browser/Stage/Inspector/Timelineの同じ4役割で制作する に到達する。active panel/workspace preset/page/maximize/dockの専用粒 は独立実装しない	next/shell/motolii-shell/src/pane_layout.rs:109-124	構造吸収から導出
800	構造吸収	absorbed	Active Window: Effects	Command+6	pane/workspaceの表示差分が製品固有の第二状態になる	B25	既存構造	固定pane構造(next/shell/motolii-shell/src/pane_layout.rs:109-124)	不要	独立したowner・状態・検収を増やさない	因果未記入: pane/workspaceの表示差分が製品固有の第二状態になる は 固定pane構造(next/shell/motolii-shell/src/pane_layout.rs:109-124) で Browser/Stage/Inspector/Timelineの同じ4役割で制作する に到達する。active panel/workspace preset/page/maximize/dockの専用粒 は独立実装しない	next/shell/motolii-shell/src/pane_layout.rs:109-124	構造吸収から導出
801	採用済		Active Window: Inspector	Command+9	Command+9	B25	未判定	未判定	未判定	未監査	意味の在庫判定はあるが、技術の委託先とスクラッチ境界は未監査	-	未監査
802	構造吸収	absorbed	Active Window: Media Folders	Command+4	pane/workspaceの表示差分が製品固有の第二状態になる	B25	既存構造	固定pane構造(next/shell/motolii-shell/src/pane_layout.rs:109-124)	不要	独立したowner・状態・検収を増やさない	因果未記入: pane/workspaceの表示差分が製品固有の第二状態になる は 固定pane構造(next/shell/motolii-shell/src/pane_layout.rs:109-124) で Browser/Stage/Inspector/Timelineの同じ4役割で制作する に到達する。active panel/workspace preset/page/maximize/dockの専用粒 は独立実装しない	next/shell/motolii-shell/src/pane_layout.rs:109-124	構造吸収から導出
803	構造吸収	absorbed	Add Edit	編集点追加	時間編集が別モード・別intentへ分裂する	B39	既存構造	LayerTiming+SetTiming(next/core/motolii-store/src/document.rs:95-147;next/core/motolii-store/src/lib.rs:311)	不要	独立したowner・状態・検収を増やさない	因果未記入: 時間編集が別モード・別intentへ分裂する は LayerTiming+SetTiming(next/core/motolii-store/src/document.rs:95-147;next/core/motolii-store/src/lib.rs:311) で move/trim/splitを同じ時間正本で評価する に到達する。Add Edit/Razor/Blade/Trimの入口alias は独立実装しない	next/core/motolii-store/src/document.rs:95-147	構造吸収から導出
804	構造吸収	absorbed	Add Edit to All Tracks	全トラックに編集点追加	時間編集が別モード・別intentへ分裂する	B39	既存構造	LayerTiming+SetTiming(next/core/motolii-store/src/document.rs:95-147;next/core/motolii-store/src/lib.rs:311)	不要	独立したowner・状態・検収を増やさない	因果未記入: 時間編集が別モード・別intentへ分裂する は LayerTiming+SetTiming(next/core/motolii-store/src/document.rs:95-147;next/core/motolii-store/src/lib.rs:311) で move/trim/splitを同じ時間正本で評価する に到達する。Add Edit/Razor/Blade/Trimの入口alias は独立実装しない	next/core/motolii-store/src/document.rs:95-147	構造吸収から導出
805	採用済		Add effect to selected layers	選択レイヤーにエフェクトを追加	選択レイヤーにエフェクトを追加	B38	未判定	未判定	未判定	未監査	意味の在庫判定はあるが、技術の委託先とスクラッチ境界は未監査	-	未監査
806	採用済		Add Footage to Comp	素材をコンポへ追加	素材をコンポへ追加	B36	未判定	未判定	未判定	未監査	意味の在庫判定はあるが、技術の委託先とスクラッチ境界は未監査	-	未監査
807	拡張		Adobe Photoshop File…	新規Photoshopファイル作成	新規Photoshopファイル作成	B36	未判定	未判定	未判定	未監査	意味の在庫判定はあるが、技術の委託先とスクラッチ境界は未監査	-	未監査
808	拡張		Adobe Photoshop File…	新規Photoshopレイヤー	新規Photoshopレイヤー	B36	未判定	未判定	未判定	未監査	意味の在庫判定はあるが、技術の委託先とスクラッチ境界は未監査	-	未監査
809	拡張	extension	Apply Animation Preset…	アニメーションプリセット適用	アニメーションプリセット適用	B07	未判定	未判定	未判定	未監査	意味の在庫判定はあるが、技術の委託先とスクラッチ境界は未監査	-	未監査
810	拡張	extension	Apply Default Transition	既定トランジション適用	既定トランジション適用	B38	未判定	未判定	未判定	未監査	意味の在庫判定はあるが、技術の委託先とスクラッチ境界は未監査	-	未監査
811	拡張	extension	Apply Interpretation	記憶した解釈設定を適用	記憶した解釈設定を適用	B08	未判定	未判定	未判定	未監査	意味の在庫判定はあるが、技術の委託先とスクラッチ境界は未監査	-	未監査
812	拡張	extension	Auto-trace…	オートトレース	オートトレース	B02	未判定	未判定	未判定	未監査	意味の在庫判定はあるが、技術の委託先とスクラッチ境界は未監査	-	未監査
813	不採用		Bevel and Emboss	ベベルとエンボス	ベベルとエンボス		未判定	未判定	未判定	未監査	意味の在庫判定はあるが、技術の委託先とスクラッチ境界は未監査	-	未監査
814	拡張	extension	Browse in Bridge…	Bridgeで参照	Bridgeで参照	B08	未判定	未判定	未判定	未監査	意味の在庫判定はあるが、技術の委託先とスクラッチ境界は未監査	-	未監査
815	拡張	extension	Browse Presets…	プリセットを参照(Bridge)	プリセットを参照(Bridge)	B07	未判定	未判定	未判定	未監査	意味の在庫判定はあるが、技術の委託先とスクラッチ境界は未監査	-	未監査
816	構造吸収	absorbed	Center selected layers in view	選択レイヤーをビュー中央に	transformの便利操作ごとに専用状態・書き口が増える	B44	既存構造	Property/LayerPlacement/SetOrder(next/core/motolii-store/src/document.rs:95-109;next/DECISIONS.md:61,112)	不要	独立したowner・状態・検収を増やさない	因果未記入: transformの便利操作ごとに専用状態・書き口が増える は Property/LayerPlacement/SetOrder(next/core/motolii-store/src/document.rs:95-109;next/DECISIONS.md:61,112) で 位置・拡縮・回転・順序の結果だけが変わる に到達する。reset/center/flip/increment/fit/stackのaliasとtool は独立実装しない	next/core/motolii-store/src/document.rs:95-109	構造吸収から導出
817	拡張	extension	Change outer radius of star	星の外側半径を変更	星の外側半径を変更	B28	未判定	未判定	未判定	未監査	意味の在庫判定はあるが、技術の委託先とスクラッチ境界は未監査	-	未監査
818	拡張	extension	Clean In	クリーンイン	クリーンイン	B18	未判定	未判定	未判定	未監査	意味の在庫判定はあるが、技術の委託先とスクラッチ境界は未監査	-	未監査
819	拡張	extension	Clean Out	クリーンアウト	クリーンアウト	B18	未判定	未判定	未判定	未監査	意味の在庫判定はあるが、技術の委託先とスクラッチ境界は未監査	-	未監査
820	拡張	extension	Close	現在のビューを閉じる	現在のビューを閉じる	B32	未判定	未判定	未判定	未監査	意味の在庫判定はあるが、技術の委託先とスクラッチ境界は未監査	-	未監査
821	拡張	extension	Close	現在のドキュメントを閉じる	現在のドキュメントを閉じる	B32	未判定	未判定	未判定	未監査	意味の在庫判定はあるが、技術の委託先とスクラッチ境界は未監査	-	未監査
822	不採用		Collapse	コラップス切替	コラップス切替		未判定	未判定	未判定	未監査	意味の在庫判定はあるが、技術の委託先とスクラッチ境界は未監査	-	未監査
823	拡張	extension	Constrain shapes proportionally	シェイプを縦横比固定で作成	シェイプを縦横比固定で作成	B28	未判定	未判定	未判定	未監査	意味の在庫判定はあるが、技術の委託先とスクラッチ境界は未監査	-	未監査
824	拡張	extension	Create Shapes from Vector Layer	ベクターレイヤーからシェイプ作成	ベクターレイヤーからシェイプ作成	B28	未判定	未判定	未判定	未監査	意味の在庫判定はあるが、技術の委託先とスクラッチ境界は未監査	-	未監査
825	不採用		Custom…	カスタムでシミュレート	カスタムでシミュレート		未判定	未判定	未判定	未監査	意味の在庫判定はあるが、技術の委託先とスクラッチ境界は未監査	-	未監査
826	拡張	extension	Decrease points for star/polygon; decrease roundness for rounded rectangle	星/多角形の頂点数、角丸長方形の丸みを減少	星/多角形の頂点数、角丸長方形の丸みを減少	B28	未判定	未判定	未判定	未監査	意味の在庫判定はあるが、技術の委託先とスクラッチ境界は未監査	-	未監査
827	拡張	extension	Decrease star inner roundness	星の内側の丸みを減少	星の内側の丸みを減少	B28	未判定	未判定	未判定	未監査	意味の在庫判定はあるが、技術の委託先とスクラッチ境界は未監査	-	未監査
828	不採用		Delete Gaps	ギャップを削除	ギャップを削除		未判定	未判定	未判定	未監査	意味の在庫判定はあるが、技術の委託先とスクラッチ境界は未監査	-	未監査
829	不採用		Drop Shadow	ドロップシャドウ	ドロップシャドウ		未判定	未判定	未判定	未監査	意味の在庫判定はあるが、技術の委託先とスクラッチ境界は未監査	-	未監査
830	不採用	out-of-domain?	easyDCP	easyDCPツールセットを開く	easyDCPツールセットを開く		未判定	未判定	未判定	未監査	意味の在庫判定はあるが、技術の委託先とスクラッチ境界は未監査	-	未監査
831	拡張		Edit in Adobe Audition	Auditionで編集	Auditionで編集	B33	未判定	未判定	未判定	未監査	意味の在庫判定はあるが、技術の委託先とスクラッチ境界は未監査	-	未監査
832	不採用		Edit Point Type	U	U		未判定	未判定	未判定	未監査	意味の在庫判定はあるが、技術の委託先とスクラッチ境界は未監査	-	未監査
833	採用済		Effect	エフェクト有効切替	エフェクト有効切替	B38	未判定	未判定	未判定	未監査	意味の在庫判定はあるが、技術の委託先とスクラッチ境界は未監査	-	未監査
834	採用済		Effects Controls	エフェクトコントロールを表示	エフェクトコントロールを表示	B38	未判定	未判定	未判定	未監査	意味の在庫判定はあるが、技術の委託先とスクラッチ境界は未監査	-	未監査
835	拡張	extension	Elements	字幕テンプレ等の素材集	字幕テンプレ等の素材集	B08	未判定	未判定	未判定	未監査	意味の在庫判定はあるが、技術の委託先とスクラッチ境界は未監査	-	未監査
836	不採用		Enable Multiview Edit Preview	マルチビュー編集プレビュー有効化	マルチビュー編集プレビュー有効化		未判定	未判定	未判定	未監査	意味の在庫判定はあるが、技術の委託先とスクラッチ境界は未監査	-	未監査
837	採用予定	core	Enable Time Remapping	タイムリマップを有効化	タイムリマップを有効化	B37	既存構造+先例	PropertyId/KeyframeTrack;LayerTiming;Lottie/AE	抑制	TIME_REMAP trackのUI adapterだけ	Time Remapは既存PropertyId/trackへ委託し、別のretime mechanismを作らない	next/DECISIONS.md:112	技術監査済
838	構造吸収	absorbed	Enable time remapping	タイムリマップを有効化	propertyごとに値・補間・keyframe操作が別機構になる	B37	既存構造	KeyframeTrack+ParameterDescriptor(next/core/motolii-eval/src/track.rs:234-303;next/ui/motolii-inspector-pane/src/device.rs:63-71,283-300)	不要	独立したowner・状態・検収を増やさない	因果未記入: propertyごとに値・補間・keyframe操作が別機構になる は KeyframeTrack+ParameterDescriptor(next/core/motolii-eval/src/track.rs:234-303;next/ui/motolii-inspector-pane/src/device.rs:63-71,283-300) で 一つのproperty系で値と時間変化を扱う に到達する。keyframe mode/reveal/editor/move/reverse/holdとtime-remapの専用入口 は独立実装しない	next/core/motolii-eval/src/track.rs:234-303	構造吸収から導出
839	不採用		Environment Layer	環境レイヤー化	環境レイヤー化		未判定	未判定	未判定	未監査	意味の在庫判定はあるが、技術の委託先とスクラッチ境界は未監査	-	未監査
840	拡張	extension	Extend Selected Edit to Playhead	選択編集点をプレイヘッドまで延長	選択編集点をプレイヘッドまで延長	B31	未判定	未判定	未判定	未監査	意味の在庫判定はあるが、技術の委託先とスクラッチ境界は未監査	-	未監査
841	拡張	extension	Extend selection to next layer	次レイヤーまで選択拡張	次レイヤーまで選択拡張	B31	未判定	未判定	未判定	未監査	意味の在庫判定はあるが、技術の委託先とスクラッチ境界は未監査	-	未監査
842	拡張	extension	Extend selection to previous item	前項目まで選択範囲を拡張	前項目まで選択範囲を拡張	B31	未判定	未判定	未判定	未監査	意味の在庫判定はあるが、技術の委託先とスクラッチ境界は未監査	-	未監査
843	拡張	extension	Extend selection to previous layer	前レイヤーまで選択拡張	前レイヤーまで選択拡張	B31	未判定	未判定	未判定	未監査	意味の在庫判定はあるが、技術の委託先とスクラッチ境界は未監査	-	未監査
844	保留		Fast Previews > Draft	高速プレビュー:ドラフト	高速プレビュー:ドラフト	B23	未判定	未判定	未判定	未監査	意味の在庫判定はあるが、技術の委託先とスクラッチ境界は未監査	-	未監査
845	保留		Fast Previews > Fast Draft	高速プレビュー:ファストドラフト	高速プレビュー:ファストドラフト	B23	未判定	未判定	未判定	未監査	意味の在庫判定はあるが、技術の委託先とスクラッチ境界は未監査	-	未監査
846	保留		Fast Previews > Off	高速プレビュー:オフ	高速プレビュー:オフ	B23	未判定	未判定	未判定	未監査	意味の在庫判定はあるが、技術の委託先とスクラッチ境界は未監査	-	未監査
847	拡張	extension	File…	プロキシファイルを指定	プロキシファイルを指定	B08	未判定	未判定	未判定	未監査	意味の在庫判定はあるが、技術の委託先とスクラッチ境界は未監査	-	未監査
848	採用済		Filters	フィルター適用	フィルター適用	B25	未判定	未判定	未判定	未監査	意味の在庫判定はあるが、技術の委託先とスクラッチ境界は未監査	-	未監査
849	拡張	extension	Fit to Fill	尺に合わせて挿入	尺に合わせて挿入	B37	未判定	未判定	未判定	未監査	意味の在庫判定はあるが、技術の委託先とスクラッチ境界は未監査	-	未監査
850	拡張	extension	Fit To Fill	Shift+F11	Shift+F11	B37	未判定	未判定	未判定	未監査	意味の在庫判定はあるが、技術の委託先とスクラッチ境界は未監査	-	未監査
851	拡張	extension	Frame Mix	フレームミックス	フレームミックス	B37	未判定	未判定	未判定	未監査	意味の在庫判定はあるが、技術の委託先とスクラッチ境界は未監査	-	未監査
852	拡張	extension	Grab Still	Option+Command+G	Option+Command+G	B21	未判定	未判定	未判定	未監査	意味の在庫判定はあるが、技術の委託先とスクラッチ境界は未監査	-	未監査
853	不採用		HDTV (Rec. 709)	HDTV Rec.709でシミュレート	HDTV Rec.709でシミュレート		未判定	未判定	未判定	未監査	意味の在庫判定はあるが、技術の委託先とスクラッチ境界は未監査	-	未監査
854	拡張	extension	Hide After Effects	アプリを隠す(macOS)	アプリを隠す(macOS)	B32	未判定	未判定	未判定	未監査	意味の在庫判定はあるが、技術の委託先とスクラッチ境界は未監査	-	未監査
855	拡張	extension	Hide DaVinci Resolve	Command+H	Command+H	B32	未判定	未判定	未判定	未監査	意味の在庫判定はあるが、技術の委託先とスクラッチ境界は未監査	-	未監査
856	拡張	extension	Hide Others	他アプリを隠す(macOS)	他アプリを隠す(macOS)	B32	未判定	未判定	未判定	未監査	意味の在庫判定はあるが、技術の委託先とスクラッチ境界は未監査	-	未監査
857	拡張	extension	Hide Others	Option+Command+H	Option+Command+H	B32	未判定	未判定	未判定	未監査	意味の在庫判定はあるが、技術の委託先とスクラッチ境界は未監査	-	未監査
858	拡張	extension	Highlight	Shift+H	Shift+H	B05	未判定	未判定	未判定	未監査	意味の在庫判定はあるが、技術の委託先とスクラッチ境界は未監査	-	未監査
859	拡張	extension	Highlight B&W	Shift+Option+H	Shift+Option+H	B05	未判定	未判定	未判定	未監査	意味の在庫判定はあるが、技術の委託先とスクラッチ境界は未監査	-	未監査
860	拡張	extension	Highlight Difference	Shift+Command+H	Shift+Command+H	B05	未判定	未判定	未判定	未監査	意味の在庫判定はあるが、技術の委託先とスクラッチ境界は未監査	-	未監査
861	拡張	extension	Increase points for star/polygon; increase roundness for rounded rectangle	星/多角形の頂点数、角丸長方形の丸みを増加	星/多角形の頂点数、角丸長方形の丸みを増加	B28	未判定	未判定	未判定	未監査	意味の在庫判定はあるが、技術の委託先とスクラッチ境界は未監査	-	未監査
862	拡張	extension	Increase star inner roundness	星の内側の丸みを増加	星の内側の丸みを増加	B28	未判定	未判定	未判定	未監査	意味の在庫判定はあるが、技術の委託先とスクラッチ境界は未監査	-	未監査
863	拡張	extension	Increment and Save	バージョン番号を上げて保存	バージョン番号を上げて保存	B10	未判定	未判定	未判定	未監査	意味の在庫判定はあるが、技術の委託先とスクラッチ境界は未監査	-	未監査
864	不採用		Inner Glow	光彩(内側)	光彩(内側)		未判定	未判定	未判定	未監査	意味の在庫判定はあるが、技術の委託先とスクラッチ境界は未監査	-	未監査
865	不採用		Inner Shadow	シャドウ(内側)	シャドウ(内側)		未判定	未判定	未判定	未監査	意味の在庫判定はあるが、技術の委託先とスクラッチ境界は未監査	-	未監査
866	不採用		Internet Standard RGB (sRGB)	sRGBでシミュレート	sRGBでシミュレート		未判定	未判定	未判定	未監査	意味の在庫判定はあるが、技術の委託先とスクラッチ境界は未監査	-	未監査
867	不採用		Interrupt running script	実行中スクリプトを中断	実行中スクリプトを中断		未判定	未判定	未判定	未監査	意味の在庫判定はあるが、技術の委託先とスクラッチ境界は未監査	-	未監査
868	拡張	extension	Join current stroke to previous	現在のストロークを前と結合	現在のストロークを前と結合	B27	未判定	未判定	未判定	未監査	意味の在庫判定はあるが、技術の委託先とスクラッチ境界は未監査	-	未監査
869	拡張	extension	Last Effect	直前のエフェクトを再適用	直前のエフェクトを再適用	B38	未判定	未判定	未判定	未監査	意味の在庫判定はあるが、技術の委託先とスクラッチ境界は未監査	-	未監査
870	拡張	extension	Layer Settings…	レイヤー設定	レイヤー設定	B44	未判定	未判定	未判定	未監査	意味の在庫判定はあるが、技術の委託先とスクラッチ境界は未監査	-	未監査
871	不採用		Legacy Macintosh RGB (Gamma 1.8)	旧Mac RGBでシミュレート	旧Mac RGBでシミュレート		未判定	未判定	未判定	未監査	意味の在庫判定はあるが、技術の委託先とスクラッチ境界は未監査	-	未監査
872	不採用		Light…	新規ライトレイヤー	新規ライトレイヤー		未判定	未判定	未判定	未監査	意味の在庫判定はあるが、技術の委託先とスクラッチ境界は未監査	-	未監査
873	採用済		Lock	ロック切替	ロック切替	B32	未判定	未判定	未判定	未監査	意味の在庫判定はあるが、技術の委託先とスクラッチ境界は未監査	-	未監査
874	採用済		Lock selected layers	選択レイヤーをロック	選択レイヤーをロック	B32	未判定	未判定	未判定	未監査	意味の在庫判定はあるが、技術の委託先とスクラッチ境界は未監査	-	未監査
875	拡張	extension	Lock/Unlock All Video Tracks	Option+Shift+9	Option+Shift+9	B32	未判定	未判定	未判定	未監査	意味の在庫判定はあるが、技術の委託先とスクラッチ境界は未監査	-	未監査
876	拡張	extension	Look at All Layers	全レイヤーを見る	全レイヤーを見る	B17	未判定	未判定	未判定	未監査	意味の在庫判定はあるが、技術の委託先とスクラッチ境界は未監査	-	未監査
877	拡張	extension	Look at Selected Layers	選択レイヤーを見る	選択レイヤーを見る	B17	未判定	未判定	未判定	未監査	意味の在庫判定はあるが、技術の委託先とスクラッチ境界は未監査	-	未監査
878	拡張	extension	Main…	メイン解釈設定を開く	メイン解釈設定を開く	B08	未判定	未判定	未判定	未監査	意味の在庫判定はあるが、技術の委託先とスクラッチ境界は未監査	-	未監査
879	採用予定	core	Manually preview video	ビデオを手動プレビュー	ビデオを手動プレビュー	B21	既存構造+上流	Engine::render_frame;Compositor;re_renderer	抑制	preview inputと既存render入口の結線だけ	Video previewはEngine::render_frameとCompositorへ委託し、preview専用の描画真実を作らない	next/shell/motolii-shell/src/render.rs:232	技術監査済
880	拡張	extension	Mark Video In	映像イン点設定	映像イン点設定	B18	未判定	未判定	未判定	未監査	意味の在庫判定はあるが、技術の委託先とスクラッチ境界は未監査	-	未監査
881	拡張	extension	Mark Video Out	映像アウト点設定	映像アウト点設定	B18	未判定	未判定	未判定	未監査	意味の在庫判定はあるが、技術の委託先とスクラッチ境界は未監査	-	未監査
882	拡張		MAXON CINEMA 4D File…	新規C4Dファイル作成	新規C4Dファイル作成	B36	未判定	未判定	未判定	未監査	意味の在庫判定はあるが、技術の委託先とスクラッチ境界は未監査	-	未監査
883	拡張		MAXON CINEMA 4D File…	新規C4Dレイヤー	新規C4Dレイヤー	B36	未判定	未判定	未判定	未監査	意味の在庫判定はあるが、技術の委託先とスクラッチ境界は未監査	-	未監査
884	採用済		Modify property value by 1/10 increments	1/10の増減幅でプロパティ変更	1/10の増減幅でプロパティ変更	B45	未判定	未判定	未判定	未監査	意味の在庫判定はあるが、技術の委託先とスクラッチ境界は未監査	-	未監査
885	拡張	extension	Modify property value by 10x increments	10倍の増減幅でプロパティ変更	10倍の増減幅でプロパティ変更	B45	未判定	未判定	未判定	未監査	意味の在庫判定はあるが、技術の委託先とスクラッチ境界は未監査	-	未監査
886	採用済		Modify property value by default increments	既定の増減幅でプロパティ変更	既定の増減幅でプロパティ変更	B45	未判定	未判定	未判定	未監査	意味の在庫判定はあるが、技術の委託先とスクラッチ境界は未監査	-	未監査
887	拡張	extension	Motion Blur	モーションブラー切替	モーションブラー切替	B37	未判定	未判定	未判定	未監査	意味の在庫判定はあるが、技術の委託先とスクラッチ境界は未監査	-	未監査
888	拡張	extension	Move selected layers 1 frame earlier or later	選択レイヤーを1フレーム前後移動	選択レイヤーを1フレーム前後移動	B45	未判定	未判定	未判定	未監査	意味の在庫判定はあるが、技術の委託先とスクラッチ境界は未監査	-	未監査
889	拡張	extension	Move selected layers 1 pixel	選択レイヤーを1px移動	選択レイヤーを1px移動	B45	未判定	未判定	未判定	未監査	意味の在庫判定はあるが、技術の委託先とスクラッチ境界は未監査	-	未監査
890	拡張	extension	Move selected layers 10 frames earlier or later	選択レイヤーを10フレーム前後移動	選択レイヤーを10フレーム前後移動	B45	未判定	未判定	未判定	未監査	意味の在庫判定はあるが、技術の委託先とスクラッチ境界は未監査	-	未監査
891	拡張	extension	Move selected layers 10 pixels	選択レイヤーを10px移動	選択レイヤーを10px移動	B45	未判定	未判定	未判定	未監査	意味の在庫判定はあるが、技術の委託先とスクラッチ境界は未監査	-	未監査
892	拡張	extension	Move selected layers so In/Out point is at current time	In/Out点を現在時刻へ移動	In/Out点を現在時刻へ移動	B45	未判定	未判定	未判定	未監査	意味の在庫判定はあるが、技術の委託先とスクラッチ境界は未監査	-	未監査
893	拡張	extension	Movie…	動画プロキシを作成	動画プロキシを作成	B08	未判定	未判定	未判定	未監査	意味の在庫判定はあるが、技術の委託先とスクラッチ境界は未監査	-	未監査
894	拡張	extension	New Bin	新規ビン作成	新規ビン作成	B10	未判定	未判定	未判定	未監査	意味の在庫判定はあるが、技術の委託先とスクラッチ境界は未監査	-	未監査
895	拡張	extension	New Bin	Shift+Command+N	Shift+Command+N	B10	未判定	未判定	未判定	未監査	意味の在庫判定はあるが、技術の委託先とスクラッチ境界は未監査	-	未監査
896	拡張	extension	New Comp from Selection…	選択素材から新規コンポ作成	選択素材から新規コンポ作成	B36	未判定	未判定	未判定	未監査	意味の在庫判定はあるが、技術の委託先とスクラッチ境界は未監査	-	未監査
897	拡張	extension	New Folder	新規フォルダ	新規フォルダ	B10	未判定	未判定	未判定	未監査	意味の在庫判定はあるが、技術の委託先とスクラッチ境界は未監査	-	未監査
898	採用済		New null layer	新規ヌルレイヤー	新規ヌルレイヤー	B36	未判定	未判定	未判定	未監査	意味の在庫判定はあるが、技術の委託先とスクラッチ境界は未監査	-	未監査
899	拡張	extension	New Smart Bin	新規スマートビン作成	新規スマートビン作成	B10	未判定	未判定	未判定	未監査	意味の在庫判定はあるが、技術の委託先とスクラッチ境界は未監査	-	未監査
900	採用済		New solid layer	新規単色レイヤー	新規単色レイヤー	B36	未判定	未判定	未判定	未監査	意味の在庫判定はあるが、技術の委託先とスクラッチ境界は未監査	-	未監査
901	拡張	extension	Next Still	Option+Command+N	Option+Command+N	B21	未判定	未判定	未判定	未監査	意味の在庫判定はあるが、技術の委託先とスクラッチ境界は未監査	-	未監査
902	不採用		No Output Simulation	出力シミュレーションなし	出力シミュレーションなし		未判定	未判定	未判定	未監査	意味の在庫判定はあるが、技術の委託先とスクラッチ境界は未監査	-	未監査
903	採用済		Null Object	新規ヌルオブジェクト	新規ヌルオブジェクト	B36	未判定	未判定	未判定	未監査	意味の在庫判定はあるが、技術の委託先とスクラッチ境界は未監査	-	未監査
904	拡張	extension	Off	フレームブレンドOFF	フレームブレンドOFF	B37	未判定	未判定	未判定	未監査	意味の在庫判定はあるが、技術の委託先とスクラッチ境界は未監査	-	未監査
905	拡張		Optical Flow	オプティカルフローによる滑らかなスロー	オプティカルフローによる滑らかなスロー	B37	未判定	未判定	未判定	未監査	意味の在庫判定はあるが、技術の委託先とスクラッチ境界は未監査	-	未監査
906	不採用		Outer Glow	光彩(外側)	光彩(外側)		未判定	未判定	未判定	未監査	意味の在庫判定はあるが、技術の委託先とスクラッチ境界は未監査	-	未監査
907	拡張	extension	Output Module…	出力モジュールテンプレート	出力モジュールテンプレート	B09	未判定	未判定	未判定	未監査	意味の在庫判定はあるが、技術の委託先とスクラッチ境界は未監査	-	未監査
908	拡張		Pixel Motion	ピクセルモーション	ピクセルモーション	B37	未判定	未判定	未判定	未監査	意味の在庫判定はあるが、技術の委託先とスクラッチ境界は未監査	-	未監査
909	不採用		Pre-compose…	プリコンポーズ	プリコンポーズ		未判定	未判定	未判定	未監査	意味の在庫判定はあるが、技術の委託先とスクラッチ境界は未監査	-	未監査
910	不採用		Precompose selected layers	選択レイヤーをプリコンポーズ	選択レイヤーをプリコンポーズ		未判定	未判定	未判定	未監査	意味の在庫判定はあるが、技術の委託先とスクラッチ境界は未監査	-	未監査
911	拡張	extension	Preserve Transparency	透明度を保持	透明度を保持	B05	未判定	未判定	未判定	未監査	意味の在庫判定はあるが、技術の委託先とスクラッチ境界は未監査	-	未監査
912	拡張	extension	Preview specified number of frames	指定フレーム数をプレビュー	指定フレーム数をプレビュー	B21	未判定	未判定	未判定	未監査	意味の在庫判定はあるが、技術の委託先とスクラッチ境界は未監査	-	未監査
913	拡張	extension	Previous Still	Option+Command+P	Option+Command+P	B21	未判定	未判定	未判定	未監査	意味の在庫判定はあるが、技術の委託先とスクラッチ境界は未監査	-	未監査
914	拡張	extension	Project Notes	プロジェクトノートエディタを開く	プロジェクトノートエディタを開く	B10	未判定	未判定	未判定	未監査	意味の在庫判定はあるが、技術の委託先とスクラッチ境界は未監査	-	未監査
915	拡張	extension	Proxy on the Fly	Command+P	Command+P	B08	未判定	未判定	未判定	未監査	意味の在庫判定はあるが、技術の委託先とスクラッチ境界は未監査	-	未監査
916	拡張	extension	Proxy…	プロキシ解釈設定を開く	プロキシ解釈設定を開く	B08	未判定	未判定	未判定	未監査	意味の在庫判定はあるが、技術の委託先とスクラッチ境界は未監査	-	未監査
917	拡張	extension	Publish All Changes	Option+Shift+T	Option+Shift+T	B40	未判定	未判定	未判定	未監査	意味の在庫判定はあるが、技術の委託先とスクラッチ境界は未監査	-	未監査
918	拡張	extension	Recent Animation Presets	最近使ったプリセット	最近使ったプリセット	B07	未判定	未判定	未判定	未監査	意味の在庫判定はあるが、技術の委託先とスクラッチ境界は未監査	-	未監査
919	拡張	extension	Reconform from Bins	ビン内メディアでタイムラインを再コンフォーム	ビン内メディアでタイムラインを再コンフォーム	B08	未判定	未判定	未判定	未監査	意味の在庫判定はあるが、技術の委託先とスクラッチ境界は未監査	-	未監査
920	拡張	extension	Reconform from Media Storage	フォルダでタイムラインを再コンフォーム	フォルダでタイムラインを再コンフォーム	B08	未判定	未判定	未判定	未監査	意味の在庫判定はあるが、技術の委託先とスクラッチ境界は未監査	-	未監査
921	不採用		Record(A mode)	Command+Page Down	Command+Page Down		未判定	未判定	未判定	未監査	意味の在庫判定はあるが、技術の委託先とスクラッチ境界は未監査	-	未監査
922	拡張	extension	Reload Footage	素材を再読み込み	素材を再読み込み	B08	未判定	未判定	未判定	未監査	意味の在庫判定はあるが、技術の委託先とスクラッチ境界は未監査	-	未監査
923	拡張	extension	Remember Interpretation	解釈設定を記憶	解釈設定を記憶	B08	未判定	未判定	未判定	未監査	意味の在庫判定はあるが、技術の委託先とスクラッチ境界は未監査	-	未監査
924	不採用		Remote Grading	Command+G	Command+G		未判定	未判定	未判定	未監査	意味の在庫判定はあるが、技術の委託先とスクラッチ境界は未監査	-	未監査
925	不採用		Remove All	全レイヤースタイルを削除	全レイヤースタイルを削除		未判定	未判定	未判定	未監査	意味の在庫判定はあるが、技術の委託先とスクラッチ境界は未監査	-	未監査
926	採用済		Remove All	全エフェクトを削除	全エフェクトを削除	B38	未判定	未判定	未判定	未監査	意味の在庫判定はあるが、技術の委託先とスクラッチ境界は未監査	-	未監査
927	拡張	extension	Remove Attributes	属性の削除	属性の削除	B38	未判定	未判定	未判定	未監査	意味の在庫判定はあるが、技術の委託先とスクラッチ境界は未監査	-	未監査
928	拡張	extension	Remove Unused	未使用アセットをプロジェクトから削除	未使用アセットをプロジェクトから削除	B10	未判定	未判定	未判定	未監査	意味の在庫判定はあるが、技術の委託先とスクラッチ境界は未監査	-	未監査
929	拡張	extension	Render Effects In to Out	In-Out間エフェクトレンダリング	In-Out間エフェクトレンダリング	B18	未判定	未判定	未判定	未監査	意味の在庫判定はあるが、技術の委託先とスクラッチ境界は未監査	-	未監査
930	拡張	extension	Render Settings…	レンダー設定テンプレート	レンダー設定テンプレート	B09	未判定	未判定	未判定	未監査	意味の在庫判定はあるが、技術の委託先とスクラッチ境界は未監査	-	未監査
931	拡張	extension	Reset preview settings	プレビュー設定をリセット	プレビュー設定をリセット	B13	未判定	未判定	未判定	未監査	意味の在庫判定はあるが、技術の委託先とスクラッチ境界は未監査	-	未監査
932	構造吸収	absorbed	Reveal All Modified Properties	変更済み全プロパティを表示	propertyごとに値・補間・keyframe操作が別機構になる	B25	既存構造	KeyframeTrack+ParameterDescriptor(next/core/motolii-eval/src/track.rs:234-303;next/ui/motolii-inspector-pane/src/device.rs:63-71,283-300)	不要	独立したowner・状態・検収を増やさない	因果未記入: propertyごとに値・補間・keyframe操作が別機構になる は KeyframeTrack+ParameterDescriptor(next/core/motolii-eval/src/track.rs:234-303;next/ui/motolii-inspector-pane/src/device.rs:63-71,283-300) で 一つのproperty系で値と時間変化を扱う に到達する。keyframe mode/reveal/editor/move/reverse/holdとtime-remapの専用入口 は独立実装しない	next/core/motolii-eval/src/track.rs:234-303	構造吸収から導出
933	拡張	extension	Reveal in Bridge	Bridgeで表示	Bridgeで表示	B08	未判定	未判定	未判定	未監査	意味の在庫判定はあるが、技術の委託先とスクラッチ境界は未監査	-	未監査
934	拡張	extension	Reveal Properties with Animation	アニメーション付きプロパティを表示	アニメーション付きプロパティを表示	B15	未判定	未判定	未判定	未監査	意味の在庫判定はあるが、技術の委託先とスクラッチ境界は未監査	-	未監査
935	構造吸収	absorbed	Reverse selected layers in time	選択レイヤーを時間反転	propertyごとに値・補間・keyframe操作が別機構になる	B37	既存構造	KeyframeTrack+ParameterDescriptor(next/core/motolii-eval/src/track.rs:234-303;next/ui/motolii-inspector-pane/src/device.rs:63-71,283-300)	不要	独立したowner・状態・検収を増やさない	因果未記入: propertyごとに値・補間・keyframe操作が別機構になる は KeyframeTrack+ParameterDescriptor(next/core/motolii-eval/src/track.rs:234-303;next/ui/motolii-inspector-pane/src/device.rs:63-71,283-300) で 一つのproperty系で値と時間変化を扱う に到達する。keyframe mode/reveal/editor/move/reverse/holdとtime-remapの専用入口 は独立実装しない	next/core/motolii-eval/src/track.rs:234-303	構造吸収から導出
936	不採用		Run Script File…	スクリプトファイルを実行	スクリプトファイルを実行		未判定	未判定	未判定	未監査	意味の在庫判定はあるが、技術の委託先とスクラッチ境界は未監査	-	未監査
937	不採用		Satin	サテン	サテン		未判定	未判定	未判定	未監査	意味の在庫判定はあるが、技術の委託先とスクラッチ境界は未監査	-	未監査
938	拡張	extension	Save Animation Preset…	アニメーションプリセット保存	アニメーションプリセット保存	B07	未判定	未判定	未判定	未監査	意味の在庫判定はあるが、技術の委託先とスクラッチ境界は未監査	-	未監査
939	拡張	extension	Scenes / Media	素材/メディア選択タブ	素材/メディア選択タブ	B10	未判定	未判定	未判定	未監査	意味の在庫判定はあるが、技術の委託先とスクラッチ境界は未監査	-	未監査
940	不採用		SDTV NTSC	SDTV NTSCでシミュレート	SDTV NTSCでシミュレート		未判定	未判定	未判定	未監査	意味の在庫判定はあるが、技術の委託先とスクラッチ境界は未監査	-	未監査
941	不採用		SDTV PAL	SDTV PALでシミュレート	SDTV PALでシミュレート		未判定	未判定	未判定	未監査	意味の在庫判定はあるが、技術の委託先とスクラッチ境界は未監査	-	未監査
942	拡張	extension	Select	隣接クリップ選択サブメニュー	隣接クリップ選択サブメニュー	B31	未判定	未判定	未判定	未監査	意味の在庫判定はあるが、技術の委託先とスクラッチ境界は未監査	-	未監査
943	拡張	extension	Select Aspect Ratio	アスペクト比選択	アスペクト比選択	B36	未判定	未判定	未判定	未監査	意味の在庫判定はあるが、技術の委託先とスクラッチ境界は未監査	-	未監査
944	不採用		Select Edit Point	V	V		未判定	未判定	未判定	未監査	意味の在庫判定はあるが、技術の委託先とスクラッチ境界は未監査	-	未監査
945	拡張	extension	Select layer by number (1-999)	番号でレイヤー選択	番号でレイヤー選択	B31	未判定	未判定	未判定	未監査	意味の在庫判定はあるが、技術の委託先とスクラッチ境界は未監査	-	未監査
946	構造吸収	absorbed	Separate Dimensions	次元を分割	propertyごとに値・補間・keyframe操作が別機構になる	B44	既存構造	KeyframeTrack+ParameterDescriptor(next/core/motolii-eval/src/track.rs:234-303;next/ui/motolii-inspector-pane/src/device.rs:63-71,283-300)	不要	独立したowner・状態・検収を増やさない	因果未記入: propertyごとに値・補間・keyframe操作が別機構になる は KeyframeTrack+ParameterDescriptor(next/core/motolii-eval/src/track.rs:234-303;next/ui/motolii-inspector-pane/src/device.rs:63-71,283-300) で 一つのproperty系で値と時間変化を扱う に到達する。keyframe mode/reveal/editor/move/reverse/holdとtime-remapの専用入口 は独立実装しない	next/core/motolii-eval/src/track.rs:234-303	構造吸収から導出
947	拡張	extension	Set flow to 100%	フローを100%に	フローを100%に	B27	未判定	未判定	未判定	未監査	意味の在庫判定はあるが、技術の委託先とスクラッチ境界は未監査	-	未監査
948	拡張	extension	Set foreground to black, background to white	前景を黒、背景を白に	前景を黒、背景を白に	B05	未判定	未判定	未判定	未監査	意味の在庫判定はあるが、技術の委託先とスクラッチ境界は未監査	-	未監査
949	拡張	extension	Set In or Out point by time-stretching	タイムストレッチでIn/Outを設定	タイムストレッチでIn/Outを設定	B18	未判定	未判定	未判定	未監査	意味の在庫判定はあるが、技術の委託先とスクラッチ境界は未監査	-	未監査
950	拡張	extension	Set rounded rectangle to maximum; increase outer roundness	角丸長方形を最大丸みに/外側の丸みを増加	角丸長方形を最大丸みに/外側の丸みを増加	B28	未判定	未判定	未判定	未監査	意味の在庫判定はあるが、技術の委託先とスクラッチ境界は未監査	-	未監査
951	拡張	extension	Set rounded rectangle to sharp; decrease outer roundness	角丸長方形をシャープに/外側の丸みを減少	角丸長方形をシャープに/外側の丸みを減少	B28	未判定	未判定	未判定	未監査	意味の在庫判定はあるが、技術の委託先とスクラッチ境界は未監査	-	未監査
952	採用済		Shape Layer	新規シェイプレイヤー	新規シェイプレイヤー	B36	未判定	未判定	未判定	未監査	意味の在庫判定はあるが、技術の委託先とスクラッチ境界は未監査	-	未監査
953	拡張	extension	Show All	全アプリ表示(macOS)	全アプリ表示(macOS)	B32	未判定	未判定	未判定	未監査	意味の在庫判定はあるが、技術の委託先とスクラッチ境界は未監査	-	未監査
954	不採用		Show All	全レイヤースタイルを表示	全レイヤースタイルを表示		未判定	未判定	未判定	未監査	意味の在庫判定はあるが、技術の委託先とスクラッチ境界は未監査	-	未監査
955	拡張	extension	Show File Names	ファイル名表示	ファイル名表示	B25	未判定	未判定	未判定	未監査	意味の在庫判定はあるが、技術の委託先とスクラッチ境界は未監査	-	未監査
956	拡張	extension	Show Layer Controls	レイヤーコントロールを表示	レイヤーコントロールを表示	B22	未判定	未判定	未判定	未監査	意味の在庫判定はあるが、技術の委託先とスクラッチ境界は未監査	-	未監査
957	不採用		Show or hide Parent column	Parent列表示切替	Parent列表示切替		未判定	未判定	未判定	未監査	意味の在庫判定はあるが、技術の委託先とスクラッチ境界は未監査	-	未監査
958	拡張	extension	Show Preview Marks	プレビューマーク表示	プレビューマーク表示	B18	未判定	未判定	未判定	未監査	意味の在庫判定はあるが、技術の委託先とスクラッチ境界は未監査	-	未監査
959	採用済		Solid…	新規単色レイヤー	新規単色レイヤー	B36	未判定	未判定	未判定	未監査	意味の在庫判定はあるが、技術の委託先とスクラッチ境界は未監査	-	未監査
960	採用予定	core	Start or stop preview	プレビュー開始/停止	プレビュー開始/停止	B21	既存構造+上流	Engine::render_frame;Compositor;re_renderer	抑制	start/stop controlは既存playback/sessionへ接続	Preview開始停止は既存render/playback経路へ委託し、別preview rendererを作らない	next/shell/motolii-shell/src/render.rs:236	技術監査済
961	拡張	extension	Still…	静止画プロキシを作成	静止画プロキシを作成	B08	未判定	未判定	未判定	未監査	意味の在庫判定はあるが、技術の委託先とスクラッチ境界は未監査	-	未監査
962	不採用		Stroke	境界線	境界線		未判定	未判定	未判定	未監査	意味の在庫判定はあるが、技術の委託先とスクラッチ境界は未監査	-	未監査
963	採用済		Time Stretch…	タイムストレッチ	タイムストレッチ	B37	未判定	未判定	未判定	未監査	意味の在庫判定はあるが、技術の委託先とスクラッチ境界は未監査	-	未監査
964	構造吸収	absorbed	Time-Reverse Layer	レイヤーを逆再生	propertyごとに値・補間・keyframe操作が別機構になる	B37	既存構造	KeyframeTrack+ParameterDescriptor(next/core/motolii-eval/src/track.rs:234-303;next/ui/motolii-inspector-pane/src/device.rs:63-71,283-300)	不要	独立したowner・状態・検収を増やさない	因果未記入: propertyごとに値・補間・keyframe操作が別機構になる は KeyframeTrack+ParameterDescriptor(next/core/motolii-eval/src/track.rs:234-303;next/ui/motolii-inspector-pane/src/device.rs:63-71,283-300) で 一つのproperty系で値と時間変化を扱う に到達する。keyframe mode/reveal/editor/move/reverse/holdとtime-remapの専用入口 は独立実装しない	next/core/motolii-eval/src/track.rs:234-303	構造吸収から導出
965	不採用		Toggle Mercury Transmit video preview	Mercury Transmitプレビュー切替	Mercury Transmitプレビュー切替		未判定	未判定	未判定	未監査	意味の在庫判定はあるが、技術の委託先とスクラッチ境界は未監査	-	未監査
966	拡張	extension	Toggle selection of layer by number (1-999)	番号でレイヤー選択切替	番号でレイヤー選択切替	B31	未判定	未判定	未判定	未監査	意味の在庫判定はあるが、技術の委託先とスクラッチ境界は未監査	-	未監査
967	拡張	extension	Toggle V+A/V/A	Option+U	Option+U	B32	未判定	未判定	未判定	未監査	意味の在庫判定はあるが、技術の委託先とスクラッチ境界は未監査	-	未監査
968	拡張	extension	Transition	トランジション挿入	トランジション挿入	B38	未判定	未判定	未判定	未監査	意味の在庫判定はあるが、技術の委託先とスクラッチ境界は未監査	-	未監査
969	採用済		Turn Video (eyeball) switch on or off	ビデオ表示切替	ビデオ表示切替	B32	未判定	未判定	未判定	未監査	意味の在庫判定はあるが、技術の委託先とスクラッチ境界は未監査	-	未監査
970	拡張	extension	Unlock All Layers	全レイヤーのロック解除	全レイヤーのロック解除	B32	未判定	未判定	未判定	未監査	意味の在庫判定はあるが、技術の委託先とスクラッチ境界は未監査	-	未監査
971	拡張	extension	Unlock all layers	全レイヤーのロック解除	全レイヤーのロック解除	B32	未判定	未判定	未判定	未監査	意味の在庫判定はあるが、技術の委託先とスクラッチ境界は未監査	-	未監査
972	採用済		Video	ビデオ表示切替	ビデオ表示切替	B32	未判定	未判定	未判定	未監査	意味の在庫判定はあるが、技術の委託先とスクラッチ境界は未監査	-	未監査
973	拡張	extension	Video effects	映像エフェクト追加	映像エフェクト追加	B38	未判定	未判定	未判定	未監査	意味の在庫判定はあるが、技術の委託先とスクラッチ境界は未監査	-	未監査
974	拡張	extension	Warp Stabilizer VFX	ワープスタビライザーVFX	ワープスタビライザーVFX	B16	未判定	未判定	未判定	未監査	意味の在庫判定はあるが、技術の委託先とスクラッチ境界は未監査	-	未監査
975	拡張	extension	Zoom	ズームサブメニュー	ズームサブメニュー	B24	未判定	未判定	未判定	未監査	意味の在庫判定はあるが、技術の委託先とスクラッチ境界は未監査	-	未監査
976	拡張	extension	Zoom Around Mouse Pointer	マウス位置中心ズーム	マウス位置中心ズーム	B24	未判定	未判定	未判定	未監査	意味の在庫判定はあるが、技術の委託先とスクラッチ境界は未監査	-	未監査
977	拡張	extension	Zoom up to 100% to fit	100%上限でフィット表示	100%上限でフィット表示	B24	未判定	未判定	未判定	未監査	意味の在庫判定はあるが、技術の委託先とスクラッチ境界は未監査	-	未監査
978	採用済		Effect Controls / Inspector (per-clip properties)	選択クリップ/レイヤーのプロパティ編集パネル	選択クリップ/レイヤーのプロパティ編集パネル	B25	未判定	未判定	未判定	未監査	意味の在庫判定はあるが、技術の委託先とスクラッチ境界は未監査	-	未監査
979	採用済		Timeline panel	編集タイムラインパネル	編集タイムラインパネル	B25	未判定	未判定	未判定	未監査	意味の在庫判定はあるが、技術の委託先とスクラッチ境界は未監査	-	未監査
980	採用済		Project / Media Pool panel	素材・プロジェクトを管理するパネル	素材・プロジェクトを管理するパネル	B25	未判定	未判定	未判定	未監査	意味の在庫判定はあるが、技術の委託先とスクラッチ境界は未監査	-	未監査
981	構造吸収	absorbed	Tools / Toolbar panel	編集ツール格納パネル	pane/workspaceの表示差分が製品固有の第二状態になる	B25	既存構造	固定pane構造(next/shell/motolii-shell/src/pane_layout.rs:109-124)	不要	独立したowner・状態・検収を増やさない	因果未記入: pane/workspaceの表示差分が製品固有の第二状態になる は 固定pane構造(next/shell/motolii-shell/src/pane_layout.rs:109-124) で Browser/Stage/Inspector/Timelineの同じ4役割で制作する に到達する。active panel/workspace preset/page/maximize/dockの専用粒 は独立実装しない	next/shell/motolii-shell/src/pane_layout.rs:109-124	構造吸収から導出
982	構造吸収	absorbed	Effects / Effects & Presets panel	エフェクト一覧パネル	追加・置換・provider入口が面ごとに分裂する	B25	既存構造	Browser card dispatch+Document apply(next/shell/motolii-shell/src/create.rs:272-305;next/core/motolii-store/src/document.rs:545)	不要	独立したowner・状態・検収を増やさない	因果未記入: 追加・置換・provider入口が面ごとに分裂する は Browser card dispatch+Document apply(next/shell/motolii-shell/src/create.rs:272-305;next/core/motolii-store/src/document.rs:545) で 追加/置換が同じDocumentへ届く に到達する。File/Media Browser/Effectsの入口alias は独立実装しない	next/shell/motolii-shell/src/create.rs:272-305	構造吸収から導出
983	構造吸収	absorbed	Info panel	選択項目の情報パネル	pane/workspaceの表示差分が製品固有の第二状態になる	B25	既存構造	固定pane構造(next/shell/motolii-shell/src/pane_layout.rs:109-124)	不要	独立したowner・状態・検収を増やさない	因果未記入: pane/workspaceの表示差分が製品固有の第二状態になる は 固定pane構造(next/shell/motolii-shell/src/pane_layout.rs:109-124) で Browser/Stage/Inspector/Timelineの同じ4役割で制作する に到達する。active panel/workspace preset/page/maximize/dockの専用粒 は独立実装しない	next/shell/motolii-shell/src/pane_layout.rs:109-124	構造吸収から導出
984	拡張	extension	Align	整列パネル	整列パネル	B25	未判定	未判定	未判定	未監査	意味の在庫判定はあるが、技術の委託先とスクラッチ境界は未監査	-	未監査
985	拡張	extension	Audio	オーディオレベル操作パネル	オーディオレベル操作パネル	B25	未判定	未判定	未判定	未監査	意味の在庫判定はあるが、技術の委託先とスクラッチ境界は未監査	-	未監査
986	拡張		Audio Clip Mixer	クリップ単位の音声ミキサーパネル	クリップ単位の音声ミキサーパネル	B25	未判定	未判定	未判定	未監査	意味の在庫判定はあるが、技術の委託先とスクラッチ境界は未監査	-	未監査
987	拡張	extension	Audio Meters	音量VUメーターパネル	音量VUメーターパネル	B25	未判定	未判定	未判定	未監査	意味の在庫判定はあるが、技術の委託先とスクラッチ境界は未監査	-	未監査
988	拡張		Audio Track Mixer	トラック単位の音声ミキサーパネル	トラック単位の音声ミキサーパネル	B25	未判定	未判定	未判定	未監査	意味の在庫判定はあるが、技術の委託先とスクラッチ境界は未監査	-	未監査
989	拡張		Brushes	ブラシ設定パネル	ブラシ設定パネル	B27	未判定	未判定	未判定	未監査	意味の在庫判定はあるが、技術の委託先とスクラッチ境界は未監査	-	未監査
990	拡張	extension	Character	文字設定パネル	文字設定パネル	B25	未判定	未判定	未判定	未監査	意味の在庫判定はあるが、技術の委託先とスクラッチ境界は未監査	-	未監査
991	不採用		Color Page	ノードベースのカラーグレーディングを行うページ	ノードベースのカラーグレーディングを行うページ		未判定	未判定	未判定	未監査	意味の在庫判定はあるが、技術の委託先とスクラッチ境界は未監査	-	未監査
992	採用済		Composition	コンポジションのプレビュー・編集パネル	コンポジションのプレビュー・編集パネル	B25	未判定	未判定	未判定	未監査	意味の在庫判定はあるが、技術の委託先とスクラッチ境界は未監査	-	未監査
993	拡張		Content-Aware Fill	オブジェクト除去用パネル(2020年AE 17.5で追加)	オブジェクト除去用パネル(2020年AE 17.5で追加)	B25	未判定	未判定	未判定	未監査	意味の在庫判定はあるが、技術の委託先とスクラッチ境界は未監査	-	未監査
994	拡張	extension	Cut Page	簡略ツールで高速に編集するページ(Edit簡易版)	簡略ツールで高速に編集するページ(Edit簡易版)	B25	未判定	未判定	未判定	未監査	意味の在庫判定はあるが、技術の委託先とスクラッチ境界は未監査	-	未監査
995	拡張	extension	Deliver Page	最終書き出し/レンダーキュー管理を行うページ	最終書き出し/レンダーキュー管理を行うページ	B25	未判定	未判定	未判定	未監査	意味の在庫判定はあるが、技術の委託先とスクラッチ境界は未監査	-	未監査
996	拡張	extension	Edit Index	EDL形式の編集イベント一覧	EDL形式の編集イベント一覧	B25	未判定	未判定	未判定	未監査	意味の在庫判定はあるが、技術の委託先とスクラッチ境界は未監査	-	未監査
997	構造吸収	absorbed	Effects Library	トランジション/タイトル/ジェネレータ/フィルタ収録	追加・置換・provider入口が面ごとに分裂する	B25	既存構造	Browser card dispatch+Document apply(next/shell/motolii-shell/src/create.rs:272-305;next/core/motolii-store/src/document.rs:545)	不要	独立したowner・状態・検収を増やさない	因果未記入: 追加・置換・provider入口が面ごとに分裂する は Browser card dispatch+Document apply(next/shell/motolii-shell/src/create.rs:272-305;next/core/motolii-store/src/document.rs:545) で 追加/置換が同じDocumentへ届く に到達する。File/Media Browser/Effectsの入口alias は独立実装しない	next/shell/motolii-shell/src/create.rs:272-305	構造吸収から導出
998	拡張	extension	Essential Graphics	Motion Graphicsテンプレート作成パネル(近年追加)	Motion Graphicsテンプレート作成パネル(近年追加)	B25	未判定	未判定	未判定	未監査	意味の在庫判定はあるが、技術の委託先とスクラッチ境界は未監査	-	未監査
999	拡張	extension	Essential Graphics	モーショングラフィックステンプレート編集パネル	モーショングラフィックステンプレート編集パネル	B25	未判定	未判定	未判定	未監査	意味の在庫判定はあるが、技術の委託先とスクラッチ境界は未監査	-	未監査
1000	拡張		Essential Sound	音声カテゴリ別ワンクリック調整パネル	音声カテゴリ別ワンクリック調整パネル	B25	未判定	未判定	未判定	未監査	意味の在庫判定はあるが、技術の委託先とスクラッチ境界は未監査	-	未監査
1001	不採用	out-of-domain?	Fairlight Page	音声のミキシング/編集/マスタリングを行うページ	音声のミキシング/編集/マスタリングを行うページ		未判定	未判定	未判定	未監査	意味の在庫判定はあるが、技術の委託先とスクラッチ境界は未監査	-	未監査
1002	拡張	extension	Floating Timecode Window	タイムコードのフローティング表示	タイムコードのフローティング表示	B25	未判定	未判定	未判定	未監査	意味の在庫判定はあるが、技術の委託先とスクラッチ境界は未監査	-	未監査
1003	不採用		Flowchart	コンポ・レイヤー依存関係の図示パネル	コンポ・レイヤー依存関係の図示パネル		未判定	未判定	未判定	未監査	意味の在庫判定はあるが、技術の委託先とスクラッチ境界は未監査	-	未監査
1004	拡張	extension	Footage	素材のプレビューパネル	素材のプレビューパネル	B25	未判定	未判定	未判定	未監査	意味の在庫判定はあるが、技術の委託先とスクラッチ境界は未監査	-	未監査
1005	不採用	out-of-domain?	Fusion Page	ノードベースの合成/VFX/モーショングラフィックスを行うページ	ノードベースの合成/VFX/モーショングラフィックスを行うページ		未判定	未判定	未判定	未監査	意味の在庫判定はあるが、技術の委託先とスクラッチ境界は未監査	-	未監査
1006	構造吸収	absorbed	History / Undo History panel	操作履歴パネル	1操作の履歴が別粒へ分裂する	B25	既存構造	Document::apply/apply_all(next/core/motolii-store/src/document.rs:502-545)	不要	独立したowner・状態・検収を増やさない	因果未記入: 1操作の履歴が別粒へ分裂する は Document::apply/apply_all(next/core/motolii-store/src/document.rs:502-545) で 1 edit刻み・1 undo に到達する。独立の履歴/undo入口を作らない は独立実装しない	next/core/motolii-store/src/document.rs:502-545	構造吸収から導出
1007	拡張	extension	Layer	個別レイヤーのプレビューパネル	個別レイヤーのプレビューパネル	B25	未判定	未判定	未判定	未監査	意味の在庫判定はあるが、技術の委託先とスクラッチ境界は未監査	-	未監査
1008	拡張	extension	Libraries	Creative Cloud Librariesパネル(近年追加)	Creative Cloud Librariesパネル(近年追加)	B25	未判定	未判定	未判定	未監査	意味の在庫判定はあるが、技術の委託先とスクラッチ境界は未監査	-	未監査
1009	拡張	extension	Libraries	Creative Cloudライブラリアセットパネル	Creative Cloudライブラリアセットパネル	B25	未判定	未判定	未判定	未監査	意味の在庫判定はあるが、技術の委託先とスクラッチ境界は未監査	-	未監査
1010	拡張		Lumetri Color	カラーグレーディングパネル(近年追加)	カラーグレーディングパネル(近年追加)	B25	未判定	未判定	未判定	未監査	意味の在庫判定はあるが、技術の委託先とスクラッチ境界は未監査	-	未監査
1011	拡張		Lumetri Color	カラーグレーディングパネル	カラーグレーディングパネル	B25	未判定	未判定	未判定	未監査	意味の在庫判定はあるが、技術の委託先とスクラッチ境界は未監査	-	未監査
1012	拡張		Lumetri Scopes	波形・ベクトルスコープパネル(近年追加)	波形・ベクトルスコープパネル(近年追加)	B25	未判定	未判定	未判定	未監査	意味の在庫判定はあるが、技術の委託先とスクラッチ境界は未監査	-	未監査
1013	拡張		Lumetri Scopes	波形・ベクトルスコープ等の映像スコープパネル	波形・ベクトルスコープ等の映像スコープパネル	B25	未判定	未判定	未判定	未監査	意味の在庫判定はあるが、技術の委託先とスクラッチ境界は未監査	-	未監査
1014	採用済		Markers panel	マーカー一覧パネル	マーカー一覧パネル	B25	未判定	未判定	未判定	未監査	意味の在庫判定はあるが、技術の委託先とスクラッチ境界は未監査	-	未監査
1015	拡張	extension	Mask Interpolation	マスク補間設定パネル	マスク補間設定パネル	B25	未判定	未判定	未判定	未監査	意味の在庫判定はあるが、技術の委託先とスクラッチ境界は未監査	-	未監査
1016	構造吸収	absorbed	Media & Assets panel	メディア/素材パネル(インポート・テキスト・ステッカー・フィルター・トランジションへのアクセス)	追加・置換・provider入口が面ごとに分裂する	B25	既存構造	Browser card dispatch+Document apply(next/shell/motolii-shell/src/create.rs:272-305;next/core/motolii-store/src/document.rs:545)	不要	独立したowner・状態・検収を増やさない	因果未記入: 追加・置換・provider入口が面ごとに分裂する は Browser card dispatch+Document apply(next/shell/motolii-shell/src/create.rs:272-305;next/core/motolii-store/src/document.rs:545) で 追加/置換が同じDocumentへ届く に到達する。File/Media Browser/Effectsの入口alias は独立実装しない	next/shell/motolii-shell/src/create.rs:272-305	構造吸収から導出
1017	構造吸収	absorbed	Media Browser	外部メディアブラウズパネル	追加・置換・provider入口が面ごとに分裂する	B25	既存構造	Browser card dispatch+Document apply(next/shell/motolii-shell/src/create.rs:272-305;next/core/motolii-store/src/document.rs:545)	不要	独立したowner・状態・検収を増やさない	因果未記入: 追加・置換・provider入口が面ごとに分裂する は Browser card dispatch+Document apply(next/shell/motolii-shell/src/create.rs:272-305;next/core/motolii-store/src/document.rs:545) で 追加/置換が同じDocumentへ届く に到達する。File/Media Browser/Effectsの入口alias は独立実装しない	next/shell/motolii-shell/src/create.rs:272-305	構造吸収から導出
1018	構造吸収	absorbed	Media Browser	外部メディア検索・読み込みパネル	追加・置換・provider入口が面ごとに分裂する	B25	既存構造	Browser card dispatch+Document apply(next/shell/motolii-shell/src/create.rs:272-305;next/core/motolii-store/src/document.rs:545)	不要	独立したowner・状態・検収を増やさない	因果未記入: 追加・置換・provider入口が面ごとに分裂する は Browser card dispatch+Document apply(next/shell/motolii-shell/src/create.rs:272-305;next/core/motolii-store/src/document.rs:545) で 追加/置換が同じDocumentへ届く に到達する。File/Media Browser/Effectsの入口alias は独立実装しない	next/shell/motolii-shell/src/create.rs:272-305	構造吸収から導出
1019	拡張	extension	Media Page	メディアの取り込み・整理・メタデータ付与を行うページ	メディアの取り込み・整理・メタデータ付与を行うページ	B25	未判定	未判定	未判定	未監査	意味の在庫判定はあるが、技術の委託先とスクラッチ境界は未監査	-	未監査
1020	拡張	extension	Metadata	メタデータ表示パネル	メタデータ表示パネル	B25	未判定	未判定	未判定	未監査	意味の在庫判定はあるが、技術の委託先とスクラッチ境界は未監査	-	未監査
1021	拡張	extension	Metadata	クリップ/シーケンスのメタデータパネル	クリップ/シーケンスのメタデータパネル	B25	未判定	未判定	未判定	未監査	意味の在庫判定はあるが、技術の委託先とスクラッチ境界は未監査	-	未監査
1022	拡張	extension	Motion Sketch	モーションスケッチ記録パネル	モーションスケッチ記録パネル	B25	未判定	未判定	未判定	未監査	意味の在庫判定はあるが、技術の委託先とスクラッチ境界は未監査	-	未監査
1023	拡張		Paint	ペイントツールパネル	ペイントツールパネル	B27	未判定	未判定	未判定	未監査	意味の在庫判定はあるが、技術の委託先とスクラッチ境界は未監査	-	未監査
1024	拡張	extension	Paragraph	段落設定パネル	段落設定パネル	B25	未判定	未判定	未判定	未監査	意味の在庫判定はあるが、技術の委託先とスクラッチ境界は未監査	-	未監査
1025	構造吸収	absorbed	Preview	プレビュー再生制御パネル	Previewの表示入口が別の描画意味を持つ	B25	既存構造	Engine::render_frame(next/shell/motolii-shell/src/render.rs:232-236)	不要	独立したowner・状態・検収を増やさない	因果未記入: Previewの表示入口が別の描画意味を持つ は Engine::render_frame(next/shell/motolii-shell/src/render.rs:232-236) で 同じDocumentから同じframe truthを出す に到達する。表示だけのPreview panel は独立実装しない	next/shell/motolii-shell/src/render.rs:232-236	構造吸収から導出
1026	採用済		Preview / Player window	プレビュー(再生モニター)	プレビュー(再生モニター)	B25	未判定	未判定	未判定	未監査	意味の在庫判定はあるが、技術の委託先とスクラッチ境界は未監査	-	未監査
1027	採用済		Program Monitor	シーケンス出力プレビューパネル	シーケンス出力プレビューパネル	B25	未判定	未判定	未判定	未監査	意味の在庫判定はあるが、技術の委託先とスクラッチ境界は未監査	-	未監査
1028	拡張	extension	Progress	処理進捗表示パネル	処理進捗表示パネル	B25	未判定	未判定	未判定	未監査	意味の在庫判定はあるが、技術の委託先とスクラッチ境界は未監査	-	未監査
1029	採用済		Properties	主要プロパティを集約したパネル(2022年AE 22.3で追加)	主要プロパティを集約したパネル(2022年AE 22.3で追加)	B25	未判定	未判定	未判定	未監査	意味の在庫判定はあるが、技術の委託先とスクラッチ境界は未監査	-	未監査
1030	拡張		Reference Monitor	精密モニタリング用参照モニターパネル	精密モニタリング用参照モニターパネル	B25	未判定	未判定	未判定	未監査	意味の在庫判定はあるが、技術の委託先とスクラッチ境界は未監査	-	未監査
1031	拡張	extension	Render Queue	レンダーキュー管理パネル	レンダーキュー管理パネル	B25	未判定	未判定	未判定	未監査	意味の在庫判定はあるが、技術の委託先とスクラッチ境界は未監査	-	未監査
1032	拡張	extension	Smoother	キーフレームスムージングパネル	キーフレームスムージングパネル	B25	未判定	未判定	未判定	未監査	意味の在庫判定はあるが、技術の委託先とスクラッチ境界は未監査	-	未監査
1033	拡張	extension	Source Monitor	素材クリッププレビューパネル	素材クリッププレビューパネル	B25	未判定	未判定	未判定	未監査	意味の在庫判定はあるが、技術の委託先とスクラッチ境界は未監査	-	未監査
1034	拡張	extension	Source Viewer	ソースクリップのプレビュー	ソースクリップのプレビュー	B25	未判定	未判定	未判定	未監査	意味の在庫判定はあるが、技術の委託先とスクラッチ境界は未監査	-	未監査
1035	拡張	extension	Text	Speech-to-Textによる文字起こし・キャプション編集パネル	Speech-to-Textによる文字起こし・キャプション編集パネル	B25	未判定	未判定	未判定	未監査	意味の在庫判定はあるが、技術の委託先とスクラッチ境界は未監査	-	未監査
1036	採用済		Timeline Viewer	タイムラインのプレビュー	タイムラインのプレビュー	B25	未判定	未判定	未判定	未監査	意味の在庫判定はあるが、技術の委託先とスクラッチ境界は未監査	-	未監査
1037	拡張	extension	Track types: Video / Text-title / Voiceover / Music-SFX	トラック種別(映像/字幕/ナレーション/音楽SE)	トラック種別(映像/字幕/ナレーション/音楽SE)	B25	未判定	未判定	未判定	未監査	意味の在庫判定はあるが、技術の委託先とスクラッチ境界は未監査	-	未監査
1038	拡張	extension	Tracker	モーション/カメラトラッカーパネル	モーション/カメラトラッカーパネル	B16	未判定	未判定	未判定	未監査	意味の在庫判定はあるが、技術の委託先とスクラッチ境界は未監査	-	未監査
1039	拡張	extension	Wiggler	キーフレームランダム化パネル	キーフレームランダム化パネル	B25	未判定	未判定	未判定	未監査	意味の在庫判定はあるが、技術の委託先とスクラッチ境界は未監査	-	未監査
1040	構造吸収	absorbed	Workspaces (submenu)	ワークスペース切替サブメニュー(パネル本体ではない)	pane/workspaceの表示差分が製品固有の第二状態になる	B25	既存構造	固定pane構造(next/shell/motolii-shell/src/pane_layout.rs:109-124)	不要	独立したowner・状態・検収を増やさない	因果未記入: pane/workspaceの表示差分が製品固有の第二状態になる は 固定pane構造(next/shell/motolii-shell/src/pane_layout.rs:109-124) で Browser/Stage/Inspector/Timelineの同じ4役割で制作する に到達する。active panel/workspace preset/page/maximize/dockの専用粒 は独立実装しない	next/shell/motolii-shell/src/pane_layout.rs:109-124	構造吸収から導出
1041	採用済		Play / Pause	再生・一時停止	再生・一時停止	B21	未判定	未判定	未判定	未監査	意味の在庫判定はあるが、技術の委託先とスクラッチ境界は未監査	-	未監査
1042	採用済		Step Back 1 Frame	1フレーム戻る	1フレーム戻る	B21	未判定	未判定	未判定	未監査	意味の在庫判定はあるが、技術の委託先とスクラッチ境界は未監査	-	未監査
1043	採用済		Step Forward 1 Frame	1フレーム進む	1フレーム進む	B21	未判定	未判定	未判定	未監査	意味の在庫判定はあるが、技術の委託先とスクラッチ境界は未監査	-	未監査
1044	採用済		Go to End / Timeline End	末尾へ移動	末尾へ移動	B20	未判定	未判定	未判定	未監査	意味の在庫判定はあるが、技術の委託先とスクラッチ境界は未監査	-	未監査
1045	採用済		Go to Start / Timeline Start	先頭へ移動	先頭へ移動	B20	未判定	未判定	未判定	未監査	意味の在庫判定はあるが、技術の委託先とスクラッチ境界は未監査	-	未監査
1046	構造吸収	absorbed	Add Edit	編集点追加	時間編集が別モード・別intentへ分裂する	B39	既存構造	LayerTiming+SetTiming(next/core/motolii-store/src/document.rs:95-147;next/core/motolii-store/src/lib.rs:311)	不要	独立したowner・状態・検収を増やさない	因果未記入: 時間編集が別モード・別intentへ分裂する は LayerTiming+SetTiming(next/core/motolii-store/src/document.rs:95-147;next/core/motolii-store/src/lib.rs:311) で move/trim/splitを同じ時間正本で評価する に到達する。Add Edit/Razor/Blade/Trimの入口alias は独立実装しない	next/core/motolii-store/src/document.rs:95-147	構造吸収から導出
1047	構造吸収	absorbed	Add Edit to All Tracks	全トラック編集点追加	時間編集が別モード・別intentへ分裂する	B39	既存構造	LayerTiming+SetTiming(next/core/motolii-store/src/document.rs:95-147;next/core/motolii-store/src/lib.rs:311)	不要	独立したowner・状態・検収を増やさない	因果未記入: 時間編集が別モード・別intentへ分裂する は LayerTiming+SetTiming(next/core/motolii-store/src/document.rs:95-147;next/core/motolii-store/src/lib.rs:311) で move/trim/splitを同じ時間正本で評価する に到達する。Add Edit/Razor/Blade/Trimの入口alias は独立実装しない	next/core/motolii-store/src/document.rs:95-147	構造吸収から導出
1048	不採用	out-of-domain?	Cintel Scanner	Cintelスキャナー制御	Cintelスキャナー制御		未判定	未判定	未判定	未監査	意味の在庫判定はあるが、技術の委託先とスクラッチ境界は未監査	-	未監査
1049	拡張	extension	Delete Render Cache	レンダーキャッシュ削除	レンダーキャッシュ削除	B13	未判定	未判定	未判定	未監査	意味の在庫判定はあるが、技術の委託先とスクラッチ境界は未監査	-	未監査
1050	不採用		Display Broadcast Safe Exceptions	放送安全例外表示	放送安全例外表示		未判定	未判定	未判定	未監査	意味の在庫判定はあるが、技術の委託先とスクラッチ境界は未監査	-	未監査
1051	拡張	extension	Display filename in Info panel	Infoパネルにファイル名を表示	Infoパネルにファイル名を表示	B25	未判定	未判定	未判定	未監査	意味の在庫判定はあるが、技術の委託先とスクラッチ境界は未監査	-	未監査
1052	拡張	extension	Display snapshot in active viewer	スナップショットを表示	スナップショットを表示	B21	未判定	未判定	未判定	未監査	意味の在庫判定はあるが、技術の委託先とスクラッチ境界は未監査	-	未監査
1053	不採用		Extend Selected Edit to Playhead	選択編集点を延長	選択編集点を延長		未判定	未判定	未判定	未監査	意味の在庫判定はあるが、技術の委託先とスクラッチ境界は未監査	-	未監査
1054	不採用		Extract	エクストラクト	エクストラクト		未判定	未判定	未判定	未監査	意味の在庫判定はあるが、技術の委託先とスクラッチ境界は未監査	-	未監査
1055	拡張	extension	Fast Forward	早送り	早送り	B21	未判定	未判定	未判定	未監査	意味の在庫判定はあるが、技術の委託先とスクラッチ境界は未監査	-	未監査
1056	採用済		Fast Forward	Shift+L	Shift+L	B21	未判定	未判定	未判定	未監査	意味の在庫判定はあるが、技術の委託先とスクラッチ境界は未監査	-	未監査
1057	拡張	extension	Fast Reverse	早戻し	早戻し	B21	未判定	未判定	未判定	未監査	意味の在庫判定はあるが、技術の委託先とスクラッチ境界は未監査	-	未監査
1058	採用済		Fast Reverse	Shift+J	Shift+J	B21	未判定	未判定	未判定	未監査	意味の在庫判定はあるが、技術の委託先とスクラッチ境界は未監査	-	未監査
1059	拡張	extension	Fast Review	高速レビュー	高速レビュー	B21	未判定	未判定	未判定	未監査	意味の在庫判定はあるが、技術の委託先とスクラッチ境界は未監査	-	未監査
1060	拡張	extension	First Frame	;(semicolon)	;(semicolon)	B20	未判定	未判定	未判定	未監査	意味の在庫判定はあるが、技術の委託先とスクラッチ境界は未監査	-	未監査
1061	拡張	extension	Frame Step (arrow keys)	矢印キーで1フレーム移動	矢印キーで1フレーム移動	B21	未判定	未判定	未判定	未監査	意味の在庫判定はあるが、技術の委託先とスクラッチ境界は未監査	-	未監査
1062	拡張	extension	Go To	指定位置へ移動	指定位置へ移動	B20	未判定	未判定	未判定	未監査	意味の在庫判定はあるが、技術の委託先とスクラッチ境界は未監査	-	未監査
1063	拡張	extension	Go to beginning of composition, layer, or footage	コンポ/レイヤー/素材の先頭へ	コンポ/レイヤー/素材の先頭へ	B20	未判定	未判定	未判定	未監査	意味の在庫判定はあるが、技術の委託先とスクラッチ境界は未監査	-	未監査
1064	採用済		Go to beginning or end of work area	ワークエリアの先頭/末尾へ	ワークエリアの先頭/末尾へ	B18	未判定	未判定	未判定	未監査	意味の在庫判定はあるが、技術の委託先とスクラッチ境界は未監査	-	未監査
1065	拡張	extension	Go to end of composition, layer, or footage	コンポ/レイヤー/素材の末尾へ	コンポ/レイヤー/素材の末尾へ	B20	未判定	未判定	未判定	未監査	意味の在庫判定はあるが、技術の委託先とスクラッチ境界は未監査	-	未監査
1066	拡張	extension	Go to In	Shift+I	Shift+I	B18	未判定	未判定	未判定	未監査	意味の在庫判定はあるが、技術の委託先とスクラッチ境界は未監査	-	未監査
1067	採用済		Go to layer In point	レイヤーIn点へ	レイヤーIn点へ	B18	未判定	未判定	未判定	未監査	意味の在庫判定はあるが、技術の委託先とスクラッチ境界は未監査	-	未監査
1068	採用済		Go to layer Out point	レイヤーOut点へ	レイヤーOut点へ	B18	未判定	未判定	未判定	未監査	意味の在庫判定はあるが、技術の委託先とスクラッチ境界は未監査	-	未監査
1069	拡張	extension	Go to next In or Out point	次のIn/Out点へ	次のIn/Out点へ	B18	未判定	未判定	未判定	未監査	意味の在庫判定はあるが、技術の委託先とスクラッチ境界は未監査	-	未監査
1070	拡張	extension	Go to Out	Shift+O	Shift+O	B18	未判定	未判定	未判定	未監査	意味の在庫判定はあるが、技術の委託先とスクラッチ境界は未監査	-	未監査
1071	拡張	extension	Go to previous In or Out point	前のIn/Out点へ	前のIn/Out点へ	B18	未判定	未判定	未判定	未監査	意味の在庫判定はあるが、技術の委託先とスクラッチ境界は未監査	-	未監査
1072	拡張	extension	Go to previous or next visible item in time ruler	タイムルーラーの前後の項目へ	タイムルーラーの前後の項目へ	B20	未判定	未判定	未判定	未監査	意味の在庫判定はあるが、技術の委託先とスクラッチ境界は未監査	-	未監査
1073	拡張	extension	Go to specific time	指定時刻へ移動	指定時刻へ移動	B20	未判定	未判定	未判定	未監査	意味の在庫判定はあるが、技術の委託先とスクラッチ境界は未監査	-	未監査
1074	拡張	extension	Go to Time…	指定時刻へ移動	指定時刻へ移動	B20	未判定	未判定	未判定	未監査	意味の在庫判定はあるが、技術の委託先とスクラッチ境界は未監査	-	未監査
1075	拡張	extension	Go to Time…	該当なし(Viewメニューと重複確認用)	該当なし(Viewメニューと重複確認用)	B20	未判定	未判定	未判定	未監査	意味の在庫判定はあるが、技術の委託先とスクラッチ境界は未監査	-	未監査
1076	拡張	extension	Home/End = 先頭/末尾へ移動	タイムライン先頭/末尾	タイムライン先頭/末尾	B20	未判定	未判定	未判定	未監査	意味の在庫判定はあるが、技術の委託先とスクラッチ境界は未監査	-	未監査
1077	拡張	extension	Jump Left	左へジャンプ	左へジャンプ	B20	未判定	未判定	未判定	未監査	意味の在庫判定はあるが、技術の委託先とスクラッチ境界は未監査	-	未監査
1078	拡張	extension	Jump Right	右へジャンプ	右へジャンプ	B20	未判定	未判定	未判定	未監査	意味の在庫判定はあるが、技術の委託先とスクラッチ境界は未監査	-	未監査
1079	拡張	extension	Last Frame	'(apostrophe)	'(apostrophe)	B20	未判定	未判定	未判定	未監査	意味の在庫判定はあるが、技術の委託先とスクラッチ境界は未監査	-	未監査
1080	不採用		Lift	リフト	リフト		未判定	未判定	未判定	未監査	意味の在庫判定はあるが、技術の委託先とスクラッチ境界は未監査	-	未監査
1081	拡張	extension	Lock or unlock guides	ガイドロック切替	ガイドロック切替	B22	未判定	未判定	未判定	未監査	意味の在庫判定はあるが、技術の委託先とスクラッチ境界は未監査	-	未監査
1082	採用済		Loop/Unloop	ループ切替	ループ切替	B21	未判定	未判定	未判定	未監査	意味の在庫判定はあるが、技術の委託先とスクラッチ境界は未監査	-	未監査
1083	採用済		Loop/Unloop	Command+/	Command+/	B21	未判定	未判定	未判定	未監査	意味の在庫判定はあるが、技術の委託先とスクラッチ境界は未監査	-	未監査
1084	不採用		Make Subsequence	サブシーケンス作成	サブシーケンス作成		未判定	未判定	未判定	未監査	意味の在庫判定はあるが、技術の委託先とスクラッチ境界は未監査	-	未監査
1085	拡張	extension	Match Frame	一致フレーム検索	一致フレーム検索	B40	未判定	未判定	未判定	未監査	意味の在庫判定はあるが、技術の委託先とスクラッチ境界は未監査	-	未監査
1086	拡張	extension	Match Frame	一致フレーム検索	一致フレーム検索	B40	未判定	未判定	未判定	未監査	意味の在庫判定はあるが、技術の委託先とスクラッチ境界は未監査	-	未監査
1087	拡張	extension	Next	次へ	次へ	B20	未判定	未判定	未判定	未監査	意味の在庫判定はあるが、技術の委託先とスクラッチ境界は未監査	-	未監査
1088	結線待ち		Next Clip/Edit	Down Arrow	Down Arrow	B20	既存構造+先例	Session;Timeline projection;AE/Premiere	抑制	既存playhead/navigation projectionだけ	Next Clip/Editは既存SessionとTimeline projectionへ委託し、navigation専用時間正本を作らない	next/reference/timeline-grammar.md:60	技術監査済
1089	結線待ち		Next Edit	次の編集点へ	次の編集点へ	B20	既存構造+先例	Session;Timeline projection;AE/Premiere	抑制	既存playhead/navigation projectionだけ	Next Editは既存playheadとedit point projectionの別入口に留める	next/reference/timeline-grammar.md:60	技術監査済
1090	拡張	extension	Next Gap	Option+Command+'	Option+Command+'	B20	未判定	未判定	未判定	未監査	意味の在庫判定はあるが、技術の委託先とスクラッチ境界は未監査	-	未監査
1091	拡張	extension	Next in Sequence	シーケンス内次へ	シーケンス内次へ	B20	未判定	未判定	未判定	未監査	意味の在庫判定はあるが、技術の委託先とスクラッチ境界は未監査	-	未監査
1092	拡張	extension	Next Screen	次の画面へ	次の画面へ	B26	未判定	未判定	未判定	未監査	意味の在庫判定はあるが、技術の委託先とスクラッチ境界は未監査	-	未監査
1093	拡張	extension	Play Around Current Frame	/	/	B21	未判定	未判定	未判定	未監査	意味の在庫判定はあるが、技術の委託先とスクラッチ境界は未監査	-	未監査
1094	拡張	extension	Play Around In	Option+Space	Option+Space	B21	未判定	未判定	未判定	未監査	意味の在庫判定はあるが、技術の委託先とスクラッチ境界は未監査	-	未監査
1095	拡張	extension	Play Around Out	Shift+Space	Shift+Space	B21	未判定	未判定	未判定	未監査	意味の在庫判定はあるが、技術の委託先とスクラッチ境界は未監査	-	未監査
1096	拡張	extension	Play Around/To	周辺/指定先まで再生	周辺/指定先まで再生	B21	未判定	未判定	未判定	未監査	意味の在庫判定はあるが、技術の委託先とスクラッチ境界は未監査	-	未監査
1097	採用済		Play Forward	順再生	順再生	B21	未判定	未判定	未判定	未監査	意味の在庫判定はあるが、技術の委託先とスクラッチ境界は未監査	-	未監査
1098	採用済		Play Forward	L	L	B21	未判定	未判定	未判定	未監査	意味の在庫判定はあるが、技術の委託先とスクラッチ境界は未監査	-	未監査
1099	採用済		Play In To Out	Option+/	Option+/	B21	未判定	未判定	未判定	未監査	意味の在庫判定はあるが、技術の委託先とスクラッチ境界は未監査	-	未監査
1100	採用済		Play Reverse	逆再生	逆再生	B21	未判定	未判定	未判定	未監査	意味の在庫判定はあるが、技術の委託先とスクラッチ境界は未監査	-	未監査
1101	採用済		Play Reverse	J	J	B21	未判定	未判定	未判定	未監査	意味の在庫判定はあるが、技術の委託先とスクラッチ境界は未監査	-	未監査
1102	拡張	extension	Play Slow	スロー再生	スロー再生	B21	未判定	未判定	未判定	未監査	意味の在庫判定はあるが、技術の委託先とスクラッチ境界は未監査	-	未監査
1103	拡張	extension	Play Still	Option+Command+F	Option+Command+F	B21	未判定	未判定	未判定	未監査	意味の在庫判定はあるが、技術の委託先とスクラッチ境界は未監査	-	未監査
1104	拡張	extension	Play To Out	Option+Command+/	Option+Command+/	B21	未判定	未判定	未判定	未監査	意味の在庫判定はあるが、技術の委託先とスクラッチ境界は未監査	-	未監査
1105	拡張	extension	Playback Post-Roll	再生ポストロール	再生ポストロール	B21	未判定	未判定	未判定	未監査	意味の在庫判定はあるが、技術の委託先とスクラッチ境界は未監査	-	未監査
1106	拡張	extension	Prevent rendering for previews	プレビュー用レンダリングを抑止	プレビュー用レンダリングを抑止	B13	未判定	未判定	未判定	未監査	意味の在庫判定はあるが、技術の委託先とスクラッチ境界は未監査	-	未監査
1107	拡張	extension	Previous	前へ	前へ	B20	未判定	未判定	未判定	未監査	意味の在庫判定はあるが、技術の委託先とスクラッチ境界は未監査	-	未監査
1108	結線待ち		Previous Clip/Edit	Up Arrow	Up Arrow	B20	既存構造+先例	Session;Timeline projection;AE/Premiere	抑制	既存playhead/navigation projectionだけ	Previous Clip/Editは既存SessionとTimeline projectionへ委託する	next/reference/timeline-grammar.md:60	技術監査済
1109	結線待ち		Previous Edit	前の編集点へ	前の編集点へ	B20	既存構造+先例	Session;Timeline projection;AE/Premiere	抑制	既存playhead/navigation projectionだけ	Previous Editは既存playheadとedit point projectionの別入口に留める	next/reference/timeline-grammar.md:60	技術監査済
1110	拡張	extension	Previous Gap	Option+Command+;	Option+Command+;	B20	未判定	未判定	未判定	未監査	意味の在庫判定はあるが、技術の委託先とスクラッチ境界は未監査	-	未監査
1111	拡張	extension	Previous in Sequence	シーケンス内前へ	シーケンス内前へ	B20	未判定	未判定	未判定	未監査	意味の在庫判定はあるが、技術の委託先とスクラッチ境界は未監査	-	未監査
1112	拡張	extension	Previous Screen	前の画面へ	前の画面へ	B26	未判定	未判定	未判定	未監査	意味の在庫判定はあるが、技術の委託先とスクラッチ境界は未監査	-	未監査
1113	拡張	extension	Proxy Handling	プロキシ処理設定	プロキシ処理設定	B13	未判定	未判定	未判定	未監査	意味の在庫判定はあるが、技術の委託先とスクラッチ境界は未監査	-	未監査
1114	拡張	extension	Record	録画	録画	B21	未判定	未判定	未判定	未監査	意味の在庫判定はあるが、技術の委託先とスクラッチ境界は未監査	-	未監査
1115	拡張	extension	Render Cache	レンダーキャッシュ設定	レンダーキャッシュ設定	B13	未判定	未判定	未判定	未監査	意味の在庫判定はあるが、技術の委託先とスクラッチ境界は未監査	-	未監査
1116	拡張	extension	Render Effects in Work Area	ワークエリア内エフェクトレンダリング	ワークエリア内エフェクトレンダリング	B18	未判定	未判定	未判定	未監査	意味の在庫判定はあるが、技術の委託先とスクラッチ境界は未監査	-	未監査
1117	拡張	extension	Reverse Match Frame	逆方向一致フレーム検索	逆方向一致フレーム検索	B40	未判定	未判定	未判定	未監査	意味の在庫判定はあるが、技術の委託先とスクラッチ境界は未監査	-	未監査
1118	拡張	extension	Reverse Match Frame	逆一致フレーム検索	逆一致フレーム検索	B40	未判定	未判定	未判定	未監査	意味の在庫判定はあるが、技術の委託先とスクラッチ境界は未監査	-	未監査
1119	採用済		Show or hide grid	グリッド表示切替	グリッド表示切替	B22	未判定	未判定	未判定	未監査	意味の在庫判定はあるが、技術の委託先とスクラッチ境界は未監査	-	未監査
1120	拡張	extension	Show or hide guides	ガイド表示切替	ガイド表示切替	B22	未判定	未判定	未判定	未監査	意味の在庫判定はあるが、技術の委託先とスクラッチ境界は未監査	-	未監査
1121	拡張	extension	Show or hide layer controls	レイヤーコントロール表示切替	レイヤーコントロール表示切替	B22	未判定	未判定	未判定	未監査	意味の在庫判定はあるが、技術の委託先とスクラッチ境界は未監査	-	未監査
1122	採用済		Show or hide proportional grid	比例グリッド表示切替	比例グリッド表示切替	B22	未判定	未判定	未判定	未監査	意味の在庫判定はあるが、技術の委託先とスクラッチ境界は未監査	-	未監査
1123	拡張	extension	Show or hide rulers	定規表示切替	定規表示切替	B22	未判定	未判定	未判定	未監査	意味の在庫判定はあるが、技術の委託先とスクラッチ境界は未監査	-	未監査
1124	採用済		Show or hide safe zones	セーフゾーン表示切替	セーフゾーン表示切替	B22	未判定	未判定	未判定	未監査	意味の在庫判定はあるが、技術の委託先とスクラッチ境界は未監査	-	未監査
1125	採用済		Shuttle Left	シャトル逆再生	シャトル逆再生	B21	未判定	未判定	未判定	未監査	意味の在庫判定はあるが、技術の委託先とスクラッチ境界は未監査	-	未監査
1126	採用済		Shuttle Right	シャトル順再生	シャトル順再生	B21	未判定	未判定	未判定	未監査	意味の在庫判定はあるが、技術の委託先とスクラッチ境界は未監査	-	未監査
1127	採用済		Shuttle Stop	シャトル停止	シャトル停止	B21	未判定	未判定	未判定	未監査	意味の在庫判定はあるが、技術の委託先とスクラッチ境界は未監査	-	未監査
1128	拡張	extension	Slow Left	低速逆再生	低速逆再生	B21	未判定	未判定	未判定	未監査	意味の在庫判定はあるが、技術の委託先とスクラッチ境界は未監査	-	未監査
1129	拡張	extension	Slow Right	低速順再生	低速順再生	B21	未判定	未判定	未判定	未監査	意味の在庫判定はあるが、技術の委託先とスクラッチ境界は未監査	-	未監査
1130	拡張	extension	Step Back Five Frames	5フレーム戻る	5フレーム戻る	B21	未判定	未判定	未判定	未監査	意味の在庫判定はあるが、技術の委託先とスクラッチ境界は未監査	-	未監査
1131	拡張	extension	Step Forward Five Frames	5フレーム進む	5フレーム進む	B21	未判定	未判定	未判定	未監査	意味の在庫判定はあるが、技術の委託先とスクラッチ境界は未監査	-	未監査
1132	拡張	extension	Step One	1コマ送り	1コマ送り	B21	未判定	未判定	未判定	未監査	意味の在庫判定はあるが、技術の委託先とスクラッチ境界は未監査	-	未監査
1133	拡張	extension	Step One Second Forward	Shift+Right Arrow	Shift+Right Arrow	B21	未判定	未判定	未判定	未監査	意味の在庫判定はあるが、技術の委託先とスクラッチ境界は未監査	-	未監査
1134	拡張	extension	Step One Second Reverse	Shift+Left Arrow	Shift+Left Arrow	B21	未判定	未判定	未判定	未監査	意味の在庫判定はあるが、技術の委託先とスクラッチ境界は未監査	-	未監査
1135	採用済		Stop	停止	停止	B21	未判定	未判定	未判定	未監査	意味の在庫判定はあるが、技術の委託先とスクラッチ境界は未監査	-	未監査
1136	採用済		Stop	K	K	B21	未判定	未判定	未判定	未監査	意味の在庫判定はあるが、技術の委託先とスクラッチ境界は未監査	-	未監査
1137	拡張	extension	Stop and Go to Last Position	停止して直前位置へ	停止して直前位置へ	B21	未判定	未判定	未判定	未監査	意味の在庫判定はあるが、技術の委託先とスクラッチ境界は未監査	-	未監査
1138	採用済		Timecode	タイムコード入力	タイムコード入力	B20	未判定	未判定	未判定	未監査	意味の在庫判定はあるが、技術の委託先とスクラッチ境界は未監査	-	未監査
1139	拡張	extension	Timeline Proxy Resolution	タイムラインプロキシ解像度	タイムラインプロキシ解像度	B13	未判定	未判定	未判定	未監査	意味の在庫判定はあるが、技術の委託先とスクラッチ境界は未監査	-	未監査
1140	構造吸収	absorbed	Trim Edit	トリムモード	時間編集が別モード・別intentへ分裂する	B39	既存構造	LayerTiming+SetTiming(next/core/motolii-store/src/document.rs:95-147;next/core/motolii-store/src/lib.rs:311)	不要	独立したowner・状態・検収を増やさない	因果未記入: 時間編集が別モード・別intentへ分裂する は LayerTiming+SetTiming(next/core/motolii-store/src/document.rs:95-147;next/core/motolii-store/src/lib.rs:311) で move/trim/splitを同じ時間正本で評価する に到達する。Add Edit/Razor/Blade/Trimの入口alias は独立実装しない	next/core/motolii-store/src/document.rs:95-147	構造吸収から導出
1141	拡張	extension	Turn snapping to grid on or off	グリッドスナップ切替	グリッドスナップ切替	B22	未判定	未判定	未判定	未監査	意味の在庫判定はあるが、技術の委託先とスクラッチ境界は未監査	-	未監査
1142	拡張	extension	Turn snapping to guides on or off	ガイドスナップ切替	ガイドスナップ切替	B22	未判定	未判定	未判定	未監査	意味の在庫判定はあるが、技術の委託先とスクラッチ境界は未監査	-	未監査
1143	拡張	extension	Use Optimized Media if Available	最適化メディア使用	最適化メディア使用	B13	未判定	未判定	未判定	未監査	意味の在庫判定はあるが、技術の委託先とスクラッチ境界は未監査	-	未監査
1144	採用済		Preferences / Settings (entry point)	環境設定を開く入口	環境設定を開く入口	B12	未判定	未判定	未判定	未監査	意味の在庫判定はあるが、技術の委託先とスクラッチ境界は未監査	-	未監査
1145	拡張	extension	Keyboard Shortcuts (editor)	キーボードショートカットのカスタマイズ画面	キーボードショートカットのカスタマイズ画面	B12	未判定	未判定	未判定	未監査	意味の在庫判定はあるが、技術の委託先とスクラッチ境界は未監査	-	未監査
1146	拡張	extension	Advanced	特殊構成向け詳細設定	特殊構成向け詳細設定	B12	未判定	未判定	未判定	未監査	意味の在庫判定はあるが、技術の委託先とスクラッチ境界は未監査	-	未監査
1147	保留		All Memory	全メモリを消去	全メモリを消去	B13	未判定	未判定	未判定	未監査	意味の在庫判定はあるが、技術の委託先とスクラッチ境界は未監査	-	未監査
1148	保留		All Memory & Disk Cache…	メモリとディスクキャッシュを全消去	メモリとディスクキャッシュを全消去	B13	未判定	未判定	未判定	未監査	意味の在庫判定はあるが、技術の委託先とスクラッチ境界は未監査	-	未監査
1149	不採用		Allow Scripts to Write Files and Access Network	スクリプトによるファイル書込・ネットワークアクセスを許可	スクリプトによるファイル書込・ネットワークアクセスを許可		未判定	未判定	未判定	未監査	意味の在庫判定はあるが、技術の委託先とスクラッチ境界は未監査	-	未監査
1150	拡張	extension	Appearance	UI外観・ラベル/マスクのハイライト色設定	UI外観・ラベル/マスクのハイライト色設定	B12	未判定	未判定	未判定	未監査	意味の在庫判定はあるが、技術の委託先とスクラッチ境界は未監査	-	未監査
1151	拡張	extension	Appearance	UIの明るさ・コントラストなど外観設定	UIの明るさ・コントラストなど外観設定	B12	未判定	未判定	未判定	未監査	意味の在庫判定はあるが、技術の委託先とスクラッチ境界は未監査	-	未監査
1152	拡張	extension	Audio	書き出し時の音声レンダリング設定	書き出し時の音声レンダリング設定	B12	未判定	未判定	未判定	未監査	意味の在庫判定はあるが、技術の委託先とスクラッチ境界は未監査	-	未監査
1153	拡張	extension	Audio Hardware	サウンドデバイス・ドライバ・サンプルレートの選択	サウンドデバイス・ドライバ・サンプルレートの選択	B12	未判定	未判定	未判定	未監査	意味の在庫判定はあるが、技術の委託先とスクラッチ境界は未監査	-	未監査
1154	拡張	extension	Audio Hardware	外部オーディオ機器・サンプルレート設定	外部オーディオ機器・サンプルレート設定	B12	未判定	未判定	未判定	未監査	意味の在庫判定はあるが、技術の委託先とスクラッチ境界は未監査	-	未監査
1155	拡張	extension	Audio Output Mapping	Left/Right Channel割当、Audio Block Duration	Left/Right Channel割当、Audio Block Duration	B12	未判定	未判定	未判定	未監査	意味の在庫判定はあるが、技術の委託先とスクラッチ境界は未監査	-	未監査
1156	不採用		Audio Plugins	VSTエフェクト/外部音声処理設定	VSTエフェクト/外部音声処理設定		未判定	未判定	未判定	未監査	意味の在庫判定はあるが、技術の委託先とスクラッチ境界は未監査	-	未監査
1157	拡張	extension	Auto Save	自動保存の間隔設定	自動保存の間隔設定	B12	未判定	未判定	未判定	未監査	意味の在庫判定はあるが、技術の委託先とスクラッチ境界は未監査	-	未監査
1158	拡張	extension	Auto-Save	自動保存の間隔と保持世代数	自動保存の間隔と保持世代数	B12	未判定	未判定	未判定	未監査	意味の在庫判定はあるが、技術の委託先とスクラッチ境界は未監査	-	未監査
1159	保留		Cache size / clear cache	キャッシュ容量表示・削除(プロジェクト/メディア自体は消えない)	キャッシュ容量表示・削除(プロジェクト/メディア自体は消えない)	B13	未判定	未判定	未判定	未監査	意味の在庫判定はあるが、技術の委託先とスクラッチ境界は未監査	-	未監査
1160	不採用	out-of-domain?	Camera Raw	カメラメーカー別RAWデコード設定	カメラメーカー別RAWデコード設定		未判定	未判定	未判定	未監査	意味の在庫判定はあるが、技術の委託先とスクラッチ境界は未監査	-	未監査
1161	不採用		Capture and Playback	デッキ設定/キャプチャ/プレイアウト	デッキ設定/キャプチャ/プレイアウト		未判定	未判定	未判定	未監査	意味の在庫判定はあるが、技術の委託先とスクラッチ境界は未監査	-	未監査
1162	拡張	extension	Collaboration	共同編集関連設定	共同編集関連設定	B12	未判定	未判定	未判定	未監査	意味の在庫判定はあるが、技術の委託先とスクラッチ境界は未監査	-	未監査
1163	拡張	extension	Color	カラーピッカー/リップルモード等のカラー設定	カラーピッカー/リップルモード等のカラー設定	B12	未判定	未判定	未判定	未監査	意味の在庫判定はあるが、技術の委託先とスクラッチ境界は未監査	-	未監査
1164	不採用		Color Management	カラースペース変換/Dolby Vision/HDR10+/HDR Vivid/LUT/放送安全	カラースペース変換/Dolby Vision/HDR10+/HDR Vivid/LUT/放送安全		未判定	未判定	未判定	未監査	意味の在庫判定はあるが、技術の委託先とスクラッチ境界は未監査	-	未監査
1165	不採用		Control Panels	カラーグレーディングパネル/MIDI接続設定	カラーグレーディングパネル/MIDI接続設定		未判定	未判定	未判定	未監査	意味の在庫判定はあるが、技術の委託先とスクラッチ境界は未監査	-	未監査
1166	不採用		Control Panels	パネル感度/表示輝度等の設定	パネル感度/表示輝度等の設定		未判定	未判定	未判定	未監査	意味の在庫判定はあるが、技術の委託先とスクラッチ境界は未監査	-	未監査
1167	不採用		Control Surface	外部コントロールサーフィス機器の登録	外部コントロールサーフィス機器の登録		未判定	未判定	未判定	未監査	意味の在庫判定はあるが、技術の委託先とスクラッチ境界は未監査	-	未監査
1168	拡張		Decode Options	RAW/H.264等のデコード方式設定	RAW/H.264等のデコード方式設定	B12	未判定	未判定	未判定	未監査	意味の在庫判定はあるが、技術の委託先とスクラッチ境界は未監査	-	未監査
1169	拡張	extension	Display	モーションパス表示、Projectパネルサムネイル、Infoパネルのレンダリング表示等	モーションパス表示、Projectパネルサムネイル、Infoパネルのレンダリング表示等	B12	未判定	未判定	未判定	未監査	意味の在庫判定はあるが、技術の委託先とスクラッチ境界は未監査	-	未監査
1170	拡張	extension	Editing	新規タイムライン既定/スマートビン等の編集設定	新規タイムライン既定/スマートビン等の編集設定	B12	未判定	未判定	未判定	未監査	意味の在庫判定はあるが、技術の委託先とスクラッチ境界は未監査	-	未監査
1171	不採用		Enable JavaScript Debugger	ExtendScriptデバッガを有効化	ExtendScriptデバッガを有効化		未判定	未判定	未判定	未監査	意味の在庫判定はあるが、技術の委託先とスクラッチ境界は未監査	-	未監査
1172	拡張	extension	Enable Proxy (+解像度選択)	プロキシ編集の有効化と解像度選択	プロキシ編集の有効化と解像度選択	B12	未判定	未判定	未判定	未監査	意味の在庫判定はあるが、技術の委託先とスクラッチ境界は未監査	-	未監査
1173	拡張		Expression Pick Whip Writes Compact English	ピックウィップが簡潔な英語表記のエクスプレッションを生成	ピックウィップが簡潔な英語表記のエクスプレッションを生成	B14	未判定	未判定	未判定	未監査	意味の在庫判定はあるが、技術の委託先とスクラッチ境界は未監査	-	未監査
1174	不採用	out-of-domain?	Fairlight	ビデオI/Oオフセット/ループジョグ等の音声設定	ビデオI/Oオフセット/ループジョグ等の音声設定		未判定	未判定	未判定	未監査	意味の在庫判定はあるが、技術の委託先とスクラッチ境界は未監査	-	未監査
1175	不採用	out-of-domain?	Fairlight	タイムラインサンプルレート/バス/メータリング	タイムラインサンプルレート/バス/メータリング		未判定	未判定	未判定	未監査	意味の在庫判定はあるが、技術の委託先とスクラッチ境界は未監査	-	未監査
1176	拡張	extension	General	その他一般設定(アンドゥ回数、ツールチップ表示、OS標準ショートカット使用等)	その他一般設定(アンドゥ回数、ツールチップ表示、OS標準ショートカット使用等)	B12	未判定	未判定	未判定	未監査	意味の在庫判定はあるが、技術の委託先とスクラッチ境界は未監査	-	未監査
1177	拡張	extension	General	起動時のプロジェクト挙動などの全般設定	起動時のプロジェクト挙動などの全般設定	B12	未判定	未判定	未判定	未監査	意味の在庫判定はあるが、技術の委託先とスクラッチ境界は未監査	-	未監査
1178	拡張	extension	General	外部スクリプト/自動更新等の全般設定	外部スクリプト/自動更新等の全般設定	B12	未判定	未判定	未判定	未監査	意味の在庫判定はあるが、技術の委託先とスクラッチ境界は未監査	-	未監査
1179	拡張	extension	General Options	コンフォームオプション/バージョン管理等の全般設定	コンフォームオプション/バージョン管理等の全般設定	B12	未判定	未判定	未判定	未監査	意味の在庫判定はあるが、技術の委託先とスクラッチ境界は未監査	-	未監査
1180	拡張	extension	Graphics	グラフィック関連の初期設定	グラフィック関連の初期設定	B12	未判定	未判定	未判定	未監査	意味の在庫判定はあるが、技術の委託先とスクラッチ境界は未監査	-	未監査
1181	拡張	extension	Grid & Guides	グリッド色・サイズ、ガイド色、セーフマージン(Action Safe / Title Safe / Center-Cut)	グリッド色・サイズ、ガイド色、セーフマージン(Action Safe / Title Safe / Center-Cut)	B12	未判定	未判定	未判定	未監査	意味の在庫判定はあるが、技術の委託先とスクラッチ境界は未監査	-	未監査
1182	拡張	extension	Hardware decoding / encoding toggle	ハードウェアデコード/エンコード高速化	ハードウェアデコード/エンコード高速化	B12	未判定	未判定	未判定	未監査	意味の在庫判定はあるが、技術の委託先とスクラッチ境界は未監査	-	未監査
1183	保留		Image Cache Memory	画像キャッシュメモリを消去	画像キャッシュメモリを消去	B13	未判定	未判定	未判定	未監査	意味の在庫判定はあるが、技術の委託先とスクラッチ境界は未監査	-	未監査
1184	拡張	extension	Image Scaling	入力/出力の画像スケーリング方式	入力/出力の画像スケーリング方式	B12	未判定	未判定	未判定	未監査	意味の在庫判定はあるが、技術の委託先とスクラッチ境界は未監査	-	未監査
1185	拡張	extension	Import	静止画の既定表示時間、埋め込みアルファの扱い、ドラッグ&ドロップ読み込みの挙動	静止画の既定表示時間、埋め込みアルファの扱い、ドラッグ&ドロップ読み込みの挙動	B12	未判定	未判定	未判定	未監査	意味の在庫判定はあるが、技術の委託先とスクラッチ境界は未監査	-	未監査
1186	拡張	extension	Internet Accounts	クラウド/動画共有サービスのログイン連携	クラウド/動画共有サービスのログイン連携	B12	未判定	未判定	未判定	未監査	意味の在庫判定はあるが、技術の委託先とスクラッチ境界は未監査	-	未監査
1187	拡張	extension	Keyboard Customization	キーボードカスタマイズウィンドウを開く	キーボードカスタマイズウィンドウを開く	B12	未判定	未判定	未判定	未監査	意味の在庫判定はあるが、技術の委託先とスクラッチ境界は未監査	-	未監査
1188	拡張	extension	Keyboard Customization	ショートカットプリセット選択とカスタムマッピング	ショートカットプリセット選択とカスタムマッピング	B12	未判定	未判定	未判定	未監査	意味の在庫判定はあるが、技術の委託先とスクラッチ境界は未監査	-	未監査
1189	拡張	extension	Labels	ラベル色とその割当の設定	ラベル色とその割当の設定	B12	未判定	未判定	未判定	未監査	意味の在庫判定はあるが、技術の委託先とスクラッチ境界は未監査	-	未監査
1190	拡張	extension	Labels	ラベル色・既定ラベルの設定	ラベル色・既定ラベルの設定	B12	未判定	未判定	未判定	未監査	意味の在庫判定はあるが、技術の委託先とスクラッチ境界は未監査	-	未監査
1191	拡張	extension	Language	UI表示言語切替	UI表示言語切替	B12	未判定	未判定	未判定	未監査	意味の在庫判定はあるが、技術の委託先とスクラッチ境界は未監査	-	未監査
1192	拡張	extension	Master Settings	タイムライン形式/ビデオモニタリング/最適化メディア/作業フォルダ	タイムライン形式/ビデオモニタリング/最適化メディア/作業フォルダ	B12	未判定	未判定	未判定	未監査	意味の在庫判定はあるが、技術の委託先とスクラッチ境界は未監査	-	未監査
1193	拡張	extension	Media	静止画スケーリング・プロキシ設定	静止画スケーリング・プロキシ設定	B12	未判定	未判定	未判定	未監査	意味の在庫判定はあるが、技術の委託先とスクラッチ境界は未監査	-	未監査
1194	保留		Media & Disk Cache	キャッシュ・メディアフォルダの場所、Enable Disk Cache、Maximum Disk Cache Size、Enable Compressed Frames等	キャッシュ・メディアフォルダの場所、Enable Disk Cache、Maximum Disk Cache Size、Enable Compressed Frames等	B13	未判定	未判定	未判定	未監査	意味の在庫判定はあるが、技術の委託先とスクラッチ境界は未監査	-	未監査
1195	保留		Media Cache	メディアキャッシュファイルの自動削除設定	メディアキャッシュファイルの自動削除設定	B13	未判定	未判定	未判定	未監査	意味の在庫判定はあるが、技術の委託先とスクラッチ境界は未監査	-	未監査
1196	拡張	extension	Media Storage	メディアストレージの登録フォルダ管理	メディアストレージの登録フォルダ管理	B12	未判定	未判定	未判定	未監査	意味の在庫判定はあるが、技術の委託先とスクラッチ境界は未監査	-	未監査
1197	保留		Memory	Premiere Proへ割り当てるRAM量の設定	Premiere Proへ割り当てるRAM量の設定	B13	未判定	未判定	未判定	未監査	意味の在庫判定はあるが、技術の委託先とスクラッチ境界は未監査	-	未監査
1198	保留		Memory & Multiprocessing	メモリ割当・マルチフレームレンダリング・他アプリ用CPU予約	メモリ割当・マルチフレームレンダリング・他アプリ用CPU予約	B13	未判定	未判定	未判定	未監査	意味の在庫判定はあるが、技術の委託先とスクラッチ境界は未監査	-	未監査
1199	保留		Memory and GPU	システムメモリ上限/GPU処理モード/GPU選択	システムメモリ上限/GPU処理モード/GPU選択	B13	未判定	未判定	未判定	未監査	意味の在庫判定はあるが、技術の委託先とスクラッチ境界は未監査	-	未監査
1200	拡張	extension	Metadata	メタデータプリセットのカスタム項目	メタデータプリセットのカスタム項目	B12	未判定	未判定	未判定	未監査	意味の在庫判定はあるが、技術の委託先とスクラッチ境界は未監査	-	未監査
1201	拡張	extension	Output	出力時のファイル分割、既定ファイル名/フォルダの使用可否	出力時のファイル分割、既定ファイル名/フォルダの使用可否	B12	未判定	未判定	未判定	未監査	意味の在庫判定はあるが、技術の委託先とスクラッチ境界は未監査	-	未監査
1202	拡張	extension	Path Mapping	パスマッピング/プロジェクトメディア所在地	パスマッピング/プロジェクトメディア所在地	B12	未判定	未判定	未判定	未監査	意味の在庫判定はあるが、技術の委託先とスクラッチ境界は未監査	-	未監査
1203	拡張	extension	Playback	Mercury Transmitやプレビュー設定	Mercury Transmitやプレビュー設定	B12	未判定	未判定	未判定	未監査	意味の在庫判定はあるが、技術の委託先とスクラッチ境界は未監査	-	未監査
1204	拡張	extension	Playback Settings	UIオーバーレイ非表示/パフォーマンスモード	UIオーバーレイ非表示/パフォーマンスモード	B12	未判定	未判定	未判定	未監査	意味の在庫判定はあるが、技術の委託先とスクラッチ境界は未監査	-	未監査
1205	拡張	extension	Previews	プレビュー全般の設定(オーディオプレビュー長、適応解像度品質、ハードウェアアクセラレーション等)	プレビュー全般の設定(オーディオプレビュー長、適応解像度品質、ハードウェアアクセラレーション等)	B12	未判定	未判定	未判定	未監査	意味の在庫判定はあるが、技術の委託先とスクラッチ境界は未監査	-	未監査
1206	拡張	extension	Project Save and Load	自動保存/ライブセーブ/バックアップ設定	自動保存/ライブセーブ/バックアップ設定	B12	未判定	未判定	未判定	未監査	意味の在庫判定はあるが、技術の委託先とスクラッチ境界は未監査	-	未監査
1207	保留		Purge All Memory	全メモリをパージ	全メモリをパージ	B13	未判定	未判定	未判定	未監査	意味の在庫判定はあるが、技術の委託先とスクラッチ境界は未監査	-	未監査
1208	不採用		Show Scripting Progress Dialog	スクリプト実行中の進捗ダイアログを表示	スクリプト実行中の進捗ダイアログを表示		未判定	未判定	未判定	未監査	意味の在庫判定はあるが、技術の委託先とスクラッチ境界は未監査	-	未監査
1209	拡張		Show Warning Banner When Project Contains Expression Errors	エクスプレッションエラー時に警告バナー表示	エクスプレッションエラー時に警告バナー表示	B14	未判定	未判定	未判定	未監査	意味の在庫判定はあるが、技術の委託先とスクラッチ境界は未監査	-	未監査
1210	拡張	extension	Subtitles and Transcription	字幕プリセット/文字起こし言語	字幕プリセット/文字起こし言語	B12	未判定	未判定	未判定	未監査	意味の在庫判定はあるが、技術の委託先とスクラッチ境界は未監査	-	未監査
1211	拡張	extension	Sync Settings	Creative Cloud経由でショートカット・設定を同期(Audio Hardware/Output Mapping/一部Media & Disk Cache設定は同期対象外)	Creative Cloud経由でショートカット・設定を同期(Audio Hardware/Output Mapping/一部Media & Disk Cache設定は同期対象外)	B12	未判定	未判定	未判定	未監査	意味の在庫判定はあるが、技術の委託先とスクラッチ境界は未監査	-	未監査
1212	拡張	extension	Sync Settings	Creative Cloud経由の設定同期	Creative Cloud経由の設定同期	B12	未判定	未判定	未判定	未監査	意味の在庫判定はあるが、技術の委託先とスクラッチ境界は未監査	-	未監査
1213	拡張	extension	Timeline	既定トランジション長など タイムライン挙動設定	既定トランジション長など タイムライン挙動設定	B12	未判定	未判定	未判定	未監査	意味の在庫判定はあるが、技術の委託先とスクラッチ境界は未監査	-	未監査
1214	拡張	extension	Trim	選択ツールの挙動・トリムオフセット設定	選択ツールの挙動・トリムオフセット設定	B12	未判定	未判定	未判定	未監査	意味の在庫判定はあるが、技術の委託先とスクラッチ境界は未監査	-	未監査
1215	拡張	extension	UI Settings	言語/最終プロジェクト再読込等のUI設定	言語/最終プロジェクト再読込等のUI設定	B12	未判定	未判定	未判定	未監査	意味の在庫判定はあるが、技術の委託先とスクラッチ境界は未監査	-	未監査
1216	拡張	extension	Version / Check for updates	バージョン確認・更新チェック	バージョン確認・更新チェック	B12	未判定	未判定	未判定	未監査	意味の在庫判定はあるが、技術の委託先とスクラッチ境界は未監査	-	未監査
1217	不採用		Video and Audio I/O	キャプチャ/モニター用デバイスI/O設定	キャプチャ/モニター用デバイスI/O設定		未判定	未判定	未判定	未監査	意味の在庫判定はあるが、技術の委託先とスクラッチ境界は未監査	-	未監査
1218	不採用		Video Plugins	OpenFXプラグイン有効/無効一覧	OpenFXプラグイン有効/無効一覧		未判定	未判定	未判定	未監査	意味の在庫判定はあるが、技術の委託先とスクラッチ境界は未監査	-	未監査
1219	不採用		Video Preview	外部プレビュー出力デバイス(FireWire等)の設定	外部プレビュー出力デバイス(FireWire等)の設定		未判定	未判定	未判定	未監査	意味の在庫判定はあるが、技術の委託先とスクラッチ境界は未監査	-	未監査
1220	不採用		Warn User When Executing Files	スクリプトファイル実行時に警告	スクリプトファイル実行時に警告		未判定	未判定	未判定	未監査	意味の在庫判定はあるが、技術の委託先とスクラッチ境界は未監査	-	未監査
1221	採用済		New Project	新規プロジェクト作成	新規プロジェクト作成	B11	未判定	未判定	未判定	未監査	意味の在庫判定はあるが、技術の委託先とスクラッチ境界は未監査	-	未監査
1222	採用済		Project Settings	プロジェクト設定	プロジェクト設定	B11	未判定	未判定	未判定	未監査	意味の在庫判定はあるが、技術の委託先とスクラッチ境界は未監査	-	未監査
1223	採用済		Quit / Exit	アプリケーションを終了	アプリケーションを終了	B11	未判定	未判定	未判定	未監査	意味の在庫判定はあるが、技術の委託先とスクラッチ境界は未監査	-	未監査
1224	採用済		Save (Project)	プロジェクトを保存	プロジェクトを保存	B11	未判定	未判定	未判定	未監査	意味の在庫判定はあるが、技術の委託先とスクラッチ境界は未監査	-	未監査
1225	採用済		Save As	名前を付けて保存	名前を付けて保存	B11	未判定	未判定	未判定	未監査	意味の在庫判定はあるが、技術の委託先とスクラッチ境界は未監査	-	未監査
1226	採用済		Open Project	プロジェクトを開く	プロジェクトを開く	B11	未判定	未判定	未判定	未監査	意味の在庫判定はあるが、技術の委託先とスクラッチ境界は未監査	-	未監査
1227	採用済		Save a Copy	コピーを保存	コピーを保存	B11	未判定	未判定	未判定	未監査	意味の在庫判定はあるが、技術の委託先とスクラッチ境界は未監査	-	未監査
1228	拡張	extension	About After Effects…	バージョン情報	バージョン情報	B11	未判定	未判定	未判定	未監査	意味の在庫判定はあるが、技術の委託先とスクラッチ境界は未監査	-	未監査
1229	拡張	extension	About DaVinci Resolve	バージョン情報スプラッシュを開く	バージョン情報スプラッシュを開く	B11	未判定	未判定	未判定	未監査	意味の在庫判定はあるが、技術の委託先とスクラッチ境界は未監査	-	未監査
1230	拡張	extension	Appearance…	UI外観・ハイライト色設定	UI外観・ハイライト色設定	B12	未判定	未判定	未判定	未監査	意味の在庫判定はあるが、技術の委託先とスクラッチ境界は未監査	-	未監査
1231	拡張	extension	Auto-Save…	自動保存の間隔・世代数設定	自動保存の間隔・世代数設定	B12	未判定	未判定	未判定	未監査	意味の在庫判定はあるが、技術の委託先とスクラッチ境界は未監査	-	未監査
1232	採用予定	core	Close Project	プロジェクトを閉じる	プロジェクトを閉じる	B11	既存構造+上流	Document;DocumentIO/.rrd;filesystem	抑制	closeは既存save/dirty確認とDocumentIOだけ	Close Projectは既存Document lifecycleと保存形式へ委託し、project stateを二重化しない	next/DECISIONS.md:17	技術監査済
1233	拡張	extension	Close Project	プロジェクトを閉じる	プロジェクトを閉じる	B11	未判定	未判定	未判定	未監査	意味の在庫判定はあるが、技術の委託先とスクラッチ境界は未監査	-	未監査
1234	拡張	extension	Display…	モーションパス等の表示設定	モーションパス等の表示設定	B12	未判定	未判定	未判定	未監査	意味の在庫判定はあるが、技術の委託先とスクラッチ境界は未監査	-	未監査
1235	拡張	extension	General…	その他一般設定	その他一般設定	B12	未判定	未判定	未判定	未監査	意味の在庫判定はあるが、技術の委託先とスクラッチ境界は未監査	-	未監査
1236	保留		Media & Disk Cache…	メディア・ディスクキャッシュ設定	メディア・ディスクキャッシュ設定	B13	未判定	未判定	未判定	未監査	意味の在庫判定はあるが、技術の委託先とスクラッチ境界は未監査	-	未監査
1237	拡張	extension	Memory & Multiprocessing…	メモリ・マルチプロセス設定	メモリ・マルチプロセス設定	B12	未判定	未判定	未判定	未監査	意味の在庫判定はあるが、技術の委託先とスクラッチ境界は未監査	-	未監査
1238	採用予定	core	New project = Ctrl+N	新規プロジェクト	新規プロジェクト	B11	既存構造+上流	Document;DocumentIO/.rrd;filesystem	抑制	newは既存Document/Composition admissionだけ	New Projectは既存Document lifecycleへ預け、別project graphを作らない	next/DECISIONS.md:17	技術監査済
1239	拡張	extension	Output…	出力時の既定動作設定	出力時の既定動作設定	B12	未判定	未判定	未判定	未監査	意味の在庫判定はあるが、技術の委託先とスクラッチ境界は未監査	-	未監査
1240	拡張	extension	Previews…	プレビュー動作設定	プレビュー動作設定	B12	未判定	未判定	未判定	未監査	意味の在庫判定はあるが、技術の委託先とスクラッチ境界は未監査	-	未監査
1241	拡張	extension	Project Manager	プロジェクトの整理・書き出し管理	プロジェクトの整理・書き出し管理	B10	未判定	未判定	未判定	未監査	意味の在庫判定はあるが、技術の委託先とスクラッチ境界は未監査	-	未監査
1242	拡張	extension	Project Manager	プロジェクトマネージャーを開く	プロジェクトマネージャーを開く	B10	未判定	未判定	未判定	未監査	意味の在庫判定はあるが、技術の委託先とスクラッチ境界は未監査	-	未監査
1243	採用予定	core	Revert	直前保存状態に戻す	直前保存状態に戻す	B11	既存構造+上流	Document;DocumentIO/.rrd;filesystem	抑制	revertは既存persist/load経路だけ	Revertは保存形式とDocumentIOへ委託し、別undo/revert stackを作らない	next/DECISIONS.md:17	技術監査済
1244	拡張	extension	Revert to Last Save Version	直前の保存版に戻す	直前の保存版に戻す	B11	未判定	未判定	未判定	未監査	意味の在庫判定はあるが、技術の委託先とスクラッチ境界は未監査	-	未監査
1245	不採用		Save a Copy As CS6…	CS6形式でコピー保存	CS6形式でコピー保存		未判定	未判定	未判定	未監査	意味の在庫判定はあるが、技術の委託先とスクラッチ境界は未監査	-	未監査
1246	拡張	extension	Save a Copy As XML…	XML形式でコピー保存	XML形式でコピー保存	B11	未判定	未判定	未判定	未監査	意味の在庫判定はあるが、技術の委託先とスクラッチ境界は未監査	-	未監査
1247	不採用		Sync Settings…	Creative Cloud経由の設定同期	Creative Cloud経由の設定同期		未判定	未判定	未判定	未監査	意味の在庫判定はあるが、技術の委託先とスクラッチ境界は未監査	-	未監査
1248	不採用		Video Preview…	外部ビデオプレビュー出力設定	外部ビデオプレビュー出力設定		未判定	未判定	未判定	未監査	意味の在庫判定はあるが、技術の委託先とスクラッチ境界は未監査	-	未監査
1249	採用済		Add Text (layer)	テキストレイヤーを追加	テキストレイヤーを追加	B46	未判定	未判定	未判定	未監査	意味の在庫判定はあるが、技術の委託先とスクラッチ境界は未監査	-	未監査
1250	採用済		Align horizontal text left, center, or right	水平テキストの左/中央/右揃え	水平テキストの左/中央/右揃え	B46	未判定	未判定	未判定	未監査	意味の在庫判定はあるが、技術の委託先とスクラッチ境界は未監査	-	未監査
1251	拡張	extension	Align vertical text top, center, or bottom	垂直テキストの上/中央/下揃え	垂直テキストの上/中央/下揃え	B46	未判定	未判定	未判定	未監査	意味の在庫判定はあるが、技術の委託先とスクラッチ境界は未監査	-	未監査
1252	拡張	extension	All Transform Properties	全トランスフォームプロパティ	全トランスフォームプロパティ	B46	未判定	未判定	未判定	未監査	意味の在庫判定はあるが、技術の委託先とスクラッチ境界は未監査	-	未監査
1253	採用済		Anchor Point	アンカーポイント	アンカーポイント	B46	未判定	未判定	未判定	未監査	意味の在庫判定はあるが、技術の委託先とスクラッチ境界は未監査	-	未監査
1254	採用済		Auto leading for selected text	選択テキストを自動行送りに	選択テキストを自動行送りに	B46	未判定	未判定	未判定	未監査	意味の在庫判定はあるが、技術の委託先とスクラッチ境界は未監査	-	未監査
1255	拡張	extension	Blur	ぼかし	ぼかし	B46	未判定	未判定	未判定	未監査	意味の在庫判定はあるが、技術の委託先とスクラッチ境界は未監査	-	未監査
1256	拡張	extension	Character Offset	文字オフセット	文字オフセット	B46	未判定	未判定	未判定	未監査	意味の在庫判定はあるが、技術の委託先とスクラッチ境界は未監査	-	未監査
1257	拡張	extension	Character Value	文字値	文字値	B46	未判定	未判定	未判定	未監査	意味の在庫判定はあるが、技術の委託先とスクラッチ境界は未監査	-	未監査
1258	拡張	extension	Convert to Editable Text	編集可能なテキストに変換	編集可能なテキストに変換	B46	未判定	未判定	未判定	未監査	意味の在庫判定はあるが、技術の委託先とスクラッチ境界は未監査	-	未監査
1259	拡張	extension	Create Shapes from Text	テキストからシェイプ作成	テキストからシェイプ作成	B28	未判定	未判定	未判定	未監査	意味の在庫判定はあるが、技術の委託先とスクラッチ境界は未監査	-	未監査
1260	不採用		Decrease or increase baseline shift by 10 units	ベースラインシフトを10単位増減	ベースラインシフトを10単位増減		未判定	未判定	未判定	未監査	意味の在庫判定はあるが、技術の委託先とスクラッチ境界は未監査	-	未監査
1261	不採用		Decrease or increase baseline shift by 2 units	ベースラインシフトを2単位増減	ベースラインシフトを2単位増減		未判定	未判定	未判定	未監査	意味の在庫判定はあるが、技術の委託先とスクラッチ境界は未監査	-	未監査
1262	採用済		Decrease or increase font size by 10 units	フォントサイズを10単位増減	フォントサイズを10単位増減	B45	未判定	未判定	未判定	未監査	意味の在庫判定はあるが、技術の委託先とスクラッチ境界は未監査	-	未監査
1263	採用済		Decrease or increase font size by 2 units	フォントサイズを2単位増減	フォントサイズを2単位増減	B45	未判定	未判定	未判定	未監査	意味の在庫判定はあるが、技術の委託先とスクラッチ境界は未監査	-	未監査
1264	採用済		Decrease or increase kerning/tracking 100 units	カーニング/トラッキングを100単位増減	カーニング/トラッキングを100単位増減	B45	未判定	未判定	未判定	未監査	意味の在庫判定はあるが、技術の委託先とスクラッチ境界は未監査	-	未監査
1265	採用済		Decrease or increase kerning/tracking 20 units	カーニング/トラッキングを20単位増減	カーニング/トラッキングを20単位増減	B45	未判定	未判定	未判定	未監査	意味の在庫判定はあるが、技術の委託先とスクラッチ境界は未監査	-	未監査
1266	不採用		Enable Per-character 3D	文字ごとの3Dを有効化	文字ごとの3Dを有効化		未判定	未判定	未判定	未監査	意味の在庫判定はあるが、技術の委託先とスクラッチ境界は未監査	-	未監査
1267	拡張	extension	Extend or reduce selection by one character in horizontal text	1文字ずつ選択範囲を拡大縮小(横書き)	1文字ずつ選択範囲を拡大縮小(横書き)	B48	未判定	未判定	未判定	未監査	意味の在庫判定はあるが、技術の委託先とスクラッチ境界は未監査	-	未監査
1268	拡張	extension	Extend or reduce selection by one character in vertical text	1文字ずつ選択範囲を拡大縮小(縦書き)	1文字ずつ選択範囲を拡大縮小(縦書き)	B48	未判定	未判定	未判定	未監査	意味の在庫判定はあるが、技術の委託先とスクラッチ境界は未監査	-	未監査
1269	拡張	extension	Extend or reduce selection by one line in horizontal text	1行ずつ選択範囲を拡大縮小(横書き)	1行ずつ選択範囲を拡大縮小(横書き)	B48	未判定	未判定	未判定	未監査	意味の在庫判定はあるが、技術の委託先とスクラッチ境界は未監査	-	未監査
1270	拡張	extension	Extend or reduce selection by one word in horizontal text	1単語ずつ選択範囲を拡大縮小(横書き)	1単語ずつ選択範囲を拡大縮小(横書き)	B48	未判定	未判定	未判定	未監査	意味の在庫判定はあるが、技術の委託先とスクラッチ境界は未監査	-	未監査
1271	拡張	extension	Extend or reduce selection one word in vertical text	1単語ずつ選択範囲を拡大縮小(縦書き)	1単語ずつ選択範囲を拡大縮小(縦書き)	B48	未判定	未判定	未判定	未監査	意味の在庫判定はあるが、技術の委託先とスクラッチ境界は未監査	-	未監査
1272	採用済		Fill Color	塗り色	塗り色	B46	未判定	未判定	未判定	未監査	意味の在庫判定はあるが、技術の委託先とスクラッチ境界は未監査	-	未監査
1273	拡張	extension	Find Missing Fonts	見つからないフォントを検索	見つからないフォントを検索	B46	未判定	未判定	未判定	未監査	意味の在庫判定はあるが、技術の委託先とスクラッチ境界は未監査	-	未監査
1274	採用済		Increase or decrease leading by 10 units	行送りを10単位増減	行送りを10単位増減	B45	未判定	未判定	未判定	未監査	意味の在庫判定はあるが、技術の委託先とスクラッチ境界は未監査	-	未監査
1275	採用済		Increase or decrease leading by 2 units	行送りを2単位増減	行送りを2単位増減	B45	未判定	未判定	未判定	未監査	意味の在庫判定はあるが、技術の委託先とスクラッチ境界は未監査	-	未監査
1276	拡張	extension	Justify paragraph; force last line	強制両端揃え	強制両端揃え	B46	未判定	未判定	未判定	未監査	意味の在庫判定はあるが、技術の委託先とスクラッチ境界は未監査	-	未監査
1277	拡張	extension	Justify paragraph; left align last line	両端揃え(最終行左)	両端揃え(最終行左)	B46	未判定	未判定	未判定	未監査	意味の在庫判定はあるが、技術の委託先とスクラッチ境界は未監査	-	未監査
1278	拡張	extension	Justify paragraph; right align last line	両端揃え(最終行右)	両端揃え(最終行右)	B46	未判定	未判定	未判定	未監査	意味の在庫判定はあるが、技術の委託先とスクラッチ境界は未監査	-	未監査
1279	拡張	extension	Line Anchor	行のアンカー	行のアンカー	B46	未判定	未判定	未判定	未監査	意味の在庫判定はあるが、技術の委託先とスクラッチ境界は未監査	-	未監査
1280	採用済		Line Spacing	行間	行間	B46	未判定	未判定	未判定	未監査	意味の在庫判定はあるが、技術の委託先とスクラッチ境界は未監査	-	未監査
1281	拡張	extension	Move cursor in horizontal text	横書きテキスト内でカーソル移動	横書きテキスト内でカーソル移動	B48	未判定	未判定	未判定	未監査	意味の在庫判定はあるが、技術の委託先とスクラッチ境界は未監査	-	未監査
1282	拡張	extension	Move cursor in vertical text	縦書きテキスト内でカーソル移動	縦書きテキスト内でカーソル移動	B48	未判定	未判定	未判定	未監査	意味の在庫判定はあるが、技術の委託先とスクラッチ境界は未監査	-	未監査
1283	拡張	extension	Move cursor to beginning or end of line	行頭/行末へカーソル移動	行頭/行末へカーソル移動	B48	未判定	未判定	未判定	未監査	意味の在庫判定はあるが、技術の委託先とスクラッチ境界は未監査	-	未監査
1284	採用済		New text layer	新規テキストレイヤー	新規テキストレイヤー	B46	未判定	未判定	未判定	未監査	意味の在庫判定はあるが、技術の委託先とスクラッチ境界は未監査	-	未監査
1285	採用済		Opacity	不透明度	不透明度	B46	未判定	未判定	未判定	未監査	意味の在庫判定はあるが、技術の委託先とスクラッチ境界は未監査	-	未監査
1286	拡張	extension	Open or close Character panel	Characterパネル開閉	Characterパネル開閉	B48	未判定	未判定	未判定	未監査	意味の在庫判定はあるが、技術の委託先とスクラッチ境界は未監査	-	未監査
1287	拡張	extension	Open or close Paragraph panel	Paragraphパネル開閉	Paragraphパネル開閉	B48	未判定	未判定	未判定	未監査	意味の在庫判定はあるが、技術の委託先とスクラッチ境界は未監査	-	未監査
1288	採用済		Position	位置	位置	B46	未判定	未判定	未判定	未監査	意味の在庫判定はあるが、技術の委託先とスクラッチ境界は未監査	-	未監査
1289	採用済		Range	範囲セレクタ	範囲セレクタ	B46	未判定	未判定	未判定	未監査	意味の在庫判定はあるが、技術の委託先とスクラッチ境界は未監査	-	未監査
1290	拡張	extension	Remove All Text Animators	全テキストアニメーターを削除	全テキストアニメーターを削除	B46	未判定	未判定	未判定	未監査	意味の在庫判定はあるが、技術の委託先とスクラッチ境界は未監査	-	未監査
1291	拡張	extension	Reset tracking to 0	トラッキングを0にリセット	トラッキングを0にリセット	B46	未判定	未判定	未判定	未監査	意味の在庫判定はあるが、技術の委託先とスクラッチ境界は未監査	-	未監査
1292	採用済		Rotation	回転	回転	B46	未判定	未判定	未判定	未監査	意味の在庫判定はあるが、技術の委託先とスクラッチ境界は未監査	-	未監査
1293	採用済		Scale	スケール	スケール	B46	未判定	未判定	未判定	未監査	意味の在庫判定はあるが、技術の委託先とスクラッチ境界は未監査	-	未監査
1294	拡張	extension	Select all text on layer	レイヤー内全テキストを選択	レイヤー内全テキストを選択	B48	未判定	未判定	未判定	未監査	意味の在庫判定はあるが、技術の委託先とスクラッチ境界は未監査	-	未監査
1295	拡張	extension	Select text from cursor to click point	カーソルからクリック位置まで選択	カーソルからクリック位置まで選択	B48	未判定	未判定	未判定	未監査	意味の在庫判定はあるが、技術の委託先とスクラッチ境界は未監査	-	未監査
1296	拡張	extension	Select text to beginning or end of frame	フレーム先頭/末尾まで選択	フレーム先頭/末尾まで選択	B48	未判定	未判定	未判定	未監査	意味の在庫判定はあるが、技術の委託先とスクラッチ境界は未監査	-	未監査
1297	拡張	extension	Select text to beginning or end of line	行頭/行末まで選択	行頭/行末まで選択	B48	未判定	未判定	未判定	未監査	意味の在庫判定はあるが、技術の委託先とスクラッチ境界は未監査	-	未監査
1298	拡張	extension	Select word, line, paragraph, or entire text frame	単語/行/段落/全体を選択	単語/行/段落/全体を選択	B48	未判定	未判定	未判定	未監査	意味の在庫判定はあるが、技術の委託先とスクラッチ境界は未監査	-	未監査
1299	拡張	extension	Set horizontal scale to 100%	水平比率を100%に	水平比率を100%に	B46	未判定	未判定	未判定	未監査	意味の在庫判定はあるが、技術の委託先とスクラッチ境界は未監査	-	未監査
1300	拡張	extension	Set vertical scale to 100%	垂直比率を100%に	垂直比率を100%に	B46	未判定	未判定	未判定	未監査	意味の在庫判定はあるが、技術の委託先とスクラッチ境界は未監査	-	未監査
1301	拡張	extension	Skew	スキュー	スキュー	B46	未判定	未判定	未判定	未監査	意味の在庫判定はあるが、技術の委託先とスクラッチ境界は未監査	-	未監査
1302	採用済		Stroke Color	線色	線色	B46	未判定	未判定	未判定	未監査	意味の在庫判定はあるが、技術の委託先とスクラッチ境界は未監査	-	未監査
1303	採用済		Stroke Width	線幅	線幅	B46	未判定	未判定	未判定	未監査	意味の在庫判定はあるが、技術の委託先とスクラッチ境界は未監査	-	未監査
1304	拡張	extension	Text	テキスト用ワークスペース	テキスト用ワークスペース	B46	未判定	未判定	未判定	未監査	意味の在庫判定はあるが、技術の委託先とスクラッチ境界は未監査	-	未監査
1305	不採用		Text to video	テキストから動画生成(AI)	テキストから動画生成(AI)		未判定	未判定	未判定	未監査	意味の在庫判定はあるが、技術の委託先とスクラッチ境界は未監査	-	未監査
1306	不採用		Text-to-Speech	テキスト読み上げ	テキスト読み上げ		未判定	未判定	未判定	未監査	意味の在庫判定はあるが、技術の委託先とスクラッチ境界は未監査	-	未監査
1307	拡張	extension	Toggle paragraph composer	段落コンポーザ切替	段落コンポーザ切替	B46	未判定	未判定	未判定	未監査	意味の在庫判定はあるが、技術の委託先とスクラッチ境界は未監査	-	未監査
1308	採用済		Tracking	トラッキング(字送り)	トラッキング(字送り)	B46	未判定	未判定	未判定	未監査	意味の在庫判定はあるが、技術の委託先とスクラッチ境界は未監査	-	未監査
1309	拡張	extension	Turn All Caps on or off	すべて大文字切替	すべて大文字切替	B46	未判定	未判定	未判定	未監査	意味の在庫判定はあるが、技術の委託先とスクラッチ境界は未監査	-	未監査
1310	採用済		Turn Small Caps on or off	スモールキャップ切替	スモールキャップ切替	B46	未判定	未判定	未判定	未監査	意味の在庫判定はあるが、技術の委託先とスクラッチ境界は未監査	-	未監査
1311	拡張	extension	Turn Subscript on or off	下付き文字切替	下付き文字切替	B46	未判定	未判定	未判定	未監査	意味の在庫判定はあるが、技術の委託先とスクラッチ境界は未監査	-	未監査
1312	拡張	extension	Turn Superscript on or off	上付き文字切替	上付き文字切替	B46	未判定	未判定	未判定	未監査	意味の在庫判定はあるが、技術の委託先とスクラッチ境界は未監査	-	未監査
1313	拡張	extension	Wiggly	ウィグリーセレクタ	ウィグリーセレクタ	B46	未判定	未判定	未判定	未監査	意味の在庫判定はあるが、技術の委託先とスクラッチ境界は未監査	-	未監査
1314	採用済		Snapping (toggle)	スナップの有効/無効切替	スナップの有効/無効切替	B52	未判定	未判定	未判定	未監査	意味の在庫判定はあるが、技術の委託先とスクラッチ境界は未監査	-	未監査
1315	採用予定	core	New Sequence / Timeline / Composition	新規シーケンス・タイムライン・コンポジションを作成	新規シーケンス・タイムライン・コンポジションを作成	B52	既存構造+先例	Document/Composition;Timeline projection;AE/Premiere	抑制	既存Composition admissionとtimeline viewだけ	新規Timeline/Compositionは既存Document ownerへ接続し、pane独自のcompositionを作らない	next/DECISIONS.md:113	技術監査済
1316	採用済		Active Window: Timeline	Command+3	Command+3	B25	未判定	未判定	未判定	未監査	意味の在庫判定はあるが、技術の委託先とスクラッチ境界は未監査	-	未監査
1317	採用済		Active Window: Timeline Viewer	Command+2	Command+2	B25	未判定	未判定	未判定	未監査	意味の在庫判定はあるが、技術の委託先とスクラッチ境界は未監査	-	未監査
1318	拡張	extension	Alpha Inverted Matte	反転アルファマット	反転アルファマット	B52	未判定	未判定	未判定	未監査	意味の在庫判定はあるが、技術の委託先とスクラッチ境界は未監査	-	未監査
1319	拡張	extension	Alpha Matte	アルファマット	アルファマット	B52	未判定	未判定	未判定	未監査	意味の在庫判定はあるが、技術の委託先とスクラッチ境界は未監査	-	未監査
1320	拡張	extension	Append to End of Timeline	末尾に追加	末尾に追加	B52	未判定	未判定	未判定	未監査	意味の在庫判定はあるが、技術の委託先とスクラッチ境界は未監査	-	未監査
1321	拡張	extension	Auto Track Selector	自動トラック選択	自動トラック選択	B52	未判定	未判定	未判定	未監査	意味の在庫判定はあるが、技術の委託先とスクラッチ境界は未監査	-	未監査
1322	拡張	extension	Bounce Mix to Track	ミックスをトラックへバウンス	ミックスをトラックへバウンス	B52	未判定	未判定	未判定	未監査	意味の在庫判定はあるが、技術の委託先とスクラッチ境界は未監査	-	未監査
1323	拡張	extension	Bounce Selected Tracks to New Layer	選択トラックを新レイヤへバウンス	選択トラックを新レイヤへバウンス	B52	未判定	未判定	未判定	未監査	意味の在庫判定はあるが、技術の委託先とスクラッチ境界は未監査	-	未監査
1324	拡張	extension	Clean Up Video Tracks	映像トラック整理	映像トラック整理	B52	未判定	未判定	未判定	未監査	意味の在庫判定はあるが、技術の委託先とスクラッチ境界は未監査	-	未監査
1325	拡張	extension	Clear Mutes	ミュート解除	ミュート解除	B32	未判定	未判定	未判定	未監査	意味の在庫判定はあるが、技術の委託先とスクラッチ境界は未監査	-	未監査
1326	拡張	extension	Clear Solo	ソロ解除	ソロ解除	B32	未判定	未判定	未判定	未監査	意味の在庫判定はあるが、技術の委託先とスクラッチ境界は未監査	-	未監査
1327	採用予定	core	Close Current Timeline	現在のタイムラインを閉じる	現在のタイムラインを閉じる	B52	既存構造+先例	Document/Composition;Timeline projection;AE/Premiere	抑制	既存Composition closeとSession切替だけ	Timelineを閉じる操作は既存Document/Session経路へ委託する	next/DECISIONS.md:113	技術監査済
1328	拡張	extension	Decrease Video Track Height	ビデオトラック高を縮小	ビデオトラック高を縮小	B52	未判定	未判定	未判定	未監査	意味の在庫判定はあるが、技術の委託先とスクラッチ境界は未監査	-	未監査
1329	拡張	extension	Detect Scene Cuts	シーンカット自動検出	シーンカット自動検出	B16	未判定	未判定	未判定	未監査	意味の在庫判定はあるが、技術の委託先とスクラッチ境界は未監査	-	未監査
1330	拡張	extension	Duplicate Clip or Current Timeline	クリップ/現在タイムラインを複製	クリップ/現在タイムラインを複製	B52	未判定	未判定	未判定	未監査	意味の在庫判定はあるが、技術の委託先とスクラッチ境界は未監査	-	未監査
1331	採用予定	core	Enable/Disable Video Tracks	映像トラック有効/無効	映像トラック有効/無効	B32	既存構造+先例	Document tracks;Timeline projection;AE/Premiere	抑制	既存track enabled fieldの更新だけ	track enableは既存Documentの属性とTimeline投影へ接続し、専用track modeを持たない	next/DECISIONS.md:112	技術監査済
1332	拡張	extension	Find Current Timeline in Media Pool	Media Poolで現在タイムラインを探す	Media Poolで現在タイムラインを探す	B52	未判定	未判定	未判定	未監査	意味の在庫判定はあるが、技術の委託先とスクラッチ境界は未監査	-	未監査
1333	拡張	extension	Find in Timeline panel	Timelineパネル内検索	Timelineパネル内検索	B52	未判定	未判定	未判定	未監査	意味の在庫判定はあるが、技術の委託先とスクラッチ境界は未監査	-	未監査
1334	拡張	extension	Group clips = Ctrl+G(droidcrunch記載、他NLE用語との混同疑い)	クリップをグループ化	クリップをグループ化	B34	未判定	未判定	未判定	未監査	意味の在庫判定はあるが、技術の委託先とスクラッチ境界は未監査	-	未監査
1335	拡張	extension	Increase Video Track Height	ビデオトラック高を拡大	ビデオトラック高を拡大	B52	未判定	未判定	未判定	未監査	意味の在庫判定はあるが、技術の委託先とスクラッチ境界は未監査	-	未監査
1336	拡張	extension	Join Clip	クリップ結合	クリップ結合	B52	未判定	未判定	未判定	未監査	意味の在庫判定はあるが、技術の委託先とスクラッチ境界は未監査	-	未監査
1337	拡張	extension	Linked Move Across Tracks	トラック横断リンク移動	トラック横断リンク移動	B52	未判定	未判定	未判定	未監査	意味の在庫判定はあるが、技術の委託先とスクラッチ境界は未監査	-	未監査
1338	拡張	extension	Linked Selection (toggle, global)	リンク済みクリップの連動選択を切替	リンク済みクリップの連動選択を切替	B31	未判定	未判定	未判定	未監査	意味の在庫判定はあるが、技術の委託先とスクラッチ境界は未監査	-	未監査
1339	採用済		Lock Tracks	トラックロック	トラックロック	B32	未判定	未判定	未判定	未監査	意味の在庫判定はあるが、技術の委託先とスクラッチ境界は未監査	-	未監査
1340	採用予定	core	Lock/Unlock Video Track V1-V8(grouped, pattern)	Option+Shift+1..Option+Shift+8	Option+Shift+1..Option+Shift+8	B32	既存構造+先例	Document tracks;Timeline projection;AE/Premiere	抑制	既存track lock fieldの更新だけ	track lockは既存Documentの属性とTimeline投影へ接続し、専用lock storeを持たない	next/DECISIONS.md:112	技術監査済
1341	拡張	extension	Loop Jog	ジョグをループ	ジョグをループ	B52	未判定	未判定	未判定	未監査	意味の在庫判定はあるが、技術の委託先とスクラッチ境界は未監査	-	未監査
1342	拡張	extension	Luma Inverted Matte	反転輝度マット	反転輝度マット	B52	未判定	未判定	未判定	未監査	意味の在庫判定はあるが、技術の委託先とスクラッチ境界は未監査	-	未監査
1343	拡張	extension	Luma Matte	輝度マット	輝度マット	B52	未判定	未判定	未判定	未監査	意味の在庫判定はあるが、技術の委託先とスクラッチ境界は未監査	-	未監査
1344	拡張	extension	Match Frame	マッチフレーム	マッチフレーム	B40	未判定	未判定	未判定	未監査	意味の在庫判定はあるが、技術の委託先とスクラッチ境界は未監査	-	未監査
1345	拡張	extension	Mute Tracks	トラックをミュート	トラックをミュート	B32	未判定	未判定	未判定	未監査	意味の在庫判定はあるが、技術の委託先とスクラッチ境界は未監査	-	未監査
1346	拡張	extension	No Track Matte	トラックマットなし	トラックマットなし	B52	未判定	未判定	未判定	未監査	意味の在庫判定はあるが、技術の委託先とスクラッチ境界は未監査	-	未監査
1347	拡張	extension	Open in Timeline	タイムラインで開く	タイムラインで開く	B52	未判定	未判定	未判定	未監査	意味の在庫判定はあるが、技術の委託先とスクラッチ境界は未監査	-	未監査
1348	不採用		Output Blanking	出力ブランキング	出力ブランキング		未判定	未判定	未判定	未監査	意味の在庫判定はあるが、技術の委託先とスクラッチ境界は未監査	-	未監査
1349	拡張	extension	Purge snapshot	スナップショットをパージ	スナップショットをパージ	B52	未判定	未判定	未判定	未監査	意味の在庫判定はあるが、技術の委託先とスクラッチ境界は未監査	-	未監査
1350	拡張	extension	Scroll topmost selected layer to top of Timeline	選択最上位レイヤーを先頭へスクロール	選択最上位レイヤーを先頭へスクロール	B52	未判定	未判定	未判定	未監査	意味の在庫判定はあるが、技術の委託先とスクラッチ境界は未監査	-	未監査
1351	拡張	extension	Select Clips Backward	後方クリップ選択	後方クリップ選択	B31	未判定	未判定	未判定	未監査	意味の在庫判定はあるが、技術の委託先とスクラッチ境界は未監査	-	未監査
1352	拡張	extension	Select Clips Forward	前方クリップ選択	前方クリップ選択	B31	未判定	未判定	未判定	未監査	意味の在庫判定はあるが、技術の委託先とスクラッチ境界は未監査	-	未監査
1353	拡張	extension	Selection Follows Playhead	選択がプレイヘッドに追従	選択がプレイヘッドに追従	B52	未判定	未判定	未判定	未監査	意味の在庫判定はあるが、技術の委託先とスクラッチ境界は未監査	-	未監査
1354	拡張	extension	Snapshot	スナップショットを消去	スナップショットを消去	B52	未判定	未判定	未判定	未監査	意味の在庫判定はあるが、技術の委託先とスクラッチ境界は未監査	-	未監査
1355	拡張	extension	Solo Tracks	トラックをソロ	トラックをソロ	B32	未判定	未判定	未判定	未監査	意味の在庫判定はあるが、技術の委託先とスクラッチ境界は未監査	-	未監査
1356	拡張	extension	Source/Timeline Viewer	ソース/タイムラインビューア切替	ソース/タイムラインビューア切替	B40	未判定	未判定	未判定	未監査	意味の在庫判定はあるが、技術の委託先とスクラッチ境界は未監査	-	未監査
1357	拡張	extension	Source/Timeline Viewer	Q	Q	B40	未判定	未判定	未判定	未監査	意味の在庫判定はあるが、技術の委託先とスクラッチ境界は未監査	-	未監査
1358	構造吸収	absorbed	Split	クリップをプレイヘッドで分割	時間編集が別モード・別intentへ分裂する	B52	既存構造	LayerTiming+SetTiming(next/core/motolii-store/src/document.rs:95-147;next/core/motolii-store/src/lib.rs:311)	不要	独立したowner・状態・検収を増やさない	因果未記入: 時間編集が別モード・別intentへ分裂する は LayerTiming+SetTiming(next/core/motolii-store/src/document.rs:95-147;next/core/motolii-store/src/lib.rs:311) で move/trim/splitを同じ時間正本で評価する に到達する。Add Edit/Razor/Blade/Trimの入口alias は独立実装しない	next/core/motolii-store/src/document.rs:95-147	構造吸収から導出
1359	拡張	extension	Swap Timeline and Source Viewer	タイムライン/ソースビューア入替	タイムライン/ソースビューア入替	B40	未判定	未判定	未判定	未監査	意味の在庫判定はあるが、技術の委託先とスクラッチ境界は未監査	-	未監査
1360	拡張	extension	Switch to Timeline After Edit	編集後にタイムラインへ切替	編集後にタイムラインへ切替	B40	未判定	未判定	未判定	未監査	意味の在庫判定はあるが、技術の委託先とスクラッチ境界は未監査	-	未監査
1361	拡張	extension	Take snapshot	スナップショットを取得	スナップショットを取得	B52	未判定	未判定	未判定	未監査	意味の在庫判定はあるが、技術の委託先とスクラッチ境界は未監査	-	未監査
1362	拡張	extension	Timeline Scrolling	タイムラインスクロール方式	タイムラインスクロール方式	B52	未判定	未判定	未判定	未監査	意味の在庫判定はあるが、技術の委託先とスクラッチ境界は未監査	-	未監査
1363	拡張	extension	Timeline Thumbnail Info	タイムラインサムネイル情報	タイムラインサムネイル情報	B52	未判定	未判定	未判定	未監査	意味の在庫判定はあるが、技術の委託先とスクラッチ境界は未監査	-	未監査
1364	拡張	extension	Timeline Thumbnail Mode	タイムラインサムネイルモード	タイムラインサムネイルモード	B52	未判定	未判定	未判定	未監査	意味の在庫判定はあるが、技術の委託先とスクラッチ境界は未監査	-	未監査
1365	拡張	extension	Timeline Thumbnail Size	タイムラインサムネイルサイズ	タイムラインサムネイルサイズ	B52	未判定	未判定	未判定	未監査	意味の在庫判定はあるが、技術の委託先とスクラッチ境界は未監査	-	未監査
1366	拡張	extension	Track Destination Selection	トラック送り先選択	トラック送り先選択	B52	未判定	未判定	未判定	未監査	意味の在庫判定はあるが、技術の委託先とスクラッチ境界は未監査	-	未監査
1367	不採用	out-of-domain?	Track in mocha AE	mocha AEでトラッキング	mocha AEでトラッキング		未判定	未判定	未判定	未監査	意味の在庫判定はあるが、技術の委託先とスクラッチ境界は未監査	-	未監査
1368	採用予定	core	Track Magnet	トラック吸着(整列補助)	トラック吸着(整列補助)	B52	既存構造+先例	Timeline projection;AE/Premiere;existing snap helpers	抑制	snap calculationは既存projection/helperへ接続	Track Magnetは時間編集の補助であり、別の時間正本を作らず既存snap経路へ委託する	next/reference/timeline-grammar.md:60	技術監査済
1369	拡張	extension	Track Motion	モーショントラッキング	モーショントラッキング	B16	未判定	未判定	未判定	未監査	意味の在庫判定はあるが、技術の委託先とスクラッチ境界は未監査	-	未監査
1370	拡張	extension	Track Select Forward Tool	トラック順方向選択ツール	トラック順方向選択ツール	B29	未判定	未判定	未判定	未監査	意味の在庫判定はあるが、技術の委託先とスクラッチ境界は未監査	-	未監査
1371	拡張	extension	Track this Property	このプロパティをトラック	このプロパティをトラック	B16	未判定	未判定	未判定	未監査	意味の在庫判定はあるが、技術の委託先とスクラッチ境界は未監査	-	未監査
1372	拡張	extension	Video Track Destination V1-V8(grouped, pattern)	Option+1..Option+8	Option+1..Option+8	B52	未判定	未判定	未判定	未監査	意味の在庫判定はあるが、技術の委託先とスクラッチ境界は未監査	-	未監査
1373	拡張	extension	Zoom Timeline to single-frame units	1フレーム単位までズーム	1フレーム単位までズーム	B24	未判定	未判定	未判定	未監査	意味の在庫判定はあるが、技術の委託先とスクラッチ境界は未監査	-	未監査
1374	拡張		Activate and cycle Brush, Clone Stamp, and Eraser tools	ブラシ/コピースタンプ/消しゴムを巡回	ブラシ/コピースタンプ/消しゴムを巡回	B27	未判定	未判定	未判定	未監査	意味の在庫判定はあるが、技術の委託先とスクラッチ境界は未監査	-	未監査
1375	不採用		Activate and cycle Puppet tools	パペットツールを巡回	パペットツールを巡回		未判定	未判定	未判定	未監査	意味の在庫判定はあるが、技術の委託先とスクラッチ境界は未監査	-	未監査
1376	拡張	extension	Activate and cycle Type tools	文字ツールを巡回	文字ツールを巡回	B29	未判定	未判定	未判定	未監査	意味の在庫判定はあるが、技術の委託先とスクラッチ境界は未監査	-	未監査
1377	構造吸収	absorbed	Activate Hand tool	手のひらツール	transformの便利操作ごとに専用状態・書き口が増える	B29	既存構造	Property/LayerPlacement/SetOrder(next/core/motolii-store/src/document.rs:95-109;next/DECISIONS.md:61,112)	不要	独立したowner・状態・検収を増やさない	因果未記入: transformの便利操作ごとに専用状態・書き口が増える は Property/LayerPlacement/SetOrder(next/core/motolii-store/src/document.rs:95-109;next/DECISIONS.md:61,112) で 位置・拡縮・回転・順序の結果だけが変わる に到達する。reset/center/flip/increment/fit/stackのaliasとtool は独立実装しない	next/core/motolii-store/src/document.rs:95-109	構造吸収から導出
1378	構造吸収	absorbed	Activate Pan Behind tool	アンカーポイントツール	transformの便利操作ごとに専用状態・書き口が増える	B29	既存構造	Property/LayerPlacement/SetOrder(next/core/motolii-store/src/document.rs:95-109;next/DECISIONS.md:61,112)	不要	独立したowner・状態・検収を増やさない	因果未記入: transformの便利操作ごとに専用状態・書き口が増える は Property/LayerPlacement/SetOrder(next/core/motolii-store/src/document.rs:95-109;next/DECISIONS.md:61,112) で 位置・拡縮・回転・順序の結果だけが変わる に到達する。reset/center/flip/increment/fit/stackのaliasとtool は独立実装しない	next/core/motolii-store/src/document.rs:95-109	構造吸収から導出
1379	拡張		Activate Refine Edge tool	エッジ調整ツール	エッジ調整ツール	B29	未判定	未判定	未判定	未監査	意味の在庫判定はあるが、技術の委託先とスクラッチ境界は未監査	-	未監査
1380	構造吸収	absorbed	Activate Selection tool	選択ツール	transformの便利操作ごとに専用状態・書き口が増える	B29	既存構造	Property/LayerPlacement/SetOrder(next/core/motolii-store/src/document.rs:95-109;next/DECISIONS.md:61,112)	不要	独立したowner・状態・検収を増やさない	因果未記入: transformの便利操作ごとに専用状態・書き口が増える は Property/LayerPlacement/SetOrder(next/core/motolii-store/src/document.rs:95-109;next/DECISIONS.md:61,112) で 位置・拡縮・回転・順序の結果だけが変わる に到達する。reset/center/flip/increment/fit/stackのaliasとtool は独立実装しない	next/core/motolii-store/src/document.rs:95-109	構造吸収から導出
1381	拡張		Activate specific Clone Stamp preset	コピースタンプのプリセットを呼び出す	コピースタンプのプリセットを呼び出す	B27	未判定	未判定	未判定	未監査	意味の在庫判定はあるが、技術の委託先とスクラッチ境界は未監査	-	未監査
1382	拡張		AI design	AIデザイン生成	AIデザイン生成	HOMELESS	未判定	未判定	未判定	未監査	意味の在庫判定はあるが、技術の委託先とスクラッチ境界は未監査	-	未監査
1383	拡張		AI writer	AI文章生成	AI文章生成	HOMELESS	未判定	未判定	未判定	未監査	意味の在庫判定はあるが、技術の委託先とスクラッチ境界は未監査	-	未監査
1384	拡張	extension	Append At End	Shift+F12	Shift+F12	B52	未判定	未判定	未判定	未監査	意味の在庫判定はあるが、技術の委託先とスクラッチ境界は未監査	-	未監査
1385	拡張	extension	Arc Tool	弧ツール(タイトル/グラフィック)	弧ツール(タイトル/グラフィック)	B28	未判定	未判定	未判定	未監査	意味の在庫判定はあるが、技術の委託先とスクラッチ境界は未監査	-	未監査
1386	拡張	extension	Auto Removal	自動背景除去	自動背景除去	B02	未判定	未判定	未判定	未監査	意味の在庫判定はあるが、技術の委託先とスクラッチ境界は未監査	-	未監査
1387	拡張	extension	Bold	太字	太字	B46	未判定	未判定	未判定	未監査	意味の在庫判定はあるが、技術の委託先とスクラッチ境界は未監査	-	未監査
1388	拡張		Chroma Key	クロマキー合成	クロマキー合成	B38	未判定	未判定	未判定	未監査	意味の在庫判定はあるが、技術の委託先とスクラッチ境界は未監査	-	未監査
1389	構造吸収	absorbed	Cycle through tools	ツールを巡回	transformの便利操作ごとに専用状態・書き口が増える	B29	既存構造	Property/LayerPlacement/SetOrder(next/core/motolii-store/src/document.rs:95-109;next/DECISIONS.md:61,112)	不要	独立したowner・状態・検収を増やさない	因果未記入: transformの便利操作ごとに専用状態・書き口が増える は Property/LayerPlacement/SetOrder(next/core/motolii-store/src/document.rs:95-109;next/DECISIONS.md:61,112) で 位置・拡縮・回転・順序の結果だけが変わる に到達する。reset/center/flip/increment/fit/stackのaliasとtool は独立実装しない	next/core/motolii-store/src/document.rs:95-109	構造吸収から導出
1390	拡張		Duplicate Clone Stamp preset	コピースタンププリセットを複製	コピースタンププリセットを複製	B27	未判定	未判定	未判定	未監査	意味の在庫判定はあるが、技術の委託先とスクラッチ境界は未監査	-	未監査
1391	拡張	extension	Ellipse Tool	楕円ツール	楕円ツール	B28	未判定	未判定	未判定	未監査	意味の在庫判定はあるが、技術の委託先とスクラッチ境界は未監査	-	未監査
1392	拡張	extension	Find Missing Effects	見つからないエフェクトを検索	見つからないエフェクトを検索	B10	未判定	未判定	未判定	未監査	意味の在庫判定はあるが、技術の委託先とスクラッチ境界は未監査	-	未監査
1393	拡張	extension	Find Missing Footage	見つからない素材を検索	見つからない素材を検索	B10	未判定	未判定	未判定	未監査	意味の在庫判定はあるが、技術の委託先とスクラッチ境界は未監査	-	未監査
1394	構造吸収	absorbed	Hand Tool	ハンドツール	transformの便利操作ごとに専用状態・書き口が増える	B29	既存構造	Property/LayerPlacement/SetOrder(next/core/motolii-store/src/document.rs:95-109;next/DECISIONS.md:61,112)	不要	独立したowner・状態・検収を増やさない	因果未記入: transformの便利操作ごとに専用状態・書き口が増える は Property/LayerPlacement/SetOrder(next/core/motolii-store/src/document.rs:95-109;next/DECISIONS.md:61,112) で 位置・拡縮・回転・順序の結果だけが変わる に到達する。reset/center/flip/increment/fit/stackのaliasとtool は独立実装しない	next/core/motolii-store/src/document.rs:95-109	構造吸収から導出
1395	拡張	extension	Insert Copyright Symbol	著作権記号挿入	著作権記号挿入	B46	未判定	未判定	未判定	未監査	意味の在庫判定はあるが、技術の委託先とスクラッチ境界は未監査	-	未監査
1396	拡張	extension	Insert Registered Symbol	登録商標記号挿入	登録商標記号挿入	B46	未判定	未判定	未判定	未監査	意味の在庫判定はあるが、技術の委託先とスクラッチ境界は未監査	-	未監査
1397	拡張	extension	Italic	斜体	斜体	B46	未判定	未判定	未判定	未監査	意味の在庫判定はあるが、技術の委託先とスクラッチ境界は未監査	-	未監査
1398	拡張	extension	Line Tool	直線ツール	直線ツール	B28	未判定	未判定	未判定	未監査	意味の在庫判定はあるが、技術の委託先とスクラッチ境界は未監査	-	未監査
1399	拡張		Momentarily activate Eraser with Last Stroke Only	直前ストロークのみ消しゴム化	直前ストロークのみ消しゴム化	B27	未判定	未判定	未判定	未監査	意味の在庫判定はあるが、技術の委託先とスクラッチ境界は未監査	-	未監査
1400	拡張	extension	Nudge Selected Object Down by Five Pixels	選択オブジェクトを下へ5px	選択オブジェクトを下へ5px	B45	未判定	未判定	未判定	未監査	意味の在庫判定はあるが、技術の委託先とスクラッチ境界は未監査	-	未監査
1401	拡張	extension	Nudge Selected Object Down by One Pixel	選択オブジェクトを下へ1px	選択オブジェクトを下へ1px	B45	未判定	未判定	未判定	未監査	意味の在庫判定はあるが、技術の委託先とスクラッチ境界は未監査	-	未監査
1402	拡張	extension	Nudge Selected Object Left by Five Pixels	選択オブジェクトを左へ5px	選択オブジェクトを左へ5px	B45	未判定	未判定	未判定	未監査	意味の在庫判定はあるが、技術の委託先とスクラッチ境界は未監査	-	未監査
1403	拡張	extension	Nudge Selected Object Left by One Pixel	選択オブジェクトを左へ1px	選択オブジェクトを左へ1px	B45	未判定	未判定	未判定	未監査	意味の在庫判定はあるが、技術の委託先とスクラッチ境界は未監査	-	未監査
1404	拡張	extension	Nudge Selected Object Right by Five Pixels	選択オブジェクトを右へ5px	選択オブジェクトを右へ5px	B45	未判定	未判定	未判定	未監査	意味の在庫判定はあるが、技術の委託先とスクラッチ境界は未監査	-	未監査
1405	拡張	extension	Nudge Selected Object Right by One Pixel	選択オブジェクトを右へ1px	選択オブジェクトを右へ1px	B45	未判定	未判定	未判定	未監査	意味の在庫判定はあるが、技術の委託先とスクラッチ境界は未監査	-	未監査
1406	拡張	extension	Nudge Selected Object Up by Five Pixels	選択オブジェクトを上へ5px	選択オブジェクトを上へ5px	B45	未判定	未判定	未判定	未監査	意味の在庫判定はあるが、技術の委託先とスクラッチ境界は未監査	-	未監査
1407	拡張	extension	Nudge Selected Object Up by One Pixel	選択オブジェクトを上へ1px	選択オブジェクトを上へ1px	B45	未判定	未判定	未判定	未監査	意味の在庫判定はあるが、技術の委託先とスクラッチ境界は未監査	-	未監査
1408	拡張	extension	Open Auto-Orientation dialog	自動方向ダイアログを開く	自動方向ダイアログを開く	B44	未判定	未判定	未判定	未監査	意味の在庫判定はあるが、技術の委託先とスクラッチ境界は未監査	-	未監査
1409	構造吸収	absorbed	Open Effect Controls panel	Effect Controlsパネルを開く	追加・置換・provider入口が面ごとに分裂する	B25	既存構造	Browser card dispatch+Document apply(next/shell/motolii-shell/src/create.rs:272-305;next/core/motolii-store/src/document.rs:545)	不要	独立したowner・状態・検収を増やさない	因果未記入: 追加・置換・provider入口が面ごとに分裂する は Browser card dispatch+Document apply(next/shell/motolii-shell/src/create.rs:272-305;next/core/motolii-store/src/document.rs:545) で 追加/置換が同じDocumentへ届く に到達する。File/Media Browser/Effectsの入口alias は独立実装しない	next/shell/motolii-shell/src/create.rs:272-305	構造吸収から導出
1410	拡張	extension	Open Layer	レイヤーパネルを開く	レイヤーパネルを開く	B25	未判定	未判定	未判定	未監査	意味の在庫判定はあるが、技術の委託先とスクラッチ境界は未監査	-	未監査
1411	拡張	extension	Open layer in Layer panel	Layerパネルでレイヤーを開く	Layerパネルでレイヤーを開く	B25	未判定	未判定	未判定	未監査	意味の在庫判定はあるが、技術の委託先とスクラッチ境界は未監査	-	未監査
1412	拡張	extension	Open Layer Source	ソースを開く	ソースを開く	B25	未判定	未判定	未判定	未監査	意味の在庫判定はあるが、技術の委託先とスクラッチ境界は未監査	-	未監査
1413	不採用		Open Script Editor	スクリプトエディタを開く	スクリプトエディタを開く		未判定	未判定	未判定	未監査	意味の在庫判定はあるが、技術の委託先とスクラッチ境界は未監査	-	未監査
1414	拡張	extension	Open settings dialog for selected layer	選択レイヤーの設定ダイアログを開く	選択レイヤーの設定ダイアログを開く	B25	未判定	未判定	未判定	未監査	意味の在庫判定はあるが、技術の委託先とスクラッチ境界は未監査	-	未監査
1415	拡張	extension	Open source in Footage panel	Footageパネルでソースを開く	Footageパネルでソースを開く	B25	未判定	未判定	未判定	未監査	意味の在庫判定はあるが、技術の委託先とスクラッチ境界は未監査	-	未監査
1416	拡張	extension	Pen Tool	ペンツール	ペンツール	B28	未判定	未判定	未判定	未監査	意味の在庫判定はあるが、技術の委託先とスクラッチ境界は未監査	-	未監査
1417	拡張	extension	Pen Tool	ペンツール	ペンツール	B28	未判定	未判定	未判定	未監査	意味の在庫判定はあるが、技術の委託先とスクラッチ境界は未監査	-	未監査
1418	構造吸収	absorbed	Pointer(select tool)	A	transformの便利操作ごとに専用状態・書き口が増える	B29	既存構造	Property/LayerPlacement/SetOrder(next/core/motolii-store/src/document.rs:95-109;next/DECISIONS.md:61,112)	不要	独立したowner・状態・検収を増やさない	因果未記入: transformの便利操作ごとに専用状態・書き口が増える は Property/LayerPlacement/SetOrder(next/core/motolii-store/src/document.rs:95-109;next/DECISIONS.md:61,112) で 位置・拡縮・回転・順序の結果だけが変わる に到達する。reset/center/flip/increment/fit/stackのaliasとtool は独立実装しない	next/core/motolii-store/src/document.rs:95-109	構造吸収から導出
1419	拡張	extension	Proxy Mode	プロキシ編集モード	プロキシ編集モード	B08	未判定	未判定	未判定	未監査	意味の在庫判定はあるが、技術の委託先とスクラッチ境界は未監査	-	未監査
1420	拡張	extension	Rate Stretch Tool	レートストレッチツール	レートストレッチツール	B29	未判定	未判定	未判定	未監査	意味の在庫判定はあるが、技術の委託先とスクラッチ境界は未監査	-	未監査
1421	拡張	extension	Rectangle Tool	矩形ツール	矩形ツール	B28	未判定	未判定	未判定	未監査	意味の在庫判定はあるが、技術の委託先とスクラッチ境界は未監査	-	未監査
1422	拡張	extension	Remove background	AI背景除去	AI背景除去	B02	未判定	未判定	未判定	未監査	意味の在庫判定はあるが、技術の委託先とスクラッチ境界は未監査	-	未監査
1423	拡張	extension	Remove Unused Footage	未使用素材を削除	未使用素材を削除	B10	未判定	未判定	未判定	未監査	意味の在庫判定はあるが、技術の委託先とスクラッチ境界は未監査	-	未監査
1424	拡張		Script to Video	台本から動画生成(AI)	台本から動画生成(AI)	HOMELESS	未判定	未判定	未判定	未監査	意味の在庫判定はあるが、技術の委託先とスクラッチ境界は未監査	-	未監査
1425	構造吸収	absorbed	Select Tool	選択ツール	transformの便利操作ごとに専用状態・書き口が増える	B29	既存構造	Property/LayerPlacement/SetOrder(next/core/motolii-store/src/document.rs:95-109;next/DECISIONS.md:61,112)	不要	独立したowner・状態・検収を増やさない	因果未記入: transformの便利操作ごとに専用状態・書き口が増える は Property/LayerPlacement/SetOrder(next/core/motolii-store/src/document.rs:95-109;next/DECISIONS.md:61,112) で 位置・拡縮・回転・順序の結果だけが変わる に到達する。reset/center/flip/increment/fit/stackのaliasとtool は独立実装しない	next/core/motolii-store/src/document.rs:95-109	構造吸収から導出
1426	構造吸収	absorbed	Selection Tool	選択ツール	transformの便利操作ごとに専用状態・書き口が増える	B29	既存構造	Property/LayerPlacement/SetOrder(next/core/motolii-store/src/document.rs:95-109;next/DECISIONS.md:61,112)	不要	独立したowner・状態・検収を増やさない	因果未記入: transformの便利操作ごとに専用状態・書き口が増える は Property/LayerPlacement/SetOrder(next/core/motolii-store/src/document.rs:95-109;next/DECISIONS.md:61,112) で 位置・拡縮・回転・順序の結果だけが変わる に到達する。reset/center/flip/increment/fit/stackのaliasとtool は独立実装しない	next/core/motolii-store/src/document.rs:95-109	構造吸収から導出
1427	拡張		Set brush hardness	ブラシ硬さを設定	ブラシ硬さを設定	B27	未判定	未判定	未判定	未監査	意味の在庫判定はあるが、技術の委託先とスクラッチ境界は未監査	-	未監査
1428	拡張		Set brush size	ブラシサイズを設定	ブラシサイズを設定	B27	未判定	未判定	未判定	未監査	意味の在庫判定はあるが、技術の委託先とスクラッチ境界は未監査	-	未監査
1429	拡張		Set Clone Stamp starting sample point	コピースタンプの開始点を設定	コピースタンプの開始点を設定	B27	未判定	未判定	未判定	未監査	意味の在庫判定はあるが、技術の委託先とスクラッチ境界は未監査	-	未監査
1430	拡張		Set flow for paint tool	ペイントツールのフローを設定	ペイントツールのフローを設定	B27	未判定	未判定	未判定	未監査	意味の在庫判定はあるが、技術の委託先とスクラッチ境界は未監査	-	未監査
1431	構造吸収	absorbed	Temporarily activate Hand tool	一時的に手のひらツール	transformの便利操作ごとに専用状態・書き口が増える	B29	既存構造	Property/LayerPlacement/SetOrder(next/core/motolii-store/src/document.rs:95-109;next/DECISIONS.md:61,112)	不要	独立したowner・状態・検収を増やさない	因果未記入: transformの便利操作ごとに専用状態・書き口が増える は Property/LayerPlacement/SetOrder(next/core/motolii-store/src/document.rs:95-109;next/DECISIONS.md:61,112) で 位置・拡縮・回転・順序の結果だけが変わる に到達する。reset/center/flip/increment/fit/stackのaliasとtool は独立実装しない	next/core/motolii-store/src/document.rs:95-109	構造吸収から導出
1432	拡張	extension	Temporarily activate Pen tool with Selection selected	選択ツール中に一時的にペンツール	選択ツール中に一時的にペンツール	B28	未判定	未判定	未判定	未監査	意味の在庫判定はあるが、技術の委託先とスクラッチ境界は未監査	-	未監査
1433	拡張	extension	Temporarily activate Selection tool with pen selected	ペン選択中に一時的に選択ツール	ペン選択中に一時的に選択ツール	B28	未判定	未判定	未判定	未監査	意味の在庫判定はあるが、技術の委託先とスクラッチ境界は未監査	-	未監査
1434	拡張	extension	Temporarily convert Selection to Direct Selection tool	一時的にダイレクト選択ツールへ	一時的にダイレクト選択ツールへ	B28	未判定	未判定	未判定	未監査	意味の在庫判定はあるが、技術の委託先とスクラッチ境界は未監査	-	未監査
1435	拡張	extension	Temporarily convert Selection to Shape Duplication tool	一時的にシェイプ複製ツールへ	一時的にシェイプ複製ツールへ	B28	未判定	未判定	未判定	未監査	意味の在庫判定はあるが、技術の委託先とスクラッチ境界は未監査	-	未監査
1436	拡張	extension	Type Tool	テキストツール	テキストツール	B29	未判定	未判定	未判定	未監査	意味の在庫判定はあるが、技術の委託先とスクラッチ境界は未監査	-	未監査
1437	拡張	extension	Type Tool	テキストツール	テキストツール	B29	未判定	未判定	未判定	未監査	意味の在庫判定はあるが、技術の委託先とスクラッチ境界は未監査	-	未監査
1438	拡張	extension	Underline	下線	下線	B46	未判定	未判定	未判定	未監査	意味の在庫判定はあるが、技術の委託先とスクラッチ境界は未監査	-	未監査
1439	拡張	extension	Vertical Type Tool	縦書きテキストツール	縦書きテキストツール	B29	未判定	未判定	未判定	未監査	意味の在庫判定はあるが、技術の委託先とスクラッチ境界は未監査	-	未監査
1440	拡張	extension	Wedge Tool	くさびツール	くさびツール	B28	未判定	未判定	未判定	未監査	意味の在庫判定はあるが、技術の委託先とスクラッチ境界は未監査	-	未監査
1441	採用済		Zoom In	ズームイン	ズームイン	B24	未判定	未判定	未判定	未監査	意味の在庫判定はあるが、技術の委託先とスクラッチ境界は未監査	-	未監査
1442	採用済		Zoom Out	ズームアウト	ズームアウト	B24	未判定	未判定	未判定	未監査	意味の在庫判定はあるが、技術の委託先とスクラッチ境界は未監査	-	未監査
1443	拡張	extension	Activate Zoom In tool	ズームインツール	ズームインツール	B24	未判定	未判定	未判定	未監査	意味の在庫判定はあるが、技術の委託先とスクラッチ境界は未監査	-	未監査
1444	拡張	extension	Activate Zoom Out tool	ズームアウトツール	ズームアウトツール	B24	未判定	未判定	未判定	未監査	意味の在庫判定はあるが、技術の委託先とスクラッチ境界は未監査	-	未監査
1445	拡張	extension	Active Window: Source Viewer	Command+1	Command+1	B25	未判定	未判定	未判定	未監査	意味の在庫判定はあるが、技術の委託先とスクラッチ境界は未監査	-	未監査
1446	拡張	extension	Cinema Viewer	Command+F	Command+F	B24	未判定	未判定	未判定	未監査	意味の在庫判定はあるが、技術の委託先とスクラッチ境界は未監査	-	未監査
1447	拡張	extension	Clear Guides	ガイドを消去	ガイドを消去	B22	未判定	未判定	未判定	未監査	意味の在庫判定はあるが、技術の委託先とスクラッチ境界は未監査	-	未監査
1448	拡張	extension	Custom…	解像度:カスタム	解像度:カスタム	B23	未判定	未判定	未判定	未監査	意味の在庫判定はあるが、技術の委託先とスクラッチ境界は未監査	-	未監査
1449	拡張	extension	Enhanced Viewer	Option+F	Option+F	B24	未判定	未判定	未判定	未監査	意味の在庫判定はあるが、技術の委託先とスクラッチ境界は未監査	-	未監査
1450	採用済		Fast Previews > Adaptive Resolution	高速プレビュー:適応解像度	高速プレビュー:適応解像度	B23	未判定	未判定	未判定	未監査	意味の在庫判定はあるが、技術の委託先とスクラッチ境界は未監査	-	未監査
1451	拡張	extension	Fast Previews > Wireframe	高速プレビュー:ワイヤーフレーム	高速プレビュー:ワイヤーフレーム	B23	未判定	未判定	未判定	未監査	意味の在庫判定はあるが、技術の委託先とスクラッチ境界は未監査	-	未監査
1452	拡張	extension	Full	解像度:フル	解像度:フル	B23	未判定	未判定	未判定	未監査	意味の在庫判定はあるが、技術の委託先とスクラッチ境界は未監査	-	未監査
1453	拡張	extension	Full Screen Viewer	Shift+F	Shift+F	B24	未判定	未判定	未判定	未監査	意味の在庫判定はあるが、技術の委託先とスクラッチ境界は未監査	-	未監査
1454	不採用		Gradient Overlay	グラデーションオーバーレイ	グラデーションオーバーレイ		未判定	未判定	未判定	未監査	意味の在庫判定はあるが、技術の委託先とスクラッチ境界は未監査	-	未監査
1455	拡張	extension	Grid & Guides…	グリッド・ガイド・セーフマージン設定	グリッド・ガイド・セーフマージン設定	B22	未判定	未判定	未判定	未監査	意味の在庫判定はあるが、技術の委託先とスクラッチ境界は未監査	-	未監査
1456	拡張	extension	Guide Layer	ガイドレイヤー化	ガイドレイヤー化	B22	未判定	未判定	未判定	未監査	意味の在庫判定はあるが、技術の委託先とスクラッチ境界は未監査	-	未監査
1457	拡張	extension	Half	解像度:1/2	解像度:1/2	B23	未判定	未判定	未判定	未監査	意味の在庫判定はあるが、技術の委託先とスクラッチ境界は未監査	-	未監査
1458	拡張	extension	Invert Wipe	Option+W	Option+W	B23	未判定	未判定	未判定	未監査	意味の在庫判定はあるが、技術の委託先とスクラッチ境界は未監査	-	未監査
1459	拡張	extension	Lightbox	Shift+Command+F	Shift+Command+F	B23	未判定	未判定	未判定	未監査	意味の在庫判定はあるが、技術の委託先とスクラッチ境界は未監査	-	未監査
1460	拡張	extension	Lock Guides	ガイドをロック	ガイドをロック	B22	未判定	未判定	未判定	未監査	意味の在庫判定はあるが、技術の委託先とスクラッチ境界は未監査	-	未監査
1461	拡張	extension	New Viewer	新規ビューアー	新規ビューアー	B24	未判定	未判定	未判定	未監査	意味の在庫判定はあるが、技術の委託先とスクラッチ境界は未監査	-	未監査
1462	拡張	extension	Open View Options dialog for active Composition panel	表示オプションダイアログを開く	表示オプションダイアログを開く	B23	未判定	未判定	未判定	未監査	意味の在庫判定はあるが、技術の委託先とスクラッチ境界は未監査	-	未監査
1463	拡張	extension	Quarter	解像度:1/4	解像度:1/4	B23	未判定	未判定	未判定	未監査	意味の在庫判定はあるが、技術の委託先とスクラッチ境界は未監査	-	未監査
1464	拡張	extension	Reference Wipe Mode	Option+Shift+W	Option+Shift+W	B23	未判定	未判定	未判定	未監査	意味の在庫判定はあるが、技術の委託先とスクラッチ境界は未監査	-	未監査
1465	採用済		Safe Area	セーフエリア表示	セーフエリア表示	B22	未判定	未判定	未判定	未監査	意味の在庫判定はあるが、技術の委託先とスクラッチ境界は未監査	-	未監査
1466	拡張	extension	Set Quality to Best, Draft, or Wireframe	画質を最高/下書き/ワイヤーフレームに設定	画質を最高/下書き/ワイヤーフレームに設定	B23	未判定	未判定	未判定	未監査	意味の在庫判定はあるが、技術の委託先とスクラッチ境界は未監査	-	未監査
1467	拡張	extension	Set resolution to Full, Half, or Custom	解像度をフル/半分/カスタムに設定	解像度をフル/半分/カスタムに設定	B23	未判定	未判定	未判定	未監査	意味の在庫判定はあるが、技術の委託先とスクラッチ境界は未監査	-	未監査
1468	拡張		Show and move Clone Stamp overlay	コピースタンプオーバーレイを表示・移動	コピースタンプオーバーレイを表示・移動	B27	未判定	未判定	未判定	未監査	意味の在庫判定はあるが、技術の委託先とスクラッチ境界は未監査	-	未監査
1469	採用済		Show Grid	グリッドを表示	グリッドを表示	B22	未判定	未判定	未判定	未監査	意味の在庫判定はあるが、技術の委託先とスクラッチ境界は未監査	-	未監査
1470	拡張	extension	Show Guides	ガイドを表示	ガイドを表示	B22	未判定	未判定	未判定	未監査	意味の在庫判定はあるが、技術の委託先とスクラッチ境界は未監査	-	未監査
1471	拡張	extension	Show Reference Wipe	Command+W	Command+W	B23	未判定	未判定	未判定	未監査	意味の在庫判定はあるが、技術の委託先とスクラッチ境界は未監査	-	未監査
1472	拡張	extension	Show Rulers	定規を表示	定規を表示	B22	未判定	未判定	未判定	未監査	意味の在庫判定はあるが、技術の委託先とスクラッチ境界は未監査	-	未監査
1473	拡張	extension	Snap to Grid	グリッドにスナップ	グリッドにスナップ	B22	未判定	未判定	未判定	未監査	意味の在庫判定はあるが、技術の委託先とスクラッチ境界は未監査	-	未監査
1474	拡張	extension	Snap to Guides	ガイドにスナップ	ガイドにスナップ	B22	未判定	未判定	未判定	未監査	意味の在庫判定はあるが、技術の委託先とスクラッチ境界は未監査	-	未監査
1475	不採用		Switch Eye To	立体視の目切替	立体視の目切替		未判定	未判定	未判定	未監査	意味の在庫判定はあるが、技術の委託先とスクラッチ境界は未監査	-	未監査
1476	不採用		Switch Eye To Left Eye	Shift+Command+,	Shift+Command+,		未判定	未判定	未判定	未監査	意味の在庫判定はあるが、技術の委託先とスクラッチ境界は未監査	-	未監査
1477	不採用		Switch Eye To Right Eye	Shift+Command+.	Shift+Command+.		未判定	未判定	未判定	未監査	意味の在庫判定はあるが、技術の委託先とスクラッチ境界は未監査	-	未監査
1478	拡張	extension	Third	解像度:1/3	解像度:1/3	B23	未判定	未判定	未判定	未監査	意味の在庫判定はあるが、技術の委託先とスクラッチ境界は未監査	-	未監査
1479	拡張	extension	View Options…	表示オプション	表示オプション	B23	未判定	未判定	未判定	未監査	意味の在庫判定はあるが、技術の委託先とスクラッチ境界は未監査	-	未監査
1480	拡張	extension	Viewer Actual Size	Option+Shift+Z	Option+Shift+Z	B24	未判定	未判定	未判定	未監査	意味の在庫判定はあるが、技術の委託先とスクラッチ境界は未監査	-	未監査
1481	拡張	extension	Viewer Overlay	ビューアオーバーレイ	ビューアオーバーレイ	B22	未判定	未判定	未判定	未監査	意味の在庫判定はあるが、技術の委託先とスクラッチ境界は未監査	-	未監査
1482	拡張	extension	Window Outline	Shift+Command+C	Shift+Command+C	B24	未判定	未判定	未判定	未監査	意味の在庫判定はあるが、技術の委託先とスクラッチ境界は未監査	-	未監査
1483	拡張	extension	Wipe Style	Shift+W	Shift+W	B23	未判定	未判定	未判定	未監査	意味の在庫判定はあるが、技術の委託先とスクラッチ境界は未監査	-	未監査
1484	拡張	extension	Wireframe	画質:ワイヤーフレーム	画質:ワイヤーフレーム	B23	未判定	未判定	未判定	未監査	意味の在庫判定はあるが、技術の委託先とスクラッチ境界は未監査	-	未監査
1485	拡張	extension	Zoom in in Composition, Layer, or Footage panel	各パネルでズームイン	各パネルでズームイン	B24	未判定	未判定	未判定	未監査	意味の在庫判定はあるが、技術の委託先とスクラッチ境界は未監査	-	未監査
1486	拡張	extension	Zoom in time	時間軸をズームイン	時間軸をズームイン	B24	未判定	未判定	未判定	未監査	意味の在庫判定はあるが、技術の委託先とスクラッチ境界は未監査	-	未監査
1487	拡張	extension	Zoom out in Composition, Layer, or Footage panel	各パネルでズームアウト	各パネルでズームアウト	B24	未判定	未判定	未判定	未監査	意味の在庫判定はあるが、技術の委託先とスクラッチ境界は未監査	-	未監査
1488	拡張	extension	Zoom out time	時間軸をズームアウト	時間軸をズームアウト	B24	未判定	未判定	未判定	未監査	意味の在庫判定はあるが、技術の委託先とスクラッチ境界は未監査	-	未監査
1489	拡張	extension	Zoom out Timeline to show entire composition	コンポ全体表示までズームアウト	コンポ全体表示までズームアウト	B24	未判定	未判定	未判定	未監査	意味の在庫判定はあるが、技術の委託先とスクラッチ境界は未監査	-	未監査
1490	拡張	extension	Zoom to 100%	100%表示	100%表示	B24	未判定	未判定	未判定	未監査	意味の在庫判定はあるが、技術の委託先とスクラッチ境界は未監査	-	未監査
1491	採用済		Zoom to fit	フィット表示	フィット表示	B24	未判定	未判定	未判定	未監査	意味の在庫判定はあるが、技術の委託先とスクラッチ境界は未監査	-	未監査
1492	拡張	extension	Zoom to Fit	Shift+Z	Shift+Z	B24	未判定	未判定	未判定	未監査	意味の在庫判定はあるが、技術の委託先とスクラッチ境界は未監査	-	未監査
1493	拡張	extension	Zoom Tool	ズームツール	ズームツール	B24	未判定	未判定	未判定	未監査	意味の在庫判定はあるが、技術の委託先とスクラッチ境界は未監査	-	未監査
1494	拡張	extension	Activate view in multi-view layout	マルチビューでビューを有効化	マルチビューでビューを有効化	B26	未判定	未判定	未判定	未監査	意味の在庫判定はあるが、技術の委託先とスクラッチ境界は未監査	-	未監査
1495	構造吸収	absorbed	Active Panel Selection	アクティブパネル選択	pane/workspaceの表示差分が製品固有の第二状態になる	B25	既存構造	固定pane構造(next/shell/motolii-shell/src/pane_layout.rs:109-124)	不要	独立したowner・状態・検収を増やさない	因果未記入: pane/workspaceの表示差分が製品固有の第二状態になる は 固定pane構造(next/shell/motolii-shell/src/pane_layout.rs:109-124) で Browser/Stage/Inspector/Timelineの同じ4役割で制作する に到達する。active panel/workspace preset/page/maximize/dockの専用粒 は独立実装しない	next/shell/motolii-shell/src/pane_layout.rs:109-124	構造吸収から導出
1496	構造吸収	absorbed	All Panels	全パネル表示ワークスペース	pane/workspaceの表示差分が製品固有の第二状態になる	B26	既存構造	固定pane構造(next/shell/motolii-shell/src/pane_layout.rs:109-124)	不要	独立したowner・状態・検収を増やさない	因果未記入: pane/workspaceの表示差分が製品固有の第二状態になる は 固定pane構造(next/shell/motolii-shell/src/pane_layout.rs:109-124) で Browser/Stage/Inspector/Timelineの同じ4役割で制作する に到達する。active panel/workspace preset/page/maximize/dockの専用粒 は独立実装しない	next/shell/motolii-shell/src/pane_layout.rs:109-124	構造吸収から導出
1497	拡張	extension	Animation	アニメーション用ワークスペース	アニメーション用ワークスペース	B26	未判定	未判定	未判定	未監査	意味の在庫判定はあるが、技術の委託先とスクラッチ境界は未監査	-	未監査
1498	拡張	extension	Background Activity	バックグラウンド処理表示	バックグラウンド処理表示	B26	未判定	未判定	未判定	未監査	意味の在庫判定はあるが、技術の委託先とスクラッチ境界は未監査	-	未監査
1499	採用済		Close active panel or all viewers of type	同種の全ビューアを閉じる	同種の全ビューアを閉じる	B25	未判定	未判定	未判定	未監査	意味の在庫判定はあるが、技術の委託先とスクラッチ境界は未監査	-	未監査
1500	構造吸収	absorbed	Close active viewer or panel	アクティブビューア/パネルを閉じる	pane/workspaceの表示差分が製品固有の第二状態になる	B25	既存構造	固定pane構造(next/shell/motolii-shell/src/pane_layout.rs:109-124)	不要	独立したowner・状態・検収を増やさない	因果未記入: pane/workspaceの表示差分が製品固有の第二状態になる は 固定pane構造(next/shell/motolii-shell/src/pane_layout.rs:109-124) で Browser/Stage/Inspector/Timelineの同じ4役割で制作する に到達する。active panel/workspace preset/page/maximize/dockの専用粒 は独立実装しない	next/shell/motolii-shell/src/pane_layout.rs:109-124	構造吸収から導出
1501	不採用		Console	コンソール表示	コンソール表示		未判定	未判定	未判定	未監査	意味の在庫判定はあるが、技術の委託先とスクラッチ境界は未監査	-	未監査
1502	拡張	extension	Cycle to previous or next item in active viewer	アクティブビューア内の前後項目を巡回	アクティブビューア内の前後項目を巡回	B26	未判定	未判定	未判定	未監査	意味の在庫判定はあるが、技術の委託先とスクラッチ境界は未監査	-	未監査
1503	採用済		Cycle to previous or next panel in active frame	アクティブフレーム内の前後パネルを巡回	アクティブフレーム内の前後パネルを巡回	B25	未判定	未判定	未判定	未監査	意味の在庫判定はあるが、技術の委託先とスクラッチ境界は未監査	-	未監査
1504	不採用		Data Burn-In	データバーンイン	データバーンイン		未判定	未判定	未判定	未監査	意味の在庫判定はあるが、技術の委託先とスクラッチ境界は未監査	-	未監査
1505	構造吸収	absorbed	Delete Workspace…	ワークスペースを削除	pane/workspaceの表示差分が製品固有の第二状態になる	B26	既存構造	固定pane構造(next/shell/motolii-shell/src/pane_layout.rs:109-124)	不要	独立したowner・状態・検収を増やさない	因果未記入: pane/workspaceの表示差分が製品固有の第二状態になる は 固定pane構造(next/shell/motolii-shell/src/pane_layout.rs:109-124) で Browser/Stage/Inspector/Timelineの同じ4役割で制作する に到達する。active panel/workspace preset/page/maximize/dockの専用粒 は独立実装しない	next/shell/motolii-shell/src/pane_layout.rs:109-124	構造吸収から導出
1506	拡張	extension	Dual Screen	デュアルスクリーン	デュアルスクリーン	B26	未判定	未判定	未判定	未監査	意味の在庫判定はあるが、技術の委託先とスクラッチ境界は未監査	-	未監査
1507	拡張	extension	Effects	エフェクト用ワークスペース	エフェクト用ワークスペース	B26	未判定	未判定	未判定	未監査	意味の在庫判定はあるが、技術の委託先とスクラッチ境界は未監査	-	未監査
1508	拡張	extension	Gallery	ギャラリー表示	ギャラリー表示	B26	未判定	未判定	未判定	未監査	意味の在庫判定はあるが、技術の委託先とスクラッチ境界は未監査	-	未監査
1509	拡張	extension	Keyword Dictionary	キーワード辞書表示	キーワード辞書表示	B26	未判定	未判定	未判定	未監査	意味の在庫判定はあるが、技術の委託先とスクラッチ境界は未監査	-	未監査
1510	構造吸収	absorbed	Layout Presets	レイアウトプリセット	pane/workspaceの表示差分が製品固有の第二状態になる	B26	既存構造	固定pane構造(next/shell/motolii-shell/src/pane_layout.rs:109-124)	不要	独立したowner・状態・検収を増やさない	因果未記入: pane/workspaceの表示差分が製品固有の第二状態になる は 固定pane構造(next/shell/motolii-shell/src/pane_layout.rs:109-124) で Browser/Stage/Inspector/Timelineの同じ4役割で制作する に到達する。active panel/workspace preset/page/maximize/dockの専用粒 は独立実装しない	next/shell/motolii-shell/src/pane_layout.rs:109-124	構造吸収から導出
1511	構造吸収	absorbed	Maximize or restore panel under pointer	ポインタ下パネルを最大化/復元	pane/workspaceの表示差分が製品固有の第二状態になる	B25	既存構造	固定pane構造(next/shell/motolii-shell/src/pane_layout.rs:109-124)	不要	独立したowner・状態・検収を増やさない	因果未記入: pane/workspaceの表示差分が製品固有の第二状態になる は 固定pane構造(next/shell/motolii-shell/src/pane_layout.rs:109-124) で Browser/Stage/Inspector/Timelineの同じ4役割で制作する に到達する。active panel/workspace preset/page/maximize/dockの専用粒 は独立実装しない	next/shell/motolii-shell/src/pane_layout.rs:109-124	構造吸収から導出
1512	拡張	extension	Media Pool Windows	Media Poolウィンドウ	Media Poolウィンドウ	B26	未判定	未判定	未判定	未監査	意味の在庫判定はあるが、技術の委託先とスクラッチ境界は未監査	-	未監査
1513	構造吸収	absorbed	Minimal	最小構成ワークスペース	pane/workspaceの表示差分が製品固有の第二状態になる	B26	既存構造	固定pane構造(next/shell/motolii-shell/src/pane_layout.rs:109-124)	不要	独立したowner・状態・検収を増やさない	因果未記入: pane/workspaceの表示差分が製品固有の第二状態になる は 固定pane構造(next/shell/motolii-shell/src/pane_layout.rs:109-124) で Browser/Stage/Inspector/Timelineの同じ4役割で制作する に到達する。active panel/workspace preset/page/maximize/dockの専用粒 は独立実装しない	next/shell/motolii-shell/src/pane_layout.rs:109-124	構造吸収から導出
1514	不採用	out-of-domain?	Monitor Calibration	モニターキャリブレーション	モニターキャリブレーション		未判定	未判定	未判定	未監査	意味の在庫判定はあるが、技術の委託先とスクラッチ境界は未監査	-	未監査
1515	拡張	extension	Motion Tracking	モーショントラッキング用ワークスペース	モーショントラッキング用ワークスペース	B16	未判定	未判定	未判定	未監査	意味の在庫判定はあるが、技術の委託先とスクラッチ境界は未監査	-	未監査
1516	拡張	extension	Move application window to main monitor and resize	メインモニタへ移動しリサイズ	メインモニタへ移動しリサイズ	B26	未判定	未判定	未判定	未監査	意味の在庫判定はあるが、技術の委託先とスクラッチ境界は未監査	-	未監査
1517	構造吸収	absorbed	New Workspace…	新規ワークスペース	pane/workspaceの表示差分が製品固有の第二状態になる	B26	既存構造	固定pane構造(next/shell/motolii-shell/src/pane_layout.rs:109-124)	不要	独立したowner・状態・検収を増やさない	因果未記入: pane/workspaceの表示差分が製品固有の第二状態になる は 固定pane構造(next/shell/motolii-shell/src/pane_layout.rs:109-124) で Browser/Stage/Inspector/Timelineの同じ4役割で制作する に到達する。active panel/workspace preset/page/maximize/dockの専用粒 は独立実装しない	next/shell/motolii-shell/src/pane_layout.rs:109-124	構造吸収から導出
1518	不採用		Open Flowchart panel for project	Flowchartパネルを開く	Flowchartパネルを開く		未判定	未判定	未判定	未監査	意味の在庫判定はあるが、技術の委託先とスクラッチ境界は未監査	-	未監査
1519	拡張		Open or close Brushes panel	Brushesパネル開閉	Brushesパネル開閉	B27	未判定	未判定	未判定	未監査	意味の在庫判定はあるが、技術の委託先とスクラッチ境界は未監査	-	未監査
1520	構造吸収	absorbed	Open or close Effect Controls panel for selected layer	Effect Controlsパネル開閉	追加・置換・provider入口が面ごとに分裂する	B25	既存構造	Browser card dispatch+Document apply(next/shell/motolii-shell/src/create.rs:272-305;next/core/motolii-store/src/document.rs:545)	不要	独立したowner・状態・検収を増やさない	因果未記入: 追加・置換・provider入口が面ごとに分裂する は Browser card dispatch+Document apply(next/shell/motolii-shell/src/create.rs:272-305;next/core/motolii-store/src/document.rs:545) で 追加/置換が同じDocumentへ届く に到達する。File/Media Browser/Effectsの入口alias は独立実装しない	next/shell/motolii-shell/src/create.rs:272-305	構造吸収から導出
1521	構造吸収	absorbed	Open or close Effects & Presets panel	Effects & Presetsパネル開閉	追加・置換・provider入口が面ごとに分裂する	B25	既存構造	Browser card dispatch+Document apply(next/shell/motolii-shell/src/create.rs:272-305;next/core/motolii-store/src/document.rs:545)	不要	独立したowner・状態・検収を増やさない	因果未記入: 追加・置換・provider入口が面ごとに分裂する は Browser card dispatch+Document apply(next/shell/motolii-shell/src/create.rs:272-305;next/core/motolii-store/src/document.rs:545) で 追加/置換が同じDocumentへ届く に到達する。File/Media Browser/Effectsの入口alias は独立実装しない	next/shell/motolii-shell/src/create.rs:272-305	構造吸収から導出
1522	構造吸収	absorbed	Open or close Info panel	Infoパネル開閉	pane/workspaceの表示差分が製品固有の第二状態になる	B25	既存構造	固定pane構造(next/shell/motolii-shell/src/pane_layout.rs:109-124)	不要	独立したowner・状態・検収を増やさない	因果未記入: pane/workspaceの表示差分が製品固有の第二状態になる は 固定pane構造(next/shell/motolii-shell/src/pane_layout.rs:109-124) で Browser/Stage/Inspector/Timelineの同じ4役割で制作する に到達する。active panel/workspace preset/page/maximize/dockの専用粒 は独立実装しない	next/shell/motolii-shell/src/pane_layout.rs:109-124	構造吸収から導出
1523	拡張		Open or close Paint panel	Paintパネル開閉	Paintパネル開閉	B27	未判定	未判定	未判定	未監査	意味の在庫判定はあるが、技術の委託先とスクラッチ境界は未監査	-	未監査
1524	構造吸収	absorbed	Open or close Preview panel	Previewパネル開閉	pane/workspaceの表示差分が製品固有の第二状態になる	B25	既存構造	固定pane構造(next/shell/motolii-shell/src/pane_layout.rs:109-124)	不要	独立したowner・状態・検収を増やさない	因果未記入: pane/workspaceの表示差分が製品固有の第二状態になる は 固定pane構造(next/shell/motolii-shell/src/pane_layout.rs:109-124) で Browser/Stage/Inspector/Timelineの同じ4役割で制作する に到達する。active panel/workspace preset/page/maximize/dockの専用粒 は独立実装しない	next/shell/motolii-shell/src/pane_layout.rs:109-124	構造吸収から導出
1525	採用済		Open or close Project panel	Projectパネル開閉	Projectパネル開閉	B25	未判定	未判定	未判定	未監査	意味の在庫判定はあるが、技術の委託先とスクラッチ境界は未監査	-	未監査
1526	構造吸収	absorbed	Open or close Render Queue panel	Render Queueパネル開閉	pane/workspaceの表示差分が製品固有の第二状態になる	B25	既存構造	固定pane構造(next/shell/motolii-shell/src/pane_layout.rs:109-124)	不要	独立したowner・状態・検収を増やさない	因果未記入: pane/workspaceの表示差分が製品固有の第二状態になる は 固定pane構造(next/shell/motolii-shell/src/pane_layout.rs:109-124) で Browser/Stage/Inspector/Timelineの同じ4役割で制作する に到達する。active panel/workspace preset/page/maximize/dockの専用粒 は独立実装しない	next/shell/motolii-shell/src/pane_layout.rs:109-124	構造吸収から導出
1527	構造吸収	absorbed	Open or close Tools panel	Toolsパネル開閉	pane/workspaceの表示差分が製品固有の第二状態になる	B25	既存構造	固定pane構造(next/shell/motolii-shell/src/pane_layout.rs:109-124)	不要	独立したowner・状態・検収を増やさない	因果未記入: pane/workspaceの表示差分が製品固有の第二状態になる は 固定pane構造(next/shell/motolii-shell/src/pane_layout.rs:109-124) で Browser/Stage/Inspector/Timelineの同じ4役割で制作する に到達する。active panel/workspace preset/page/maximize/dockの専用粒 は独立実装しない	next/shell/motolii-shell/src/pane_layout.rs:109-124	構造吸収から導出
1528	拡張		Paint	ペイント用ワークスペース	ペイント用ワークスペース	B27	未判定	未判定	未判定	未監査	意味の在庫判定はあるが、技術の委託先とスクラッチ境界は未監査	-	未監査
1529	拡張	extension	People	人物ビン表示	人物ビン表示	B26	未判定	未判定	未判定	未監査	意味の在庫判定はあるが、技術の委託先とスクラッチ境界は未監査	-	未監査
1530	拡張	extension	Primary Display	プライマリディスプレイ	プライマリディスプレイ	B26	未判定	未判定	未判定	未監査	意味の在庫判定はあるが、技術の委託先とスクラッチ境界は未監査	-	未監査
1531	不採用		Remote Grading	リモートグレーディング	リモートグレーディング		未判定	未判定	未判定	未監査	意味の在庫判定はあるが、技術の委託先とスクラッチ境界は未監査	-	未監査
1532	不採用		Remote Monitoring	リモートモニタリング	リモートモニタリング		未判定	未判定	未判定	未監査	意味の在庫判定はあるが、技術の委託先とスクラッチ境界は未監査	-	未監査
1533	拡張	extension	Remote Rendering	リモートレンダリング	リモートレンダリング	B26	未判定	未判定	未判定	未監査	意味の在庫判定はあるが、技術の委託先とスクラッチ境界は未監査	-	未監査
1534	構造吸収	absorbed	Reset UI Layout	UIレイアウトをリセット	pane/workspaceの表示差分が製品固有の第二状態になる	B26	既存構造	固定pane構造(next/shell/motolii-shell/src/pane_layout.rs:109-124)	不要	独立したowner・状態・検収を増やさない	因果未記入: pane/workspaceの表示差分が製品固有の第二状態になる は 固定pane構造(next/shell/motolii-shell/src/pane_layout.rs:109-124) で Browser/Stage/Inspector/Timelineの同じ4役割で制作する に到達する。active panel/workspace preset/page/maximize/dockの専用粒 は独立実装しない	next/shell/motolii-shell/src/pane_layout.rs:109-124	構造吸収から導出
1535	拡張	extension	Resize application window to fit screen	アプリウィンドウを画面に合わせてリサイズ	アプリウィンドウを画面に合わせてリサイズ	B26	未判定	未判定	未判定	未監査	意味の在庫判定はあるが、技術の委託先とスクラッチ境界は未監査	-	未監査
1536	拡張	extension	Scene Cut Detector	シーンカット検出表示	シーンカット検出表示	B16	未判定	未判定	未判定	未監査	意味の在庫判定はあるが、技術の委託先とスクラッチ境界は未監査	-	未監査
1537	不採用		Scripts	スクリプト実行	スクリプト実行		未判定	未判定	未判定	未監査	意味の在庫判定はあるが、技術の委託先とスクラッチ境界は未監査	-	未監査
1538	構造吸収	absorbed	Show Page	ページ表示	pane/workspaceの表示差分が製品固有の第二状態になる	B26	既存構造	固定pane構造(next/shell/motolii-shell/src/pane_layout.rs:109-124)	不要	独立したowner・状態・検収を増やさない	因果未記入: pane/workspaceの表示差分が製品固有の第二状態になる は 固定pane構造(next/shell/motolii-shell/src/pane_layout.rs:109-124) で Browser/Stage/Inspector/Timelineの同じ4役割で制作する に到達する。active panel/workspace preset/page/maximize/dockの専用粒 は独立実装しない	next/shell/motolii-shell/src/pane_layout.rs:109-124	構造吸収から導出
1539	構造吸収	absorbed	Show Page Navigation	ページナビゲーション表示	pane/workspaceの表示差分が製品固有の第二状態になる	B26	既存構造	固定pane構造(next/shell/motolii-shell/src/pane_layout.rs:109-124)	不要	独立したowner・状態・検収を増やさない	因果未記入: pane/workspaceの表示差分が製品固有の第二状態になる は 固定pane構造(next/shell/motolii-shell/src/pane_layout.rs:109-124) で Browser/Stage/Inspector/Timelineの同じ4役割で制作する に到達する。active panel/workspace preset/page/maximize/dockの専用粒 は独立実装しない	next/shell/motolii-shell/src/pane_layout.rs:109-124	構造吸収から導出
1540	構造吸収	absorbed	Show Panel in Workspace	ワークスペース内パネル表示	pane/workspaceの表示差分が製品固有の第二状態になる	B25	既存構造	固定pane構造(next/shell/motolii-shell/src/pane_layout.rs:109-124)	不要	独立したowner・状態・検収を増やさない	因果未記入: pane/workspaceの表示差分が製品固有の第二状態になる は 固定pane構造(next/shell/motolii-shell/src/pane_layout.rs:109-124) で Browser/Stage/Inspector/Timelineの同じ4役割で制作する に到達する。active panel/workspace preset/page/maximize/dockの専用粒 は独立実装しない	next/shell/motolii-shell/src/pane_layout.rs:109-124	構造吸収から導出
1541	構造吸収	absorbed	Single Viewer Mode	シングルビューアモード	pane/workspaceの表示差分が製品固有の第二状態になる	B26	既存構造	固定pane構造(next/shell/motolii-shell/src/pane_layout.rs:109-124)	不要	独立したowner・状態・検収を増やさない	因果未記入: pane/workspaceの表示差分が製品固有の第二状態になる は 固定pane構造(next/shell/motolii-shell/src/pane_layout.rs:109-124) で Browser/Stage/Inspector/Timelineの同じ4役割で制作する に到達する。active panel/workspace preset/page/maximize/dockの専用粒 は独立実装しない	next/shell/motolii-shell/src/pane_layout.rs:109-124	構造吸収から導出
1542	構造吸収	absorbed	Split frame and create viewer with opposite locked/unlocked state	フレーム分割し反対ロック状態のビューアを作成	pane/workspaceの表示差分が製品固有の第二状態になる	B26	既存構造	固定pane構造(next/shell/motolii-shell/src/pane_layout.rs:109-124)	不要	独立したowner・状態・検収を増やさない	因果未記入: pane/workspaceの表示差分が製品固有の第二状態になる は 固定pane構造(next/shell/motolii-shell/src/pane_layout.rs:109-124) で Browser/Stage/Inspector/Timelineの同じ4役割で制作する に到達する。active panel/workspace preset/page/maximize/dockの専用粒 は独立実装しない	next/shell/motolii-shell/src/pane_layout.rs:109-124	構造吸収から導出
1543	構造吸収	absorbed	Standard	標準ワークスペース	pane/workspaceの表示差分が製品固有の第二状態になる	B26	既存構造	固定pane構造(next/shell/motolii-shell/src/pane_layout.rs:109-124)	不要	独立したowner・状態・検収を増やさない	因果未記入: pane/workspaceの表示差分が製品固有の第二状態になる は 固定pane構造(next/shell/motolii-shell/src/pane_layout.rs:109-124) で Browser/Stage/Inspector/Timelineの同じ4役割で制作する に到達する。active panel/workspace preset/page/maximize/dockの専用粒 は独立実装しない	next/shell/motolii-shell/src/pane_layout.rs:109-124	構造吸収から導出
1544	構造吸収	absorbed	Switch to Page	ページ切替	pane/workspaceの表示差分が製品固有の第二状態になる	B26	既存構造	固定pane構造(next/shell/motolii-shell/src/pane_layout.rs:109-124)	不要	独立したowner・状態・検収を増やさない	因果未記入: pane/workspaceの表示差分が製品固有の第二状態になる は 固定pane構造(next/shell/motolii-shell/src/pane_layout.rs:109-124) で Browser/Stage/Inspector/Timelineの同じ4役割で制作する に到達する。active panel/workspace preset/page/maximize/dockの専用粒 は独立実装しない	next/shell/motolii-shell/src/pane_layout.rs:109-124	構造吸収から導出
1545	構造吸収	absorbed	Switch to workspace	ワークスペース切替	pane/workspaceの表示差分が製品固有の第二状態になる	B26	既存構造	固定pane構造(next/shell/motolii-shell/src/pane_layout.rs:109-124)	不要	独立したowner・状態・検収を増やさない	因果未記入: pane/workspaceの表示差分が製品固有の第二状態になる は 固定pane構造(next/shell/motolii-shell/src/pane_layout.rs:109-124) で Browser/Stage/Inspector/Timelineの同じ4役割で制作する に到達する。active panel/workspace preset/page/maximize/dockの専用粒 は独立実装しない	next/shell/motolii-shell/src/pane_layout.rs:109-124	構造吸収から導出
1546	構造吸収	absorbed	Timecode Window	タイムコードウィンドウ	pane/workspaceの表示差分が製品固有の第二状態になる	B26	既存構造	固定pane構造(next/shell/motolii-shell/src/pane_layout.rs:109-124)	不要	独立したowner・状態・検収を増やさない	因果未記入: pane/workspaceの表示差分が製品固有の第二状態になる は 固定pane構造(next/shell/motolii-shell/src/pane_layout.rs:109-124) で Browser/Stage/Inspector/Timelineの同じ4役割で制作する に到達する。active panel/workspace preset/page/maximize/dockの専用粒 は独立実装しない	next/shell/motolii-shell/src/pane_layout.rs:109-124	構造吸収から導出
1547	構造吸収	absorbed	Toggle between Composition and Timeline panels	Composition/Timelineパネル切替	pane/workspaceの表示差分が製品固有の第二状態になる	B26	既存構造	固定pane構造(next/shell/motolii-shell/src/pane_layout.rs:109-124)	不要	独立したowner・状態・検収を増やさない	因果未記入: pane/workspaceの表示差分が製品固有の第二状態になる は 固定pane構造(next/shell/motolii-shell/src/pane_layout.rs:109-124) で Browser/Stage/Inspector/Timelineの同じ4役割で制作する に到達する。active panel/workspace preset/page/maximize/dockの専用粒 は独立実装しない	next/shell/motolii-shell/src/pane_layout.rs:109-124	構造吸収から導出
1548	構造吸収	absorbed	Undocked Panels	パネル切り離しワークスペース	pane/workspaceの表示差分が製品固有の第二状態になる	B26	既存構造	固定pane構造(next/shell/motolii-shell/src/pane_layout.rs:109-124)	不要	独立したowner・状態・検収を増やさない	因果未記入: pane/workspaceの表示差分が製品固有の第二状態になる は 固定pane構造(next/shell/motolii-shell/src/pane_layout.rs:109-124) で Browser/Stage/Inspector/Timelineの同じ4役割で制作する に到達する。active panel/workspace preset/page/maximize/dockの専用粒 は独立実装しない	next/shell/motolii-shell/src/pane_layout.rs:109-124	構造吸収から導出
1549	不採用		Video Clean Feed	ビデオクリーンフィード	ビデオクリーンフィード		未判定	未判定	未判定	未監査	意味の在庫判定はあるが、技術の委託先とスクラッチ境界は未監査	-	未監査
1550	構造吸収	absorbed	Viewer Mode	ビューアモード	pane/workspaceの表示差分が製品固有の第二状態になる	B26	既存構造	固定pane構造(next/shell/motolii-shell/src/pane_layout.rs:109-124)	不要	独立したowner・状態・検収を増やさない	因果未記入: pane/workspaceの表示差分が製品固有の第二状態になる は 固定pane構造(next/shell/motolii-shell/src/pane_layout.rs:109-124) で Browser/Stage/Inspector/Timelineの同じ4役割で制作する に到達する。active panel/workspace preset/page/maximize/dockの専用粒 は独立実装しない	next/shell/motolii-shell/src/pane_layout.rs:109-124	構造吸収から導出
1551	拡張	extension	Workflow Integrations	ワークフロー連携	ワークフロー連携	B26	未判定	未判定	未判定	未監査	意味の在庫判定はあるが、技術の委託先とスクラッチ境界は未監査	-	未監査
